Measure Time,Commanded trajectory,Real trajectory,Curve,az LS,1798,el LS,2338
2024-10-24 18:39:03.441259,"(0.0, 0.0)","(955, 2747)","[12  6 14 14 11 13 13 10 20 19 22 22 21 22 17 19 16 17 16 16 14 15 13 13
 12 12 11 11 10 10 11 11 10 11 10 10 12 11 12 12 12 12 11 11 10 10 10 10
 11 10 11 11 11 11 12 12 12 12 11 11 10 10  9 10  9  9 10  9 11 11 10 11
  9  9  9  9 12 11 13 12 14 15 13 14 19 15 31 23 50 42 61 57 63 63 61 63
 54 58 47 51 36 42 29 32 22 25 20 21 17 18 15 16 12 13 10 11  9 10  9  9
  8  8  8  8  9  9  9  9]"
2024-10-24 18:39:28.194429,"(-90.0, 3.33)","(3765, 2712)","[14  9 16 17 11 14 13 10 20 19 22 22 21 22 17 19 16 17 16 16 14 15 13 13
 12 12 11 11 10 10 11 11 10 11 10 10 12 11 12 12 12 12 11 11 10 10 10 10
 11 10 11 11 11 11 12 12 12 12 11 11 10 10  9 10  9  9 10  9 11 11 10 11
  9  9  9  9 12 11 13 12 14 15 13 14 12 13 14 11 33 25 44 39 46 45 44 45
 41 43 36 38 30 33 24 27 21 22 17 17 15 16 13 14 11 12 10 11  9  9  8  8
  8  8  8  8  9  9  9  9]"
2024-10-24 18:39:48.669928,"(-30.0, 3.33)","(512, 2710)","[21 23 18 20 12 15 13 10 20 19 22 22 21 22 17 19 16 17 16 16 14 15 13 13
 12 12 11 11 10 10 11 11 10 11 10 10 12 11 12 12 12 12 11 11 10 10 10 10
 11 10 11 11 11 11 12 12 12 12 11 11 10 10  9 10  9  9 10  9 11 11 10 11
  9  9  9  9 12 11 13 12 14 15 13 14 19 15 33 24 53 44 64 60 67 66 64 66
 56 62 47 51 39 43 31 35 24 27 20 22 17 18 14 15 12 13 11 12 11 11 10 10
  9 10  9  9  9  9  9  9]"
2024-10-24 18:40:09.147551,"(30.0, 3.33)","(1197, 2697)","[34 37 30 33 22 26 17 17 20 19 22 22 21 22 17 19 16 17 16 16 14 15 13 13
 12 12 11 11 10 10 11 11 10 11 11 10 12 12 12 12 12 12 11 11 10 10 10 10
 11 10 11 11 18 17 12 17 17 12 15 16 10 10 15 10 19 17 21 21 21 21 21 20
 24 22 26 26 25 26 22 23 20 21 25 21 33 29 47 38 67 58 79 74 81 80 78 80
 70 76 60 65 51 55 42 46 34 38 29 31 24 26 21 22 19 20 18 19 17 17 15 16
 14 14 14 14 14 14 14 14]"
2024-10-24 18:40:30.115046,"(90.0, 3.33)","(1671, 2697)","[21 24 17 20 12 14 13 11 20 19 22 22 21 22 17 19 16 17 16 16 14 15 13 13
 12 12 11 11 10 10 11 11 10 11 11 10 12 12 12 12 12 12 11 11 10 10 10 10
 11 10 11 11 11 11 12 12 16 12 15 16 10 10  9 10  9  9 10  9 11 11 14 11
 21 16 25 24 24 25 21 23 19 20 21 19 29 25 43 34 63 55 75 70 77 76 74 76
 66 72 57 61 49 53 40 44 31 35 27 29 24 25 23 23 22 23 21 22 19 20 18 19
 16 17 14 15 13 13 13 13]"
2024-10-24 18:40:58.916205,"(-30.0, -3.33)","(557, 2779)","[26 28 25 25 20 23 16 16 20 19 22 22 21 22 17 19 16 17 16 16 14 15 13 13
 12 12 11 11 10 10 11 11 10 11 10 10 12 11 12 12 12 12 11 11 10 10 10 10
 11 10 11 11 11 11 12 12 12 12 11 11 10 10  9 10  9  9 10  9 11 11 10 11
  9  9  9  9 12 11 13 12 14 15 13 14 29 20 44 37 54 50 59 57 59 59 57 59
 51 55 43 47 37 40 31 34 23 28 20 21 16 18 14 15 13 14 11 12 20 16 23 22
 21 22 20 21 22 21 30 27]"
2024-10-24 18:41:19.391564,"(30.0, -3.33)","(1197, 2780)","[16  5 19 19 14 17 14 12 20 19 22 22 21 22 17 19 16 17 16 16 14 15 13 13
 12 12 11 11 10 10 11 11 10 11 10 10 12 11 12 12 12 12 11 11 10 10 10 10
 11 10 11 11 11 11 12 12 12 12 11 11 10 10  9 10  9  9 10  9 11 11 10 11
  9  9  9  9 12 11 13 12 14 15 13 14 12 13 24 17 39 33 48 44 51 50 49 51
 44 48 39 42 32 36 27 29 20 25 18 19 17 17 17 17 16 17 15 16 13 14 11 12
 10 11  9 10  9  9  9  9]"
2024-10-24 18:41:48.205690,"(-90.0, 6.66)","(3766, 2670)","[15  9 17 18 12 15 13 11 20 19 22 22 21 22 17 19 16 17 16 16 14 15 13 13
 12 12 11 11 10 10 11 11 10 11 10 10 12 11 12 12 12 12 11 11 10 10 10 10
 11 10 11 11 11 11 12 12 12 12 11 11 10 10  9 10  9  9 10  9 11 11 10 11
  9  9  9  9 12 11 13 12 14 15 13 14 12 13 11 11 23 10 40 33 47 45 46 47
 42 45 36 39 31 33 26 29 21 23 17 18 15 16 13 14 12 13 10 11  8  9  7  8
  7  7  8  8  9  9  9  9]"
2024-10-24 18:42:04.417053,"(-60.0, 6.66)","(14, 2670)","[17  6 19 20 14 17 14 12 20 19 22 22 21 22 17 19 16 17 16 16 14 15 13 13
 12 12 11 11 10 10 11 11 10 11 10 10 12 11 12 12 12 12 11 11 10 10 10 10
 11 10 11 11 11 11 12 12 12 12 11 11 10 10  9 10  9  9 10  9 11 11 10 11
  9  9  9  9 12 11 13 12 14 15 13 14 12 13 13 11 27 17 43 35 51 48 51 51
 47 50 40 44 34 37 29 32 24 27 19 19 17 18 15 16 12 14 10 11  9 10  8  9
  8  8  8  8  9  9  9  9]"
2024-10-24 18:42:20.625137,"(-30.0, 6.66)","(512, 2670)","[14  4 15 16 12 14 13 11 20 19 22 22 21 22 17 19 16 17 16 16 14 15 13 13
 12 12 11 11 10 10 11 11 10 11 10 10 12 11 12 12 12 12 11 11 10 10 10 10
 11 10 11 11 11 11 12 12 12 12 11 11 10 10  9 10  9  9 10  9 11 11 10 11
  9  9  9  9 12 11 13 12 14 15 13 14 12 13 16 11 36 26 49 43 51 50 49 51
 42 47 33 37 27 30 18 24 18 18 17 17 15 16 14 15 12 13 11 11  9 10  8  8
  7  7  8  7  9  9  9  9]"
2024-10-24 18:42:36.835315,"(0.0, 6.66)","(918, 2669)","[14  7 15 16 12 14 13 11 20 19 22 22 21 22 17 19 16 17 16 16 14 15 13 13
 12 12 11 11 10 10 11 11 10 11 10 10 12 11 12 12 12 12 11 11 10 10 10 10
 11 10 11 11 11 11 12 12 12 12 11 11 10 10  9 10  9  9 10  9 11 11 10 11
  9  9  9  9 12 11 13 12 14 15 13 14 12 13 24 16 44 35 55 51 57 57 55 56
 48 52 39 44 31 35 25 28 19 22 17 18 14 15 12 13 11 12 10 11  9  9  9  9
  8  8  8  8  9  9  9  9]"
2024-10-24 18:42:53.038592,"(30.0, 6.66)","(1197, 2660)","[19 21 16 18 12 14 13 11 20 19 22 22 21 22 17 19 16 17 16 16 14 15 13 13
 12 12 11 11 10 10 11 11 10 11 10 10 12 11 12 12 12 12 11 11 10 10 10 10
 11 10 11 11 11 11 12 12 12 12 11 11 10 10  9 10  9  9 10  9 11 11 10 11
  9  9  9  9 12 11 13 12 14 15 13 14 17 13 31 22 52 43 63 59 65 65 63 65
 56 60 47 51 38 42 31 34 24 28 21 22 18 19 15 16 12 14 10 11  9 10  8  9
  8  8  8  8  9  9  9  9]"
2024-10-24 18:43:09.245748,"(60.0, 6.66)","(1425, 2660)","[14  8 15 16 12 14 13 11 20 19 22 22 21 22 17 19 16 17 16 16 14 15 13 13
 12 12 11 11 10 10 11 11 10 11 10 10 12 11 12 12 12 12 11 11 10 10 10 10
 11 10 11 11 11 11 12 12 12 12 11 11 10 10  9 10  9  9 10  9 11 11 10 11
  9  9  9  9 12 11 13 12 14 15 13 14 12 13 27 18 47 39 59 54 61 60 58 60
 51 55 43 47 35 39 29 32 22 26 19 20 16 17 13 15 11 12 10 11  8  9  7  8
  7  7  8  8  9  9  9  9]"
2024-10-24 18:43:25.453421,"(90.0, 6.66)","(1671, 2663)","[15  4 17 17 12 15 13 11 20 19 22 22 21 22 17 19 16 17 16 16 14 15 13 13
 12 12 11 11 10 10 11 11 10 11 10 10 12 11 12 12 12 12 11 11 10 10 10 10
 11 10 11 11 11 11 12 12 12 12 11 11 10 10  9 10  9  9 10  9 11 11 10 11
  9  9  9  9 12 11 13 12 14 15 13 14 12 13 14 11 27 21 32 30 40 36 39 40
 35 38 30 32 26 28 23 24 19 21 15 16 14 14 12 13 11 12 10 11  8  9  7  8
  7  7  8  7  9  9  9  9]"
2024-10-24 18:43:58.428230,"(-60.0, -6.66)","(62, 2821)","[15  8 16 17 12 14 14 11 20 19 22 22 21 22 17 19 16 17 16 16 14 15 13 13
 12 12 11 11 10 10 11 11 10 11 10 10 12 11 12 12 12 12 11 11 10 10 10 10
 11 10 11 11 11 11 12 12 12 12 11 11 10 10  9 10  9  9 10  9 11 11 10 11
  9  9  9  9 12 11 13 12 14 15 23 16 31 28 30 31 35 30 42 39 46 44 45 46
 42 44 36 39 29 33 20 26 18 19 16 17 13 14 12 12 11 12 10 11  8  9  9  8
 14  9 14 14 15 14 19 17]"
2024-10-24 18:44:14.641167,"(-30.0, -6.66)","(511, 2821)","[17 17 20 18 19 20 18 18 20 19 22 22 21 22 17 19 16 17 16 16 14 15 13 13
 12 12 11 11 10 10 11 11 10 11 10 10 12 11 12 12 12 12 11 11 10 10 10 10
 11 10 11 11 11 11 12 12 12 12 11 11 10 10  9 10  9  9 10  9 11 11 10 11
 13  9 20 17 21 21 19 20 14 18 13 14 37 26 50 45 54 53 55 55 54 55 53 54
 48 51 41 45 34 38 25 31 23 24 21 22 19 20 19 19 19 19 19 19 30 25 35 33
 34 34 30 32 29 29 32 31]"
2024-10-24 18:44:30.849256,"(0.0, -6.66)","(917, 2821)","[14 13 16 16 19 17 19 19 20 19 22 22 21 22 17 19 16 17 16 16 14 15 13 13
 12 12 11 11 10 10 11 11 10 11 10 10 12 11 12 12 12 12 11 11 10 10 10 10
 11 10 11 11 11 11 12 12 12 12 11 11 10 10  9 10  9  9 10  9 11 11 10 11
  9  9  9  9 12 11 13 12 16 15 32 23 46 40 53 50 54 54 51 53 50 50 49 49
 45 48 39 42 36 37 35 36 32 34 28 30 24 25 21 23 19 20 19 19 19 19 19 19
 19 19 18 18 16 17 14 15]"
2024-10-24 18:44:47.055869,"(30.0, -6.66)","(1197, 2817)","[18 17 19 19 17 18 16 16 20 19 22 22 21 22 17 19 16 17 16 16 14 15 13 13
 12 12 11 11 10 10 11 11 10 11 10 10 12 11 12 12 12 12 11 11 10 10 10 10
 11 10 11 11 11 11 12 12 12 12 11 11 10 10  9 10  9  9 10  9 11 11 10 11
  9  9  9  9 12 11 13 12 14 15 13 14 19 13 41 32 50 48 52 52 51 51 49 50
 46 48 43 45 39 41 34 36 32 32 31 31 29 30 24 29 23 24 22 22 20 21 19 20
 18 19 16 17 14 15 12 13]"
2024-10-24 18:45:03.265955,"(60.0, -6.66)","(1425, 2808)","[14  8 15 16 13 14 14 11 20 19 22 22 21 22 17 19 16 17 16 16 14 15 13 13
 12 12 11 11 10 10 11 11 10 11 10 10 12 11 12 12 12 12 11 11 10 10 10 10
 11 10 11 11 11 11 12 12 12 12 11 11 10 10  9 10  9  9 10  9 11 11 10 11
  9  9  9  9 12 11 13 12 14 15 13 14 12 13 27 20 40 35 47 44 48 47 46 47
 43 45 36 40 31 33 27 29 23 25 19 19 17 18 16 17 14 15 13 14 12 13 11 12
 10 11  9 10  9  9  9  9]"
2024-10-24 18:45:36.245075,"(-90.0, 10.0)","(3767, 2625)","[15  9 17 18 13 15 14 11 20 19 22 22 21 22 17 19 16 17 16 16 14 15 13 13
 12 12 11 11 10 10 11 11 10 11 10 10 12 11 12 12 12 12 11 11 10 10 10 10
 11 10 11 11 11 11 12 12 12 12 11 11 10 10  9 10  9  9 10  9 11 11 10 11
  9  9  9  9 12 11 13 12 14 15 13 14 12 13 11 11 21 10 35 28 42 40 42 43
 40 42 35 38 31 33 26 29 22 24 17 17 15 16 14 14 12 13 11 11 10 10 10 10
 10 10 10 10 13 10 18 16]"
2024-10-24 18:45:51.240138,"(-70.0, 10.0)","(4009, 2626)","[14  6 16 16 13 15 14 12 20 19 22 22 21 22 17 19 16 17 16 16 14 15 13 13
 12 12 11 11 10 10 11 11 10 11 10 10 12 11 12 12 12 12 11 11 10 10 10 10
 11 10 11 11 11 11 12 12 12 12 11 11 10 10  9 10  9  9 10  9 11 11 10 11
  9  9  9  9 12 11 13 12 14 15 13 14 12 13 16 11 31 22 45 39 51 49 50 51
 47 49 41 45 34 38 28 31 20 25 19 19 17 18 14 15 12 13 10 11 10 10 10 10
 11 11 11 11 11 11 11 11]"
2024-10-24 18:46:06.229344,"(-50.0, 10.0)","(180, 2626)","[15 14 16 17 13 15 14 12 20 19 22 22 21 22 17 19 16 17 16 16 14 15 13 13
 12 12 11 11 10 10 11 11 10 11 10 10 12 11 12 12 12 12 11 11 10 10 10 10
 11 10 11 11 11 11 12 12 12 12 11 11 10 10  9 10  9  9 10  9 11 11 10 11
  9  9  9  9 12 11 13 12 14 15 13 14 12 13 13 11 27 18 40 34 44 43 43 44
 40 42 35 38 29 32 23 26 17 21 15 16 13 14 11 12 11 12 10 11  8  9  9  9
  9  9 18 14 20 19 20 20]"
2024-10-24 18:46:21.222069,"(-30.0, 10.0)","(512, 2625)","[15  8 16 17 13 15 14 12 20 19 22 22 21 22 17 19 16 17 16 16 14 15 13 13
 12 12 11 11 10 10 11 11 10 11 10 10 12 11 12 12 12 12 11 11 10 10 10 10
 11 10 11 11 11 11 12 12 12 12 11 11 10 10  9 10  9  9 10  9 11 11 10 11
  9  9  9  9 12 11 13 12 14 15 13 14 12 13 11 11 20 10 35 28 43 39 43 43
 40 42 33 37 26 30 21 24 16 19 14 15 12 13 11 11 11 12 11 11 10 10 10 10
  9  9  8  8  9  9  9  9]"
2024-10-24 18:46:36.210810,"(-10.0, 10.0)","(800, 2624)","[14 10 16 16 13 14 14 12 20 19 22 22 21 22 17 19 16 17 16 16 14 15 13 13
 12 12 11 11 10 10 11 11 10 11 10 10 12 11 12 12 12 12 11 11 10 10 10 10
 11 10 11 11 11 11 12 12 12 12 11 11 10 10  9 10  9  9 10  9 11 11 10 11
  9  9  9  9 12 11 13 12 14 15 13 14 12 13 11 11 18 10 32 25 38 36 38 38
 34 37 28 31 22 25 14 20 14 14 12 13 11 12 11 11 11 12 10 11 10 10  9  9
  8  8  8  8  9  9  9  9]"
2024-10-24 18:46:51.201285,"(10.0, 10.0)","(1022, 2623)","[15 11 16 17 13 15 14 12 20 19 22 22 21 22 17 19 16 17 16 16 14 15 13 13
 12 12 11 11 10 10 11 11 10 11 10 10 12 11 12 12 12 12 11 11 10 10 10 10
 11 10 11 11 11 11 12 12 12 12 11 11 10 10  9 10  9  9 10  9 11 11 10 11
  9  9  9  9 12 11 13 12 14 15 13 14 12 13 11 11 25 10 40 34 45 43 44 45
 40 43 33 37 26 29 21 24 17 19 24 21 25 25 18 23 17 18 16 17 14 15 12 13
 10 11  9 10  9  9  9  9]"
2024-10-24 18:47:06.186025,"(30.0, 10.0)","(1197, 2623)","[15  8 16 17 13 15 14 12 20 19 22 22 21 22 17 19 16 17 16 16 14 15 13 13
 12 12 11 11 10 10 11 11 10 11 10 10 12 11 12 12 12 12 11 11 10 10 10 10
 11 10 11 11 11 11 12 12 12 12 11 11 10 10  9 10  9  9 10  9 11 11 10 11
  9  9  9  9 12 11 13 12 14 15 13 14 12 13 13 11 26 15 40 34 44 43 43 44
 38 41 32 35 26 29 20 23 15 18 14 15 20 18 20 20 19 20 15 15 14 14 12 13
 10 11  9 10  9  9  9  9]"
2024-10-24 18:47:21.172641,"(50.0, 10.0)","(1349, 2623)","[15  2 17 18 13 15 14 12 20 19 22 22 21 22 17 19 16 17 16 16 14 15 13 13
 12 12 11 11 10 10 11 11 10 11 10 10 12 11 12 12 12 12 11 11 10 10 10 10
 11 10 11 11 11 11 12 12 12 12 11 11 10 10  9 10  9  9 10  9 11 11 10 11
  9  9  9  9 12 11 13 12 14 15 13 14 12 13 12 11 25 17 38 33 42 40 41 42
 36 39 29 33 24 26 20 22 15 19 14 15 13 14 13 13 13 13 13 13 13 13 11 12
 10 11  9 10  9  9  9  9]"
2024-10-24 18:47:36.160779,"(70.0, 10.0)","(1502, 2622)","[15  6 17 18 13 15 14 12 20 19 22 22 21 22 17 19 16 17 16 16 14 15 13 13
 12 12 11 11 10 10 11 11 10 11 10 10 12 11 12 12 12 12 11 11 10 10 10 10
 11 10 11 11 11 11 12 12 12 12 11 11 10 10  9 10  9  9 10  9 11 11 10 11
  9  9  9  9 12 11 13 12 14 15 13 14 12 13 14 11 31 20 45 39 50 48 48 49
 43 47 35 39 27 31 18 24 17 18 14 16 12 13 11 11 11 12 11 11 10 11 10 10
  9  9  9  9  9  9  9  9]"
2024-10-24 18:47:51.147796,"(90.0, 10.0)","(1671, 2625)","[15  8 16 17 13 15 14 12 20 19 22 22 21 22 17 19 16 17 16 16 14 15 13 13
 12 12 11 11 10 10 11 11 10 11 10 10 12 11 12 12 12 12 11 11 10 10 10 10
 11 10 11 11 11 11 12 12 12 12 11 11 10 10  9 10  9  9 10  9 11 11 10 11
  9  9  9  9 12 11 13 12 14 15 13 14 12 13 11 11 21 10 32 27 37 35 36 37
 32 35 27 30 22 25 14 19 13 14 12 13 11 11 11 11 11 12 11 11 10 11  9 10
  8  8  8  8  9  9  9  9]"
2024-10-24 18:48:25.546369,"(-70.0, -10.0)","(4009, 2862)","[15  4 16 17 13 15 14 12 20 19 22 22 21 22 17 19 16 17 16 16 14 15 13 13
 12 12 11 11 10 10 11 11 10 11 10 10 12 11 12 12 12 12 11 11 10 10 10 10
 11 10 11 11 11 11 12 12 12 12 11 11 10 10  9 10  9  9 10  9 11 11 10 11
  9  9  9  9 12 11 13 12 14 15 13 14 12 13 11 11 20 10 35 28 44 40 45 45
 42 44 36 39 28 32 24 26 20 22 16 16 14 15 12 13 11 12 10 11  9  9  9  9
  9  9  9  9  9  9  9  9]"
2024-10-24 18:48:40.543411,"(-50.0, -10.0)","(183, 2862)","[14 12 16 17 13 15 14 12 20 19 22 22 21 22 17 19 16 17 16 16 14 15 13 13
 12 12 11 11 10 10 11 11 10 11 10 10 12 11 12 12 12 12 11 11 10 10 10 10
 11 10 11 11 11 11 12 12 12 12 11 11 10 10  9 10  9  9 10  9 11 11 10 11
  9  9  9  9 12 11 13 12 14 15 13 14 20 16 23 22 28 23 46 35 57 52 58 58
 56 58 48 53 40 44 34 37 30 32 25 27 21 22 17 19 14 15 13 13 11 12 10 11
 10 10  9  9  9  9  9  9]"
2024-10-24 18:48:55.541562,"(-30.0, -10.0)","(513, 2861)","[19 21 17 19 13 15 14 12 20 19 22 22 21 22 17 19 16 17 16 16 14 15 13 13
 12 12 11 11 10 10 11 11 10 11 10 10 12 11 12 12 12 12 11 11 10 10 10 10
 11 10 11 11 11 11 12 12 12 12 11 11 10 10  9 10  9  9 10  9 11 11 10 11
  9  9 20 14 26 24 26 26 24 26 25 23 27 26 26 27 27 26 43 32 55 50 57 57
 55 57 46 51 38 42 33 35 30 32 26 28 22 23 19 21 17 18 15 16 14 15 12 13
 10 11  9 10  9  9  9  9]"
2024-10-24 18:49:10.530244,"(-10.0, -10.0)","(801, 2859)","[15  8 16 17 13 15 14 12 20 19 22 22 21 22 17 19 16 17 16 16 14 15 13 13
 12 12 11 11 10 10 11 11 10 11 10 10 12 11 12 12 12 12 11 11 10 10 10 10
 11 10 11 11 11 11 12 12 12 12 11 11 10 10  9 10  9  9 10  9 11 11 10 11
  9  9  9  9 23 18 28 26 37 29 53 45 59 56 58 59 57 58 54 55 52 53 51 52
 49 51 45 48 41 43 38 39 37 38 36 36 35 35 29 34 27 29 24 25 21 22 18 19
 16 17 15 15 14 15 12 13]"
2024-10-24 18:49:25.518137,"(10.0, -10.0)","(1023, 2862)","[16 16 16 17 13 15 15 13 20 19 22 22 21 22 17 19 16 17 16 16 14 15 13 13
 12 12 11 11 10 10 11 11 10 11 10 10 12 11 12 12 12 12 11 11 10 10 10 10
 11 10 11 11 11 11 12 12 12 12 11 11 10 10  9 10  9  9 10  9 11 11 10 11
  9  9  9  9 12 11 13 12 26 15 44 36 52 49 54 54 50 53 47 48 48 47 51 50
 49 51 41 47 39 40 39 39 40 40 39 39 38 39 34 36 27 32 25 26 22 23 19 20
 17 17 15 16 14 15 12 13]"
2024-10-24 18:49:41.523846,"(30.0, -10.0)","(1197, 2849)","[15  8 16 17 13 15 14 12 20 19 22 22 21 22 17 19 16 17 16 16 14 15 13 13
 12 12 11 11 10 10 11 11 10 11 10 10 12 11 12 12 12 12 11 11 10 10 10 10
 11 10 11 11 11 11 12 12 12 12 11 11 10 10  9 10  9  9 10  9 11 11 10 11
  9  9  9  9 12 11 14 12 27 21 35 32 40 38 42 41 42 42 38 41 40 39 45 44
 42 44 40 40 39 39 37 38 35 36 33 34 30 32 24 29 23 24 22 22 22 22 22 22
 22 23 21 22 20 21 20 20]"
2024-10-24 18:49:56.508849,"(50.0, -10.0)","(1350, 2848)","[15 10 16 17 13 15 14 12 20 19 22 22 21 22 17 19 16 17 16 16 14 15 13 13
 12 12 11 11 10 10 11 11 10 11 10 10 12 11 12 12 12 12 11 11 10 10 10 10
 11 10 11 11 11 11 12 12 12 12 11 11 10 10  9 10  9  9 10  9 11 11 10 11
  9  9  9  9 16 11 20 18 25 23 26 26 25 25 22 23 26 22 28 29 35 31 40 39
 38 40 32 35 28 30 26 27 24 25 18 19 16 17 15 15 15 15 14 15 13 13 11 12
 10 11 10 10  9 10  9  9]"
2024-10-24 18:50:11.496696,"(70.0, -10.0)","(1502, 2852)","[15  8 16 17 13 15 14 12 20 19 22 22 21 22 17 19 16 17 16 16 14 15 13 13
 12 12 11 11 10 10 11 11 10 11 10 10 12 11 12 12 12 12 11 11 10 10 10 10
 11 10 11 11 11 11 12 12 12 12 11 11 10 10  9 10  9  9 10  9 11 11 10 11
  9  9  9  9 12 11 13 12 14 15 13 14 12 13 11 11 13 10 19 17 38 28 44 42
 43 44 39 41 31 35 24 27 19 21 15 16 13 14 12 12 11 12 10 11  9 10  8  9
  8  8 15 11 27 22 31 30]"
2024-10-24 18:50:45.894490,"(-90.0, 13.33)","(3766, 2585)","[17 19 16 17 13 15 14 12 20 19 22 22 21 22 17 19 16 17 16 16 14 15 13 13
 12 12 11 11 10 10 11 11 10 11 10 10 12 11 12 12 12 12 11 11 10 10 10 10
 11 10 11 11 11 11 12 12 12 12 11 11 10 10  9 10  9  9 10  9 11 11 10 11
  9  9  9  9 12 11 13 12 14 15 13 14 12 13 16 11 26 22 44 33 59 52 63 62
 62 63 57 60 51 54 42 47 34 37 29 31 24 25 23 24 21 22 18 20 15 17 14 15
 12 13 12 12 21 18 23 23]"
2024-10-24 18:51:00.070446,"(-75.0, 13.33)","(3942, 2589)","[15 10 16 17 13 15 14 12 20 19 22 22 21 22 17 19 16 17 16 16 14 15 13 13
 12 12 11 11 10 10 11 11 10 11 10 10 12 11 12 12 12 12 11 11 10 10 10 10
 11 10 11 11 11 11 12 12 12 12 11 11 10 10  9 10  9  9 10  9 11 11 10 11
  9  9  9  9 12 11 13 12 14 15 13 14 12 13 28 21 38 34 48 43 59 54 64 62
 62 63 57 60 49 53 41 45 35 38 28 31 23 24 21 22 18 19 15 16 13 14 13 13
 13 13 12 12 15 12 24 21]"
2024-10-24 18:51:14.251628,"(-60.0, 13.33)","(45, 2588)","[16 17 16 17 14 15 15 13 20 19 22 22 21 22 17 19 16 17 16 16 14 15 13 13
 12 12 11 11 10 10 11 11 10 11 10 10 12 11 12 12 12 12 11 11 10 10 10 10
 11 10 11 11 11 11 12 12 12 12 11 11 10 10  9 10  9  9 10  9 11 11 10 11
  9  9  9  9 12 11 13 12 14 15 13 14 14 13 28 22 38 34 47 43 54 51 55 55
 53 55 49 51 42 45 33 37 28 30 22 22 19 21 17 18 14 15 11 12  9 10  8  8
  7  8  8  8 24 16 31 28]"
2024-10-24 18:51:28.427702,"(-45.0, 13.33)","(261, 2589)","[23 24 21 22 16 19 14 13 20 19 22 22 21 22 17 19 16 17 16 16 14 15 13 13
 12 12 11 11 10 10 11 11 10 11 10 10 12 11 12 12 12 12 11 11 10 10 10 10
 11 10 11 11 11 11 12 12 12 12 11 11 10 10  9 10  9  9 10  9 11 11 10 11
  9  9  9  9 12 11 13 12 14 15 13 14 12 13 11 11 25 10 44 36 54 50 55 55
 53 55 45 50 37 41 30 34 25 28 20 20 18 19 16 17 14 14 12 13 10 11  9  9
  9  9  9  9 20 16 21 21]"
2024-10-24 18:51:42.607237,"(-30.0, 13.33)","(512, 2590)","[15  5 16 17 13 15 14 12 20 19 22 22 21 22 17 19 16 17 16 16 14 15 13 13
 12 12 11 11 10 10 11 11 10 11 10 10 12 11 12 12 12 12 11 11 10 10 10 10
 11 10 11 11 11 11 12 12 12 12 11 11 10 10  9 10  9  9 10  9 11 11 10 11
  9  9  9  9 12 11 13 12 14 15 13 14 12 13 11 11 19 10 38 28 49 44 52 51
 50 52 44 47 35 40 28 31 22 25 17 19 15 16 12 13 11 12 10 11  8  9  7  8
  7  7  8  7  9  9  9  9]"
2024-10-24 18:51:56.787758,"(-15.0, 13.33)","(734, 2588)","[15  4 16 17 13 15 14 12 20 19 22 22 21 22 17 19 16 17 16 16 14 15 13 13
 12 12 11 11 10 10 11 11 10 11 10 10 12 11 12 12 12 12 11 11 10 10 10 10
 11 10 11 11 11 11 12 12 12 12 11 11 10 10  9 10  9  9 10  9 11 11 10 11
  9  9  9  9 12 11 13 12 14 15 13 14 12 13 11 11 18 10 37 28 48 43 51 50
 49 51 44 47 35 39 27 31 18 24 17 18 14 16 13 13 11 12 10 11  9 10  8  9
  7  8  8  8  9  9  9  9]"
2024-10-24 18:52:10.964897,"(0.0, 13.33)","(918, 2585)","[15  5 17 17 13 15 14 12 20 19 22 22 21 22 17 19 16 17 16 16 14 15 13 13
 12 12 11 11 10 10 11 11 10 11 10 10 12 11 12 12 12 12 11 11 10 10 10 10
 11 10 11 11 11 11 12 12 12 12 11 11 10 10  9 10  9  9 10  9 11 11 10 11
  9  9 18 12 29 24 32 31 32 32 29 30 24 26 18 21 18 17 28 22 42 35 46 45
 45 46 38 42 30 34 24 27 19 22 19 19 19 19 19 19 18 19 16 17 14 15 11 12
  9 10  9  9  9  9  9  9]"
2024-10-24 18:52:25.138908,"(15.0, 13.33)","(1070, 2586)","[17 18 16 17 13 15 14 12 20 19 22 22 21 22 17 19 16 17 16 16 14 15 13 13
 12 12 11 11 10 10 11 11 10 11 10 10 12 11 12 12 12 12 11 11 10 10 10 10
 11 10 11 11 11 11 12 12 12 12 11 11 10 10  9 10  9  9 10  9 11 11 10 11
 22  9 38 31 44 41 43 44 41 43 37 39 32 35 28 30 32 26 46 38 55 51 56 56
 53 55 44 49 37 40 31 33 26 28 36 30 40 38 39 40 34 37 27 28 24 26 19 21
 15 17 12 13 10 11  9  9]"
2024-10-24 18:52:39.311681,"(30.0, 13.33)","(1197, 2585)","[15 11 16 17 13 15 14 12 20 19 22 22 21 22 17 19 16 17 16 16 14 15 13 13
 12 12 11 11 10 10 11 11 10 11 10 10 12 11 12 12 12 12 11 11 10 10 10 10
 11 10 11 11 11 11 12 12 12 12 11 11 10 10  9 10  9  9 10  9 11 11 10 11
 19  9 34 27 41 38 40 41 36 39 29 33 23 26 20 21 28 19 44 36 52 48 52 52
 49 51 43 47 36 39 31 33 25 28 33 29 38 36 36 37 31 34 24 26 21 23 18 19
 15 16 12 14 11 11  9 10]"
2024-10-24 18:52:53.486235,"(45.0, 13.33)","(1313, 2584)","[15  7 17 18 13 15 14 12 20 19 22 22 21 22 17 19 16 17 16 16 14 15 13 13
 12 12 11 11 10 10 11 11 10 11 10 10 12 11 12 12 12 12 11 11 10 10 10 10
 11 10 11 11 11 11 12 12 12 12 11 11 10 10  9 10  9  9 10  9 11 11 10 11
  9  9  9  9 12 11 13 12 14 15 13 14 12 13 13 11 23 16 37 30 42 40 42 42
 39 41 33 36 26 30 22 24 22 21 32 26 37 36 36 37 31 35 24 27 19 20 17 18
 14 15 13 14 11 12  9 10]"
2024-10-24 18:53:07.663742,"(60.0, 13.33)","(1425, 2587)","[16 15 17 18 13 15 14 12 20 19 22 22 21 22 17 19 16 17 16 16 14 15 13 13
 12 12 11 11 10 10 11 11 10 11 10 10 12 11 12 12 12 12 11 11 10 10 10 10
 11 10 11 11 11 11 12 12 12 12 11 11 10 10  9 10  9  9 10  9 11 11 10 11
  9  9  9  9 12 11 13 12 14 15 13 14 12 13 11 11 20 10 37 30 44 41 43 44
 40 42 33 36 26 29 21 23 16 19 14 15 13 13 12 12 11 12 10 11  9 10  9  9
  9  9  9  9  9  9  9  9]"
2024-10-24 18:53:21.839679,"(75.0, 13.33)","(1542, 2592)","[15  9 17 17 13 15 14 12 20 19 22 22 21 22 17 19 16 17 16 16 14 15 13 13
 12 12 11 11 10 10 11 11 10 11 10 10 12 11 12 12 12 12 11 11 10 10 10 10
 11 10 11 11 11 11 12 12 12 12 11 11 10 10  9 10  9  9 10  9 11 11 10 11
  9  9  9  9 12 11 13 12 14 15 13 14 12 13 11 11 22 10 36 30 44 41 44 44
 40 43 33 37 26 29 21 24 16 19 14 15 12 13 12 12 11 12 10 11  9  9  8  8
  7  7  8  7  9  9  9  9]"
2024-10-24 18:53:36.015521,"(90.0, 13.33)","(1671, 2590)","[15 12 17 18 13 15 14 12 20 19 22 22 21 22 17 19 16 17 16 16 14 15 13 13
 12 12 11 11 10 10 11 11 10 11 10 10 12 11 12 12 12 12 11 11 10 10 10 10
 11 10 11 11 11 11 12 12 12 12 11 11 10 10  9 10  9  9 10  9 11 11 10 11
  9  9  9  9 12 11 13 12 14 15 13 14 12 13 11 11 18 10 35 25 44 40 45 45
 42 44 34 39 28 31 23 25 16 21 15 16 13 14 12 13 11 12 10 11  8  9  7  8
  7  7  8  7  9  9  9  9]"
2024-10-24 18:54:11.225411,"(-75.0, -13.33)","(3942, 2896)","[16 12 17 18 13 15 14 12 20 19 22 22 21 22 17 19 16 17 16 16 14 15 13 13
 12 12 11 11 10 10 11 11 10 11 10 10 12 11 12 12 12 12 11 11 10 10 10 10
 11 10 11 11 11 11 12 12 12 12 11 11 10 10  9 10  9  9 10  9 11 11 10 11
  9  9  9  9 12 11 13 12 14 15 13 14 12 13 11 11 10 10 24 16 34 29 38 36
 37 38 33 36 28 31 23 25 19 21 14 15 13 14 12 12 11 12 10 11  9  9  9  9
  8  9  8  8  9  9  9  9]"
2024-10-24 18:54:25.401400,"(-60.0, -13.33)","(61, 2896)","[16 11 18 18 13 16 14 12 20 19 22 22 21 22 17 19 16 17 16 16 14 15 13 13
 12 12 11 11 10 10 11 11 10 11 10 10 12 11 12 12 12 12 11 11 10 10 10 10
 11 10 11 11 11 11 12 12 12 12 11 11 10 10  9 10  9  9 10  9 11 11 10 11
  9  9  9  9 12 11 13 12 14 15 13 14 12 13 11 11 10 10 10 10 27 20 33 31
 34 34 32 33 28 30 23 25 20 21 18 19 14 14 13 13 12 13 12 12 10 11  9 10
  8  8  8  8  9  9  9  9]"
2024-10-24 18:54:39.576058,"(-45.0, -13.33)","(259, 2895)","[15 13 17 17 14 15 14 12 20 19 22 22 21 22 17 19 16 17 16 16 14 15 13 13
 12 12 11 11 10 10 11 11 10 11 10 10 12 11 12 12 12 12 11 11 10 10 10 10
 11 10 11 11 11 11 12 12 12 12 11 11 10 10  9 10  9  9 10  9 11 11 10 11
  9  9  9  9 12 11 13 12 14 15 13 14 26 22 29 28 28 28 26 27 41 33 50 47
 51 51 48 50 41 45 33 37 30 31 26 28 20 21 17 19 15 16 13 14 11 12  9 10
  8  8  8  8  9  9  9  9]"
2024-10-24 18:54:53.750036,"(-30.0, -13.33)","(513, 2895)","[15  6 17 17 14 15 14 12 20 19 22 22 21 22 17 19 16 17 16 16 14 15 13 13
 12 12 11 11 10 10 11 11 10 11 10 10 12 11 12 12 12 12 11 11 10 10 10 10
 11 10 11 11 11 11 12 12 12 12 11 11 10 10  9 10  9  9 10  9 11 11 10 11
  9  9  9  9 12 11 13 12 14 15 13 14 22 19 28 26 26 28 26 25 46 35 52 50
 52 53 48 51 44 46 39 41 35 37 33 34 29 31 23 26 21 21 19 20 17 18 14 15
 12 13 11 11 10 10  9 10]"
2024-10-24 18:55:07.931361,"(-15.0, -13.33)","(734, 2895)","[17 14 19 20 15 17 14 13 20 19 22 22 21 22 17 19 16 17 16 16 14 15 13 13
 12 12 11 11 10 10 11 11 10 11 10 10 12 11 12 12 12 12 11 11 10 10 10 10
 11 10 11 11 11 11 12 12 12 12 11 11 10 10  9 10  9  9 10  9 15 11 23 20
 23 23 27 24 28 28 29 26 39 34 41 41 44 43 47 46 44 46 40 42 38 39 37 37
 36 37 31 34 29 30 24 29 24 24 24 24 24 24 22 23 20 21 17 19 15 16 13 14
 12 13 11 12 11 11 11 11]"
2024-10-24 18:55:22.109922,"(0.0, -13.33)","(918, 2895)","[18 16 20 20 18 20 17 17 20 19 22 22 21 22 17 19 16 17 16 16 14 15 13 13
 12 12 11 11 10 10 11 11 10 11 10 10 12 11 12 12 12 12 11 11 10 10 10 10
 11 10 11 11 11 11 12 12 12 12 11 11 10 10  9 10  9  9 10  9 11 11 10 11
  9  9 18 14 24 21 38 31 51 46 55 54 54 55 53 54 50 52 45 47 43 44 45 44
 45 45 41 43 34 37 27 31 27 27 26 26 25 25 28 25 35 31 37 37 35 36 33 35
 31 32 26 27 24 25 20 22]"
2024-10-24 18:55:36.284530,"(15.0, -13.33)","(1070, 2888)","[22 25 21 22 17 19 16 15 20 19 22 22 21 22 17 19 16 17 16 16 14 15 13 13
 12 12 11 11 10 10 11 11 10 11 10 10 12 11 12 12 12 12 11 11 10 10 10 10
 11 10 11 11 11 11 12 12 12 12 11 11 10 10  9 10  9  9 10  9 11 11 10 11
  9  9  9  9 12 11 20 12 37 29 47 43 48 48 49 49 47 49 43 46 42 42 42 42
 42 42 40 41 35 37 32 33 30 30 24 24 24 24 24 24 24 24 24 24 23 24 23 23
 22 23 20 21 17 18 15 16]"
2024-10-24 18:55:50.459031,"(30.0, -13.33)","(1197, 2885)","[15 11 17 18 14 15 14 12 20 19 22 22 21 22 17 19 16 17 16 16 14 15 13 13
 12 12 11 11 10 10 11 11 10 11 10 10 12 11 12 12 12 12 11 11 10 10 10 10
 11 10 11 11 11 11 12 12 12 12 11 11 10 10  9 10  9  9 10  9 11 11 10 11
  9  9  9  9 17 11 23 18 35 29 43 40 44 44 43 43 41 42 41 41 47 44 49 49
 49 49 47 48 44 46 41 43 37 38 33 35 27 32 27 27 27 27 33 31 35 34 36 36
 33 35 28 28 27 28 26 26]"
2024-10-24 18:56:04.636791,"(45.0, -13.33)","(1313, 2885)","[15  8 17 18 14 15 14 12 20 19 22 22 21 22 17 19 16 17 16 16 14 15 13 13
 12 12 11 11 10 10 11 11 10 11 10 10 12 11 12 12 12 12 11 11 10 10 10 10
 11 10 11 11 11 11 12 12 12 12 11 11 10 10  9 10  9  9 10  9 11 11 10 11
  9  9  9  9 12 11 20 12 35 29 41 39 41 41 40 40 37 39 32 35 31 31 32 31
 35 34 35 35 30 32 26 28 20 23 18 19 16 17 21 16 26 25 25 26 26 25 29 28
 27 28 25 26 19 24 18 18]"
2024-10-24 18:56:18.815094,"(60.0, -13.33)","(1426, 2886)","[15 13 17 18 14 15 14 12 20 19 22 22 21 22 17 19 16 17 16 16 14 15 13 13
 12 12 11 11 10 10 11 11 10 11 10 10 12 11 12 12 12 12 11 11 10 10 10 10
 11 10 11 11 11 11 12 12 12 12 11 11 10 10  9 10  9  9 10  9 11 11 10 11
  9  9  9  9 12 11 13 12 14 15 13 14 12 13 11 11 10 10 16 13 28 22 37 33
 38 39 37 38 33 35 26 29 21 23 19 20 15 15 19 15 26 24 26 26 22 24 22 22
 21 22 17 17 16 16 14 15]"
2024-10-24 18:56:32.994560,"(75.0, -13.33)","(1543, 2886)","[15  8 17 18 14 15 14 12 20 19 22 22 21 22 17 19 16 17 16 16 14 15 13 13
 12 12 11 11 10 10 11 11 10 11 10 10 12 11 12 12 12 12 11 11 10 10 10 10
 11 10 11 11 11 11 12 12 12 12 11 11 10 10  9 10  9  9 10  9 11 11 10 11
  9  9  9  9 12 11 13 12 14 15 13 14 12 13 11 11 19 10 27 23 34 30 42 39
 44 44 42 44 36 40 29 33 24 26 20 21 17 17 17 17 23 17 26 25 25 26 22 24
 16 19 15 16 25 20 28 27]"
2024-10-24 18:57:08.203019,"(-90.0, 16.66)","(3766, 2557)","[16 15 17 18 14 16 15 13 20 19 22 22 21 22 17 19 16 17 16 16 14 15 13 13
 12 12 11 11 10 10 11 11 10 11 10 10 12 11 12 12 12 12 11 11 10 10 10 10
 11 10 11 11 11 11 12 12 12 12 11 11 10 10  9 10  9  9 10  9 11 11 10 11
  9  9  9  9 12 11 13 12 14 15 13 14 21 17 37 30 46 43 55 50 62 59 62 62
 61 62 59 60 54 57 45 50 35 39 29 32 25 26 21 23 19 20 16 17 14 15 14 14
 14 14 14 14 12 13 11 12]"
2024-10-24 18:57:21.981138,"(-78.0, 16.66)","(3902, 2556)","[19 21 18 19 16 17 15 14 20 19 22 22 21 22 17 19 16 17 16 16 14 15 13 13
 12 12 11 11 10 10 11 11 10 11 10 10 12 11 12 12 12 12 11 11 10 10 10 10
 11 10 11 11 11 11 12 12 12 12 11 11 10 10  9 10  9  9 10  9 11 11 10 11
  9  9  9  9 12 11 13 12 14 15 13 14 23 19 36 28 50 46 59 55 64 62 65 65
 64 64 62 63 55 59 45 50 37 41 29 33 24 26 20 22 17 18 14 15 12 13 10 11
  9 10  9  9  9  9  9  9]"
2024-10-24 18:57:35.750653,"(-66.0, 16.66)","(4068, 2556)","[16 10 20 19 20 20 19 19 20 19 22 22 21 22 17 19 16 17 16 16 14 15 13 13
 12 12 11 11 10 10 11 11 10 11 10 10 12 11 12 12 12 12 11 11 10 10 10 10
 11 10 11 11 11 11 12 12 12 12 11 11 19 13 31 26 34 34 33 34 28 31 23 25
 18 20 13 13 12 13 13 12 14 15 13 14 24 17 42 34 52 49 53 53 51 52 52 52
 51 52 49 51 43 46 34 39 25 30 22 24 18 20 15 16 12 13 10 11  8  9  8  8
 13  8 18 16 23 21 22 22]"
2024-10-24 18:57:49.518883,"(-54.0, 16.66)","(158, 2557)","[18 17 19 19 15 17 14 13 20 19 22 22 21 22 17 19 16 17 16 16 14 15 13 13
 12 12 11 11 10 10 11 11 10 11 10 10 12 11 12 12 12 12 11 11 10 10 10 10
 11 10 11 11 11 11 12 12 12 12 11 11 17 12 31 26 35 35 34 35 29 32 23 26
 19 21 17 18 12 12 13 12 14 15 13 14 14 13 22 18 25 26 41 29 52 48 54 53
 51 53 46 49 38 42 30 34 25 27 20 21 17 19 14 16 12 13 10 11  8  9 10  8
 14 13 13 14 13  9 15 15]"
2024-10-24 18:58:03.291964,"(-42.0, 16.66)","(316, 2556)","[16 15 17 18 14 16 14 13 20 19 22 22 21 22 17 19 16 17 16 16 14 15 13 13
 12 12 11 11 10 10 11 11 10 11 10 10 12 11 12 12 12 12 11 11 10 10 10 10
 11 10 11 11 11 11 12 12 12 12 11 11 10 10  9 10  9  9 10  9 11 11 10 11
  9  9  9  9 12 11 13 12 14 15 13 14 12 13 11 11 17 10 37 25 51 45 55 54
 53 54 47 51 38 43 30 34 24 27 18 20 15 17 14 14 13 13 12 12 11 11 11 11
 11 11 11 11 11 11 12 12]"
2024-10-24 18:58:17.065613,"(-30.0, 16.66)","(513, 2555)","[16 12 17 18 14 16 14 13 20 19 22 22 21 22 17 19 16 17 16 16 14 15 13 13
 12 12 11 11 10 10 11 11 10 11 10 10 12 11 12 12 12 12 11 11 10 10 10 10
 11 10 11 11 11 11 12 12 12 12 11 11 10 10  9 10  9  9 10  9 11 11 10 11
  9  9  9  9 12 11 13 12 14 15 13 14 12 13 11 11 20 10 37 28 51 44 55 54
 54 55 50 53 40 45 32 36 25 28 19 20 17 18 15 16 14 15 13 14 13 13 13 13
 13 13 12 13 11 12 10 10]"
2024-10-24 18:58:30.836958,"(-18.0, 16.66)","(692, 2556)","[16 10 17 18 14 16 14 12 20 19 22 22 21 22 17 19 16 17 16 16 14 15 13 13
 12 12 11 11 10 10 11 11 10 11 10 10 12 11 12 12 12 12 11 11 10 10 10 10
 11 10 11 11 11 11 12 12 12 12 11 11 10 10  9 10  9  9 10  9 11 11 10 11
  9  9  9  9 12 11 13 12 14 15 13 14 12 13 11 11 20 10 40 29 54 48 59 58
 58 59 53 56 44 49 36 40 29 32 21 22 19 20 18 18 16 17 15 16 14 15 14 14
 14 14 13 14 12 12 11 11]"
2024-10-24 18:58:44.605423,"(-6.0, 16.66)","(851, 2554)","[16 12 17 18 14 16 14 12 20 19 22 22 21 22 17 19 16 17 16 16 14 15 13 13
 12 12 11 11 10 10 11 11 10 11 10 10 12 11 12 12 12 12 11 11 10 10 10 10
 11 10 11 11 11 11 12 12 12 12 11 11 10 10  9 10  9  9 10  9 11 11 10 11
  9  9 15 10 20 18 19 20 19 17 22 20 21 22 17 19 17 16 36 23 52 45 58 56
 57 58 53 56 44 49 34 38 27 30 21 22 19 20 18 19 16 17 14 15 13 13 12 12
 12 12 12 12 11 11 10 10]"
2024-10-24 18:58:58.374838,"(6.0, 16.66)","(984, 2554)","[16  8 17 18 14 16 14 12 20 19 22 22 21 22 17 19 16 17 16 16 14 15 13 13
 12 12 11 11 10 10 11 11 10 11 10 10 12 11 12 12 12 12 11 11 10 10 10 10
 11 10 11 11 11 11 12 12 12 12 11 11 10 10  9 10  9  9 10  9 11 11 10 11
 21  9 35 28 42 39 43 43 43 43 43 43 42 43 38 40 33 35 35 33 46 41 49 48
 47 48 41 44 32 36 25 29 23 24 22 22 20 21 18 19 17 18 16 16 14 15 13 14
 12 13 11 12 10 10  9  9]"
2024-10-24 18:59:12.147232,"(18.0, 16.66)","(1097, 2545)","[23 24 22 23 16 19 15 14 20 19 22 22 21 22 18 19 18 18 16 17 14 15 13 13
 12 12 11 11 10 10 11 11 10 11 10 10 12 11 12 12 12 12 11 11 10 10 10 10
 11 10 11 11 11 11 12 12 12 12 11 11 10 10  9 10  9  9 10  9 11 11 14 11
 30 19 46 39 54 51 55 55 52 54 46 50 39 42 33 36 32 32 41 34 49 45 49 49
 46 49 39 43 27 35 25 26 21 23 18 19 17 17 16 16 15 15 14 15 12 13 11 12
 10 10  9  9  9  9  9  9]"
2024-10-24 18:59:25.919390,"(30.0, 16.66)","(1198, 2545)","[16  5 17 18 14 16 14 13 20 19 22 22 21 22 17 19 16 17 16 16 14 15 13 13
 12 12 11 11 10 10 11 11 10 11 10 10 12 11 12 12 12 12 11 11 10 10 10 10
 11 10 11 11 11 11 12 12 12 12 11 11 10 10  9 10  9  9 10  9 11 11 14 11
 29 19 46 38 53 50 53 53 50 52 44 47 35 40 29 31 27 28 28 28 35 32 38 38
 35 38 31 33 24 29 22 23 20 21 18 19 16 17 15 15 14 14 13 13 12 12 11 12
 11 11 10 11 10 10  9  9]"
2024-10-24 18:59:39.688966,"(42.0, 16.66)","(1289, 2545)","[16  9 17 18 14 16 14 13 20 19 22 22 21 22 17 19 16 17 16 16 14 15 13 13
 12 12 11 11 10 10 11 11 10 11 10 10 12 11 12 12 12 12 11 11 10 10 10 10
 11 10 11 11 11 11 12 12 12 12 11 11 10 10  9 10  9  9 10  9 11 11 10 11
 18  9 34 25 41 38 41 41 38 40 33 36 29 31 28 28 31 29 33 33 36 34 40 39
 38 40 34 36 30 32 26 28 21 25 20 21 25 23 20 25 20 20 18 19 16 17 15 15
 13 14 11 12 10 11  9  9]"
2024-10-24 18:59:53.456689,"(54.0, 16.66)","(1380, 2545)","[16 12 17 18 14 16 14 13 20 19 22 22 21 22 17 19 16 17 16 16 14 15 13 13
 12 12 11 11 10 10 11 11 10 11 10 10 12 11 12 12 12 12 11 11 10 10 10 10
 11 10 11 11 11 11 12 12 12 12 11 11 10 10  9 10  9  9 10  9 11 11 10 11
  9  9  9  9 21 18 24 23 22 23 19 21 12 17 11 11 10 10 18 15 33 25 38 37
 37 38 32 35 26 29 21 23 15 19 14 15 13 13 13 13 13 13 13 13 13 13 12 13
 12 12 11 12 10 11 10 10]"
2024-10-24 19:00:07.227350,"(66.0, 16.66)","(1471, 2545)","[16  8 19 19 14 17 14 13 20 19 22 22 21 22 17 19 16 17 16 16 14 15 13 13
 12 12 11 11 10 10 11 11 10 11 10 10 12 11 12 12 12 12 11 11 10 10 10 10
 11 10 11 11 11 11 12 12 12 12 11 11 10 10  9 10  9  9 10  9 11 11 10 11
  9  9  9  9 12 11 13 12 14 15 13 14 12 13 11 11 15 10 28 22 37 33 40 39
 38 39 33 36 26 30 20 23 14 18 13 14 11 12 11 11 11 12 10 11  9 10  9  9
  9  9  9  9  9  9  9  9]"
2024-10-24 19:00:20.998058,"(78.0, 16.66)","(1566, 2547)","[16  3 17 18 14 16 14 13 20 19 22 22 21 22 17 19 16 17 16 16 14 15 13 13
 12 12 11 11 10 10 11 11 10 11 10 10 12 11 12 12 12 12 11 11 10 10 10 10
 11 10 11 11 11 11 12 12 12 12 11 11 10 10  9 10  9  9 10  9 11 11 10 11
  9  9  9  9 12 11 13 12 14 15 13 14 12 13 11 11 10 10 20 13 36 28 40 39
 39 40 34 37 27 30 22 24 19 20 15 15 13 14 12 13 12 12 11 11 10 10  9 10
  8  9  8  8  9  9  9  9]"
2024-10-24 19:00:34.771250,"(90.0, 16.66)","(1670, 2550)","[16  6 17 18 14 16 14 13 20 19 22 22 21 22 17 19 16 17 16 16 14 15 13 13
 12 12 11 11 10 10 11 11 10 11 10 10 12 11 12 12 12 12 11 11 10 10 10 10
 11 10 11 11 11 11 12 12 12 12 11 11 10 10  9 10  9  9 10  9 11 11 10 11
  9  9  9  9 12 11 13 12 14 15 13 14 12 13 11 11 13 10 29 19 44 37 50 48
 50 51 46 48 37 42 30 33 25 28 20 23 16 17 14 15 11 12 10 11  8  9  8  8
  7  8  8  8  9  9  9  9]"
2024-10-24 19:01:10.385442,"(-78.0, -16.66)","(3902, 2928)","[16  7 17 18 14 16 14 13 20 19 22 22 21 22 17 19 16 17 16 16 14 15 13 13
 12 12 11 11 10 10 11 11 10 11 10 10 12 11 12 12 12 12 11 11 10 10 10 10
 11 10 11 11 11 11 12 12 12 12 11 11 10 10  9 10  9  9 10  9 11 11 10 11
  9  9  9  9 12 11 13 12 14 15 13 14 12 13 11 11 17 10 25 21 35 30 45 41
 48 48 46 47 40 43 32 35 25 28 21 23 16 17 14 15 12 13 10 11  9 10  8  8
  7  7  8  7  9  9  9  9]"
2024-10-24 19:01:24.157303,"(-66.0, -16.66)","(4068, 2929)","[16 10 17 18 14 16 14 13 20 19 22 22 21 22 17 19 16 17 16 16 14 15 13 13
 12 12 11 11 10 10 11 11 10 11 10 10 12 11 12 12 12 12 11 11 10 10 10 10
 11 10 11 11 11 11 12 12 12 12 11 11 10 10  9 10  9  9 10  9 11 11 10 11
  9  9  9  9 12 11 13 12 14 15 13 14 12 13 14 11 16 17 25 18 33 30 37 35
 38 39 37 38 34 36 29 32 24 27 20 22 15 16 13 14 11 12 10 11  8  9  7  8
  7  7  8  8  9  9  9  9]"
2024-10-24 19:01:37.927039,"(-54.0, -16.66)","(155, 2929)","[16  7 18 19 17 18 16 15 20 19 22 22 21 22 17 19 16 17 16 16 14 15 13 13
 12 12 11 11 10 10 11 11 10 11 10 10 12 11 12 12 12 12 11 11 10 10 10 10
 11 10 11 11 11 11 12 12 12 12 11 11 10 10  9 10  9  9 10  9 11 11 10 11
  9  9  9  9 12 11 13 12 14 15 13 14 12 13 17 11 25 20 36 31 42 39 49 46
 51 51 49 50 45 47 40 42 36 38 32 34 28 30 22 27 22 22 21 22 19 20 16 18
 14 15 12 13 11 11 10 11]"
2024-10-24 19:01:51.696927,"(-42.0, -16.66)","(358, 2929)","[17 11 19 19 14 17 14 13 20 19 22 22 21 22 17 19 16 17 16 16 14 15 13 13
 12 12 11 11 10 10 11 11 10 11 10 10 12 11 12 12 12 12 11 11 10 10 10 10
 11 10 11 11 11 11 12 12 12 12 11 11 10 10  9 10  9  9 10  9 11 11 10 11
  9  9  9  9 12 11 13 12 14 15 13 14 12 13 13 11 26 19 35 32 40 37 47 44
 49 50 46 48 43 44 41 42 39 40 37 38 34 35 29 31 22 26 21 22 20 21 19 19
 18 18 15 17 14 14 12 13]"
2024-10-24 19:02:05.466918,"(-30.0, -16.66)","(517, 2928)","[16  5 17 18 14 16 14 13 20 19 22 22 21 22 17 19 16 17 16 16 14 15 13 13
 12 12 11 11 10 10 11 11 10 11 10 10 12 11 12 12 12 12 11 11 10 10 10 10
 11 10 11 11 11 11 12 12 12 12 11 11 10 10  9 10  9  9 10  9 11 11 10 11
  9  9  9  9 12 11 13 12 14 15 13 14 12 13 19 14 28 24 31 30 34 32 39 36
 46 42 48 48 47 48 44 46 42 43 40 41 35 37 29 32 23 27 22 22 20 21 18 19
 15 16 13 14 12 12 11 12]"
2024-10-24 19:02:19.237953,"(-18.0, -16.66)","(693, 2929)","[16  7 17 18 14 16 14 13 20 19 22 22 21 22 17 19 16 17 16 16 14 15 13 13
 12 12 11 11 10 10 11 11 10 11 10 10 12 11 12 12 12 12 11 11 10 10 10 10
 11 10 11 11 11 11 12 12 12 12 11 11 10 10  9 10  9  9 10  9 23 17 27 26
 27 27 24 26 21 23 21 21 25 22 31 29 33 33 33 33 32 32 33 32 35 34 37 35
 43 40 44 44 41 43 35 37 33 33 31 32 24 29 22 23 20 21 17 18 15 16 13 14
 11 12 10 11  9 10  9  9]"
2024-10-24 19:02:33.010257,"(-6.0, -16.66)","(851, 2928)","[16 12 18 18 14 16 14 13 20 19 22 22 21 22 17 19 16 17 16 16 14 15 13 13
 12 12 11 11 10 10 11 11 10 11 10 10 12 11 12 12 12 12 11 11 10 10 10 10
 11 10 11 11 11 11 12 12 12 12 11 11 10 10  9 10  9  9 17 12 27 22 31 30
 30 31 28 29 28 27 42 34 54 50 59 57 59 59 57 58 52 55 42 48 39 40 40 39
 44 43 44 44 41 43 34 38 27 30 24 26 23 23 22 23 22 22 21 21 21 21 26 21
 29 29 29 29 28 29 22 26]"
2024-10-24 19:02:46.779126,"(6.0, -16.66)","(984, 2928)","[16  7 18 18 15 17 15 13 20 19 22 22 21 22 17 19 16 17 16 16 14 15 13 13
 12 12 11 11 10 10 11 11 10 11 10 10 12 11 12 12 12 12 11 11 10 10 10 10
 11 10 11 11 11 11 12 12 12 12 11 11 10 10  9 10  9  9 10  9 11 11 10 11
  9  9 17 13 25 21 38 32 48 44 55 52 55 55 53 54 49 51 41 45 35 38 35 35
 36 37 34 36 31 33 24 28 23 24 21 22 20 21 19 20 24 19 27 27 27 26 36 32
 40 39 40 40 39 40 37 38]"
2024-10-24 19:03:00.546211,"(18.0, -16.66)","(1097, 2921)","[16  8 18 19 14 16 14 13 20 19 22 22 21 22 17 19 16 17 16 16 14 15 13 13
 12 12 11 11 10 10 11 11 10 11 10 10 12 11 12 12 12 12 11 11 10 10 10 10
 11 10 11 11 11 11 12 12 12 12 11 11 10 10  9 10  9  9 10  9 11 11 10 11
  9  9  9  9 12 11 22 12 40 33 48 45 49 49 46 47 43 45 39 41 36 37 34 34
 39 34 41 41 39 40 34 37 29 31 24 24 24 24 23 23 23 23 21 22 23 21 27 26
 28 28 28 28 28 28 22 27]"
2024-10-24 19:03:14.816621,"(30.0, -16.66)","(1197, 2920)","[16  8 18 18 15 16 16 14 20 19 22 22 21 22 17 19 16 17 16 16 14 15 13 13
 12 12 11 11 10 10 11 11 10 11 10 10 12 11 12 12 12 12 11 11 10 10 10 10
 11 10 11 11 11 11 12 12 12 12 11 11 10 10  9 10  9  9 10  9 11 11 16 11
 17 18 17 17 24 21 25 24 32 26 40 37 44 42 47 46 48 48 48 48 46 47 45 45
 45 44 46 46 44 45 40 43 36 37 34 35 28 33 27 28 25 26 24 25 23 24 22 23
 25 21 26 26 21 22 21 21]"
2024-10-24 19:03:28.586804,"(42.0, -16.66)","(1289, 2920)","[16  4 18 18 14 16 15 13 20 19 22 22 21 22 17 19 16 17 16 16 14 15 13 13
 12 12 11 11 10 10 11 11 10 11 10 10 12 11 12 12 12 12 11 11 10 10 10 10
 11 10 11 11 11 11 12 12 12 12 11 11 10 10  9 10  9  9 10  9 11 11 12 11
 14 14 13 14 12 11 13 12 14 15 13 14 17 15 19 19 21 18 25 24 25 26 28 25
 38 34 41 40 39 40 35 38 29 32 23 26 18 22 17 17 22 17 22 22 18 18 17 18
 16 17 14 15 12 13 11 12]"
2024-10-24 19:03:42.358339,"(54.0, -16.66)","(1380, 2921)","[16  8 18 18 14 16 15 13 20 19 22 22 21 22 17 19 16 17 16 16 14 15 13 13
 12 12 11 11 10 10 11 11 10 11 10 10 12 11 12 12 12 12 11 11 10 10 10 10
 11 10 11 11 11 11 12 12 12 12 11 11 10 10  9 10  9  9 10  9 11 11 10 11
 14  9 13 14 12 11 13 12 14 15 13 14 12 13 11 11 19 10 27 24 29 28 38 33
 47 44 50 49 48 49 41 45 35 37 31 33 28 29 30 28 37 35 37 38 34 36 31 33
 24 28 21 23 18 20 15 16]"
2024-10-24 19:03:56.128112,"(66.0, -16.66)","(1472, 2922)","[16 10 18 18 14 16 15 13 20 19 22 22 21 22 17 19 16 17 16 16 14 15 13 13
 12 12 11 11 10 10 11 11 10 11 10 10 12 11 12 12 12 12 11 11 10 10 10 10
 11 10 11 11 11 11 12 12 12 12 11 11 10 10  9 10  9  9 10  9 11 11 10 11
  9  9  9  9 15 11 19 18 14 19 13 14 12 13 16 11 22 19 24 24 26 25 34 29
 42 40 42 43 39 41 32 36 27 29 24 25 19 24 18 19 21 17 29 25 29 29 27 28
 23 25 18 19 16 17 14 15]"
2024-10-24 19:04:09.904140,"(78.0, -16.66)","(1566, 2921)","[16  7 18 18 14 16 15 13 20 19 22 22 21 22 17 19 16 17 16 16 14 15 13 13
 12 12 11 11 10 10 11 11 10 11 10 10 12 11 12 12 12 12 11 11 10 10 10 10
 11 10 11 11 11 11 12 12 12 12 11 11 10 10  9 10  9  9 10  9 11 11 10 11
 12  9 25 18 33 30 33 33 30 32 26 28 24 25 25 24 29 27 30 30 33 31 43 39
 47 47 45 46 40 43 32 36 26 29 21 22 20 20 20 20 20 20 20 20 19 19 17 18
 15 16 13 14 12 13 11 12]"
2024-10-24 19:04:45.517061,"(-90.0, 20.0)","(3765, 2509)","[18 17 19 19 17 18 16 15 20 19 22 22 21 22 17 19 16 17 16 16 14 15 13 13
 12 12 11 11 10 10 11 11 10 11 10 10 12 11 12 12 12 12 11 11 10 10 10 10
 11 10 11 11 11 11 12 12 12 12 11 11 10 10  9 10 14  9 16 16 16 16 18 16
 20 20 27 22 38 33 40 40 37 39 35 36 33 34 31 32 34 31 43 38 51 47 53 52
 51 52 49 50 44 46 37 40 30 33 24 26 20 22 17 19 14 15 13 13 11 12 10 10
  9 10  9  9  9  9  9  9]"
2024-10-24 19:04:59.082297,"(-80.0, 20.0)","(3876, 2509)","[20 18 23 23 21 22 18 18 20 19 22 22 21 22 17 19 16 17 16 16 14 15 13 13
 12 12 11 11 10 10 11 11 10 11 10 10 12 11 12 12 12 12 11 11 10 10 10 10
 11 10 11 11 11 11 12 12 12 12 11 11 10 10 14 10 20 18 21 21 19 20 17 18
 18 17 24 21 32 28 33 32 31 32 27 30 29 27 33 32 36 34 46 40 53 50 55 54
 54 54 51 53 46 49 39 43 30 34 24 26 20 22 17 18 15 15 13 14 12 13 10 11
  9 10  9  9  9  9  9  9]"
2024-10-24 19:05:12.649508,"(-70.0, 20.0)","(4007, 2508)","[16 13 18 19 15 16 15 13 20 19 22 22 21 22 17 19 16 17 16 16 14 15 13 13
 12 12 11 11 10 10 11 11 10 11 10 10 12 11 12 12 12 12 11 11 10 10 10 10
 11 10 11 11 11 11 12 12 12 12 11 11 10 10 13 10 19 18 20 20 18 19 16 17
 18 15 24 20 28 26 31 29 33 32 33 33 33 33 37 35 43 40 46 45 46 46 44 45
 41 43 35 39 32 34 30 31 24 29 22 23 18 20 15 16 13 13 12 12 11 11 10 10
 10 10 10 10 11 11 10 11]"
2024-10-24 19:05:26.212758,"(-60.0, 20.0)","(35, 2508)","[16  6 18 19 15 16 15 13 20 19 22 22 21 22 17 19 16 17 16 16 14 15 13 13
 12 12 11 11 10 10 11 11 10 11 10 10 12 11 12 12 12 12 11 11 10 10 10 10
 11 10 11 11 11 11 12 12 12 12 11 11 12 10 27 21 31 31 30 31 25 28 22 24
 18 20 18 18 23 21 27 26 30 29 31 30 30 31 29 30 32 30 33 33 42 37 46 45
 46 47 43 45 38 40 32 35 24 28 22 23 20 21 18 19 16 17 15 15 15 15 14 14
 13 13 19 19 19 20 14 19]"
2024-10-24 19:05:40.800936,"(-50.0, 20.0)","(174, 2509)","[16 12 18 19 15 16 15 13 20 19 22 22 21 22 17 19 16 17 16 16 14 15 13 13
 12 12 11 11 10 10 11 11 10 11 10 10 12 11 12 12 12 12 11 11 10 10 10 10
 11 10 11 11 11 11 12 12 12 12 11 11 16 10 31 25 36 36 35 36 30 33 25 28
 21 23 19 20 13 13 14 13 14 15 13 14 18 16 20 19 22 21 25 23 33 28 41 38
 42 42 40 41 35 38 28 31 23 25 20 20 20 20 19 19 18 18 17 17 17 17 17 17
 17 17 17 17 17 17 17 17]"
2024-10-24 19:05:54.365789,"(-40.0, 20.0)","(346, 2510)","[16 10 18 19 15 16 15 13 20 19 22 22 21 22 17 19 16 17 16 16 14 15 13 13
 12 12 11 11 10 10 11 11 10 11 10 10 12 11 12 12 12 12 11 11 10 10 10 10
 11 10 11 11 11 11 12 12 12 12 11 11 10 10 20 15 27 25 27 28 24 26 20 22
 16 18 13 14 12 11 13 12 14 15 13 14 12 13 11 11 10 10 27 18 42 35 49 46
 49 49 45 47 35 40 29 32 24 26 19 19 18 18 17 18 15 16 14 15 14 14 13 14
 12 13 12 12 11 12 11 11]"
2024-10-24 19:06:07.933205,"(-30.0, 20.0)","(512, 2509)","[16  7 18 19 15 16 15 13 20 19 22 22 21 22 17 19 16 17 16 16 14 15 13 13
 12 12 11 11 10 10 11 11 10 11 10 10 12 11 12 12 12 12 11 11 10 10 10 10
 11 10 11 11 11 11 12 12 12 12 11 11 10 10  9 10  9  9 10  9 11 11 10 11
  9  9  9  9 12 11 13 12 14 15 13 14 12 13 11 11 10 10 24 14 41 33 50 47
 52 52 49 51 43 47 35 39 29 32 24 26 18 19 16 17 13 14 11 12  9 10  9  9
  8  9  8  8 14  9 16 16]"
2024-10-24 19:06:21.507066,"(-20.0, 20.0)","(666, 2508)","[16  9 18 19 15 16 15 13 20 19 22 22 21 22 17 19 16 17 16 16 14 15 13 13
 12 12 11 11 10 10 11 11 10 11 10 10 12 11 12 12 12 12 11 11 10 10 10 10
 11 10 11 11 11 11 12 12 12 12 11 11 10 10  9 10  9  9 10  9 11 11 10 11
  9  9  9  9 12 11 13 12 14 15 13 14 12 13 11 11 10 10 21 13 37 29 46 42
 47 48 46 47 43 45 36 40 29 32 22 26 17 18 15 16 13 14 12 13 11 11 10 11
  9 10  9  9  9  9 15  9]"
2024-10-24 19:06:35.072003,"(-10.0, 20.0)","(5600, 2508)","[16  3 18 19 15 16 15 13 20 19 22 22 21 22 17 19 16 17 16 16 14 15 13 13
 12 12 11 11 10 10 11 11 10 11 10 10 12 11 12 12 12 12 11 11 10 10 10 10
 11 10 11 11 11 11 12 12 12 12 11 11 10 10  9 10  9  9 10  9 11 11 10 11
  9  9  9  9 12 11 13 12 14 15 13 14 12 13 11 11 10 10 24 14 41 33 50 46
 52 52 50 51 45 48 37 41 30 33 24 27 19 20 17 18 15 16 13 14 12 13 11 12
 10 10  9  9  9  9 12  9]"
2024-10-24 19:06:49.149113,"(0.0, 20.0)","(919, 2506)","[16  6 18 19 15 16 15 13 20 19 22 22 21 22 17 19 16 17 16 16 14 15 13 13
 12 12 11 11 10 10 11 11 10 11 10 10 12 11 12 12 12 12 11 11 10 10 10 10
 11 10 11 11 11 11 12 12 12 12 11 11 10 10  9 10  9  9 10  9 11 11 10 11
 14  9 25 18 33 30 35 35 37 33 42 40 42 43 38 40 31 34 28 29 35 31 46 42
 50 50 49 49 44 47 36 40 29 33 24 25 21 23 18 20 16 17 14 15 12 13 11 11
  9 10  9  9  9  9  9  9]"
2024-10-24 19:07:02.713886,"(10.0, 20.0)","(1023, 2507)","[16  5 18 19 15 16 15 13 20 19 22 22 21 22 17 19 16 17 16 16 14 15 13 13
 12 12 11 11 10 10 11 11 10 11 10 10 12 11 12 12 12 12 11 11 10 10 10 10
 11 10 11 11 11 11 12 12 12 12 11 11 10 10  9 10  9  9 10  9 11 11 10 11
 14  9 30 20 43 37 46 45 45 45 46 45 45 45 40 43 33 36 28 30 25 26 32 29
 34 35 31 33 26 29 20 23 17 19 15 16 12 13 11 12 11 12 10 11  9  9  8  8
  7  7  8  7  9  9  9  9]"
2024-10-24 19:07:16.284356,"(20.0, 20.0)","(1114, 2505)","[16  9 18 19 15 16 15 13 20 19 22 22 21 22 17 19 16 17 16 16 14 15 13 13
 12 12 11 11 10 10 11 11 10 11 10 10 12 11 12 12 12 12 11 11 10 10 10 10
 11 10 11 11 11 11 12 12 12 12 11 11 10 10  9 10  9  9 10  9 11 11 15 11
 28 17 46 38 54 51 54 55 51 53 44 48 34 39 27 30 19 24 19 19 19 19 19 19
 19 19 17 18 16 17 14 15 12 13 11 12 10 11 11 10 11 12 10 11  8  9  7  8
  7  7  8  7  9  9  9  9]"
2024-10-24 19:07:29.848445,"(30.0, 20.0)","(1197, 2506)","[16 13 18 19 15 16 15 13 20 19 22 22 21 22 17 19 16 17 16 16 14 15 13 13
 12 12 11 11 10 10 11 11 10 11 10 10 12 11 12 12 12 12 11 11 10 10 10 10
 11 10 11 11 11 11 12 12 12 12 11 11 10 10  9 10  9  9 10  9 11 11 10 11
 21  9 37 29 45 42 45 46 41 44 35 38 30 32 24 27 21 22 17 16 24 22 22 23
 17 20 16 17 15 16 13 14 11 12 10 11 10 10 11 10 11 12 10 11  8  9  7  8
  7  7  8  7  9  9  9  9]"
2024-10-24 19:07:43.418178,"(40.0, 20.0)","(1275, 2507)","[20 19 21 21 17 19 15 14 20 19 22 22 21 22 17 19 16 17 16 16 14 15 13 13
 12 12 11 11 10 10 11 11 10 11 10 10 12 11 12 12 12 12 11 11 10 10 10 10
 11 10 11 11 11 11 12 12 12 12 11 11 10 10  9 10  9  9 10  9 11 11 10 11
 16  9 34 24 46 40 51 49 51 52 48 50 42 45 38 40 34 35 31 33 28 30 30 28
 33 33 32 33 28 31 22 25 20 21 17 18 14 16 12 13 11 12 10 11  9  9  9  9
  9  9  9  9  9  9  9  9]"
2024-10-24 19:07:58.000727,"(50.0, 20.0)","(1350, 2511)","[16  9 18 19 15 16 15 13 20 19 22 22 21 22 17 19 16 17 16 16 14 15 13 13
 12 12 11 11 10 10 11 11 10 11 10 10 12 11 12 12 12 12 11 11 10 10 10 10
 11 10 11 11 11 11 12 12 12 12 11 11 10 10  9 10  9  9 10  9 11 11 10 11
  9  9 17 12 30 24 36 34 37 37 33 35 29 31 25 27 20 23 17 19 26 21 35 32
 37 38 36 37 31 33 25 28 19 23 17 18 15 16 13 14 12 12 11 11 10 10 10 10
  9  9  9  9  9  9  9  9]"
2024-10-24 19:08:11.572431,"(60.0, 20.0)","(1426, 2508)","[16  8 18 19 15 16 15 13 20 19 22 22 21 22 17 19 16 17 16 16 14 15 13 13
 12 12 11 11 10 10 11 11 10 11 10 10 12 11 12 12 12 12 11 11 10 10 10 10
 11 10 11 11 11 11 12 12 12 12 11 11 10 10  9 10  9  9 10  9 11 11 10 11
  9  9  9  9 12 11 13 12 14 15 13 14 12 13 11 11 10 10 10 10 26 17 38 34
 41 41 40 41 34 37 26 29 20 23 14 14 13 14 12 13 11 12 11 11 10 10  9  9
  8  8  8  8  9  9  9  9]"
2024-10-24 19:08:25.140978,"(70.0, 20.0)","(1502, 2512)","[17 16 18 19 15 16 15 13 20 19 22 22 21 22 17 19 16 17 16 16 14 15 13 13
 12 12 11 11 10 10 11 11 10 11 10 10 12 11 12 12 12 12 11 11 10 10 10 10
 11 10 11 11 11 11 12 12 12 12 11 11 10 10  9 10  9  9 10  9 11 11 10 11
  9  9  9  9 12 11 13 12 14 15 13 14 12 13 11 11 10 10 10 10 22 18 31 27
 36 35 36 36 32 34 26 29 21 23 17 19 13 13 12 12 11 12 10 11 10 10 10 10
 10 10 10 10  9 10  9  9]"
2024-10-24 19:08:38.705218,"(80.0, 20.0)","(1583, 2513)","[16 11 18 19 15 16 15 13 20 19 22 22 21 22 17 19 16 17 16 16 14 15 13 13
 12 12 11 11 10 10 11 11 10 11 10 10 12 11 12 12 12 12 11 11 10 10 10 10
 11 10 11 11 11 11 12 12 12 12 11 11 10 10  9 10  9  9 10  9 11 11 10 11
  9  9  9  9 12 11 13 12 14 15 13 14 12 13 11 11 10 10 14 13 23 18 39 32
 43 43 42 43 37 40 29 32 23 25 19 21 14 15 12 13 11 12 10 11  8  9  7  8
  7  7  8  7  9  9  9  9]"
2024-10-24 19:08:53.275262,"(90.0, 20.0)","(1671, 2513)","[16 13 18 19 15 16 15 13 20 19 22 22 21 22 17 19 16 17 16 16 14 15 13 13
 12 12 11 11 10 10 11 11 10 11 10 10 12 11 12 12 12 12 11 11 10 10 10 10
 11 10 11 11 11 11 12 12 12 12 11 11 10 10  9 10  9  9 10  9 11 11 10 11
  9  9  9  9 12 11 13 12 14 15 13 14 12 13 11 11 10 10 10 10 32 22 40 38
 39 41 37 38 34 36 28 31 21 24 15 15 14 15 12 13 11 12 10 11  8  9  7  8
  7  7  8  7  9  9  9  9]"
2024-10-24 19:09:30.112050,"(-80.0, -20.0)","(3877, 2965)","[16 10 18 19 15 16 15 13 20 19 22 22 21 22 17 19 16 17 16 16 14 15 13 13
 12 12 11 11 10 10 11 11 10 11 10 10 12 11 12 12 12 12 11 11 10 10 10 10
 11 10 11 11 11 11 12 12 12 12 11 11 10 10  9 10  9  9 10  9 11 11 10 11
  9  9  9  9 12 11 13 12 14 15 13 14 12 13 11 11 10 10 15 12 25 20 36 31
 43 41 43 43 40 42 32 36 25 28 20 23 16 16 14 15 12 13 10 11  9  9  8  8
  7  7  8  7  9  9  9  9]"
2024-10-24 19:09:43.676743,"(-70.0, -20.0)","(4008, 2963)","[16  9 18 19 15 16 15 13 20 19 22 22 21 22 17 19 16 17 16 16 14 15 13 13
 12 12 11 11 10 10 11 11 10 11 10 10 12 11 12 12 12 12 11 11 10 10 10 10
 11 10 11 11 11 11 12 12 12 12 11 11 10 10  9 10  9  9 10  9 11 11 10 11
  9  9  9  9 12 11 13 12 14 15 13 14 12 13 11 11 10 10 15 12 21 18 27 23
 32 31 32 33 30 31 26 29 22 24 17 19 12 13 12 12 11 12 10 11  8  9  7  8
  7  7  8  7  9  9  9  9]"
2024-10-24 19:09:57.240947,"(-60.0, -20.0)","(22, 2963)","[16  7 18 19 15 16 15 13 20 19 22 22 21 22 17 19 16 17 16 16 14 15 13 13
 12 12 11 11 10 10 11 11 10 11 10 10 12 11 12 12 12 12 11 11 10 10 10 10
 11 10 11 11 11 11 12 12 12 12 11 11 10 10  9 10  9  9 10  9 11 11 10 11
  9  9  9  9 12 11 13 12 14 15 13 14 12 13 14 11 17 18 22 18 30 26 35 32
 40 38 41 41 39 40 34 37 28 31 22 25 16 17 14 15 12 13 10 11  8  9  7  8
  7  7  8  7  9  9  9  9]"
2024-10-24 19:10:10.806753,"(-50.0, -20.0)","(174, 2963)","[16 11 18 19 15 16 15 13 20 19 22 22 21 22 17 19 16 17 16 16 14 15 13 13
 12 12 11 11 10 10 11 11 10 11 10 10 12 11 12 12 12 12 11 11 10 10 10 10
 11 10 11 11 11 11 12 12 12 12 11 11 10 10  9 10  9  9 10  9 11 11 10 11
  9  9  9  9 12 11 13 12 14 15 13 14 12 13 16 11 25 22 30 27 31 31 33 31
 38 36 38 38 33 35 30 32 26 28 21 23 16 17 15 16 13 14 11 12  9 10  8  9
  7  8  8  7  9  9  9  9]"
2024-10-24 19:10:24.373903,"(-40.0, -20.0)","(384, 2964)","[16  8 18 19 15 16 15 13 20 19 22 22 21 22 17 19 16 17 16 16 14 15 13 13
 12 12 11 11 10 10 11 11 10 11 10 10 12 11 12 12 12 12 11 11 10 10 10 10
 11 10 11 11 11 11 12 12 12 12 11 11 10 10  9 10  9  9 10  9 11 11 10 11
  9  9  9  9 12 11 13 12 14 15 13 14 13 13 19 15 30 24 37 34 39 38 39 39
 40 38 42 42 39 40 34 36 31 32 28 29 24 26 18 22 16 18 14 15 13 14 11 12
 11 11 10 10  9 10  9  9]"
2024-10-24 19:10:37.939786,"(-30.0, -20.0)","(513, 2964)","[16 12 18 19 15 16 15 13 20 19 22 22 21 22 17 19 16 17 16 16 14 15 13 13
 12 12 11 11 10 10 11 11 10 11 10 10 12 11 12 12 12 12 11 11 10 10 10 10
 11 10 11 11 11 11 12 12 12 12 11 11 10 10  9 10  9  9 10  9 11 11 10 11
  9  9  9  9 12 11 13 12 14 15 13 14 12 13 14 11 27 19 37 33 38 38 38 37
 44 40 47 47 45 46 41 43 34 38 29 31 26 28 21 24 19 20 16 17 13 15 11 12
 10 11  9 10  9  9  9  9]"
2024-10-24 19:10:51.506110,"(-20.0, -20.0)","(666, 2963)","[16  9 18 19 15 16 15 13 20 19 22 22 21 22 17 19 16 17 16 16 14 15 13 13
 12 12 11 11 10 10 11 11 10 11 10 10 12 11 12 12 12 12 11 11 10 10 10 10
 11 10 11 11 11 11 12 12 12 12 11 11 10 10  9 10  9  9 10  9 11 11 10 11
  9  9  9  9 12 11 13 12 14 15 13 14 12 13 11 11 19 10 27 23 29 29 29 28
 36 31 42 40 41 42 37 40 32 35 26 29 18 23 16 17 14 15 11 12  9 10  8  8
  7  7  8  7  9  9  9  9]"
2024-10-24 19:11:05.071100,"(-10.0, -20.0)","(802, 2962)","[16  8 18 19 15 16 15 13 20 19 22 22 21 22 17 19 16 17 16 16 14 15 13 13
 12 12 11 11 10 10 11 11 10 11 10 10 12 11 12 12 12 12 11 11 10 10 10 10
 11 10 11 11 11 11 12 12 12 12 11 11 10 10  9 10  9  9 19 13 28 24 33 31
 35 35 33 35 31 32 34 31 43 40 44 45 42 43 40 41 37 39 34 36 33 33 35 34
 36 36 36 36 35 36 31 33 25 28 24 24 24 24 23 23 21 22 19 20 17 18 15 16
 14 14 13 14 12 13 14 11]"
2024-10-24 19:11:18.639359,"(0.0, -20.0)","(920, 2961)","[22 20 24 24 21 23 18 19 20 19 22 22 21 22 17 19 16 17 16 16 14 15 13 13
 12 12 11 11 10 10 11 11 10 11 10 10 12 11 12 12 12 12 11 11 10 10 10 10
 11 10 11 11 11 11 12 12 12 12 11 11 10 10  9 10  9  9 10  9 16 11 24 20
 28 28 26 28 37 32 41 38 51 47 53 54 51 52 49 51 46 48 42 44 40 41 39 39
 39 38 40 40 39 40 35 37 32 33 28 28 28 28 25 26 23 24 21 22 19 20 19 19
 23 19 27 26 26 27 27 25]"
2024-10-24 19:11:32.706090,"(10.0, -20.0)","(1023, 2959)","[16  8 18 19 15 17 15 13 20 19 22 22 21 22 17 19 16 17 16 16 14 15 13 13
 12 12 11 11 10 10 11 11 10 11 10 10 12 11 12 12 12 12 11 11 10 10 10 10
 11 10 11 11 11 11 12 12 12 12 11 11 10 10  9 10  9  9 10  9 11 11 10 11
  9  9  9  9 27 18 46 37 56 53 57 58 55 56 49 52 43 45 39 41 34 36 29 31
 30 29 32 31 31 32 24 30 24 24 23 24 21 22 19 20 17 18 15 16 15 15 14 15
 14 14 21 18 22 22 21 22]"
2024-10-24 19:11:46.270562,"(20.0, -20.0)","(1115, 2960)","[16  6 18 19 15 17 17 15 20 19 22 22 21 22 17 19 16 17 16 16 14 15 13 13
 12 12 11 11 10 10 11 11 10 11 10 10 12 11 12 12 12 12 11 11 10 10 10 10
 11 10 11 11 11 11 12 12 12 12 11 11 10 10  9 10  9  9 10  9 11 11 15 11
 23 16 34 29 39 37 43 41 49 46 50 51 47 49 45 46 44 45 41 43 40 40 41 40
 41 41 41 41 39 40 34 36 27 32 27 27 35 33 34 35 32 33 28 28 27 28 26 26
 25 25 23 24 21 22 20 21]"
2024-10-24 19:11:59.835158,"(30.0, -20.0)","(1197, 2960)","[16  8 18 19 15 17 15 13 20 19 22 22 21 22 17 19 16 17 16 16 14 15 13 13
 12 12 11 11 10 10 11 11 10 11 10 10 12 11 12 12 12 12 11 11 10 10 10 10
 11 10 11 11 11 11 12 12 12 12 11 11 10 10  9 10  9  9 10  9 21 17 25 24
 31 25 43 37 48 46 47 48 44 46 40 42 38 38 37 38 36 37 33 35 31 32 30 31
 29 29 37 31 43 40 42 42 39 41 35 37 35 35 34 34 32 33 27 28 25 26 24 24
 24 24 23 24 22 23 20 21]"
2024-10-24 19:12:13.405286,"(40.0, -20.0)","(1274, 2959)","[16  8 18 19 15 17 15 13 20 19 22 22 21 22 17 19 16 17 16 16 14 15 13 13
 12 12 11 11 10 10 11 11 10 11 10 10 12 11 12 12 12 12 11 11 10 10 10 10
 11 10 11 11 11 11 12 12 12 12 11 11 10 10  9 10  9  9 10  9 11 11 14 11
 15 15 16 15 20 18 19 20 14 17 20 18 21 21 20 20 20 19 25 22 28 27 29 29
 30 30 38 33 43 41 41 43 37 39 34 36 30 32 27 28 21 26 21 21 20 21 19 19
 17 18 16 16 14 15 12 13]"
2024-10-24 19:12:26.970093,"(50.0, -20.0)","(1349, 2960)","[16 10 18 19 15 17 15 13 20 19 22 22 21 22 17 19 16 17 16 16 14 15 13 13
 12 12 11 11 10 10 11 11 10 11 10 10 12 11 12 12 12 12 11 11 10 10 10 10
 11 10 11 11 11 11 12 12 12 12 11 11 10 10  9 10  9  9 10  9 11 11 18 11
 30 26 34 33 32 33 26 29 25 23 32 28 35 34 35 35 35 34 40 37 40 41 38 40
 40 36 48 44 49 49 45 48 39 41 34 37 26 31 24 25 23 23 23 23 23 23 20 21
 18 19 16 17 14 15 13 14]"
2024-10-24 19:12:41.039139,"(60.0, -20.0)","(1424, 2960)","[16 10 18 19 15 17 15 14 20 19 22 22 21 22 17 19 16 17 16 16 14 15 13 13
 12 12 11 11 10 10 11 11 10 11 10 10 12 11 12 12 12 12 11 11 10 10 10 10
 11 10 11 11 11 11 12 12 12 12 11 11 10 10  9 10  9  9 10  9 17 15 16 17
 15 15 24 17 38 32 42 41 42 42 42 42 45 44 44 45 43 44 43 43 42 42 39 40
 42 38 46 45 44 45 39 42 31 35 26 27 24 25 23 23 21 22 20 21 19 20 17 18
 15 16 13 14 11 12 10 11]"
2024-10-24 19:12:54.604828,"(70.0, -20.0)","(1501, 2961)","[16 10 18 19 15 17 15 13 20 19 22 22 21 22 17 19 16 17 16 16 14 15 13 13
 12 12 11 11 10 10 11 11 10 11 10 10 12 11 12 12 12 12 11 11 10 10 10 10
 11 10 11 11 11 11 12 12 12 12 11 11 10 10  9 10  9  9 10  9 11 11 10 11
 14  9 28 18 41 35 44 43 42 44 36 39 33 34 32 33 31 31 30 30 28 29 27 27
 32 29 35 35 34 35 31 33 26 29 20 21 18 19 17 18 16 16 14 15 13 14 12 13
 11 12 10 11  9 10  9  9]"
2024-10-24 19:13:08.168864,"(80.0, -20.0)","(1581, 2962)","[16  7 18 19 15 17 15 13 20 19 22 22 21 22 17 19 16 17 16 16 14 15 13 13
 12 12 11 11 10 10 11 11 10 11 10 10 12 11 12 12 12 12 11 11 10 10 10 10
 11 10 11 11 11 11 12 12 12 12 11 11 10 10  9 10 12  9 19 15 19 20 19 18
 23 22 30 25 43 36 47 46 45 47 40 43 34 37 32 33 32 32 32 32 29 31 28 28
 28 28 26 27 21 21 19 20 17 18 15 16 13 14 12 13 12 12 11 11 10 10  9  9
  8  8  8  8  9  9  9  9]"
2024-10-24 19:13:43.991638,"(-90.0, 23.33)","(3763, 2483)","[18 17 18 19 15 17 15 13 20 19 22 22 21 22 17 19 16 17 16 16 14 15 13 13
 12 12 11 11 10 10 11 11 10 11 10 10 12 11 12 12 12 12 11 11 10 10 10 10
 11 10 11 11 11 11 12 12 12 12 11 11 24 16 42 34 52 49 53 53 49 51 42 45
 39 40 34 37 32 33 31 31 28 30 23 25 19 20 17 18 17 17 17 17 20 17 23 23
 24 22 29 27 27 28 26 26 22 25 18 18 16 17 14 15 12 13 12 12 19 17 20 20
 19 20 18 19 13 13 13 13]"
2024-10-24 19:13:57.359306,"(-81.42, 23.33)","(3858, 2484)","[18 19 18 19 15 17 15 13 20 19 22 22 21 22 17 19 16 17 16 16 14 15 13 13
 12 12 11 11 10 10 11 11 10 11 10 10 12 11 12 12 12 12 11 11 10 10 10 10
 11 10 11 11 11 11 12 12 12 12 11 11 24 16 44 35 54 51 56 56 54 55 47 51
 41 43 38 39 34 36 31 33 27 30 21 22 19 20 17 18 27 17 33 31 32 33 30 30
 33 30 35 35 33 34 28 30 22 26 20 21 17 18 14 16 12 13 11 11 17 17 17 18
 12 17 12 12 12 12 10 11]"
2024-10-24 19:14:10.726074,"(-72.85, 23.33)","(3967, 2483)","[16 11 18 19 15 17 15 13 20 19 22 22 21 22 17 19 16 17 16 16 14 15 13 13
 12 12 11 11 10 10 11 11 10 11 10 10 12 11 12 12 12 12 11 11 10 10 10 10
 11 10 11 11 11 11 12 12 12 12 11 11 18 11 33 27 39 38 40 40 38 39 34 37
 30 31 32 31 33 33 32 33 30 32 27 29 18 25 18 18 23 17 30 27 30 30 28 29
 27 27 28 28 20 26 20 20 20 20 19 20 17 18 20 17 23 22 23 23 17 21 15 16
 13 14 12 12 11 11 10 10]"
2024-10-24 19:14:24.090961,"(-64.28, 23.33)","(4076, 2483)","[16 12 18 19 15 17 15 13 20 19 22 22 21 22 17 19 16 17 16 16 14 15 13 13
 12 12 11 11 10 10 11 11 10 11 10 10 12 11 12 12 12 12 11 11 10 10 10 10
 11 10 11 11 11 11 12 12 12 12 11 11 22 15 37 31 43 42 43 44 41 42 38 40
 34 36 33 33 35 34 34 35 33 34 32 32 34 33 32 33 29 31 25 27 25 22 31 28
 33 33 32 33 30 31 28 29 23 27 21 22 18 19 23 18 27 27 26 27 19 24 17 18
 15 16 12 13 10 11  9 10]"
2024-10-24 19:14:38.469244,"(-55.71, 23.33)","(132, 2482)","[16  6 18 19 15 17 15 13 20 19 22 22 21 22 17 19 16 17 16 16 14 15 13 13
 12 12 11 11 10 10 11 11 10 11 10 10 12 11 12 12 12 12 11 11 10 10 10 10
 11 10 11 11 11 11 12 12 12 12 11 11 10 10 15 10 18 15 23 21 26 25 25 25
 23 24 22 23 21 22 20 21 14 19 20 18 31 25 33 33 32 33 29 30 29 28 35 32
 38 38 36 37 33 35 30 31 26 28 21 21 19 20 17 17 15 16 15 15 15 15 15 15
 13 14 12 12 10 11 15 10]"
2024-10-24 19:14:51.831749,"(-47.14, 23.33)","(229, 2482)","[16  6 18 19 15 17 15 13 20 19 22 22 21 22 17 19 16 17 16 16 14 15 13 13
 12 12 11 11 10 10 11 11 10 11 10 10 12 11 12 12 12 12 11 11 10 10 10 10
 11 10 11 11 11 11 12 12 12 12 11 11 10 10 20 15 26 24 25 26 22 24 20 21
 17 18 16 16 12 15 13 12 14 15 25 17 35 31 37 37 34 36 29 32 27 28 29 28
 34 30 37 36 35 36 29 32 24 26 20 20 19 19 18 19 17 18 16 17 15 15 13 14
 12 12 11 11 13 11 19 17]"
2024-10-24 19:15:05.194432,"(-38.57, 23.33)","(369, 2484)","[16  7 18 19 15 17 15 13 20 19 22 22 21 22 17 19 16 17 16 16 14 15 13 13
 12 12 11 11 10 10 11 11 10 11 10 10 12 11 12 12 12 12 11 11 10 10 10 10
 11 10 11 11 11 11 12 12 12 12 11 11 12 10 25 19 35 32 36 37 34 35 29 31
 23 25 19 21 12 18 13 12 14 15 13 14 12 13 11 11 10 10 17 14 28 22 34 32
 33 34 32 33 28 30 26 27 23 25 20 21 19 17 23 22 23 24 20 22 16 17 15 16
 13 14 12 12 20 17 23 22]"
2024-10-24 19:15:19.575997,"(-30.0, 23.33)","(513, 2483)","[17 13 19 19 15 17 15 13 20 19 22 22 21 22 17 19 16 17 16 16 14 15 13 13
 12 12 11 11 10 10 11 11 10 11 10 10 12 11 12 12 12 12 11 11 10 10 10 10
 11 10 11 11 11 11 12 12 12 12 11 11 10 10 14 10 16 16 15 16 11 11 10 11
  9  9  9  9 12 11 13 12 14 15 13 14 12 13 11 11 10 10 10 10 18 15 33 27
 39 37 40 40 38 39 34 36 27 31 21 24 16 16 21 16 22 22 17 17 16 16 14 15
 12 13 11 12 16 11 16 17]"
2024-10-24 19:15:32.942760,"(-21.42, 23.33)","(5600, 2482)","[16  9 18 19 15 17 15 13 20 19 22 22 21 22 17 19 16 17 16 16 14 15 13 13
 12 12 11 11 10 10 11 11 10 11 10 10 12 11 12 12 12 12 11 11 10 10 10 10
 11 10 11 11 11 11 12 12 12 12 11 11 10 10  9 10  9  9 10  9 11 11 10 11
  9  9  9  9 12 11 13 12 14 15 13 14 12 13 11 11 15 10 17 16 29 22 44 37
 52 49 53 53 50 52 43 47 34 38 27 30 20 25 17 19 15 16 12 13 11 11 10 10
  9  9  9  9  9  9  9  9]"
2024-10-24 19:15:46.816601,"(-12.85, 23.33)","(5600, 2482)","[18 17 18 19 15 17 15 13 20 19 22 22 21 22 17 19 16 17 16 16 14 15 13 13
 12 12 11 11 10 10 11 11 10 11 10 10 12 11 12 12 12 12 11 11 10 10 10 10
 11 10 11 11 11 11 12 12 12 12 11 11 10 10  9 10  9  9 10  9 11 11 10 11
  9  9  9  9 12 11 13 12 14 15 13 14 12 13 11 11 10 10 18 14 24 21 40 32
 51 47 53 53 51 52 45 49 35 40 26 31 19 23 17 18 15 16 13 14 12 12 11 11
  9 10  9  9  9  9  9  9]"
2024-10-24 19:16:00.685948,"(-4.28, 23.33)","(5600, 2484)","[16  3 18 19 15 17 15 13 20 19 22 22 21 22 17 19 16 17 16 16 14 15 13 13
 12 12 11 11 10 10 11 11 10 11 10 10 12 11 12 12 12 12 11 11 10 10 10 10
 11 10 11 11 11 11 12 12 12 12 11 11 10 10  9 10  9  9 10  9 11 11 10 11
  9  9  9  9 12 11 13 12 14 15 13 14 12 13 11 11 10 10 10 10 20 16 40 31
 49 46 51 51 48 50 41 45 31 35 25 28 18 19 16 17 14 15 13 13 11 12 10 11
  9 10  9  9  9  9  9  9]"
2024-10-24 19:16:14.553241,"(4.28, 23.33)","(5600, 2481)","[16  8 18 19 15 17 15 13 20 19 22 22 21 22 17 19 16 17 16 16 14 15 13 13
 12 12 11 11 10 10 11 11 10 11 10 10 12 11 12 12 12 12 11 11 10 10 10 10
 11 10 11 11 11 11 12 12 12 12 11 11 10 10  9 10  9  9 10  9 11 11 10 11
  9  9 16 13 29 22 34 32 34 35 33 34 30 32 25 27 20 22 18 19 18 14 34 27
 43 40 43 44 37 40 33 35 27 31 19 20 17 18 15 16 13 14 11 12 10 10  9  9
  9  9  9  9  9  9  9  9]"
2024-10-24 19:16:28.419269,"(12.85, 23.33)","(5600, 2483)","[16  9 18 19 15 17 15 13 20 19 22 22 21 22 17 19 16 17 16 16 14 15 13 13
 12 12 11 11 10 10 11 11 10 11 10 10 12 11 12 12 12 12 11 11 10 10 10 10
 11 10 11 11 11 11 12 12 12 12 11 11 10 10  9 10  9  9 10  9 11 11 10 11
 19  9 35 28 41 39 40 41 37 37 35 36 29 32 24 26 20 21 15 15 15 15 19 15
 28 23 31 31 29 30 24 26 17 22 16 17 14 15 12 13 11 12 10 11  8  9  7  8
  7  7  8  7  9  9  9  9]"
2024-10-24 19:16:42.287701,"(21.42, 23.33)","(5600, 2484)","[16  8 18 19 15 17 15 13 20 19 22 22 21 22 17 19 16 17 16 16 14 15 13 13
 12 12 11 11 10 10 11 11 10 11 10 10 12 11 12 12 12 12 11 11 10 10 10 10
 11 10 11 11 11 11 12 12 12 12 11 11 10 10  9 10  9  9 10  9 11 11 14 11
 24 15 38 31 42 41 41 42 41 41 40 41 34 37 26 29 20 23 17 17 16 16 15 16
 19 15 24 22 24 24 20 22 15 18 13 14 11 12 11 11 11 12 10 11  8  9  7  8
  7  7  8  7  9  9  9  9]"
2024-10-24 19:16:56.154926,"(30.0, 23.33)","(5600, 2483)","[16  6 18 19 15 17 15 13 20 19 22 22 21 22 17 19 16 17 16 16 14 15 13 13
 12 12 11 11 10 10 11 11 10 11 10 10 12 11 12 12 12 12 11 11 10 10 10 10
 11 10 11 11 11 11 12 12 12 12 11 11 10 10  9 10  9  9 10  9 11 11 10 11
  9  9 17 13 34 25 40 38 41 41 37 39 33 35 30 32 26 28 24 25 23 23 22 23
 17 21 17 17 16 16 14 15 13 14 12 13 11 12 11 11 11 12 10 11  9  9  8  8
  7  7  8  7  9  9  9  9]"
2024-10-24 19:17:10.025018,"(38.57, 23.33)","(5600, 2485)","[16 10 18 19 15 17 15 13 20 19 22 22 21 22 17 19 16 17 16 16 14 15 13 13
 12 12 11 11 10 10 11 11 10 11 10 10 12 11 12 12 12 12 11 11 10 10 10 10
 11 10 11 11 11 11 12 12 12 12 11 11 10 10  9 10  9  9 10  9 11 11 10 11
  9  9 16 13 28 22 34 32 32 34 34 32 36 35 34 35 30 32 26 28 26 26 30 28
 35 33 36 36 33 34 26 30 19 23 17 18 14 16 12 13 11 12 10 11  8  9  7  8
  7  7  8  7  9  9  9  9]"
2024-10-24 19:17:23.892944,"(47.14, 23.33)","(5600, 2483)","[16  9 18 19 15 17 15 13 20 19 22 22 21 22 17 19 16 17 16 16 14 15 13 13
 12 12 11 11 10 10 11 11 10 11 10 10 12 11 12 12 12 12 11 11 10 10 10 10
 11 10 11 11 11 11 12 12 12 12 11 11 10 10  9 10  9  9 10  9 11 11 10 11
  9  9  9  9 13 11 20 16 22 22 19 21 17 18 11 16 10 10 10 10 22 17 33 28
 39 38 39 39 34 37 28 31 22 25 16 16 14 15 13 13 11 12 10 11  9  9  9  9
  8  9  8  8  9  9  9  9]"
2024-10-24 19:17:37.759123,"(55.71, 23.33)","(1393, 2483)","[16  8 18 19 15 17 15 13 20 19 22 22 21 22 17 19 16 17 16 16 14 15 13 13
 12 12 11 11 10 10 11 11 10 11 10 10 12 11 12 12 12 12 11 11 10 10 10 10
 11 10 11 11 11 11 12 12 12 12 11 11 10 10  9 10  9  9 10  9 11 11 10 11
  9  9  9  9 12 11 13 12 14 15 13 14 12 13 11 11 10 10 10 10 22 17 33 28
 39 37 39 40 36 38 30 33 23 26 19 21 15 15 13 14 12 13 11 11  9 10  8  8
  7  7  8  8  9  9  9  9]"
2024-10-24 19:17:51.119569,"(64.28, 23.33)","(1457, 2483)","[16  9 18 19 15 17 15 13 20 19 22 22 21 22 17 19 16 17 16 16 14 15 13 13
 12 12 11 11 10 10 11 11 10 11 10 10 12 11 12 12 12 12 11 11 10 10 10 10
 11 10 11 11 11 11 12 12 12 12 11 11 10 10  9 10  9  9 10  9 11 11 10 11
  9  9  9  9 12 11 13 12 14 15 13 14 12 13 11 11 10 10 14 10 22 18 32 27
 39 37 41 41 39 40 33 36 26 29 20 22 15 15 13 14 11 12 10 11  8  9  8  8
  7  7  8  7  9  9  9  9]"
2024-10-24 19:18:04.488171,"(72.85, 23.33)","(1522, 2483)","[16  4 18 19 15 17 15 13 20 19 22 22 21 22 17 19 16 17 16 16 14 15 13 13
 12 12 11 11 10 10 11 11 10 11 10 10 12 11 12 12 12 12 11 11 10 10 10 10
 11 10 11 11 11 11 12 12 12 12 11 11 10 10  9 10  9  9 10  9 11 11 10 11
  9  9  9  9 12 11 13 12 14 15 13 14 12 13 11 11 10 10 10 10 19 16 30 25
 38 36 39 40 37 39 32 35 26 29 21 24 15 19 13 14 12 12 11 11 10 10  9  9
  9  9  9  9  9  9  9  9]"
2024-10-24 19:18:17.853142,"(81.42, 23.33)","(1592, 2485)","[16  7 18 19 15 17 15 13 20 19 22 22 21 22 17 19 16 17 16 16 14 15 13 13
 12 12 11 11 10 10 11 11 10 11 10 10 12 11 12 12 12 12 11 11 10 10 10 10
 11 10 11 11 11 11 12 12 12 12 11 11 10 10  9 10  9  9 10  9 11 11 10 11
  9  9  9  9 12 11 13 12 14 15 13 14 12 13 11 11 10 10 10 10 18 16 26 20
 38 33 42 41 41 42 35 39 28 31 23 25 16 21 15 16 14 15 12 13 10 11  9  9
  8  8  8  8  9  9  9  9]"
2024-10-24 19:18:32.230447,"(90.0, 23.33)","(1670, 2483)","[16  8 18 19 15 17 15 13 20 19 22 22 21 22 17 19 16 17 16 16 14 15 13 13
 12 12 11 11 10 10 11 11 10 11 10 10 12 11 12 12 12 12 11 11 10 10 10 10
 11 10 11 11 11 11 12 12 12 12 11 11 10 10  9 10  9  9 10  9 11 11 10 11
  9  9  9  9 12 11 13 12 14 15 13 14 12 13 11 11 10 10 10 10 17 14 35 27
 46 42 48 48 46 47 40 44 31 36 24 27 17 21 15 16 13 14 11 12 10 11  9 10
  8  8  8  8  9  9  9  9]"
2024-10-24 19:19:08.255085,"(-81.42, -23.33)","(3858, 3000)","[16  4 19 19 15 17 15 13 20 19 22 22 21 22 17 19 16 17 16 16 14 15 13 13
 12 12 11 11 10 10 11 11 10 11 10 10 12 11 12 12 12 12 11 11 10 10 10 10
 11 10 11 11 11 11 12 12 12 12 11 11 10 10  9 10  9  9 10  9 11 11 10 11
  9  9  9  9 12 11 13 12 14 15 13 14 12 13 11 11 10 10 14 13 18 16 19 18
 26 20 36 32 39 38 37 38 31 35 24 27 15 22 15 15 13 14 12 12 11 11 10 10
  9  9  8  8  9  9  9  9]"
2024-10-24 19:19:21.618884,"(-72.85, -23.33)","(3967, 3001)","[16  8 19 19 15 17 15 13 20 19 22 22 21 22 17 19 16 17 16 16 14 15 13 13
 12 12 11 11 10 10 11 11 10 11 10 10 12 11 12 12 12 12 11 11 10 10 10 10
 11 10 11 11 11 11 12 12 12 12 11 11 10 10  9 10  9  9 10  9 11 11 10 11
 14  9 14 14 12 11 13 12 14 15 13 14 12 13 11 11 10 10 10 10 15 10 17 15
 26 19 35 32 36 36 33 35 28 31 22 25 14 20 13 14 12 13 11 11  9 10  8  9
  8  8  8  8  9  9  9  9]"
2024-10-24 19:19:34.985514,"(-64.28, -23.33)","(4091, 3000)","[16  8 19 19 15 17 15 13 20 19 22 22 21 22 17 19 16 17 16 16 14 15 13 13
 12 12 11 11 10 10 11 11 10 11 10 10 12 11 12 12 12 12 11 11 10 10 10 10
 11 10 11 11 11 11 12 12 12 12 11 11 10 10  9 10  9  9 10  9 11 11 10 11
  9  9  9  9 12 11 13 12 14 15 13 14 12 13 11 11 10 10 10 10 13 10 17 15
 26 21 31 30 29 30 29 29 27 28 22 24 13 19 13 13 12 13 10 11  8  9  7  8
  7  7  8  7  9  9  9  9]"
2024-10-24 19:19:48.351320,"(-55.71, -23.33)","(134, 3000)","[17 15 19 19 15 17 15 13 20 19 22 22 21 22 17 19 16 17 16 16 14 15 13 13
 12 12 11 11 10 10 11 11 10 11 10 10 12 11 12 12 12 12 11 11 10 10 10 10
 11 10 11 11 11 11 12 12 12 12 11 11 10 10  9 10  9  9 10  9 11 11 10 11
  9  9  9  9 12 11 13 12 14 15 13 14 12 13 11 11 10 10 10 10 14 10 16 16
 18 16 31 22 36 35 35 36 32 34 25 29 20 23 14 18 13 14 12 12 10 11  9  9
  7  8  8  7  9  9  9  9]"
2024-10-24 19:20:02.733708,"(-47.14, -23.33)","(231, 3001)","[16  4 19 19 15 17 15 13 20 19 22 22 21 22 17 19 16 17 16 16 14 15 13 13
 12 12 11 11 10 10 11 11 10 11 10 10 12 11 12 12 12 12 11 11 10 10 10 10
 11 10 11 11 11 11 12 12 12 12 11 11 10 10  9 10  9  9 10  9 11 11 10 11
  9  9  9  9 12 11 13 12 14 15 13 14 12 13 11 11 10 10 10 10 16 14 15 16
 22 14 37 29 42 40 41 42 37 40 29 33 23 26 16 21 15 15 12 14 11 11  9 10
  8  9  8  8  9  9  9  9]"
2024-10-24 19:20:16.094919,"(-38.57, -23.33)","(398, 3001)","[16  7 19 19 15 17 15 13 20 19 22 22 21 22 17 19 16 17 16 16 14 15 13 13
 12 12 11 11 10 10 11 11 10 11 10 10 12 11 12 12 12 12 11 11 10 10 10 10
 11 10 11 11 11 11 12 12 12 12 11 11 10 10  9 10  9  9 10  9 11 11 10 11
  9  9  9  9 12 11 13 12 14 15 13 14 12 13 11 11 10 10 10 10  9 10  9  9
 22 10 35 29 41 39 42 42 40 42 34 38 26 30 20 23 15 17 12 13 10 11  9 10
  8  9  8  8  9  9  9  9]"
2024-10-24 19:20:29.458806,"(-30.0, -23.33)","(518, 3000)","[17 14 19 19 15 17 15 13 20 19 22 22 21 22 17 19 16 17 16 16 14 15 13 13
 12 12 11 11 10 10 11 11 10 11 10 10 12 11 12 12 12 12 11 11 10 10 10 10
 11 10 11 11 11 11 12 12 12 12 11 11 10 10  9 10  9  9 10  9 11 11 10 11
  9  9  9  9 12 11 13 12 14 15 13 14 12 13 11 11 10 10 10 10  9 10 15  9
 23 17 32 28 37 35 39 38 37 38 33 35 26 29 21 23 15 19 14 14 12 13 10 11
  8  9  8  8  9  9  9  9]"
2024-10-24 19:20:43.839661,"(-21.42, -23.33)","(650, 3000)","[16  7 19 19 15 17 15 13 20 19 22 22 21 22 17 19 16 17 16 16 14 15 13 13
 12 12 11 11 10 10 11 11 10 11 10 10 12 11 12 12 12 12 11 11 10 10 10 10
 11 10 11 11 11 11 12 12 12 12 11 11 10 10  9 10  9  9 10  9 11 11 10 11
  9  9  9  9 12 11 13 12 14 15 13 14 12 13 11 11 10 10 10 10  9 10  9  9
 17 10 24 21 25 25 24 24 24 24 22 23 18 20 12 17 12 12 11 11 10 10  9  9
  8  8  8  8  9  9  9  9]"
2024-10-24 19:20:57.204677,"(-12.85, -23.33)","(771, 3000)","[16  6 19 19 15 17 15 13 20 19 22 22 21 22 17 19 16 17 16 16 14 15 13 13
 12 12 11 11 10 10 11 11 10 11 10 10 12 11 12 12 12 12 11 11 10 10 10 10
 11 10 11 11 11 11 12 12 12 12 11 11 10 10  9 10  9  9 20 15 26 24 27 27
 25 26 23 24 22 22 24 21 31 28 35 34 35 35 33 34 29 31 26 28 22 24 17 21
 17 17 22 20 30 26 32 32 31 32 27 29 20 24 17 19 14 16 12 13 10 11  9 10
  8  9  8  8  9  9  9  9]"
2024-10-24 19:21:10.569560,"(-4.28, -23.33)","(877, 2999)","[16  7 19 19 15 17 15 13 20 19 22 22 21 22 17 19 16 17 16 16 14 15 13 13
 12 12 11 11 10 10 11 11 10 11 10 10 12 11 12 12 12 12 11 11 10 10 10 10
 11 10 11 11 11 11 12 12 12 12 11 11 10 10  9 10 17  9 30 24 35 33 35 35
 33 34 36 33 49 42 57 54 58 58 55 57 54 54 51 53 47 49 45 45 43 44 41 43
 39 40 35 37 30 35 30 30 30 30 28 29 26 27 24 25 23 24 22 22 20 21 17 19
 15 16 13 13 15 12 18 17]"
2024-10-24 19:21:24.948609,"(4.28, -23.33)","(969, 2999)","[16  7 20 20 20 20 19 20 20 19 22 22 21 22 17 19 16 17 16 16 14 15 13 13
 12 12 11 11 10 10 11 11 10 11 10 10 12 11 12 12 12 12 11 11 10 10 10 10
 11 10 11 11 11 11 12 12 12 12 11 11 10 10  9 10 15  9 20 18 20 20 19 20
 19 18 33 24 48 41 53 52 51 53 53 51 53 54 50 52 45 47 41 43 34 38 29 31
 25 27 32 28 37 35 37 37 36 37 33 35 27 32 26 27 24 25 23 23 23 23 22 22
 20 21 18 19 18 18 18 18]"
2024-10-24 19:21:38.309288,"(12.85, -23.33)","(1053, 3000)","[16  9 19 19 15 17 15 13 20 19 22 22 21 22 17 19 16 17 16 16 14 15 13 13
 12 12 11 11 10 10 11 11 10 11 10 10 12 11 12 12 12 12 11 11 10 10 10 10
 11 10 11 11 11 11 12 12 12 12 11 11 10 10  9 10  9  9 10  9 11 11 10 11
 14  9 19 15 32 25 46 40 54 52 55 55 54 55 50 52 46 48 42 44 39 41 35 37
 32 33 33 32 35 34 35 35 35 35 33 34 27 31 25 26 24 24 22 23 21 22 20 21
 19 20 18 19 18 18 17 18]"
2024-10-24 19:21:51.672719,"(21.42, -23.33)","(1128, 3000)","[18 17 19 19 18 19 16 16 20 19 22 22 21 22 17 19 16 17 16 16 14 15 13 13
 12 12 11 11 10 10 11 11 10 11 10 10 12 11 12 12 12 12 11 11 10 10 10 10
 11 10 11 11 11 11 12 12 12 12 11 11 10 10  9 10  9  9 10  9 17 15 22 20
 24 24 23 23 32 27 44 39 51 48 52 52 51 52 49 50 46 48 43 45 41 42 38 40
 36 37 33 34 31 32 31 31 26 31 26 26 31 26 34 33 33 34 31 32 27 27 26 27
 26 26 25 26 22 23 20 21]"
2024-10-24 19:22:06.051622,"(30.0, -23.33)","(1198, 3000)","[16  7 19 19 15 17 15 13 20 19 22 22 21 22 17 19 16 17 16 16 14 15 13 13
 12 12 11 11 10 10 11 11 10 11 10 10 12 11 12 12 12 12 11 11 10 10 10 10
 11 10 11 11 11 11 12 12 12 12 11 11 10 10  9 10  9  9 10  9 19 15 23 21
 25 25 25 25 29 27 27 29 24 25 22 23 22 22 26 24 32 28 37 35 38 38 36 37
 34 35 37 34 44 40 43 44 40 41 37 38 32 35 25 30 24 25 23 24 21 22 19 20
 19 19 18 19 16 17 14 15]"
2024-10-24 19:22:19.414688,"(38.57, -23.33)","(1263, 3001)","[16  9 19 19 15 17 15 13 20 19 22 22 21 22 17 19 16 17 16 16 14 15 13 13
 12 12 11 11 10 10 11 11 10 11 10 10 12 11 12 12 12 12 11 11 10 10 10 10
 11 10 11 11 11 11 12 12 12 12 11 11 10 10  9 10  9  9 10  9 11 11 10 11
  9  9  9  9 12 11 13 12 14 15 13 14 12 13 11 11 16 10 26 21 32 30 33 33
 32 33 38 33 47 43 47 47 45 47 41 43 38 40 31 35 26 27 22 22 21 21 18 20
 16 17 15 15 14 14 13 14]"
2024-10-24 19:22:32.775852,"(47.14, -23.33)","(1327, 3001)","[16  9 19 19 15 17 15 13 20 19 22 22 21 22 17 19 16 17 16 16 14 15 13 13
 12 12 11 11 10 10 11 11 10 11 10 10 12 11 12 12 12 12 11 11 10 10 10 10
 11 10 11 11 11 11 12 12 12 12 11 11 10 10  9 10  9  9 10  9 11 11 29 21
 41 37 45 44 43 44 38 40 33 35 27 31 22 25 16 20 14 15 14 14 25 20 28 27
 27 27 37 30 40 39 38 39 35 37 33 34 32 32 30 31 29 29 29 29 28 29 23 28
 23 23 22 23 21 22 18 19]"
2024-10-24 19:22:47.155268,"(55.71, -23.33)","(1391, 3002)","[16  7 19 19 15 17 15 13 20 19 22 22 21 22 17 19 16 17 16 16 14 15 13 13
 12 12 11 11 10 10 11 11 10 11 10 10 12 11 12 12 12 12 11 11 10 10 10 10
 11 10 11 11 11 11 12 12 12 12 11 11 10 10  9 10  9  9 10  9 13 11 28 20
 41 36 46 45 45 46 43 44 42 43 41 42 43 42 42 43 38 41 33 36 29 31 22 26
 22 22 32 27 32 32 29 31 23 27 22 23 21 22 20 21 19 20 18 18 16 17 15 15
 22 15 23 23 21 22 15 18]"
2024-10-24 19:23:00.515590,"(64.28, -23.33)","(1455, 3001)","[17 14 19 19 15 17 15 13 20 19 22 22 21 22 17 19 16 17 16 16 14 15 13 13
 12 12 11 11 10 10 11 11 10 11 10 10 12 11 12 12 12 12 11 11 10 10 10 10
 11 10 11 11 11 11 12 12 12 12 11 11 10 10  9 10 20  9 33 28 37 35 36 36
 33 35 36 33 37 37 39 37 43 43 41 42 40 41 39 40 37 37 37 37 35 36 30 33
 23 27 22 23 21 21 21 21 21 21 20 21 18 19 16 17 14 15 13 13 12 12 11 11
 10 11 10 10 10 10 10 10]"
2024-10-24 19:23:13.881632,"(72.85, -23.33)","(1520, 3002)","[16  8 19 19 15 17 15 13 20 19 22 22 21 22 17 19 16 17 16 16 14 15 13 13
 12 12 11 11 10 10 11 11 10 11 10 10 12 11 12 12 12 12 11 11 10 10 10 10
 11 10 11 11 11 11 12 12 12 12 11 11 10 10 18 10 34 26 45 40 48 47 46 48
 41 45 38 39 44 41 51 48 52 52 49 51 40 44 37 38 40 37 42 42 40 41 34 37
 28 32 27 28 27 27 25 26 23 24 21 22 19 20 18 19 16 17 14 15 14 14 13 14
 12 13 11 12 10 11  9 10]"
2024-10-24 19:23:28.261079,"(81.42, -23.33)","(1590, 3003)","[16  9 19 19 15 17 15 13 20 19 22 22 21 22 17 19 16 17 16 16 14 15 13 13
 12 12 11 11 10 10 11 11 10 11 10 10 12 11 12 12 12 12 11 11 10 10 10 10
 11 10 11 11 11 11 12 12 12 12 11 11 10 10 17 10 37 28 47 43 47 47 43 46
 37 40 31 34 32 30 39 37 39 40 36 38 28 32 26 26 31 28 32 33 30 31 22 28
 22 22 23 23 31 29 30 31 26 29 21 22 19 20 19 19 18 19 16 17 14 15 12 13
 10 11  9 10  9  9  9  9]"
2024-10-24 19:24:04.283476,"(-90.0, 26.66)","(3759, 2440)","[23 26 22 23 17 20 16 15 20 19 22 22 21 22 17 19 16 17 16 16 14 15 13 13
 12 12 11 11 10 10 11 11 10 11 10 10 12 11 12 12 12 12 11 11 10 10 10 10
 11 10 11 11 11 11 12 12 12 12 22 17 28 25 38 32 49 46 50 50 46 48 40 43
 32 35 26 29 19 24 18 19 16 18 14 15 12 13 11 11 15 11 19 17 23 22 24 24
 24 24 25 24 31 28 32 32 30 31 26 28 23 25 17 21 16 16 16 16 16 16 16 16
 16 16 16 16 16 16 14 15]"
2024-10-24 19:24:17.447878,"(-82.5, 26.66)","(3842, 2437)","[24 26 22 23 17 20 15 15 20 19 22 22 21 22 17 19 16 17 16 16 14 15 13 13
 12 12 11 11 10 10 11 11 10 11 10 10 12 11 12 12 12 12 11 11 10 10 10 10
 11 10 11 11 11 11 12 12 20 12 27 24 29 27 48 40 56 54 57 58 55 56 47 52
 37 42 29 33 21 25 18 19 15 17 13 14 12 13 11 11 14 10 21 17 22 22 20 21
 19 20 21 20 29 25 31 30 30 31 28 29 25 27 16 22 15 16 15 15 15 15 15 15
 14 14 12 13 11 11  9 10]"
2024-10-24 19:24:30.606464,"(-75.0, 26.66)","(3937, 2391)","[17 11 19 20 15 17 15 13 20 19 22 22 21 22 17 19 16 17 16 16 14 15 13 13
 12 12 11 11 10 10 11 11 10 11 10 10 12 11 12 12 12 12 11 11 10 10 10 10
 11 10 17 12 30 24 38 35 39 40 39 39 36 37 35 35 38 34 43 40 44 43 45 45
 43 44 37 41 29 33 22 26 19 21 16 17 13 14 11 12 11 11 17 15 18 18 17 18
 19 17 20 20 18 19 21 18 26 25 27 27 25 26 21 22 15 19 15 15 13 14 11 12
 10 10  9  9  9  9  9  9]"
2024-10-24 19:24:43.766131,"(-67.5, 26.66)","(4042, 2389)","[17  4 19 20 15 17 15 13 20 19 22 22 21 22 17 19 16 17 16 16 14 15 13 13
 12 12 11 11 10 10 11 11 10 11 10 10 12 11 12 12 12 12 11 11 10 10 10 10
 11 10 11 11 25 18 32 30 33 34 33 33 32 32 31 30 38 34 42 41 42 42 41 41
 39 41 34 37 26 30 20 23 17 19 14 16 12 13 11 11 10 10 14 12 10 15 10 10
 15 10 16 16 15 16 16 15 18 17 19 19 18 18 17 17 12 16 12 12 11 12 10 11
  9 10  9  9  9  9  9  9]"
2024-10-24 19:24:56.926958,"(-60.0, 26.66)","(5600, 2389)","[17 11 19 20 15 17 15 13 20 19 22 22 21 22 17 19 16 17 16 16 14 15 13 13
 12 12 11 11 10 10 11 11 10 11 10 10 12 11 12 12 12 12 11 11 10 10 10 10
 11 10 11 11 11 11 14 12 26 20 35 31 36 36 37 36 40 40 40 40 40 40 37 39
 33 35 28 30 19 25 18 19 16 17 14 15 14 14 14 14 14 14 19 17 20 20 15 19
 15 15 15 15 14 14 16 14 21 19 25 24 26 26 24 25 22 23 18 20 14 15 13 14
 11 12 10 11 10 10  9  9]"
2024-10-24 19:25:10.594377,"(-52.5, 26.66)","(166, 2391)","[17  6 19 20 15 17 15 13 20 19 22 22 21 22 17 19 16 17 16 16 14 15 13 13
 12 12 11 11 10 10 11 11 10 11 10 10 12 11 12 12 12 12 11 11 10 10 10 10
 11 10 11 11 11 11 12 12 12 12 11 11 23 17 29 25 38 33 46 43 46 46 45 46
 40 43 34 37 31 32 29 30 24 27 18 19 20 18 25 23 25 25 23 24 19 19 18 19
 18 18 17 18 16 16 20 16 23 22 26 25 27 27 25 26 23 24 18 18 17 18 16 17
 13 14 11 12 10 11  9  9]"
2024-10-24 19:25:23.752889,"(-45.0, 26.66)","(262, 2390)","[17  6 19 20 15 17 15 13 20 19 22 22 21 22 17 19 16 17 16 16 14 15 13 13
 12 12 11 11 10 10 11 11 10 11 10 10 12 11 12 12 12 12 11 11 10 10 10 10
 11 10 11 11 11 11 12 12 12 12 11 11 12 10 21 15 35 28 45 41 47 47 46 47
 43 45 38 40 35 36 32 34 28 31 24 25 19 19 25 19 30 29 30 31 26 28 20 24
 19 20 18 18 27 23 29 29 28 29 26 27 20 25 19 20 17 18 14 15 12 13 11 12
 10 11  9 10  9  9  9  9]"
2024-10-24 19:25:36.912889,"(-37.5, 26.66)","(390, 2389)","[17 10 19 20 15 17 15 13 20 19 22 22 21 22 17 19 16 17 16 16 14 15 13 13
 12 12 11 11 10 10 11 11 10 11 10 10 12 11 12 12 12 12 11 11 10 10 10 10
 11 10 11 11 11 11 12 12 12 12 11 11 10 10 12 10 21 14 31 26 35 33 35 35
 33 34 28 31 23 26 20 21 14 18 19 17 34 26 49 42 55 54 54 55 49 52 41 45
 35 38 30 33 25 25 25 25 24 24 22 23 19 20 17 18 15 16 13 14 11 12 10 10
  9  9  8  8  9  9  9  9]"
2024-10-24 19:25:50.073627,"(-30.0, 26.66)","(517, 2389)","[17 11 19 20 15 17 15 13 20 19 22 22 21 22 17 19 16 17 16 16 14 15 13 13
 12 12 11 11 10 10 11 11 10 11 10 10 12 11 12 12 12 12 11 11 10 10 10 10
 11 10 11 11 11 11 12 12 12 12 11 11 10 10  9 10 18  9 32 26 37 35 35 37
 30 34 24 27 19 22 13 17 14 15 22 17 26 24 30 26 37 36 37 38 34 36 29 32
 26 26 27 26 30 28 29 30 28 29 26 27 20 24 18 19 15 17 13 14 10 12  9 10
  8  8  8  8  9  9  9  9]"
2024-10-24 19:26:03.232361,"(-22.5, 26.66)","(635, 2391)","[17  9 19 20 15 17 15 13 20 19 22 22 21 22 17 19 16 17 16 16 14 15 13 13
 12 12 11 11 10 10 11 11 10 11 10 10 12 11 12 12 12 12 11 11 10 10 10 10
 11 10 11 11 11 11 12 12 12 12 11 11 10 10  9 10 15  9 31 23 38 35 37 38
 35 37 27 32 22 24 18 20 14 16 13 14 12 13 11 11 10 10 10 10 12 10 17 15
 25 19 36 30 44 41 45 45 42 44 38 40 31 34 24 27 18 22 17 18 15 16 14 15
 12 13 11 11 11 11 11 11]"
2024-10-24 19:26:16.393534,"(-15.0, 26.66)","(741, 2389)","[17  8 19 20 15 17 15 13 20 19 22 22 21 22 17 19 16 17 16 16 14 15 13 13
 12 12 11 11 10 10 11 11 10 11 10 10 12 11 12 12 12 12 11 11 10 10 10 10
 11 10 11 11 11 11 12 12 12 12 11 11 10 10  9 10  9  9 10  9 11 11 10 11
  9  9  9  9 12 11 13 12 14 15 13 14 12 13 11 11 10 10 10 10  9 10  9  9
 15 10 26 19 35 31 36 36 34 35 31 32 27 29 22 24 14 19 13 14 12 13 10 11
  9 10  9  9  9  9  9  9]"
2024-10-24 19:26:29.553347,"(-7.5, 26.66)","(836, 2390)","[17  9 19 20 15 17 15 13 20 19 22 22 21 22 17 19 16 17 16 16 14 15 13 13
 12 12 11 11 10 10 11 11 10 11 10 10 12 11 12 12 12 12 11 11 10 10 10 10
 11 10 11 11 11 11 12 12 12 12 11 11 10 10  9 10  9  9 10  9 11 11 10 11
  9  9  9  9 12 11 13 12 14 15 13 14 12 13 11 11 10 10 10 10 17 15 16 16
 18 16 30 22 37 35 36 37 35 35 34 35 30 32 25 28 22 24 19 21 14 15 13 13
 11 12  9 10  9  9  9  9]"
2024-10-24 19:26:42.712554,"(0.0, 26.66)","(923, 2388)","[17 11 19 20 15 17 15 13 20 19 22 22 21 22 17 19 16 17 16 16 14 15 13 13
 12 12 11 11 10 10 11 11 10 11 10 10 12 11 12 12 12 12 11 11 10 10 10 10
 11 10 11 11 11 11 12 12 12 12 11 11 10 10  9 10  9  9 10  9 11 11 10 11
  9  9  9  9 12 11 13 12 14 15 13 14 12 13 11 11 10 10 10 10  9 10 15  9
 27 16 41 35 47 45 46 47 42 45 37 40 31 34 27 29 23 25 17 17 15 16 14 14
 12 13 11 11 10 10  9  9]"
2024-10-24 19:26:55.877627,"(7.5, 26.66)","(1002, 2389)","[17  9 19 20 15 17 15 13 20 19 22 22 21 22 17 19 16 17 16 16 14 15 13 13
 12 12 11 11 10 10 11 11 10 11 10 10 12 11 12 12 12 12 11 11 10 10 10 10
 11 10 11 11 11 11 12 12 12 12 11 11 10 10  9 10  9  9 10  9 11 11 10 11
  9  9  9  9 12 11 13 12 14 15 13 14 12 13 11 11 10 10 10 10 15 14 17 15
 29 20 43 37 48 46 47 48 45 47 42 44 36 39 32 34 29 30 26 27 20 20 17 19
 16 17 14 15 12 13 10 11]"
2024-10-24 19:27:09.037374,"(15.0, 26.66)","(1073, 2388)","[17  8 19 20 15 17 15 13 20 19 22 22 21 22 17 19 16 17 16 16 14 15 13 13
 12 12 11 11 10 10 11 11 10 11 10 10 12 11 12 12 12 12 11 11 10 10 10 10
 11 10 11 11 11 11 12 12 12 12 11 11 10 10  9 10  9  9 10  9 11 11 10 11
  9  9  9  9 12 11 13 12 14 15 13 14 12 13 11 11 10 10 10 10 16 14 15 15
 16 15 23 19 28 26 34 32 33 34 30 32 26 28 22 24 18 20 13 14 11 12  9 10
  8  8  8  8  9  9  9  9]"
2024-10-24 19:27:22.198270,"(22.5, 26.66)","(1137, 2385)","[16  7 19 20 15 17 15 13 20 19 22 22 21 22 17 19 16 17 16 16 14 15 13 13
 12 12 11 11 10 10 11 11 10 11 10 10 12 11 12 12 12 12 11 11 10 10 10 10
 11 10 11 11 11 11 12 12 12 12 11 11 10 10  9 10  9  9 10  9 11 11 10 11
  9  9  9  9 12 11 13 12 14 15 13 14 12 13 11 11 10 10 10 10 15 14 14 15
 10 13 19 15 24 21 31 27 34 34 33 34 29 32 23 26 19 21 14 14 13 13 11 12
  9 10  9  9  9  9  9  9]"
2024-10-24 19:27:35.356630,"(30.0, 26.66)","(1198, 2386)","[16  8 19 20 15 17 15 13 20 19 22 22 21 22 17 19 16 17 16 16 14 15 13 13
 12 12 11 11 10 10 11 11 10 11 10 10 12 11 12 12 12 12 11 11 10 10 10 10
 11 10 11 11 11 11 12 12 12 12 11 11 10 10  9 10  9  9 10  9 11 11 10 11
  9  9  9  9 12 11 13 12 14 15 13 14 12 13 11 11 10 10 10 10  9 10  9  9
 10 10 14 12 19 16 30 24 35 35 34 35 29 32 23 25 18 20 13 13 11 12  9 10
  8  8  8  7  9  9  9  9]"
2024-10-24 19:27:48.517013,"(37.5, 26.66)","(1256, 2387)","[16 11 19 20 15 17 15 13 20 19 22 22 21 22 17 19 16 17 16 16 14 15 13 13
 12 12 11 11 10 10 11 11 10 11 10 10 12 11 12 12 12 12 11 11 10 10 10 10
 11 10 11 11 11 11 12 12 12 12 11 11 10 10  9 10  9  9 10  9 11 11 10 11
  9  9  9  9 12 11 13 12 14 15 13 14 12 13 11 11 10 10 10 10  9 10  9  9
 10 10 19 15 32 26 36 35 35 36 29 32 23 26 19 21 13 17 12 13 11 12 10 10
  8  9  8  8  9  9  9  9]"
2024-10-24 19:28:01.675602,"(45.0, 26.66)","(1312, 2388)","[16  3 19 20 15 17 15 13 20 19 22 22 21 22 17 19 16 17 16 16 14 15 13 13
 12 12 11 11 10 10 11 11 10 11 10 10 12 11 12 12 12 12 11 11 10 10 10 10
 11 10 11 11 11 11 12 12 12 12 11 11 10 10  9 10  9  9 10  9 11 11 10 11
  9  9  9  9 12 11 13 12 14 15 13 14 12 13 11 11 10 10 10 10  9 10  9  9
 10 10 21 15 30 26 29 30 26 27 23 25 18 21 16 17 12 15 11 11 10 11  9 10
  8  8  8  8  9  9  9  9]"
2024-10-24 19:28:14.839420,"(52.5, 26.66)","(1367, 2390)","[16  9 19 20 15 17 15 13 20 19 22 22 21 22 17 19 16 17 16 16 14 15 13 13
 12 12 11 11 10 10 11 11 10 11 10 10 12 11 12 12 12 12 11 11 10 10 10 10
 11 10 11 11 11 11 12 12 12 12 11 11 10 10  9 10  9  9 10  9 11 11 10 11
  9  9  9  9 12 11 13 12 14 15 13 14 12 13 11 11 10 10 14 12 16 16 16 16
 14 15 21 16 31 26 35 34 35 35 33 34 27 30 22 24 20 21 14 14 14 14 13 14
 12 13 11 12 10 11  9  9]"
2024-10-24 19:28:28.002626,"(60.0, 26.66)","(1422, 2395)","[16  5 19 20 15 17 15 13 20 19 22 22 21 22 17 19 16 17 16 16 14 15 13 13
 12 12 11 11 10 10 11 11 10 11 10 10 12 11 12 12 12 12 11 11 10 10 10 10
 11 10 11 11 11 11 12 12 12 12 11 11 10 10  9 10  9  9 10  9 11 11 10 11
  9  9  9  9 12 11 13 12 14 15 13 14 12 13 11 11 10 10 10 10 17 15 16 17
 15 16 22 17 26 24 29 27 31 32 29 31 24 26 20 22 17 19 13 13 12 13 11 11
 10 10  9  9  9  9  9  9]"
2024-10-24 19:28:41.162206,"(67.5, 26.66)","(1480, 2417)","[16  8 19 20 15 17 15 13 20 19 22 22 21 22 17 19 16 17 16 16 14 15 13 13
 12 12 11 11 10 10 11 11 10 11 10 10 12 11 12 12 12 12 11 11 10 10 10 10
 11 10 11 11 11 11 12 12 12 12 11 11 10 10  9 10  9  9 10  9 11 11 10 11
  9  9  9  9 12 11 13 12 14 15 13 14 12 13 11 11 10 10 10 10  9 10  9  9
 19 10 30 25 33 32 31 33 27 30 22 24 18 20 13 17 11 12 10 11  8  9  8  8
  8  8  8  8  9  9  9  9]"
2024-10-24 19:28:54.823165,"(75.0, 26.66)","(1539, 2440)","[16  8 19 20 15 17 15 13 20 19 22 22 21 22 17 19 16 17 16 16 14 15 13 13
 12 12 11 11 10 10 11 11 10 11 10 10 12 11 12 12 12 12 11 11 10 10 10 10
 11 10 11 11 11 11 12 12 12 12 11 11 10 10  9 10  9  9 10  9 11 11 10 11
  9  9  9  9 12 11 13 12 14 15 13 14 12 13 11 11 10 10 10 10 17 15 17 17
 25 18 35 31 38 37 37 38 32 36 26 29 21 23 15 19 14 15 13 13 11 12  9 10
  8  8  8  7  9  9  9  9]"
2024-10-24 19:29:07.980236,"(82.5, 26.66)","(1600, 2440)","[16 12 19 20 15 17 15 13 20 19 22 22 21 22 17 19 16 17 16 16 14 15 13 13
 12 12 11 11 10 10 11 11 10 11 10 10 12 11 12 12 12 12 11 11 10 10 10 10
 11 10 11 11 11 11 12 12 12 12 11 11 10 10  9 10  9  9 10  9 11 11 10 11
  9  9  9  9 12 11 13 12 14 15 13 14 12 13 11 11 10 10 15 13 18 17 20 18
 27 22 33 31 35 34 34 35 29 33 22 26 15 20 13 14 12 12 11 11  9 10  9  9
  8  8  8  8  9  9  9  9]"
2024-10-24 19:29:21.138723,"(90.0, 26.66)","(1667, 2441)","[16 11 19 20 15 17 15 13 20 19 22 22 21 22 17 19 16 17 16 16 14 15 13 13
 12 12 11 11 10 10 11 11 10 11 10 10 12 11 12 12 12 12 11 11 10 10 10 10
 11 10 11 11 11 11 12 12 12 12 11 11 10 10  9 10  9  9 10  9 11 11 10 11
  9  9  9  9 12 11 13 12 14 15 13 14 12 13 11 11 10 10 10 10 17 15 22 19
 33 27 42 38 43 43 41 42 34 38 26 30 21 23 16 20 14 15 12 13 10 11  9  9
  8  8  8  8  9  9  9  9]"
2024-10-24 19:29:57.364958,"(-82.5, -26.66)","(3843, 3037)","[16  7 19 20 15 17 15 13 20 19 22 22 21 22 17 19 16 17 16 16 14 15 13 13
 12 12 11 11 10 10 11 11 10 11 10 10 12 11 12 12 12 12 11 11 10 10 10 10
 11 10 11 11 11 11 12 12 12 12 11 11 10 10  9 10  9  9 10  9 11 11 10 11
  9  9  9  9 12 11 13 12 14 15 13 14 12 13 11 11 10 10 10 10  9 10  9  9
 17 10 28 22 39 34 42 41 40 41 35 38 27 31 21 24 15 18 13 14 11 12 10 10
  8  9  8  8  9  9  9  9]"
2024-10-24 19:30:10.524325,"(-75.0, -26.66)","(3937, 3038)","[16  7 19 20 15 17 15 13 20 19 22 22 21 22 17 19 16 17 16 16 14 15 13 13
 12 12 11 11 10 10 11 11 10 11 10 10 12 11 12 12 12 12 11 11 10 10 10 10
 11 10 11 11 11 11 12 12 12 12 11 11 10 10  9 10  9  9 10  9 11 11 10 11
  9  9  9  9 12 11 13 12 14 15 13 14 12 13 11 11 10 10 15 14 15 15  9 14
 15 10 19 18 28 23 34 32 32 34 28 30 23 25 19 20 13 17 12 13 10 11  9  9
  8  8  8  8  9  9  9  9]"
2024-10-24 19:30:23.683101,"(-67.5, -26.66)","(4043, 3036)","[16  9 19 20 15 17 15 13 20 19 22 22 21 22 17 19 16 17 16 16 14 15 13 13
 12 12 11 11 10 10 11 11 10 11 10 10 12 11 12 12 12 12 11 11 10 10 10 10
 11 10 11 11 11 11 12 12 12 12 11 11 10 10  9 10  9  9 10  9 11 11 10 11
  9  9  9  9 12 11 13 12 14 15 13 14 12 13 11 11 10 10 10 10  9 10  9  9
 10 10 24 15 34 29 36 35 34 35 31 33 25 28 20 22 14 18 12 13 10 11  9 10
  7  8  8  7  9  9  9  9]"
2024-10-24 19:30:36.845567,"(-60.0, -26.66)","(59, 3039)","[16 12 19 20 15 17 15 13 20 19 22 22 21 22 17 19 16 17 16 16 14 15 13 13
 12 12 11 11 10 10 11 11 10 11 10 10 12 11 12 12 12 12 11 11 10 10 10 10
 11 10 11 11 11 11 12 12 12 12 11 11 10 10  9 10  9  9 10  9 11 11 10 11
  9  9  9  9 12 11 13 12 14 15 13 14 12 13 11 11 10 10 10 10 15 14 14 15
 10 14 19 16 33 26 39 37 40 40 37 39 31 35 24 28 19 22 15 16 13 14 11 12
  9 10  9  9  9  9  9  9]"
2024-10-24 19:30:50.506045,"(-52.5, -26.66)","(171, 3039)","[16  9 19 20 15 17 15 13 20 19 22 22 21 22 17 19 16 17 16 16 14 15 13 13
 12 12 11 11 10 10 11 11 10 11 10 10 12 11 12 12 12 12 11 11 10 10 10 10
 11 10 11 11 11 11 12 12 12 12 11 11 10 10  9 10  9  9 10  9 11 11 10 11
  9  9  9  9 12 11 13 12 14 15 13 14 12 13 11 11 10 10 15 13 20 17 19 19
 18 18 16 17 25 20 33 29 36 35 35 36 31 33 25 28 20 22 15 15 12 14 10 11
  9  9  9  9  9  9  9  9]"
2024-10-24 19:31:04.685957,"(-45.0, -26.66)","(267, 3037)","[17 11 19 20 15 17 15 13 20 19 22 22 21 22 17 19 16 17 16 16 14 15 13 13
 12 12 11 11 10 10 11 11 10 11 10 10 12 11 12 12 12 12 11 11 10 10 10 10
 11 10 11 11 11 11 12 12 12 12 11 11 10 10  9 10  9  9 10  9 11 11 10 11
  9  9  9  9 12 11 13 12 14 15 13 14 12 13 11 11 10 10 10 10 17 16 16 17
 15 15 21 17 34 27 40 38 40 41 38 39 32 35 24 27 16 21 14 15 12 13 10 11
  8  9  8  8  9  9  9  9]"
2024-10-24 19:31:17.849538,"(-37.5, -26.66)","(390, 3037)","[17  9 19 20 15 17 15 13 20 19 22 22 21 22 17 19 16 17 16 16 14 15 13 13
 12 12 11 11 10 10 11 11 10 11 10 10 12 11 12 12 12 12 11 11 10 10 10 10
 11 10 11 11 11 11 12 12 12 12 11 11 10 10  9 10  9  9 10  9 11 11 10 11
  9  9  9  9 12 11 13 12 14 15 13 14 12 13 11 11 10 10 16 12 19 18 18 19
 16 16 21 17 36 28 43 40 44 44 42 43 35 39 27 31 21 23 16 17 14 15 13 13
 12 12 10 11  9 10  9  9]"
2024-10-24 19:31:32.031010,"(-30.0, -26.66)","(516, 3036)","[17  6 19 20 15 17 15 13 20 19 22 22 21 22 17 19 16 17 16 16 14 15 13 13
 12 12 11 11 10 10 11 11 10 11 10 10 12 11 12 12 12 12 11 11 10 10 10 10
 11 10 11 11 11 11 12 12 12 12 11 11 10 10  9 10  9  9 10  9 11 11 10 11
  9  9  9  9 12 11 13 12 14 15 13 14 12 13 11 11 10 10 10 10 19 16 18 19
 16 16 21 17 33 27 41 38 43 43 41 42 36 39 28 31 22 25 17 17 15 16 14 14
 13 14 12 13 11 11  9 10]"
2024-10-24 19:31:45.189996,"(-22.5, -26.66)","(635, 3036)","[17 10 19 20 15 17 15 13 20 19 22 22 21 22 17 19 16 17 16 16 14 15 13 13
 12 12 11 11 10 10 11 11 10 11 10 10 12 11 12 12 12 12 11 11 10 10 10 10
 11 10 11 11 11 11 12 12 12 12 11 11 10 10  9 10  9  9 10  9 11 11 10 11
  9  9  9  9 12 11 13 12 14 15 13 14 12 13 11 11 10 10 17 13 21 19 20 21
 18 19 17 17 24 20 35 30 38 38 37 38 32 35 25 28 20 22 15 16 14 15 14 14
 14 14 13 13 11 12  9 10]"
2024-10-24 19:31:59.370008,"(-15.0, -26.66)","(741, 3036)","[17  6 19 20 15 17 15 13 20 19 22 22 21 22 17 19 16 17 16 16 14 15 13 13
 12 12 11 11 10 10 11 11 10 11 10 10 12 11 12 12 12 12 11 11 10 10 10 10
 11 10 11 11 11 11 12 12 12 12 11 11 10 10  9 10  9  9 10  9 11 11 10 11
  9  9  9  9 17 11 20 19 20 21 13 14 18 18 17 18 17 17 19 18 22 21 20 21
 18 19 17 18 16 16 25 21 29 29 29 30 26 28 21 23 15 19 14 15 13 13 17 13
 19 19 18 19 13 13 12 12]"
2024-10-24 19:32:12.530147,"(-7.5, -26.66)","(836, 3038)","[16  7 19 20 15 17 15 13 20 19 22 22 21 22 17 19 16 17 16 16 14 15 13 13
 12 12 11 11 10 10 11 11 10 11 10 10 12 11 12 12 12 12 11 11 10 10 10 10
 11 10 11 11 11 11 12 12 12 12 11 11 10 10 17 10 35 27 47 42 48 48 46 48
 39 44 36 36 39 37 39 40 36 38 34 35 31 33 31 31 32 31 31 32 28 30 23 26
 22 22 22 22 23 21 29 26 35 34 35 36 32 34 28 30 23 25 22 22 21 21 24 20
 27 27 25 26 20 20 17 18]"
2024-10-24 19:32:25.688675,"(0.0, -26.66)","(923, 3038)","[18 15 21 21 19 20 19 19 20 19 22 22 21 22 17 19 16 17 16 16 14 15 13 13
 12 12 11 11 10 10 11 11 10 11 10 10 12 11 12 12 12 12 11 11 10 10 10 10
 11 10 11 11 11 11 12 12 12 12 11 11 10 10 17 10 33 25 45 40 46 46 44 46
 40 41 46 41 56 52 57 57 55 56 54 54 52 53 50 51 46 48 41 43 39 40 37 38
 30 35 29 30 27 28 27 27 27 27 28 28 27 27 26 26 26 26 25 25 23 24 21 22
 19 20 17 18 15 16 14 15]"
2024-10-24 19:32:38.847927,"(7.5, -26.66)","(5600, 3038)","[17  8 19 20 15 17 15 13 20 19 22 22 21 22 17 19 16 17 16 16 14 15 13 13
 12 12 11 11 10 10 11 11 10 11 10 10 12 11 12 12 12 12 11 11 10 10 10 10
 11 10 11 11 11 11 12 12 12 12 11 11 10 10  9 10 13  9 18 15 18 18 17 18
 15 16 23 18 36 30 44 40 49 47 51 51 49 50 43 46 37 40 30 34 22 28 21 22
 20 21 19 20 25 19 34 30 36 36 36 36 35 35 34 35 33 34 30 31 24 28 24 24
 23 23 21 22 18 20 16 17]"
2024-10-24 19:32:53.529679,"(15.0, -26.66)","(5600, 3037)","[17  9 19 20 15 17 15 14 20 19 22 22 21 22 17 19 16 17 16 16 14 15 13 13
 12 12 11 11 10 10 11 11 10 11 10 10 12 11 12 12 12 12 11 11 10 10 10 10
 11 10 11 11 11 11 12 12 12 12 11 11 10 10  9 10  9  9 10  9 11 11 10 11
 13  9 21 16 26 24 34 30 39 40 44 41 48 47 48 48 46 47 43 44 41 42 39 40
 37 38 35 36 34 35 33 34 32 33 32 32 31 31 26 30 25 26 24 25 22 23 20 21
 18 19 17 17 17 16 24 21]"
2024-10-24 19:33:07.192707,"(22.5, -26.66)","(5600, 3032)","[17 12 19 20 15 17 15 13 20 19 22 22 21 22 17 19 16 17 16 16 14 15 13 13
 12 12 11 11 10 10 11 11 10 11 10 10 12 11 12 12 12 12 11 11 10 10 10 10
 11 10 11 11 11 11 12 12 12 12 11 11 10 10  9 10  9  9 16 11 20 19 20 20
 20 21 25 21 26 26 31 27 39 37 46 42 49 48 47 48 43 46 40 41 39 40 38 39
 37 38 36 36 35 36 34 35 35 34 36 36 32 34 26 30 26 26 33 30 33 33 27 32
 27 27 27 27 25 26 23 24]"
2024-10-24 19:33:20.858674,"(30.0, -26.66)","(5600, 3032)","[17  9 19 20 15 17 15 13 20 19 22 22 21 22 17 19 16 17 16 16 14 15 13 13
 12 12 11 11 10 10 11 11 10 11 10 10 12 11 12 12 12 12 11 11 10 10 10 10
 11 10 11 11 11 11 12 12 12 12 11 11 10 10  9 10  9  9 10  9 11 11 10 11
  9  9  9  9 12 11 13 12 14 15 13 14 20 19 20 20 26 20 36 32 38 38 36 37
 33 35 31 32 32 31 38 36 39 39 44 40 44 45 40 43 34 37 30 32 24 29 24 24
 24 24 22 23 19 20 17 18]"
2024-10-24 19:33:34.523634,"(37.5, -26.66)","(1257, 3032)","[17  7 19 20 15 17 15 13 20 19 22 22 21 22 17 19 16 17 16 16 14 15 13 13
 12 12 11 11 10 10 11 11 10 11 10 10 12 11 12 12 12 12 11 11 10 10 10 10
 11 10 11 11 11 11 12 12 12 12 11 11 10 10  9 10  9  9 10  9 11 11 10 11
  9  9  9  9 12 11 13 12 14 15 13 14 14 13 21 18 25 21 36 30 42 40 42 42
 40 41 38 39 38 38 43 41 45 45 45 45 43 44 38 41 31 34 27 29 23 24 21 22
 20 21 19 20 17 18 16 17]"
2024-10-24 19:33:47.682814,"(45.0, -26.66)","(1312, 3032)","[17 12 19 20 15 17 15 13 20 19 22 22 21 22 17 19 16 17 16 16 14 15 13 13
 12 12 11 11 10 10 11 11 10 11 10 10 12 11 12 12 12 12 11 11 10 10 10 10
 11 10 11 11 11 11 12 12 12 12 11 11 10 10  9 10  9  9 10  9 11 11 10 11
 18  9 23 21 22 23 22 22 22 22 21 21 26 23 34 31 33 34 32 32 35 34 35 35
 33 35 30 31 28 28 29 28 32 32 33 33 32 33 30 32 27 29 22 22 21 22 19 20
 17 18 16 17 15 16 14 15]"
2024-10-24 19:34:00.840212,"(52.5, -26.66)","(1367, 3032)","[17  8 19 20 15 17 15 13 20 19 22 22 21 22 17 19 16 17 16 16 14 15 13 13
 12 12 11 11 10 10 11 11 10 11 10 10 12 11 12 12 12 12 11 11 10 10 10 10
 11 10 11 11 11 11 12 12 12 12 11 11 10 10  9 10  9  9 10  9 11 11 17 11
 29 22 37 34 36 37 36 36 36 36 32 34 26 29 25 25 23 24 21 22 16 21 16 16
 16 16 15 15 15 14 22 18 29 27 30 30 28 29 26 27 29 26 31 31 29 31 25 27
 19 23 18 19 16 17 13 14]"
2024-10-24 19:34:14.000192,"(60.0, -26.66)","(1423, 3031)","[17  5 19 20 15 17 15 13 20 19 22 22 21 22 17 19 16 17 16 16 14 15 13 13
 12 12 11 11 10 10 11 11 10 11 10 10 12 11 12 12 12 12 11 11 10 10 10 10
 11 10 11 11 11 11 12 12 12 12 11 11 10 10 15 10 21 18 26 23 28 27 29 27
 35 31 38 37 39 39 40 40 39 40 36 38 32 34 27 29 26 26 26 26 28 26 30 29
 30 30 27 29 22 22 21 21 19 20 18 19 16 17 18 15 25 22 26 26 25 26 21 23
 16 19 15 15 12 14 11 12]"
2024-10-24 19:34:27.157775,"(67.5, -26.66)","(1481, 3031)","[17  3 19 20 15 17 15 13 20 19 22 22 21 22 17 19 16 17 16 16 14 15 13 13
 13 12 13 13 11 12 11 11 10 11 10 10 12 11 12 12 12 12 11 11 10 10 10 10
 11 10 11 11 11 11 12 12 12 12 11 11 13 10 20 18 31 20 44 39 47 46 46 47
 41 44 35 38 33 33 35 34 36 36 33 35 31 32 32 31 35 33 38 36 43 41 45 45
 44 45 41 43 35 38 28 33 27 28 26 27 25 26 23 24 21 22 19 20 17 18 16 17
 15 15 14 14 13 14 13 13]"
2024-10-24 19:34:41.332744,"(75.0, -26.66)","(1539, 3033)","[16 12 19 20 15 17 15 13 20 19 22 22 21 22 17 19 16 17 16 16 14 15 13 13
 12 12 11 11 10 10 11 11 10 11 10 10 12 11 12 12 12 12 11 11 10 10 10 10
 11 10 11 11 11 11 12 12 14 12 24 18 31 28 34 33 38 35 43 40 44 44 42 43
 36 40 29 32 27 28 27 27 27 27 24 26 23 20 27 24 32 29 38 35 39 39 37 39
 31 34 28 29 24 24 29 24 30 30 30 30 25 29 24 25 23 24 22 23 21 22 20 21
 19 19 18 18 16 17 14 15]"
2024-10-24 19:34:54.494905,"(82.5, -26.66)","(1601, 3036)","[16  3 19 20 15 17 15 13 20 19 22 22 21 22 17 19 16 17 16 16 14 15 13 13
 12 12 11 11 10 10 11 11 10 11 10 10 12 11 12 12 12 12 11 11 10 10 10 10
 11 10 11 11 15 11 23 19 30 27 34 33 34 34 32 33 29 30 33 30 34 34 31 33
 25 28 20 22 16 16 17 17 17 17 16 16 22 19 30 27 32 32 30 31 28 29 26 27
 25 26 26 25 34 30 37 36 37 37 36 37 35 35 30 33 23 27 21 22 19 20 18 19
 15 16 13 14 11 12 10 10]"
2024-10-24 19:35:31.740644,"(-90.0, 30.0)","(3761, 2350)","[16  2 19 20 15 17 15 13 20 19 22 22 21 22 17 19 16 17 16 16 14 15 13 13
 12 12 11 11 10 10 11 11 10 11 10 10 12 11 12 12 12 12 11 11 11 10 25 18
 37 33 41 40 41 41 38 40 34 37 28 31 23 25 19 21 14 17 13 14 13 13 12 12
 11 11 10 10 12 11 13 12 14 15 13 14 12 13 11 11 10 10 10 10 17 15 16 17
 15 15 15 15 16 16 18 18 17 18 19 17 18 19 17 18 12 16 12 12 12 12 11 11
 10 10  9  9  9  9  9  9]"
2024-10-24 19:35:44.698358,"(-83.33, 30.0)","(3834, 2352)","[16  6 19 20 15 17 15 13 20 19 22 22 21 22 17 19 16 17 16 16 14 15 13 13
 12 12 11 11 10 10 11 11 10 11 10 10 12 11 12 12 12 12 11 11 10 10 25 17
 38 33 44 42 43 44 40 42 35 38 27 31 21 24 15 19 13 14 13 13 13 13 13 13
 13 13 12 12 12 12 13 12 14 15 13 14 12 13 11 11 10 10 10 10  9 10 13  9
 20 16 23 22 21 22 18 20 16 16 18 16 20 19 18 19 16 17 12 12 11 12 11 11
 10 11  9 10  9  9  9  9]"
2024-10-24 19:35:57.658955,"(-76.66, 30.0)","(3917, 2352)","[16 11 19 20 15 17 15 13 20 19 22 22 21 22 17 19 16 17 16 16 14 15 13 13
 12 12 11 11 10 10 11 11 10 11 10 10 12 11 12 12 12 12 11 11 10 10 13 10
 28 20 38 34 42 40 42 42 41 42 37 39 29 33 22 25 16 20 22 20 25 24 28 26
 31 31 30 31 25 28 18 22 16 17 13 14 12 13 11 11 10 10 10 10  9 10 14  9
 16 15 16 16 15 15 10 14 10 10 10 10 17 15 18 18 17 18 17 17 11 16 16 11
 16 17 12 12 10 11  9 10]"
2024-10-24 19:36:11.637680,"(-70.0, 30.0)","(4005, 2351)","[17 13 19 20 15 17 15 13 20 19 22 22 21 22 17 19 16 17 16 16 14 15 13 13
 12 12 11 11 10 10 11 11 10 11 10 10 12 11 12 12 12 12 11 11 10 10 10 10
 17 10 27 23 33 30 40 37 40 41 37 39 30 34 24 27 21 21 26 22 31 29 31 31
 29 30 26 28 18 24 17 18 15 15 13 14 12 13 11 11 10 10 10 10  9 10  9  9
 15 10 21 18 23 22 22 23 21 21 20 21 19 19 18 18 13 17 13 13 13 13 13 13
 12 12 11 12  9 10  9  9]"
2024-10-24 19:36:24.600797,"(-63.33, 30.0)","(5600, 2351)","[17 12 19 20 15 17 15 13 20 19 22 22 21 22 17 19 16 17 16 16 14 15 13 13
 12 12 11 11 10 10 11 11 10 11 10 10 12 11 12 12 12 12 11 11 10 10 10 10
 11 10 11 11 29 21 36 34 32 36 33 31 33 33 31 32 27 29 25 26 25 25 25 25
 26 26 25 26 17 23 16 17 15 15 13 14 12 13 11 11 10 10 10 10 10 10 10 10
 15 10 15 15 18 16 20 19 21 21 20 21 18 19 19 18 23 22 22 23 20 21 14 19
 13 14 12 13 10 11  9  9]"
2024-10-24 19:36:38.065467,"(-56.66, 30.0)","(62, 2350)","[17 10 19 20 15 17 15 13 20 19 22 22 21 22 17 19 16 17 16 16 14 15 13 13
 12 12 11 11 10 10 11 11 10 11 10 10 12 11 12 12 12 12 11 11 10 10 10 10
 11 10 11 11 28 21 32 31 31 31 33 31 34 34 32 33 29 31 26 27 24 25 23 23
 23 23 21 22 16 19 14 15 14 15 13 14 12 13 11 11 10 10 15 14 15 15 15 15
 15 15 16 16 17 16 18 16 23 20 26 25 25 26 23 24 21 22 19 20 13 18 13 13
 13 13 13 13 12 13 12 12]"
2024-10-24 19:36:51.020040,"(-50.0, 30.0)","(173, 2350)","[17  9 19 20 15 17 15 13 20 19 22 22 21 22 17 19 16 17 16 16 14 15 13 13
 12 12 11 11 10 10 11 11 10 11 10 10 12 11 12 12 12 12 11 11 10 10 10 10
 11 10 11 11 11 11 19 12 25 24 24 25 32 28 36 35 34 35 33 33 34 34 34 34
 34 34 32 33 28 30 18 24 16 17 14 15 12 13 11 11 10 10 10 10  9 10  9  9
 10 10  9  9 16 14 19 17 22 21 25 24 25 25 24 24 22 23 20 21 13 19 13 13
 13 13 13 13 11 12  9 10]"
2024-10-24 19:37:04.994773,"(-43.33, 30.0)","(288, 2352)","[17  7 19 20 15 17 15 13 20 19 22 22 21 22 17 19 16 17 16 16 14 15 13 13
 12 12 11 11 10 10 11 11 10 11 10 10 12 11 12 12 12 12 11 11 10 10 10 10
 11 10 11 11 11 11 12 12 12 12 11 11 21 17 25 24 26 27 26 26 28 27 29 29
 28 29 26 27 24 25 20 22 14 19 13 14 12 13 14 11 18 18 18 19 12 17 12 12
 12 12 12 12 12 12 18 12 20 20 21 20 22 22 21 22 20 21 18 19 14 14 13 13
 11 12 10 11  9 10  9  9]"
2024-10-24 19:37:17.952436,"(-36.66, 30.0)","(402, 2351)","[17 13 19 20 15 17 15 13 20 19 22 22 21 22 17 19 16 17 16 16 14 15 13 13
 12 12 11 11 10 10 11 11 10 11 10 10 12 11 12 12 12 12 11 11 10 10 10 10
 11 10 11 11 11 11 12 12 12 12 11 11 10 10  9 10 14  9 26 20 34 30 36 36
 34 36 32 33 28 30 24 25 27 24 30 29 29 29 33 30 39 38 38 39 33 36 28 30
 21 25 20 20 18 19 17 18 16 17 16 16 15 15 13 14 12 12 12 12 12 12 11 11
 10 10  9 10  9  9  9  9]"
2024-10-24 19:37:30.908564,"(-30.0, 30.0)","(516, 2350)","[17 11 19 20 15 17 15 13 20 19 22 22 21 22 17 19 16 17 16 16 14 15 13 13
 12 12 11 11 10 10 11 11 10 11 10 10 12 11 12 12 12 12 11 11 10 10 10 10
 11 10 11 11 11 11 12 12 12 12 11 11 10 10  9 10  9  9 23 15 37 30 41 40
 40 41 35 38 32 33 30 30 32 30 35 34 35 35 34 34 32 33 28 30 21 26 21 21
 20 21 20 20 19 20 18 19 17 18 15 16 14 15 13 14 13 13 12 13 11 12 10 10
  9  9  8  8  9  9  9  9]"
2024-10-24 19:37:43.863950,"(-23.33, 30.0)","(622, 2351)","[17  9 19 20 15 17 15 13 20 19 22 22 21 22 17 19 16 17 16 16 14 15 13 13
 12 12 11 11 10 10 11 11 10 11 10 10 12 11 12 12 12 12 11 11 10 10 10 10
 11 10 11 11 11 11 12 12 12 12 11 11 10 10  9 10  9  9 10  9 27 20 36 32
 38 38 36 37 30 33 25 27 22 24 18 20 14 14 14 14 14 14 20 18 25 23 27 27
 26 27 24 25 27 26 28 28 27 28 26 27 25 26 23 25 18 21 16 17 14 15 12 13
 11 11 10 10  9  9  9  9]"
2024-10-24 19:37:56.821388,"(-16.66, 30.0)","(717, 2349)","[17  8 19 20 15 17 15 13 20 19 22 22 21 22 17 19 16 17 16 16 14 15 13 13
 12 12 11 11 10 10 11 11 10 11 10 10 12 11 12 12 12 12 11 11 10 10 10 10
 11 10 11 11 11 11 12 12 12 12 11 11 10 10  9 10  9  9 10  9 23 17 35 30
 38 38 37 38 32 35 25 28 20 22 14 14 12 13 11 12 10 10 10 10  9 10  9  9
 10 10  9  9 16 13 23 20 28 26 34 31 35 35 33 34 29 31 23 26 15 21 14 15
 11 12  9 10  9  9  9  9]"
2024-10-24 19:38:10.794401,"(-10.0, 30.0)","(806, 2352)","[17  4 19 20 15 17 15 13 20 19 22 22 21 22 17 19 16 17 16 16 14 15 13 13
 12 12 11 11 10 10 11 11 10 11 10 10 12 11 12 12 12 12 11 11 10 10 10 10
 11 10 11 11 11 11 12 12 12 12 11 11 10 10  9 10  9  9 10  9 11 11 10 11
  9  9  9  9 12 11 13 12 14 15 13 14 12 13 11 11 10 10 10 10  9 10  9  9
 10 10  9  9 14  9 26 20 34 31 37 37 36 37 31 34 24 27 21 22 15 20 15 15
 16 15 15 16 14 15 12 13]"
2024-10-24 19:38:23.749749,"(-3.33, 30.0)","(887, 2352)","[17 10 19 20 15 17 15 13 20 19 22 22 21 22 17 19 16 17 16 16 14 15 13 13
 12 12 11 11 10 10 11 11 10 11 10 10 12 11 12 12 12 12 11 11 10 10 10 10
 11 10 11 11 11 11 12 12 12 12 11 11 10 10  9 10  9  9 10  9 11 11 10 11
  9  9  9  9 12 11 13 12 14 15 13 14 12 13 11 11 10 10 10 10  9 10  9  9
 14 10 23 18 27 25 37 32 43 40 47 45 46 47 43 45 38 40 33 35 31 32 29 30
 27 29 24 26 19 20 16 18]"
2024-10-24 19:38:36.706734,"(3.33, 30.0)","(959, 2351)","[18 16 19 20 15 17 15 13 20 19 22 22 21 22 17 19 16 17 16 16 14 15 13 13
 12 12 11 11 10 10 11 11 10 11 10 10 12 11 12 12 12 12 11 11 10 10 10 10
 11 10 11 11 11 11 12 12 12 12 11 11 10 10  9 10  9  9 10  9 11 11 10 11
  9  9  9  9 12 11 13 12 14 15 13 14 12 13 11 11 10 10 10 10  9 10 15  9
 25 18 34 31 35 35 40 37 43 43 40 42 40 40 38 39 34 36 29 31 26 27 20 25
 20 20 20 20 18 19 17 17]"
2024-10-24 19:38:49.663194,"(10.0, 30.0)","(1026, 2351)","[17 12 19 20 15 17 15 13 20 19 22 22 21 22 17 19 16 17 16 16 14 15 13 13
 12 12 11 11 10 10 11 11 10 11 10 10 12 11 12 12 12 12 11 11 10 10 10 10
 11 10 11 11 11 11 12 12 12 12 11 11 10 10  9 10  9  9 10  9 11 11 10 11
  9  9  9  9 12 11 13 12 14 15 13 14 12 13 11 11 10 10 10 10  9 10  9  9
 14 10 21 17 29 25 36 33 38 37 40 39 42 41 39 41 34 37 29 31 24 26 18 22
 17 18 15 16 13 14 11 12]"
2024-10-24 19:39:02.621820,"(16.66, 30.0)","(1088, 2351)","[17  9 19 20 15 17 15 13 20 19 22 22 21 22 17 19 16 17 16 16 14 15 13 13
 12 12 11 11 10 10 11 11 10 11 10 10 12 11 12 12 12 12 11 11 10 10 10 10
 11 10 11 11 11 11 12 12 12 12 11 11 10 10  9 10  9  9 10  9 11 11 10 11
  9  9  9  9 12 11 13 12 14 15 13 14 12 13 11 11 10 10 10 10  9 10  9  9
 10 10 14 14 14 14 16 14 27 20 38 33 40 39 37 39 30 34 24 27 21 22 16 20
 15 16 14 15 12 13 10 11]"
2024-10-24 19:39:16.596599,"(23.33, 30.0)","(1145, 2351)","[17  6 19 20 15 17 15 13 20 19 22 22 21 22 17 19 16 17 16 16 14 15 13 13
 12 12 11 11 10 10 11 11 10 11 10 10 12 11 12 12 12 12 11 11 10 10 10 10
 11 10 11 11 11 11 12 12 12 12 11 11 10 10  9 10  9  9 10  9 11 11 10 11
  9  9  9  9 12 11 13 12 14 15 13 14 12 13 11 11 10 10 10 10  9 10  9  9
 10 10 15 12 19 16 30 25 37 35 38 38 37 37 33 35 26 30 21 24 16 16 15 16
 14 15 12 13 10 11  9  9]"
2024-10-24 19:39:29.553796,"(30.0, 30.0)","(1198, 2351)","[17  5 19 20 15 17 15 13 20 19 22 22 21 22 17 19 16 17 16 16 14 15 13 13
 12 12 11 11 10 10 11 11 10 11 10 10 12 11 12 12 12 12 11 11 10 10 10 10
 11 10 11 11 11 11 12 12 12 12 11 11 10 10  9 10  9  9 10  9 11 11 10 11
  9  9  9  9 12 11 13 12 14 15 13 14 12 13 11 11 10 10 10 10  9 10  9  9
 10 10  9  9 13  8 27 21 35 32 36 36 34 35 30 32 24 27 20 22 14 15 13 14
 11 12 10 11  9 10  9  9]"
2024-10-24 19:39:42.510043,"(36.66, 30.0)","(1250, 2352)","[17  8 19 20 15 17 15 13 20 19 22 22 21 22 17 19 16 17 16 16 14 15 13 13
 12 12 11 11 10 10 11 11 10 11 10 10 12 11 12 12 12 12 11 11 10 10 10 10
 11 10 11 11 11 11 12 12 12 12 11 11 10 10  9 10  9  9 10  9 11 11 10 11
  9  9  9  9 12 11 13 12 14 15 13 14 12 13 11 11 10 10 10 10  9 10  9  9
 10 10 14 13 14 14 17 14 28 24 32 31 32 33 30 32 25 28 20 22 13 19 13 13
 12 13 10 11  9 10  9  9]"
2024-10-24 19:39:55.464009,"(43.33, 30.0)","(1299, 2350)","[17 11 19 20 15 17 15 13 20 19 22 22 21 22 17 19 16 17 16 16 14 15 13 13
 12 12 11 11 10 10 11 11 10 11 10 10 12 11 12 12 12 12 11 11 10 10 10 10
 11 10 11 11 11 11 12 12 12 12 11 11 10 10  9 10  9  9 10  9 11 11 10 11
  9  9  9  9 12 11 13 12 14 15 13 14 12 13 11 11 10 10 10 10  9 10  9  9
 10 10  9  9 13  8 18 15 24 22 27 26 28 28 27 28 22 25 17 20 12 12 12 12
 12 12 11 12 10 10  9  9]"
2024-10-24 19:40:08.417980,"(50.0, 30.0)","(1348, 2351)","[17  8 19 20 15 17 15 13 20 19 22 22 21 22 17 19 16 17 16 16 14 15 13 13
 12 12 11 11 10 10 11 11 10 11 10 10 12 11 12 12 12 12 11 11 10 10 10 10
 11 10 11 11 11 11 12 12 12 12 11 11 10 10  9 10  9  9 10  9 11 11 10 11
  9  9  9  9 12 11 13 12 14 15 13 14 12 13 11 11 10 10 10 10  9 10  9  9
 10 10  9  9 17 14 28 23 31 31 31 31 31 31 27 29 22 24 17 19 13 13 12 12
 11 11 10 10  9 10  9  9]"
2024-10-24 19:40:21.373984,"(56.66, 30.0)","(1399, 2374)","[17 13 19 20 15 17 15 13 20 19 22 22 21 22 17 19 16 17 16 16 14 15 13 13
 12 12 11 11 10 10 11 11 10 11 10 10 12 11 12 12 12 12 11 11 10 10 10 10
 11 10 11 11 11 11 12 12 12 12 11 11 10 10  9 10  9  9 10  9 11 11 10 11
  9  9  9  9 12 11 13 12 14 15 13 14 12 13 11 11 10 10 10 10  9 10  9  9
 10 10  9  9 22 17 34 29 37 37 36 37 31 34 24 27 19 21 14 14 12 13 10 11
  9  9  9  9  9  9  9  9]"
2024-10-24 19:40:34.328641,"(63.33, 30.0)","(1449, 2396)","[17  7 19 20 15 17 15 13 20 19 22 22 21 22 17 19 16 17 16 16 14 15 13 13
 12 12 11 11 10 10 11 11 10 11 10 10 12 11 12 12 12 12 11 11 10 10 10 10
 11 10 11 11 11 11 12 12 12 12 11 11 10 10  9 10  9  9 10  9 11 11 10 11
  9  9  9  9 12 11 13 12 14 15 13 14 12 13 11 11 10 10 10 10 16 14 15 15
 15 15 18 15 24 21 27 26 26 27 22 24 19 21 12 17 11 12 11 11 10 10  9  9
  8  8  8  8  9  9  9  9]"
2024-10-24 19:40:48.306398,"(70.0, 30.0)","(1499, 2394)","[17 11 19 20 15 17 15 13 20 19 22 22 21 22 17 19 16 17 16 16 14 15 13 13
 12 12 11 11 10 10 11 11 10 11 10 10 12 11 12 12 12 12 11 11 10 10 10 10
 11 10 11 11 11 11 12 12 12 12 11 11 10 10  9 10  9  9 10  9 11 11 10 11
  9  9  9  9 12 11 13 12 14 15 13 14 12 13 11 11 10 10 10 10  9 10  9  9
 10 10 14 13 23 18 31 29 32 33 30 32 25 28 19 22 13 17 11 12  9 10  7  8
  7  7  8  7  9  9  9  9]"
2024-10-24 19:41:01.261599,"(76.66, 30.0)","(1552, 2399)","[17  4 19 20 15 17 15 13 20 19 22 22 21 22 17 19 16 17 16 16 14 15 13 13
 12 12 11 11 10 10 11 11 10 11 10 10 12 11 12 12 12 12 11 11 10 10 10 10
 11 10 11 11 11 11 12 12 12 12 11 11 10 10  9 10  9  9 10  9 11 11 10 11
  9  9  9  9 12 11 13 12 14 15 13 14 12 13 11 11 10 10 10 10 16 14 15 16
 15 15 19 16 31 25 36 34 36 36 34 35 28 31 23 25 18 20 14 15 11 13  9 10
  7  8  8  7  9  9  9  9]"
2024-10-24 19:41:14.216986,"(83.33, 30.0)","(1608, 2401)","[17  8 19 20 15 17 15 13 20 19 22 22 21 22 17 19 16 17 16 16 14 15 13 13
 12 12 11 11 10 10 11 11 10 11 10 10 12 11 12 12 12 12 11 11 10 10 10 10
 11 10 11 11 11 11 12 12 12 12 11 11 10 10  9 10  9  9 10  9 11 11 10 11
  9  9  9  9 12 11 13 12 14 15 13 14 12 13 11 11 10 10 10 10  9 10  9  9
 10 10 21 15 29 26 32 31 32 32 30 31 25 28 19 22 14 17 13 13 11 12  9 10
  7  8  8  7  9  9  9  9]"
2024-10-24 19:41:28.188986,"(90.0, 30.0)","(1667, 2404)","[17  5 19 20 15 17 15 13 20 19 22 22 21 22 17 19 16 17 16 16 14 15 13 13
 12 12 11 11 10 10 11 11 10 11 10 10 12 11 12 12 12 12 11 11 10 10 10 10
 11 10 11 11 11 11 12 12 12 12 11 11 10 10  9 10  9  9 10  9 11 11 10 11
  9  9  9  9 12 11 13 12 14 15 13 14 12 13 11 11 10 10 10 10 16 15 16 16
 15 15  9  9 25 19 34 31 36 36 34 35 29 32 24 26 20 22 19 19 14 15 13 14
 11 12  9 10  9  9  9  9]"
2024-10-24 19:42:04.413905,"(-83.33, -30.0)","(3834, 3072)","[17  9 19 20 15 17 15 13 20 19 22 22 21 22 17 19 16 17 16 16 14 15 13 13
 12 12 11 11 10 10 11 11 10 11 10 10 12 11 12 12 12 12 11 11 10 10 10 10
 11 10 11 11 11 11 12 12 12 12 11 11 10 10  9 10  9  9 10  9 11 11 10 11
  9  9  9  9 12 11 13 12 14 15 13 14 12 13 11 11 10 10 10 10 18 16 18 18
 17 18 16 17 22 19 30 27 30 31 29 29 29 29 26 27 21 24 17 19 13 14 11 12
  9 10  9  9  9  9  9  9]"
2024-10-24 19:42:17.370293,"(-76.66, -30.0)","(3916, 3072)","[17  8 19 20 15 17 15 13 20 19 22 22 21 22 17 19 16 17 16 16 14 15 13 13
 12 12 11 11 10 10 11 11 10 11 10 10 12 11 12 12 12 12 11 11 10 10 10 10
 11 10 11 11 11 11 12 12 12 12 11 11 10 10  9 10  9  9 10  9 11 11 10 11
  9  9  9  9 12 11 13 12 14 15 13 14 12 13 11 11 10 10 15 13 18 17 18 18
 17 18 16 16 16 15 30 24 36 35 37 37 34 36 29 32 25 27 21 23 16 20 14 15
 12 13 10 11  9 10  9  9]"
2024-10-24 19:42:30.326483,"(-70.0, -30.0)","(4005, 3073)","[17 10 19 20 15 17 15 13 20 19 22 22 21 22 17 19 16 17 16 16 14 15 13 13
 12 12 11 11 10 10 11 11 10 11 10 10 12 11 12 12 12 12 11 11 10 10 10 10
 11 10 11 11 11 11 12 12 12 12 11 11 10 10  9 10  9  9 10  9 11 11 10 11
  9  9  9  9 12 11 13 12 14 15 13 14 12 13 11 11 10 10 14 12 18 16 18 18
 17 17 16 16 17 16 28 23 32 31 32 32 28 30 25 27 21 22 18 20 14 14 12 13
 11 12 10 10  9 10  9  9]"
2024-10-24 19:42:43.287230,"(-63.33, -30.0)","(9, 3072)","[17  5 19 20 15 17 15 13 20 19 22 22 21 22 17 19 16 17 16 16 14 15 13 13
 12 12 11 11 10 10 11 11 10 11 10 10 12 11 12 12 12 12 11 11 10 10 10 10
 11 10 11 11 11 11 12 12 12 12 11 11 10 10  9 10  9  9 10  9 11 11 10 11
  9  9  9  9 12 11 13 12 14 15 13 14 12 13 11 11 10 10 10 10 14 10 14 14
 10 14  9  9 18 15 29 24 32 32 31 32 29 30 27 28 22 25 17 20 13 13 11 12
 10 11  9 10  9  9  9  9]"
2024-10-24 19:42:57.267268,"(-56.66, -30.0)","(118, 3072)","[17 11 19 20 15 17 15 13 20 19 22 22 21 22 17 19 16 17 16 16 14 15 13 13
 12 12 11 11 10 10 11 11 10 11 10 10 12 11 12 12 12 12 11 11 10 10 10 10
 11 10 11 11 11 11 12 12 12 12 11 11 10 10  9 10  9  9 10  9 11 11 10 11
  9  9  9  9 12 11 13 12 14 15 13 14 12 13 11 11 10 10 10 10 16 13 16 16
 15 16 13 14 13  8 20 16 30 26 32 32 31 32 26 28 21 23 16 18 12 13 11 12
 10 10  9  9  9  9  9  9]"
2024-10-24 19:43:10.226036,"(-50.0, -30.0)","(209, 3072)","[17 11 19 20 15 17 15 13 20 19 22 22 21 22 17 19 16 17 16 16 14 15 13 13
 12 12 11 11 10 10 11 11 10 11 10 10 12 11 12 12 12 12 11 11 10 10 10 10
 11 10 11 11 11 11 12 12 12 12 11 11 10 10  9 10  9  9 10  9 11 11 10 11
  9  9  9  9 12 11 13 12 14 15 13 14 12 13 11 11 10 10 10 10  9 10 13  9
 15 15  9  9 15 14 28 22 34 33 34 35 31 32 29 30 24 26 19 21 14 14 12 13
 10 11  9  9  9  9  9  9]"
2024-10-24 19:43:23.182734,"(-43.33, -30.0)","(290, 3073)","[17  6 19 20 15 17 15 13 20 19 22 22 21 22 17 19 16 17 16 16 14 15 13 13
 12 12 11 11 10 10 11 11 10 11 10 10 12 11 12 12 12 12 11 11 10 10 10 10
 11 10 11 11 11 11 12 12 12 12 11 11 10 10  9 10  9  9 10  9 11 11 10 11
  9  9  9  9 12 11 13 12 14 15 13 14 12 13 11 11 10 10 10 10 15 15  9 14
 10 10  9  9 12  8 18 15 24 21 31 28 33 33 31 32 27 29 22 24 14 20 14 14
 13 13 11 12 10 11  9  9]"
2024-10-24 19:43:36.142146,"(-36.66, -30.0)","(403, 3072)","[17 14 19 20 15 17 15 13 20 19 22 22 21 22 17 19 16 17 16 16 14 15 13 13
 12 12 11 11 10 10 11 11 10 11 10 10 12 11 12 12 12 12 11 11 10 10 10 10
 11 10 11 11 11 11 12 12 12 12 11 11 10 10  9 10  9  9 10  9 11 11 10 11
  9  9  9  9 12 11 13 12 14 15 13 14 12 13 11 11 10 10 10 10 15 14 15 15
 15 15 15 15 15 15 20 16 25 24 28 27 32 30 30 32 26 29 21 23 14 19 13 13
 11 12  9 10  9  9  9  9]"
2024-10-24 19:43:49.098222,"(-30.0, -30.0)","(517, 3073)","[17 13 19 20 15 17 15 13 20 19 22 22 21 22 17 19 16 17 16 16 14 15 13 13
 12 12 11 11 10 10 11 11 10 11 10 10 12 11 12 12 12 12 11 11 10 10 10 10
 11 10 11 11 11 11 12 12 12 12 11 11 10 10  9 10  9  9 10  9 11 11 10 11
  9  9  9  9 12 11 13 12 14 15 13 14 12 13 11 11 10 10 10 10 15 15 14 15
 10 13 14 14 14 14 17 14 21 22 21 21 30 26 29 29 25 27 22 24 18 20 13 17
 12 13 11 11  9 10  9  9]"
2024-10-24 19:44:03.074437,"(-23.33, -30.0)","(623, 3073)","[17  7 19 20 15 17 15 13 20 19 22 22 21 22 17 19 16 17 16 16 14 15 13 13
 12 12 11 11 10 10 11 11 10 11 10 10 12 11 12 12 12 12 11 11 10 10 10 10
 11 10 11 11 11 11 12 12 12 12 11 11 10 10  9 10  9  9 10  9 11 11 10 11
  9  9  9  9 12 11 13 12 14 15 13 14 12 13 11 11 10 10 10 10 15 15 14 15
 10 14  9  9  8  8 15  8 21 19 23 22 23 23 22 23 21 22 17 19 12 12 11 11
 10 10  9  9  9  9  9  9]"
2024-10-24 19:44:16.031409,"(-16.66, -30.0)","(717, 3073)","[17 11 19 20 15 17 15 13 20 19 22 22 21 22 17 19 16 17 16 16 14 15 13 13
 12 12 11 11 10 10 11 11 10 11 10 10 12 11 12 12 12 12 11 11 10 10 10 10
 11 10 11 11 11 11 12 12 12 12 11 11 10 10  9 10  9  9 10  9 11 11 10 11
  9  9  9  9 12 11 13 12 14 15 13 14 12 13 11 11 10 10 10 10 15 14 15 15
 10 14 14 14  9 14 14  9 15 16 14 14 14 10 20 18 19 20 16 18 11 11 10 11
 10 10  9  9  9  9  9  9]"
2024-10-24 19:44:28.988657,"(-10.0, -30.0)","(5600, 3072)","[17  6 19 20 15 17 15 13 20 19 22 22 21 22 17 19 16 17 16 16 14 15 13 13
 12 12 11 11 10 10 11 11 10 11 10 10 12 11 12 12 12 12 11 11 10 10 10 10
 11 10 11 11 11 11 12 12 12 12 11 11 10 10  9 10 18  9 24 22 29 27 28 29
 25 27 24 24 23 24 22 23 20 21 23 20 28 25 28 28 26 28 21 24 16 20 16 16
 16 16 15 16 14 15 18 14 27 24 33 31 33 33 31 32 30 30 28 29 24 26 18 21
 17 17 17 17 17 17 16 17]"
2024-10-24 19:44:42.450891,"(-3.33, -30.0)","(886, 3073)","[22 21 24 24 22 23 19 20 20 19 22 22 21 22 17 19 16 17 16 16 14 15 13 13
 12 12 11 11 10 10 11 11 10 11 10 10 12 11 12 12 12 12 11 11 10 10 10 10
 11 10 11 11 11 11 12 12 12 12 11 11 10 10 17 10 27 23 29 29 29 29 29 28
 33 30 44 38 51 48 52 52 52 52 51 52 48 50 43 45 40 40 39 40 37 39 34 35
 31 33 27 27 25 26 24 25 30 24 36 33 39 38 37 38 32 36 26 27 25 26 23 24
 21 22 20 20 18 19 17 18]"
2024-10-24 19:44:56.423064,"(3.33, -30.0)","(958, 3073)","[18 15 21 21 19 20 18 17 20 19 22 22 21 22 17 19 16 17 16 16 14 15 13 13
 12 12 11 11 11 10 13 12 12 13 11 12 12 12 12 12 12 12 11 11 10 10 10 10
 11 10 11 11 11 11 12 12 12 12 11 11 10 10 11 10 22 17 27 25 26 27 24 25
 33 24 49 41 57 54 58 58 57 58 55 56 52 54 45 48 40 41 37 38 34 36 27 33
 27 27 25 26 24 24 29 24 36 31 44 41 47 46 45 46 41 43 36 39 29 35 29 29
 26 28 24 25 22 23 20 21]"
2024-10-24 19:45:09.377181,"(10.0, -30.0)","(1025, 3072)","[18 12 22 23 20 21 18 18 20 19 22 22 21 22 17 19 16 17 16 16 14 15 13 13
 12 12 11 11 10 10 11 11 10 11 10 10 12 11 12 12 12 12 11 11 10 10 10 10
 11 10 11 11 11 11 12 12 12 12 11 11 10 10  9 10  9  9 10  9 11 11 10 11
 14  9 33 21 46 41 47 48 48 47 49 49 46 48 41 43 39 40 35 38 33 34 31 33
 29 29 27 28 23 23 30 23 39 36 42 42 41 41 39 40 38 39 37 38 34 36 28 32
 27 28 24 25 22 23 20 21]"
2024-10-24 19:45:22.331289,"(16.66, -30.0)","(1087, 3072)","[18 17 19 20 16 18 16 16 20 19 22 22 21 22 17 19 16 17 16 16 14 15 13 13
 12 12 11 11 10 10 11 11 10 11 10 10 12 11 12 12 12 12 11 11 10 10 10 10
 11 10 11 11 11 11 12 12 12 12 11 11 10 10  9 10 14  9 19 17 19 19 20 19
 25 22 34 29 42 38 47 45 48 48 46 47 45 45 44 45 44 44 37 42 44 40 44 44
 42 43 40 41 39 40 38 39 36 37 34 35 33 29 34 34 34 34 29 29 28 29 27 28
 25 27 22 24 21 21 20 21]"
2024-10-24 19:45:35.290155,"(23.33, -30.0)","(1144, 3072)","[17  4 19 20 15 18 15 13 20 19 22 22 21 22 17 19 16 17 16 16 14 15 13 13
 12 12 11 11 10 10 11 11 10 11 10 10 12 11 12 12 12 12 11 11 10 10 10 10
 11 10 11 11 11 11 12 12 12 12 11 11 10 10  9 10 15  9 24 20 26 25 29 27
 34 32 37 36 40 39 40 40 38 39 37 37 35 36 32 34 29 30 27 28 29 27 36 33
 38 38 37 38 35 36 32 33 33 31 35 34 34 35 34 34 32 34 28 30 25 26 25 25
 25 25 24 25 21 23 20 20]"
2024-10-24 19:45:48.247528,"(30.0, -30.0)","(1198, 3073)","[17  7 20 20 15 18 15 13 20 19 22 22 21 22 17 19 16 17 16 16 14 15 13 13
 12 12 11 11 10 10 11 11 10 11 10 10 12 11 12 12 12 12 11 11 10 10 10 10
 11 10 11 11 11 11 12 12 12 12 11 11 10 10  9 10  9  9 10  9 11 11 10 11
  9  9  9  9 12 11 13 12 14 15 13 14 16 13 16 16 16 16 16 16 20 17 34 28
 40 39 39 40 35 37 36 35 43 39 46 45 46 46 44 45 41 43 37 39 33 35 31 32
 25 29 23 24 20 21 19 19]"
2024-10-24 19:46:01.201426,"(36.66, -30.0)","(1250, 3074)","[17 10 20 20 15 18 15 13 20 19 22 22 21 22 17 19 16 17 16 16 14 15 13 13
 12 12 11 11 10 10 11 11 10 11 10 10 12 11 12 12 12 12 11 11 10 10 10 10
 11 10 11 11 11 11 12 12 12 12 11 11 10 10  9 10  9  9 10  9 11 11 10 11
  9  9  9  9 12 11 13 12 14 15 13 14 12 13 21 18 24 23 25 25 32 28 38 35
 41 40 41 41 38 39 35 36 35 35 35 35 35 35 33 34 30 32 26 28 21 21 18 19
 16 17 14 15 13 14 12 13]"
2024-10-24 19:46:14.156370,"(43.33, -30.0)","(1299, 3071)","[17  9 19 20 15 18 15 13 20 19 22 22 21 22 17 19 16 17 16 16 14 15 13 13
 12 12 11 11 10 10 11 11 10 11 10 10 12 11 12 12 12 12 11 11 10 10 10 10
 11 10 11 11 11 11 12 12 12 12 11 11 10 10  9 10  9  9 10  9 11 11 10 11
  9  9 17 15 28 23 34 32 34 34 32 33 30 31 36 34 37 37 34 36 29 31 25 27
 26 25 25 26 18 24 19 18 19 19 27 23 32 30 31 32 27 30 23 25 19 20 16 18
 13 15 11 12  9 10  9  9]"
2024-10-24 19:46:28.129486,"(50.0, -30.0)","(1348, 3073)","[17 10 19 20 15 18 15 13 20 19 22 22 21 22 17 19 16 17 16 16 14 15 13 13
 12 12 11 11 10 10 11 11 10 11 10 10 12 11 12 12 12 12 11 11 10 10 10 10
 11 10 11 11 11 11 12 12 12 12 11 11 10 10  9 10  9  9 10  9 13 11 22 18
 25 25 24 24 23 24 22 23 22 22 20 21 19 19 18 18 18 18 13 13 18 13 22 20
 22 22 21 21 14 20 14 14 14 15 14 14 14 14 19 14 21 20 20 21 14 19 13 14
 11 12  9 10  9  9  9  9]"
2024-10-24 19:46:41.090290,"(56.66, -30.0)","(1399, 3070)","[17 10 19 20 15 18 15 13 20 19 22 22 21 22 17 19 16 17 16 16 14 15 13 13
 12 12 11 11 10 10 11 11 10 11 10 10 12 11 12 12 12 12 11 11 10 10 10 10
 11 10 11 11 11 11 12 12 12 12 11 11 22 16 27 24 32 30 33 33 30 31 29 29
 26 29 27 25 28 28 25 27 23 24 21 22 20 21 21 21 21 21 29 23 33 32 32 33
 29 30 26 27 19 25 18 19 16 17 14 15 16 14 28 22 36 33 37 37 35 36 30 33
 24 27 18 18 16 17 14 15]"
2024-10-24 19:46:54.050971,"(63.33, -30.0)","(1449, 3072)","[17  7 19 20 15 18 15 13 20 19 22 22 21 22 17 19 16 17 16 16 14 15 13 13
 12 12 11 11 10 10 11 11 10 11 10 10 12 11 12 12 12 12 11 11 10 10 10 10
 11 10 11 11 11 11 12 12 21 12 33 27 38 36 36 38 35 35 34 34 32 33 28 30
 23 25 20 21 20 16 23 22 21 22 16 16 17 16 26 21 31 30 36 33 41 39 42 42
 40 41 36 38 30 33 22 28 22 23 22 22 21 21 19 20 18 18 16 17 16 16 15 15
 13 14 13 13 12 12 12 12]"
2024-10-24 19:47:08.025303,"(70.0, -30.0)","(1499, 3072)","[17  7 19 20 15 18 15 13 20 19 22 22 21 22 17 19 16 17 16 16 14 15 13 13
 12 12 11 11 10 10 11 11 10 11 10 10 12 11 12 12 12 12 11 11 10 10 10 10
 11 10 11 11 20 13 30 26 35 32 41 38 41 42 38 40 34 36 30 32 26 28 21 24
 16 19 15 15 14 14 14 14 21 15 31 26 36 34 42 39 44 44 42 43 38 40 38 38
 37 38 34 36 24 31 24 24 22 23 21 22 21 21 21 21 20 21 18 19 17 17 15 16
 13 14 12 12 10 11  9  9]"
2024-10-24 19:47:20.979298,"(76.66, -30.0)","(1553, 3075)","[17 12 19 20 15 18 15 13 20 19 22 22 21 22 17 19 16 17 16 16 14 15 13 13
 12 12 11 11 10 10 11 11 10 11 10 10 12 11 12 12 12 12 11 11 10 10 10 10
 11 10 16 11 27 22 30 28 35 32 36 36 35 36 33 34 28 31 23 25 20 21 14 19
 14 14 12 13 12 12 13 12 14 15 25 16 35 31 37 37 37 36 40 38 40 40 38 39
 34 36 29 32 20 27 25 20 27 26 28 28 28 28 28 28 27 28 22 22 21 21 19 20
 16 17 13 14 11 12  9 10]"
2024-10-24 19:47:33.937008,"(83.33, -30.0)","(1608, 3073)","[17  7 19 20 15 17 15 13 20 19 22 22 21 22 17 19 16 17 16 16 14 15 13 13
 12 12 11 11 10 10 11 11 10 11 10 10 12 11 12 12 12 12 11 11 10 10 10 10
 14 10 23 20 31 26 41 37 43 43 41 42 38 40 31 34 24 27 20 22 15 16 14 14
 12 13 11 11 12 11 13 12 14 15 13 14 20 17 21 21 21 21 21 21 20 21 18 19
 17 17 17 17 26 21 28 27 28 28 29 28 28 28 27 28 24 26 22 23 16 20 15 16
 13 14 11 12 10 11 10 10]"
