Measure Time,Commanded trajectory,Real trajectory,Curve,az LS,1791,el LS,2335
2024-10-23 20:01:38.610848,"(0.0, 0.0)","(975, 2737)","[16 15 17 17 14 16 14 13 20 19 22 22 21 22 17 19 16 17 16 16 14 15 13 13
 12 12 11 11 10 10 11 11 10 11 10 10 12 11 12 12 12 12 11 11 10 10 10 10
 11 10 11 11 11 11 12 12 12 12 11 11 10 10 13 10 18 18 18 18 11 16 16 11
 29 17 48 40 58 54 60 60 59 60 55 57 49 52 46 47 46 44 54 49 57 56 55 56
 49 53 40 44 32 36 29 30 25 27 23 24 20 22 18 19 16 17 14 15 13 14 12 12
 11 12 10 11 10 10 10 10]"
2024-10-23 20:02:03.353481,"(-90.0, 3.33)","(3752, 2699)","[15  6 17 17 14 16 14 13 20 19 22 22 21 22 17 19 16 17 16 16 14 15 13 13
 12 12 11 11 10 10 11 11 10 11 10 10 12 11 12 12 12 12 11 11 10 10 10 10
 11 10 11 11 11 11 12 12 12 12 11 11 10 10  9 10  9  9 10  9 12 11 22 15
 38 32 47 44 48 48 47 48 42 45 37 39 32 34 34 31 46 40 54 51 56 56 54 56
 46 52 36 40 28 32 25 27 21 23 18 19 16 17 14 15 12 13 10 11  9 10  9  9
  8  8  9  8  9  9  9  9]"
2024-10-23 20:02:23.826727,"(-30.0, 3.33)","(545, 2698)","[16 16 17 17 14 16 14 13 20 19 22 22 21 22 17 19 16 17 16 16 14 15 13 13
 12 12 11 11 10 10 11 11 10 11 10 10 12 11 12 12 12 12 11 11 10 10 10 10
 11 10 11 11 11 11 12 12 12 12 11 11 10 10  9 10  9  9 10  9 14 11 28 21
 43 37 49 47 48 49 44 46 40 43 36 38 34 35 36 34 41 38 46 44 47 47 43 46
 37 40 31 34 24 25 22 23 19 20 16 17 13 14 12 12 11 12 10 11  9  9  8  8
  7  8  8  8 15 13 14 14]"
2024-10-23 20:02:44.297114,"(30.0, 3.33)","(1202, 2699)","[17  6 19 20 14 17 14 13 20 19 22 22 21 22 17 19 16 17 16 16 14 15 13 13
 12 12 11 11 10 10 11 11 10 11 10 10 12 11 12 12 12 12 11 11 10 10 10 10
 11 10 11 11 11 11 12 12 12 12 11 11 10 10  9 10  9  9 10  9 29 20 41 36
 44 45 44 44 41 42 41 41 39 41 34 37 29 31 27 28 24 25 25 23 26 26 20 25
 19 20 17 18 15 16 13 14 11 12 11 11 10 10 11 10 11 12 10 11  8  9  8  8
  7  7  8  7  9  9  9  9]"
2024-10-23 20:03:04.764203,"(90.0, 3.33)","(1658, 2698)","[15  9 18 18 15 16 15 13 20 19 22 22 21 22 18 19 17 17 16 16 14 15 13 13
 12 12 11 11 10 10 11 11 10 11 10 10 12 11 12 12 12 12 11 11 10 10 10 10
 11 10 11 11 11 11 12 12 12 12 11 11 10 10  9 10  9  9 10  9 11 11 27 19
 37 35 46 41 56 51 55 56 52 54 46 49 42 43 40 41 39 39 47 41 50 49 47 49
 41 45 33 37 27 28 24 26 21 22 17 19 14 16 12 13 11 12 10 11  8  9  7  8
  7  7  8  7  9  9  9  9]"
2024-10-23 20:03:33.556678,"(-30.0, -3.33)","(587, 2775)","[25 27 24 24 18 21 16 16 20 19 22 22 21 22 17 19 16 17 16 16 14 15 13 13
 12 12 11 11 10 10 11 11 10 11 10 10 12 11 12 12 12 12 11 11 10 10 10 10
 11 10 11 11 11 11 12 12 12 12 11 11 10 10  9 10  9  9 10  9 11 11 10 11
 19  9 34 27 44 40 46 45 44 45 41 43 37 38 43 38 53 49 59 57 60 60 58 59
 52 56 44 48 38 41 29 35 27 29 24 26 21 22 18 19 15 16 15 15 14 14 13 13
 11 12 10 11  9 10  9  9]"
2024-10-23 20:03:54.023454,"(30.0, -3.33)","(1202, 2774)","[18 17 20 21 16 18 15 14 20 19 22 22 21 22 17 19 16 17 16 16 14 15 13 13
 12 12 11 11 10 10 11 11 10 11 10 10 12 11 12 12 12 12 11 11 10 10 10 10
 11 10 11 11 11 11 12 12 12 12 11 11 10 10  9 10  9  9 10  9 11 11 10 11
  9  9  9  9 29 21 35 33 35 36 32 34 26 29 28 25 41 34 51 47 53 53 51 53
 46 49 41 43 34 37 24 30 22 23 19 20 16 18 16 16 15 16 15 15 14 14 13 13
 11 12 10 11 10 10  9 10]"
2024-10-23 20:04:23.319966,"(-90.0, 6.66)","(3753, 2663)","[16  7 17 18 14 16 15 13 20 19 22 22 21 22 17 19 16 17 16 16 14 15 13 13
 12 12 11 11 10 10 11 11 10 11 10 10 12 11 12 12 12 12 11 11 10 10 10 10
 11 10 11 11 11 11 12 12 12 12 11 11 10 10  9 10  9  9 10  9 11 11 10 11
 22  9 37 31 44 41 44 45 42 44 34 39 27 30 22 24 28 21 40 34 46 44 45 46
 40 44 34 36 30 32 23 27 21 22 19 20 17 18 16 17 14 15 12 13 11 11  9 10
  9  9  8  8  9  9  9  9]"
2024-10-23 20:04:39.531960,"(-60.0, 6.66)","(65, 2663)","[15  9 17 18 14 16 15 13 20 19 22 22 21 22 17 19 16 17 16 16 14 15 13 13
 12 12 11 11 10 10 11 11 10 11 10 10 12 11 12 12 12 12 11 11 10 10 10 10
 11 10 11 11 11 11 12 12 12 12 11 11 10 10  9 10  9  9 10  9 13 11 22 16
 38 31 45 43 44 45 42 43 40 42 33 37 28 30 24 25 34 23 50 43 56 53 55 56
 50 54 41 46 34 38 27 32 24 26 21 23 18 19 15 16 13 14 11 12 10 10  8  9
  8  8  8  8 18 15 17 18]"
2024-10-23 20:04:55.742781,"(-30.0, 6.66)","(545, 2662)","[15 11 17 18 14 16 15 13 20 19 22 22 21 22 17 19 16 17 16 16 14 15 13 13
 12 12 11 11 10 10 11 11 10 11 10 10 12 11 12 12 12 12 11 11 10 10 10 10
 11 10 11 11 11 11 12 12 12 12 11 11 10 10  9 10  9  9 10  9 14 11 32 23
 47 41 53 51 52 53 47 50 41 44 35 39 28 32 20 25 26 19 37 31 42 40 40 41
 35 38 28 31 22 23 20 21 18 19 15 17 13 14 12 12 11 12 10 11  9  9  8  8
  7  7 16 11 23 20 23 23]"
2024-10-23 20:05:11.958137,"(0.0, 6.66)","(941, 2664)","[17 13 20 20 18 19 17 17 20 19 22 22 21 22 17 19 16 17 16 16 14 15 13 13
 12 12 11 11 10 10 11 11 10 11 10 10 12 11 12 12 12 12 11 11 10 10 10 10
 11 10 11 11 11 11 12 12 12 12 11 11 10 10  9 10  9  9 18 14 37 27 51 45
 55 55 54 55 52 53 49 51 43 47 36 40 28 32 22 26 19 20 17 18 17 17 16 16
 14 15 13 14 12 12 11 11 10 11  9 10  9  9 11 10 11 12 10 11  9  9  9  9
  8  8 13 11 19 16 19 19]"
2024-10-23 20:05:29.180374,"(30.0, 6.66)","(1201, 2664)","[15 12 17 18 14 16 15 13 20 19 22 22 21 22 17 19 16 17 16 16 14 15 13 13
 12 12 11 11 10 10 11 11 10 11 10 10 12 11 12 12 12 12 11 11 10 10 10 10
 11 10 11 11 11 11 12 12 12 12 11 11 10 10  9 10 18  9 26 22 46 36 60 54
 64 64 64 64 60 62 53 57 44 49 35 39 25 31 23 24 20 21 18 19 17 18 16 17
 15 15 13 14 12 13 11 12 10 11  9 10  8  8 11 10 11 12 10 11  8  9  8  8
  8  8  8  8  9  9  9  9]"
2024-10-23 20:05:45.385019,"(60.0, 6.66)","(1416, 2663)","[15  6 17 18 14 16 15 13 20 19 22 22 21 22 17 19 16 17 16 16 14 15 13 13
 12 12 11 11 10 10 11 11 10 11 10 10 12 11 12 12 12 12 11 11 10 10 10 10
 11 10 11 11 11 11 12 12 12 12 11 11 10 10  9 10  9  9 10  9 26 19 39 33
 46 43 50 49 49 49 46 47 43 45 37 41 29 33 21 26 21 20 32 27 36 35 34 36
 29 32 22 23 20 21 17 18 15 16 13 14 12 12 11 11 11 12 10 11  8  9  7  8
  7  7  8  7  9  9  9  9]"
2024-10-23 20:06:01.585864,"(90.0, 6.66)","(1659, 2664)","[15  4 17 18 14 16 15 13 20 19 22 22 21 22 17 19 16 17 16 16 14 15 13 13
 12 12 11 11 10 10 11 11 10 11 10 10 12 11 12 12 12 12 11 11 10 10 10 10
 11 10 11 11 11 11 12 12 12 12 11 11 10 10  9 10  9  9 10  9 12 11 28 19
 43 38 47 47 47 47 48 48 47 48 42 45 35 38 32 33 39 31 52 46 55 54 53 54
 46 51 36 41 28 33 25 27 21 23 18 19 16 16 16 16 15 16 13 14 11 12 10 10
  9  9  9  9  9  9  9  9]"
2024-10-23 20:06:34.544188,"(-60.0, -6.66)","(65, 2812)","[15 12 17 18 14 16 15 13 20 19 22 22 21 22 17 19 16 17 16 16 14 15 13 13
 12 12 11 11 10 10 11 11 10 11 10 10 12 11 12 12 12 12 11 11 10 10 10 10
 11 10 11 11 11 11 12 12 12 12 11 11 10 10  9 10  9  9 10  9 11 11 10 11
 18  9 23 21 23 23 22 22 20 21 24 21 31 28 33 32 38 34 45 42 47 46 46 47
 43 45 38 40 33 36 27 30 21 25 19 20 16 18 14 15 12 12 10 11  9 10  8  9
  7  8  8  7  9  9  9  9]"
2024-10-23 20:06:50.753403,"(-30.0, -6.66)","(552, 2812)","[17 15 20 19 20 20 17 18 20 19 22 22 21 22 17 19 16 17 16 16 14 15 13 13
 12 12 11 11 10 10 11 11 10 11 10 10 12 11 12 12 12 12 11 11 10 10 10 10
 11 10 11 11 11 11 12 12 12 12 11 11 10 10  9 10  9  9 10  9 11 11 10 11
 18  9 26 22 28 27 26 27 22 24 22 21 39 30 51 46 56 55 56 56 55 56 53 55
 49 51 44 46 40 42 34 36 27 32 27 27 26 27 29 26 32 32 32 33 27 31 25 26
 21 23 17 19 13 15 12 12]"
2024-10-23 20:07:06.961330,"(0.0, -6.66)","(943, 2812)","[15 12 18 18 19 19 19 19 20 19 22 22 21 22 17 19 16 17 16 16 14 15 13 13
 12 12 11 11 10 10 11 11 10 11 10 10 12 11 12 12 12 12 11 11 10 10 10 10
 11 10 11 11 11 11 12 12 12 12 11 11 10 10  9 10  9  9 10  9 11 11 10 11
  9  9  9  9 18 16 19 19 20 19 32 24 46 39 53 51 54 55 52 54 51 52 50 51
 47 49 43 45 39 41 37 38 34 35 31 32 27 27 27 27 27 27 26 26 24 25 21 23
 18 20 16 17 15 15 14 14]"
2024-10-23 20:07:23.165350,"(30.0, -6.66)","(1202, 2812)","[20 22 21 21 18 20 16 16 20 19 22 22 21 22 17 19 16 17 16 16 14 15 13 13
 12 12 11 11 10 10 11 11 10 11 10 10 12 11 12 12 12 12 11 11 10 10 10 10
 11 10 11 11 11 11 12 12 12 12 11 11 10 10  9 10  9  9 10  9 11 11 13 11
 15 15 14 15 12 11 13 12 14 15 20 16 25 22 43 35 52 49 54 54 53 53 50 51
 46 48 43 44 39 41 33 36 32 32 30 31 25 29 25 25 24 25 22 23 20 21 18 19
 17 18 16 17 15 15 13 14]"
2024-10-23 20:07:39.369672,"(60.0, -6.66)","(1416, 2811)","[16  9 17 18 15 16 15 13 20 19 22 22 21 22 17 19 16 17 16 16 14 15 13 13
 12 12 11 11 10 10 11 11 10 11 10 10 12 11 12 12 12 12 11 11 10 10 10 10
 11 10 11 11 11 11 12 12 12 12 11 11 10 10  9 10  9  9 10  9 11 11 10 11
  9  9  9  9 12 11 13 12 14 15 13 14 13 13 26 18 41 36 48 46 49 49 48 49
 45 47 38 42 32 35 27 29 21 24 20 20 18 19 16 17 15 15 13 14 12 12 11 11
 10 10  9 10  9  9  9  9]"
2024-10-23 20:08:12.327196,"(-90.0, 10.0)","(3751, 2628)","[16  7 18 18 15 16 15 13 20 19 22 22 21 22 17 19 16 17 16 16 14 15 13 13
 12 12 11 11 10 10 11 11 10 11 10 10 12 11 12 12 12 12 11 11 10 10 10 10
 11 10 11 11 11 11 12 12 12 12 11 11 10 10  9 10  9  9 10  9 11 11 10 11
 14  9 14 14 12 11 13 12 14 15 13 14 12 13 11 11 21 10 37 29 44 41 44 44
 41 43 37 39 34 36 29 32 23 26 18 19 16 17 14 15 12 13 10 11  9  9  8  8
  7  7  8  7 16 11 21 20]"
2024-10-23 20:08:27.317908,"(-70.0, 10.0)","(4002, 2627)","[16  7 19 19 15 17 15 13 20 19 22 22 21 22 17 19 16 17 16 16 14 15 13 13
 12 12 11 11 10 10 11 11 10 11 10 10 12 11 12 12 12 12 11 11 10 10 10 10
 11 10 11 11 11 11 12 12 12 12 11 11 10 10  9 10  9  9 10  9 11 11 10 11
  9  9  9  9 19 16 21 20 19 20 13 14 18 18 17 17 29 17 46 39 52 49 51 51
 48 50 42 45 35 38 30 33 21 26 19 20 17 18 16 16 14 15 13 13 11 12 10 11
 10 10 10 10 15 10 15 16]"
2024-10-23 20:08:42.308565,"(-50.0, 10.0)","(188, 2629)","[16 10 18 18 15 16 15 13 20 19 22 22 21 22 17 19 16 17 16 16 14 15 13 13
 12 12 11 11 10 10 11 11 10 11 10 10 12 11 12 12 12 12 11 11 10 10 10 10
 11 10 11 11 11 11 12 12 12 12 11 11 10 10  9 10  9  9 10  9 11 11 14 11
 18 16 19 19 19 19 17 18 14 16 13 14 12 13 11 11 24 10 38 32 43 41 43 43
 41 42 36 39 29 33 24 26 18 21 16 17 15 16 13 14 11 12 10 11  9 10  9  9
  9  9 20 15 23 23 22 23]"
2024-10-23 20:08:57.299123,"(-30.0, 10.0)","(546, 2629)","[16 12 18 18 15 16 15 13 20 19 22 22 21 22 17 19 16 17 16 16 14 15 13 13
 12 12 11 11 10 10 11 11 10 11 10 10 12 11 12 12 12 12 11 11 10 10 10 10
 11 10 11 11 11 11 12 12 12 12 11 11 10 10  9 10 13  9 15 14 11 16 10 11
 25  9 39 34 40 40 38 40 32 35 27 30 24 25 20 21 27 19 42 35 49 47 49 49
 45 48 37 41 29 33 23 26 20 21 16 18 14 15 12 13 11 12 10 11 14 10 15 15
 10 15 15 13 18 17 17 18]"
2024-10-23 20:09:12.291790,"(-10.0, 10.0)","(833, 2629)","[17 16 18 18 15 17 15 13 20 19 22 22 21 22 17 19 16 17 16 16 14 15 13 13
 12 12 11 11 10 10 11 11 10 11 10 10 12 11 12 12 12 12 11 11 10 10 10 10
 11 10 11 11 11 11 12 12 12 12 11 11 10 10  9 10  9  9 16 13 25 20 37 32
 39 40 48 41 50 50 47 49 39 44 31 35 25 28 19 22 18 18 32 25 39 36 38 38
 33 36 26 29 20 21 18 19 16 17 14 15 12 13 11 11 11 12 10 11  9 10  9  9
  9  9  9  9  9  9  9  9]"
2024-10-23 20:09:27.277321,"(10.0, 10.0)","(1040, 2627)","[16  9 18 18 15 16 15 13 20 19 22 22 21 22 17 19 16 17 16 16 14 15 13 13
 12 12 11 11 10 10 11 11 10 11 10 10 12 11 12 12 12 12 11 11 10 10 10 10
 11 10 11 11 11 11 12 12 12 12 11 11 10 10  9 10  9  9 10  9 29 20 44 37
 51 49 56 54 56 57 52 55 44 48 36 40 28 32 21 25 19 20 18 18 29 25 28 29
 25 27 19 19 17 18 16 17 14 15 12 13 11 12 11 11 11 12 10 11 15 13 17 17
 16 17 10 10 10 10 10 10]"
2024-10-23 20:09:42.265588,"(30.0, 10.0)","(1202, 2626)","[24 26 23 24 19 21 16 15 20 19 22 22 21 22 17 19 16 17 16 16 14 15 13 13
 12 12 11 11 10 10 11 11 10 11 10 10 12 11 12 12 12 12 11 11 10 10 10 10
 11 10 11 11 11 11 12 12 12 12 11 11 10 10  9 10  9  9 10  9 32 20 48 41
 55 53 56 56 55 56 50 53 41 46 31 36 22 28 20 21 18 18 29 21 35 33 34 35
 30 33 25 27 19 20 16 18 14 15 12 13 11 12 11 11 11 12 10 11  9  9  9  9
  9  9  9  9  9  9  9  9]"
2024-10-23 20:09:57.250367,"(50.0, 10.0)","(1344, 2628)","[16 10 18 18 15 17 15 13 20 19 22 22 21 22 17 19 16 17 16 16 14 15 13 13
 12 12 11 11 10 10 11 11 10 11 10 10 12 11 12 12 12 12 11 11 10 10 10 10
 11 10 11 11 11 11 12 12 12 12 11 11 10 10  9 10  9  9 10  9 15 11 29 20
 45 39 52 50 51 52 47 49 42 45 35 39 28 31 24 26 29 22 42 35 47 45 46 47
 40 44 32 36 24 28 20 22 17 19 14 16 12 13 12 12 11 12 10 11  8  9  8  8
  8  8  8  8  9  9  9  9]"
2024-10-23 20:10:12.235870,"(70.0, 10.0)","(1490, 2628)","[16 10 18 19 15 17 15 13 20 19 22 22 21 22 17 19 16 17 16 16 14 15 13 13
 12 12 11 11 10 10 11 11 10 11 10 10 12 11 12 12 12 12 11 11 10 10 10 10
 11 10 11 11 11 11 12 12 12 12 11 11 10 10  9 10  9  9 10  9 11 11 20 11
 31 27 34 33 33 34 32 33 31 32 25 28 20 23 14 19 28 14 43 36 48 46 46 47
 41 45 33 37 22 29 21 21 18 19 15 17 13 14 12 12 11 12 10 11  9 10  9  9
  8  8  8  8  9  9  9  9]"
2024-10-23 20:10:27.223630,"(90.0, 10.0)","(1658, 2628)","[16  9 18 18 15 17 15 13 20 19 22 22 21 22 17 19 16 17 16 16 14 15 13 13
 12 12 11 11 10 10 11 11 10 11 10 10 12 11 12 12 12 12 11 11 10 10 10 10
 11 10 11 11 11 11 12 12 12 12 11 11 10 10  9 10  9  9 10  9 11 11 10 11
 17  9 21 19 24 23 25 25 23 24 19 21 12 18 11 11 11 11 23 17 33 29 35 35
 32 34 26 29 21 23 15 19 14 15 12 13 11 11 11 11 11 12 10 11  8  9  8  8
  7  8  8  7  9  9  9  9]"
2024-10-23 20:11:01.605176,"(-70.0, -10.0)","(4002, 2854)","[16 10 18 18 15 17 15 13 20 19 22 22 21 22 17 19 16 17 16 16 14 15 13 13
 12 12 11 11 10 10 11 11 10 11 10 10 12 11 12 12 12 12 11 11 10 10 10 10
 11 10 11 11 11 11 12 12 12 12 11 11 10 10  9 10  9  9 10  9 11 11 10 11
  9  9  9  9 12 11 13 12 14 15 13 14 12 13 14 11 23 16 37 29 46 42 48 47
 45 47 37 41 29 33 24 26 17 22 15 17 13 14 12 13 11 12 10 11 10 10  9  9
  9  9  8  8  9  9  9  9]"
2024-10-23 20:11:17.613617,"(-50.0, -10.0)","(187, 2853)","[16  7 18 18 15 17 15 13 20 19 22 22 21 22 17 19 16 17 16 16 14 15 13 13
 12 12 11 11 10 10 11 11 10 11 10 10 12 11 12 12 12 12 11 11 10 10 10 10
 11 10 11 11 11 11 12 12 12 12 11 11 10 10  9 10  9  9 10  9 11 11 10 11
  9  9  9  9 12 11 13 12 14 15 13 14 22 19 23 23 30 22 49 39 59 55 61 61
 58 60 51 55 45 48 40 42 36 38 30 33 24 25 22 23 19 20 17 18 15 16 13 14
 12 12 10 11  9 10  9  9]"
2024-10-23 20:11:32.599819,"(-30.0, -10.0)","(546, 2854)","[17 16 18 18 15 16 15 13 20 19 22 22 21 22 17 19 16 17 16 16 14 15 13 13
 12 12 11 11 10 10 11 11 10 11 10 10 12 11 12 12 12 12 11 11 10 10 10 10
 11 10 11 11 11 11 12 12 12 12 11 11 10 10  9 10  9  9 10  9 11 11 10 11
  9  9 24 16 29 27 29 29 27 29 27 26 32 29 33 33 32 33 45 35 57 52 59 59
 57 59 50 54 44 47 40 42 36 39 30 33 26 27 23 25 20 22 17 19 15 16 13 14
 12 13 12 12 11 11 11 11]"
2024-10-23 20:11:47.588331,"(-10.0, -10.0)","(835, 52009)","[16 10 18 18 15 16 15 13 20 19 22 22 21 22 17 19 16 17 16 16 14 15 13 13
 12 12 11 11 10 10 11 11 10 11 10 10 12 11 12 12 12 12 11 11 10 10 10 10
 11 10 11 11 11 11 12 12 12 12 11 11 10 10  9 10  9  9 10  9 11 11 10 11
  9  9 18 14 25 22 28 28 38 28 54 46 60 58 60 60 58 59 55 56 53 54 52 53
 51 52 47 49 44 46 43 43 42 42 40 41 38 39 31 37 29 31 25 27 22 24 20 21
 17 18 14 16 12 13 18 13]"
2024-10-23 20:12:02.574016,"(10.0, -10.0)","(1041, 52223)","[16 12 18 18 15 16 16 14 20 19 22 22 21 22 17 19 16 17 16 16 14 15 13 13
 12 12 11 11 10 10 11 11 10 11 10 10 12 11 12 12 12 12 11 11 10 10 10 10
 11 10 11 11 11 11 12 12 12 12 11 11 10 10  9 10  9  9 10  9 11 11 10 11
  9  9  9  9 12 11 13 12 29 15 44 37 53 49 54 54 51 53 48 49 48 48 51 50
 50 51 42 47 39 40 40 40 41 41 40 41 39 40 34 37 28 32 26 27 23 25 20 22
 18 19 16 17 14 15 13 13]"
2024-10-23 20:12:17.559546,"(30.0, -10.0)","(1202, 5600)","[16  4 18 18 15 16 15 13 20 19 22 22 21 22 17 19 16 17 16 16 14 15 13 13
 12 12 11 11 10 10 11 11 10 11 10 10 12 11 12 12 12 12 11 11 10 10 10 10
 11 10 11 11 11 11 12 12 12 12 11 11 10 10  9 10  9  9 10  9 11 11 10 11
  9  9  9  9 12 11 16 12 27 23 35 32 39 37 42 41 42 43 39 41 45 41 48 48
 45 48 42 43 41 42 40 40 38 39 36 37 33 34 26 31 25 26 23 24 23 23 22 23
 20 21 18 19 16 17 15 16]"
2024-10-23 20:12:33.047355,"(50.0, -10.0)","(1343, 2853)","[16  9 18 18 15 16 15 13 20 19 22 22 21 22 17 19 16 17 16 16 14 15 13 13
 12 12 11 11 10 10 11 11 10 11 10 10 12 11 12 12 12 12 11 11 10 10 10 10
 11 10 11 11 11 11 12 12 12 12 11 11 10 10  9 10  9  9 10  9 11 11 10 11
  9  9 15 13 18 17 21 20 25 23 25 25 23 24 22 22 26 24 26 27 41 33 45 44
 42 44 35 39 30 32 28 29 25 27 20 20 19 19 17 18 16 17 16 16 14 15 13 14
 12 13 12 12 11 11 10 11]"
2024-10-23 20:12:48.129195,"(70.0, -10.0)","(1489, 2854)","[16  6 18 18 15 16 15 13 20 19 22 22 21 22 17 19 16 17 16 16 14 15 13 13
 12 12 11 11 10 10 11 11 10 11 10 10 12 11 12 12 12 12 11 11 10 10 10 10
 11 10 11 11 11 11 12 12 12 12 11 11 10 10  9 10  9  9 10  9 11 11 10 11
 13  9 15 14 12 15 13 12 14 15 13 14 12 13 11 11 10 10 20 14 38 29 43 42
 43 44 39 41 33 36 27 30 22 24 17 17 16 16 14 15 13 13 12 12 12 12 11 12
  9 10 16 12 28 23 32 31]"
2024-10-23 20:13:22.505737,"(-90.0, 13.33)","(3748, 2589)","[19 22 18 19 15 16 15 13 20 19 22 22 21 22 17 19 16 17 16 16 14 15 13 13
 12 12 11 11 10 10 11 11 10 11 10 10 12 11 12 12 12 12 11 11 10 10 10 10
 11 10 11 11 11 11 12 12 12 12 11 11 10 10  9 10  9  9 10  9 18 15 18 18
 16 17 15 15 12 14 13 12 14 15 13 14 12 13 13 11 25 17 45 35 60 53 65 63
 63 64 59 62 53 56 44 49 36 40 28 32 24 25 23 23 21 22 18 19 16 17 14 15
 13 13 12 12 21 17 23 23]"
2024-10-23 20:13:36.676881,"(-75.0, 13.33)","(3930, 2587)","[18 19 18 18 15 16 15 13 20 19 22 22 21 22 17 19 16 17 16 16 14 15 13 13
 12 12 11 11 10 10 11 11 10 11 10 10 12 11 12 12 12 12 11 11 10 10 10 10
 11 10 11 11 11 11 12 12 12 12 11 11 10 10 14 10 15 15 15 15 11 11 10 11
  9  9  9  9 12 11 13 12 14 15 13 14 12 13 18 11 31 24 46 39 59 53 63 62
 62 63 57 60 49 53 41 45 33 37 26 29 22 23 20 21 18 19 16 17 14 15 12 13
 11 12 11 11 18 15 23 22]"
2024-10-23 20:13:50.840340,"(-60.0, 13.33)","(58, 2589)","[22 24 20 21 15 18 15 14 20 19 22 22 21 22 17 19 16 17 16 16 14 15 13 13
 12 12 11 11 10 10 11 11 10 11 10 10 12 11 12 12 12 12 11 11 10 10 10 10
 11 10 11 11 11 11 12 12 12 12 11 11 10 10  9 10  9  9 10  9 11 11 10 11
 14  9 13 14 12 11 13 12 14 15 13 14 12 13 18 11 30 21 47 39 55 52 56 56
 54 56 49 52 42 46 36 39 29 33 22 23 21 22 19 20 18 19 17 18 16 16 15 15
 14 14 13 13 24 18 31 29]"
2024-10-23 20:14:05.009419,"(-45.0, 13.33)","(292, 2588)","[22 23 21 22 17 19 15 14 20 19 22 22 21 22 17 19 16 17 16 16 14 15 13 13
 12 12 11 11 10 10 11 11 10 11 10 10 12 11 12 12 12 12 11 11 10 10 10 10
 11 10 11 11 11 11 12 12 12 12 11 11 10 10  9 10  9  9 10  9 11 11 10 11
  9  9 15 14 12 15 13 12 14 15 13 14 12 13 11 11 23 10 43 34 54 49 56 55
 53 55 46 50 37 41 30 33 25 27 20 21 18 19 17 18 16 17 15 16 14 15 14 14
 13 14 13 13 25 20 28 27]"
2024-10-23 20:14:19.178855,"(-30.0, 13.33)","(547, 2587)","[16 11 18 19 15 17 15 13 20 19 22 22 21 22 17 19 16 17 16 16 14 15 13 13
 12 12 11 11 10 10 11 11 10 11 10 10 12 11 12 12 12 12 11 11 10 10 10 10
 11 10 11 11 11 11 12 12 12 12 11 11 10 10  9 10  9  9 10  9 11 11 10 11
  9  9 16 13 17 17 13 16 14 15 13 14 12 13 11 11 21 10 40 29 51 46 54 53
 52 54 46 50 37 41 29 33 24 26 19 20 17 18 15 16 14 14 12 13 12 12 12 12
 11 12 11 11 11 11 11 11]"
2024-10-23 20:14:33.348803,"(-15.0, 13.33)","(771, 2588)","[18 18 18 19 15 17 15 13 20 19 22 22 21 22 17 19 17 17 19 18 18 19 14 16
 12 12 11 11 10 10 11 11 10 11 10 10 12 11 12 12 12 12 11 11 10 10 10 10
 11 10 11 11 11 11 12 12 12 12 11 11 10 10  9 10  9  9 10  9 11 11 18 11
 36 28 46 42 46 47 44 45 37 41 29 32 23 25 18 21 23 18 40 30 52 47 55 54
 53 55 48 51 38 43 30 34 25 27 21 23 18 20 17 17 17 17 15 16 14 15 13 14
 12 13 12 12 11 12 11 11]"
2024-10-23 20:14:47.536111,"(0.0, 13.33)","(944, 2589)","[18 20 18 19 15 17 15 13 20 19 22 22 21 22 17 19 19 17 20 20 18 20 14 16
 12 12 11 11 10 10 11 11 10 11 10 10 12 11 12 12 12 12 11 11 10 10 10 10
 11 10 11 11 11 11 12 12 12 12 11 11 10 10  9 10  9  9 10  9 13 11 22 15
 40 31 51 47 53 53 50 52 42 47 33 37 27 30 19 24 19 19 38 26 50 45 53 52
 51 53 44 48 35 40 26 31 23 25 20 21 17 18 15 16 14 15 13 14 12 13 12 12
 11 12 10 11  9 10  9  9]"
2024-10-23 20:15:01.710093,"(15.0, 13.33)","(1086, 2589)","[16 11 18 19 15 17 15 13 20 19 22 22 21 22 17 19 16 17 16 16 14 15 13 13
 12 12 11 11 10 10 11 11 10 11 10 10 12 11 12 12 12 12 11 11 10 10 10 10
 11 10 11 11 11 11 12 12 12 12 11 11 10 10  9 10  9  9 10  9 11 11 21 15
 32 27 39 36 39 40 35 37 31 33 26 29 22 24 15 20 23 15 39 30 49 45 50 50
 47 50 40 44 32 36 23 29 21 22 18 19 15 16 12 13 11 12 10 11  8  9  8  8
  8  8  8  8  9  9  9  9]"
2024-10-23 20:15:15.883639,"(30.0, 13.33)","(1202, 2589)","[17 15 18 19 15 17 15 13 20 19 22 22 21 22 17 19 16 17 16 16 14 15 13 13
 12 12 11 11 10 10 11 11 10 11 10 10 12 11 12 12 12 12 11 11 10 10 10 10
 11 10 11 11 11 11 12 12 12 12 11 11 10 10  9 10  9  9 10  9 12 11 22 16
 32 28 38 36 38 38 33 36 27 29 22 24 14 19 14 14 22 14 36 29 44 41 44 44
 40 43 32 36 25 29 20 23 17 19 14 15 12 13 11 11 11 12 10 11  8  9  7  8
  7  7  8  7  9  9  9  9]"
2024-10-23 20:15:30.054964,"(45.0, 13.33)","(1309, 2588)","[16  7 18 19 15 17 15 13 20 19 22 22 21 22 17 19 16 17 16 16 14 15 13 13
 12 12 11 11 10 10 11 11 10 11 10 10 12 11 12 12 12 12 11 11 10 10 10 10
 11 10 11 11 11 11 12 12 12 12 11 11 10 10  9 10  9  9 10  9 11 11 13 11
 29 22 38 35 39 39 35 38 29 31 23 26 20 21 14 18 25 14 40 33 46 44 46 46
 41 44 32 37 21 28 20 21 18 20 16 17 13 15 12 12 11 12 10 11  8  9  7  8
  7  7  8  7  9  9  9  9]"
2024-10-23 20:15:44.228137,"(60.0, 13.33)","(1414, 2590)","[16 13 18 19 15 17 15 13 20 19 22 22 21 22 17 19 16 17 16 16 14 15 13 13
 12 12 11 11 10 10 11 11 10 11 10 10 12 11 12 12 12 12 11 11 10 10 10 10
 11 10 11 11 11 11 12 12 12 12 11 11 10 10  9 10  9  9 10  9 11 11 10 11
 14  9 18 17 17 17 13 16 14 15 13 14 12 13 11 11 23 10 40 32 47 44 47 47
 43 46 36 40 28 32 23 25 17 21 15 16 12 13 11 11 11 12 10 11  8  9  7  8
  7  7  8  7  9  9  9  9]"
2024-10-23 20:15:58.400694,"(75.0, 13.33)","(1528, 2588)","[16 10 18 19 15 17 15 13 20 19 22 22 21 22 17 19 16 17 16 16 14 15 13 13
 12 12 11 11 10 10 11 11 10 11 10 10 12 11 12 12 12 12 11 11 10 10 10 10
 11 10 11 11 11 11 12 12 12 12 11 11 10 10  9 10  9  9 10  9 11 11 10 11
  9  9  9  9 12 11 13 12 14 15 13 14 12 13 11 11 20 10 35 27 43 40 43 44
 39 42 32 36 25 28 21 23 16 20 15 16 13 14 12 13 11 12 10 11  9  9  8  8
  7  7  8  7  9  9  9  9]"
2024-10-23 20:16:12.573297,"(90.0, 13.33)","(1656, 2590)","[16 13 18 19 15 17 15 13 20 19 22 22 21 22 17 19 16 17 16 16 14 15 13 13
 12 12 11 11 10 10 11 11 10 11 10 10 12 11 12 12 12 12 11 11 10 10 10 10
 11 10 11 11 11 11 12 12 12 12 11 11 10 10  9 10  9  9 10  9 11 11 10 11
  9  9  9  9 12 11 13 12 14 15 13 14 12 13 11 11 19 10 37 28 46 42 47 47
 43 46 35 40 27 31 22 25 17 20 15 16 14 14 13 13 12 12 10 11  9  9  8  8
  8  8  8  8  9  9  9  9]"
2024-10-23 20:16:47.789810,"(-75.0, -13.33)","(3930, 52047)","[16 10 18 19 15 17 15 14 20 19 22 22 21 22 17 19 16 17 16 16 14 15 13 13
 12 12 11 11 10 10 11 11 10 11 10 10 12 11 12 12 12 12 11 11 10 10 10 10
 11 10 11 11 11 11 12 12 12 12 11 11 10 10  9 10  9  9 10  9 11 11 10 11
  9  9  9  9 12 11 13 12 14 15 13 14 12 13 11 11 10 10 17 13 28 23 30 30
 29 30 26 27 21 23 18 19 13 17 12 12 11 11 11 11 11 12 10 11  9  9  9  9
  9  9  9  9  9  9  9  9]"
2024-10-23 20:17:01.966415,"(-60.0, -13.33)","(64, 52047)","[16  6 18 19 15 17 15 13 20 19 22 22 21 22 17 19 16 17 16 16 14 15 13 13
 12 12 11 11 10 10 11 11 10 11 10 10 12 11 12 12 12 12 11 11 10 10 10 10
 11 10 11 11 11 11 12 12 12 12 11 11 10 10  9 10  9  9 10  9 11 11 10 11
  9  9  9  9 12 11 13 12 14 15 13 14 12 13 11 11 10 10 19 14 29 24 35 32
 37 37 35 36 30 32 25 27 24 25 23 24 20 22 15 18 14 14 12 13 12 12 12 12
 12 12 11 11 10 10  9  9]"
2024-10-23 20:17:16.146285,"(-45.0, -13.33)","(312, 52042)","[21 22 21 21 16 18 15 14 20 19 22 22 21 22 17 19 16 17 16 16 14 15 13 13
 12 12 11 11 10 10 11 11 10 11 10 10 12 11 12 12 12 12 11 11 10 10 10 10
 11 10 11 11 11 11 12 12 12 12 11 11 10 10  9 10  9  9 10  9 11 11 10 11
  9  9  9  9 12 11 13 12 14 15 13 14 28 22 31 31 30 31 33 30 46 39 52 50
 53 54 50 52 44 47 38 40 35 36 32 34 24 30 23 24 20 21 18 19 16 17 14 15
 13 13 12 12 12 12 10 11]"
2024-10-23 20:17:30.319874,"(-30.0, -13.33)","(547, 2891)","[18 17 18 19 15 17 15 14 20 19 22 22 21 22 17 19 16 17 16 16 14 15 13 13
 12 12 11 11 10 10 11 11 10 11 10 10 12 11 12 12 12 12 11 11 10 10 10 10
 11 10 11 11 11 11 12 12 12 12 11 11 10 10  9 10  9  9 10  9 14 11 17 16
 18 18 16 17 12 15 13 12 14 15 13 14 27 20 32 31 32 32 36 33 48 42 54 52
 53 54 49 52 46 47 41 44 37 39 34 36 31 33 25 29 23 25 21 22 19 20 18 19
 16 17 14 15 13 14 11 12]"
2024-10-23 20:17:44.596437,"(-15.0, -13.33)","(770, 2890)","[20 19 21 21 17 19 16 15 20 19 22 22 21 22 17 19 16 17 16 16 14 15 13 13
 12 12 11 11 10 10 11 11 10 11 10 10 12 11 12 12 12 12 11 11 10 10 10 10
 11 10 11 11 11 11 12 12 12 12 11 11 10 10  9 10  9  9 10  9 18 14 25 22
 26 27 25 26 24 24 29 25 38 34 40 40 44 42 45 45 44 45 41 42 39 40 40 39
 39 40 36 38 33 34 32 32 31 31 30 30 25 25 24 25 22 23 20 21 19 20 17 18
 16 17 15 16 15 15 14 15]"
2024-10-23 20:17:58.874963,"(0.0, -13.33)","(945, 2889)","[18 17 20 20 18 19 17 16 20 19 22 22 21 22 17 19 16 17 16 16 14 15 13 13
 12 12 11 11 10 10 11 11 10 11 10 10 12 11 12 12 12 12 11 11 10 10 10 10
 11 10 11 11 11 11 12 12 12 12 11 11 10 10  9 10  9  9 10  9 11 11 12 11
 16 14 19 18 24 21 39 32 51 47 55 54 55 55 54 54 50 53 45 48 43 44 46 45
 46 46 41 44 35 38 27 32 27 27 27 27 26 26 27 25 35 31 38 38 37 37 35 36
 32 33 26 27 23 25 20 21]"
2024-10-23 20:18:13.047702,"(15.0, -13.33)","(1085, 2890)","[22 24 21 22 17 19 15 14 20 19 22 22 21 22 17 19 16 17 16 16 14 15 13 13
 12 12 11 11 10 10 11 11 10 11 10 10 12 11 12 12 12 12 11 11 10 10 10 10
 11 10 11 11 11 11 12 12 12 12 11 11 10 10  9 10  9  9 15 13 11 15 10 11
 15  9 15 15 17 16 21 17 37 29 47 43 49 49 50 50 49 50 45 47 43 44 45 44
 46 47 44 45 39 41 34 36 30 32 26 26 25 25 24 24 29 24 30 31 24 30 24 24
 24 24 23 24 20 21 18 19]"
2024-10-23 20:18:27.220517,"(30.0, -13.33)","(1202, 2890)","[17 14 18 19 15 17 15 14 20 19 22 22 21 22 17 19 16 17 16 16 14 15 13 13
 12 12 11 11 10 10 11 11 10 11 10 10 12 11 12 12 12 12 11 11 10 10 10 10
 11 10 11 11 11 11 12 12 12 12 11 11 10 10  9 10  9  9 10  9 11 11 10 11
  9  9  9  9 18 16 23 18 35 29 44 40 45 45 45 45 41 44 40 40 47 44 50 49
 50 50 48 49 45 46 41 44 37 39 33 35 28 28 27 28 27 27 27 27 27 27 28 28
 28 28 27 28 25 26 24 25]"
2024-10-23 20:18:41.395405,"(45.0, -13.33)","(1309, 2890)","[17  9 18 19 15 17 15 14 20 19 22 22 21 22 17 19 16 17 16 16 14 15 13 13
 12 12 11 11 10 10 11 11 10 11 10 10 12 11 12 12 12 12 11 11 10 10 10 10
 11 10 11 11 11 11 12 12 12 12 11 11 10 10  9 10  9  9 10  9 11 11 10 11
 14  9 17 15 17 17 22 17 35 30 41 40 41 42 40 41 37 39 31 34 29 30 34 31
 40 40 39 40 33 37 28 31 22 26 20 21 18 19 24 18 30 28 29 30 27 28 24 26
 20 23 18 19 16 17 15 15]"
2024-10-23 20:18:55.571894,"(60.0, -13.33)","(1415, 2890)","[17  9 18 19 15 17 15 14 20 19 22 22 21 22 17 19 16 17 16 16 14 15 13 13
 12 12 11 11 10 10 11 11 10 11 10 10 12 11 12 12 12 12 11 11 10 10 10 10
 11 10 11 11 11 11 12 12 12 12 11 11 10 10  9 10  9  9 10  9 11 11 10 11
  9  9  9  9 12 11 13 12 14 15 13 14 12 13 11 11 10 10 16 14 30 23 38 35
 39 39 38 39 34 36 29 32 26 27 24 25 17 23 23 17 26 25 26 26 24 25 19 23
 18 19 17 18 15 16 14 15]"
2024-10-23 20:19:09.748916,"(75.0, -13.33)","(1528, 2890)","[17  6 18 19 15 17 15 14 20 19 22 22 21 22 17 19 16 17 16 16 14 15 13 13
 12 12 11 11 10 10 11 11 10 11 10 10 12 11 12 12 12 12 11 11 10 10 10 10
 11 10 11 11 11 11 12 12 12 12 11 11 10 10  9 10  9  9 10  9 11 11 10 11
  9  9  9  9 12 11 13 12 14 15 13 14 12 13 11 11 16 10 24 20 37 30 47 43
 49 50 47 49 42 45 35 38 29 32 25 27 20 25 20 20 20 20 20 20 20 20 19 20
 17 18 16 16 28 22 31 30]"
2024-10-23 20:19:44.942740,"(-90.0, 16.66)","(3749, 2553)","[21 23 19 20 15 17 15 14 20 19 22 22 21 22 17 19 16 17 16 16 14 15 13 13
 12 12 11 11 10 10 11 11 10 11 10 10 12 11 12 12 12 12 11 11 10 10 10 10
 11 10 11 11 11 11 12 12 12 12 11 11 10 10  9 10  9  9 10  9 11 11 10 11
  9  9  9  9 12 11 13 12 14 15 13 14 14 13 29 21 44 38 55 49 63 60 64 64
 62 63 58 60 52 55 44 48 37 41 30 34 25 27 23 24 20 22 18 19 16 17 16 16
 14 15 13 13 12 12 11 12]"
2024-10-23 20:19:58.714466,"(-78.0, 16.66)","(3891, 2552)","[22 25 21 22 19 20 18 17 20 19 22 22 21 22 17 19 16 17 16 16 14 15 13 13
 12 12 11 11 10 10 11 11 10 11 10 10 12 11 12 12 12 12 11 11 10 10 10 10
 11 10 11 11 11 11 12 12 12 12 11 11 10 10  9 10  9  9 10  9 11 11 10 11
  9  9  9  9 12 11 13 12 14 15 13 14 23 16 32 26 46 40 58 52 65 62 66 65
 65 65 62 64 55 59 47 51 38 43 31 34 27 28 23 25 20 22 17 18 15 16 15 15
 14 15 13 14 12 12 10 11]"
2024-10-23 20:20:12.484154,"(-66.0, 16.66)","(4066, 2552)","[18 14 22 21 21 22 18 19 20 19 22 22 21 22 17 19 16 17 16 16 14 15 13 13
 12 12 11 11 10 10 11 11 10 11 10 10 12 11 12 12 12 12 11 11 10 10 10 10
 11 10 11 11 11 11 12 12 12 12 11 11 22 14 34 29 37 37 36 37 31 34 25 28
 21 23 18 19 14 14 14 13 14 15 13 14 15 13 36 27 46 43 47 48 52 49 54 53
 52 53 49 51 43 47 35 39 27 31 23 24 19 21 17 18 14 15 13 13 13 13 13 13
 13 13 19 17 25 23 25 26]"
2024-10-23 20:20:26.252681,"(-54.0, 16.66)","(129, 2552)","[18 16 19 19 15 17 15 14 20 19 22 22 21 22 17 19 16 17 16 16 14 15 13 13
 12 12 11 11 10 10 11 11 10 11 10 10 12 11 12 12 12 12 11 11 10 10 10 10
 11 10 11 11 11 11 12 12 12 12 11 11 23 15 37 31 40 40 39 40 33 36 27 30
 23 24 20 21 14 18 14 14 14 15 13 14 15 13 27 21 33 32 44 36 55 50 56 56
 54 56 47 51 38 42 30 33 23 27 20 22 17 19 15 16 13 14 11 12 11 11 11 11
 11 11 17 14 24 21 23 24]"
2024-10-23 20:20:40.024650,"(-42.0, 16.66)","(335, 2553)","[17 12 19 19 16 17 15 14 20 19 22 22 21 22 17 19 16 17 16 16 14 15 13 13
 12 12 11 11 10 10 11 11 10 11 10 10 12 11 12 12 12 12 11 11 10 10 10 10
 11 10 11 11 11 11 12 12 12 12 11 11 10 10  9 10 14  9 14 14 11 11 10 11
  9  9  9  9 12 11 13 12 14 15 13 14 12 13 17 11 21 19 39 27 53 47 56 55
 55 56 49 52 39 44 31 35 26 28 20 21 18 19 15 16 13 14 11 12 10 11  9  9
  9  9  9  9  9  9 13  9]"
2024-10-23 20:20:53.794459,"(-30.0, 16.66)","(546, 2552)","[17 11 19 19 15 17 15 14 20 19 22 22 21 22 17 19 16 17 16 16 14 15 13 13
 12 12 11 11 10 10 11 11 10 11 10 10 12 11 12 12 12 12 11 11 10 10 10 10
 11 10 11 11 11 11 12 12 12 12 11 11 10 10  9 10 14  9 16 15 11 16 10 11
  9  9  9  9 12 11 13 12 14 15 13 14 12 13 11 11 18 10 37 26 52 45 57 56
 57 57 52 55 43 48 35 38 29 31 24 27 20 21 17 19 15 16 13 13 11 12 10 11
  9 10  9  9  9  9 13  9]"
2024-10-23 20:21:07.565479,"(-18.0, 16.66)","(727, 2552)","[17  9 18 19 15 17 15 14 20 19 22 22 21 22 17 19 16 17 16 16 14 15 13 13
 12 12 11 11 10 10 11 11 10 11 10 10 12 11 12 12 12 12 11 11 10 10 10 10
 11 10 11 11 11 11 12 12 12 12 11 11 10 10  9 10  9  9 10  9 11 11 10 11
  9  9  9  9 12 11 13 12 14 15 13 14 12 13 15 11 24 19 41 31 56 49 61 59
 60 61 55 58 47 51 37 42 29 32 22 22 19 21 16 18 13 14 11 12 10 11  9  9
  8  8  8  8  9  9  9  9]"
2024-10-23 20:21:21.333444,"(-6.0, 16.66)","(880, 2553)","[18 19 18 19 15 17 15 14 20 19 22 22 21 22 17 19 16 17 16 16 14 15 13 13
 12 12 11 11 10 10 11 11 10 11 10 10 12 11 12 12 12 12 11 11 10 10 10 10
 11 10 11 11 11 11 12 12 12 12 11 11 10 10  9 10 12  9 15 14 11 11 10 11
  9  9  9  9 12 11 13 12 14 15 13 14 12 13 11 11 17 10 38 25 52 46 57 55
 56 57 51 54 43 47 34 38 26 30 20 21 18 19 16 17 14 15 13 14 12 13 12 12
 11 11 10 11  9 10  9  9]"
2024-10-23 20:21:35.101927,"(6.0, 16.66)","(1003, 2555)","[17 10 18 19 15 17 15 14 20 19 22 22 21 22 17 19 16 17 16 16 14 15 13 13
 12 12 11 11 10 10 11 11 10 11 10 10 12 11 12 12 12 12 11 11 10 10 10 10
 11 10 11 11 11 11 12 12 12 12 11 11 10 10  9 10  9  9 10  9 11 11 10 11
 13  9 18 15 18 18 13 17 14 15 13 14 12 13 11 11 17 10 35 24 48 43 51 50
 49 51 45 47 37 41 29 33 24 26 18 19 16 17 13 14 12 12 11 11 11 11 11 11
 10 11  9 10  9  9  9  9]"
2024-10-23 20:21:48.867211,"(18.0, 16.66)","(1109, 2553)","[17 10 18 19 15 17 15 14 20 19 22 22 21 22 17 19 16 17 16 16 14 15 13 13
 12 12 11 11 10 10 11 11 10 11 10 10 12 11 12 12 12 12 11 11 10 10 10 10
 11 10 11 11 11 11 12 12 12 12 11 11 10 10  9 10  9  9 10  9 11 11 10 11
 14  9 16 15 12 16 13 12 14 15 13 14 12 13 11 11 17 10 35 25 47 42 49 49
 47 49 40 44 31 35 26 28 22 23 17 18 16 16 14 15 13 13 11 12 10 11 10 10
 10 10  9  9  9  9  9  9]"
2024-10-23 20:22:02.636385,"(30.0, 16.66)","(1201, 2552)","[17  8 18 19 15 17 15 14 20 19 22 22 21 22 17 19 16 17 16 16 14 15 13 13
 12 12 11 11 10 10 11 11 10 11 10 10 12 11 12 12 12 12 11 11 10 10 10 10
 11 10 11 11 11 11 12 12 12 12 11 11 10 10  9 10  9  9 10  9 11 11 10 11
  9  9  9  9 12 11 13 12 14 15 13 14 12 13 11 11 10 10 26 16 40 34 44 43
 42 44 37 40 30 33 25 27 17 22 16 17 13 14 11 11 11 12 10 11  8  9  7  8
  7  7  8  7  9  9  9  9]"
2024-10-23 20:22:16.408892,"(42.0, 16.66)","(1287, 2552)","[17  6 19 19 15 17 15 14 20 19 22 22 21 22 17 19 16 17 16 16 14 15 13 13
 12 12 11 11 10 10 11 11 10 11 10 10 12 11 12 12 12 12 11 11 10 10 10 10
 11 10 11 11 11 11 12 12 12 12 11 11 10 10  9 10  9  9 10  9 11 11 10 11
  9  9  9  9 12 11 13 12 14 15 13 14 12 13 11 11 10 10 20 13 34 27 38 37
 37 38 32 35 26 29 21 23 14 19 14 14 13 14 12 13 11 12 10 11  9  9  8  8
  7  7  8  7  9  9  9  9]"
2024-10-23 20:22:30.176044,"(54.0, 16.66)","(1373, 2552)","[17  6 19 19 15 17 15 14 20 19 22 22 21 22 17 19 16 17 16 16 14 15 13 13
 12 12 11 11 10 10 11 11 10 11 10 10 12 11 12 12 12 12 11 11 10 10 10 10
 11 10 11 11 11 11 12 12 12 12 11 11 10 10  9 10  9  9 10  9 11 11 10 11
  9  9  9  9 12 11 13 12 14 15 13 14 12 13 11 11 10 10 23 13 38 31 42 41
 40 42 35 38 29 32 24 26 19 22 14 15 13 14 12 13 11 12 10 11  9  9  9  9
  8  8  8  8  9  9  9  9]"
2024-10-23 20:22:43.944072,"(66.0, 16.66)","(1462, 2552)","[17  9 19 19 15 17 15 14 20 19 22 22 21 22 17 19 16 17 16 16 14 15 13 13
 12 12 11 11 10 10 11 11 10 11 10 10 12 11 12 12 12 12 11 11 10 10 10 10
 11 10 11 11 11 11 12 12 12 12 11 11 10 10  9 10  9  9 10  9 11 11 10 11
  9  9  9  9 12 11 13 12 14 15 13 14 12 13 11 11 10 10 28 17 40 34 43 42
 41 42 34 38 27 30 22 25 16 20 14 15 13 14 12 12 11 12 10 11  8  9  8  8
  8  8  8  8  9  9  9  9]"
2024-10-23 20:22:57.712330,"(78.0, 16.66)","(1554, 2553)","[17  6 19 19 15 17 15 14 20 19 22 22 21 22 17 19 16 17 16 16 14 15 13 13
 12 12 11 11 10 10 11 11 10 11 10 10 12 11 12 12 12 12 11 11 10 10 10 10
 11 10 11 11 11 11 12 12 12 12 11 11 10 10  9 10  9  9 10  9 11 11 15 11
 14 14 13 14 12 11 13 12 14 15 13 14 12 13 11 11 10 10 21 13 35 29 39 38
 38 39 33 36 26 29 21 24 15 20 14 15 12 13 11 11 11 12 10 11  8  9  8  8
  7  8  8  7  9  9  9  9]"
2024-10-23 20:23:11.479774,"(90.0, 16.66)","(1658, 2553)","[17 11 19 19 15 17 15 14 20 19 22 22 21 22 17 19 16 17 16 16 14 15 13 13
 12 12 11 11 10 10 11 11 10 11 10 10 12 11 12 12 12 12 11 11 10 10 10 10
 11 10 11 11 11 11 12 12 12 12 11 11 10 10  9 10  9  9 10  9 11 11 10 11
  9  9  9  9 12 11 13 12 14 15 13 14 12 13 11 11 10 10 29 18 45 38 51 49
 51 52 47 50 37 42 29 33 23 26 18 19 14 16 12 13 11 12 10 11  8  9  8  8
  7  7  8  7  9  9  9  9]"
2024-10-23 20:23:47.078342,"(-78.0, -16.66)","(3892, 2925)","[17 12 19 19 15 17 15 14 20 19 22 22 21 22 17 19 16 17 16 16 14 15 13 13
 12 12 11 11 10 10 11 11 10 11 10 10 12 11 12 12 12 12 11 11 10 10 10 10
 11 10 11 11 11 11 12 12 12 12 11 11 10 10  9 10  9  9 10  9 11 11 10 11
 14  9 13 14 12 11 13 12 14 15 13 14 12 13 11 11 10 10 19 16 35 27 45 41
 47 48 46 47 39 43 32 35 27 29 22 25 18 18 16 17 14 15 12 13 11 12 10 11
  9  9  9  9  9  9  9  9]"
2024-10-23 20:24:00.847420,"(-66.0, -16.66)","(4066, 2924)","[17 14 19 19 15 17 15 14 20 19 22 22 21 22 17 19 16 17 16 16 14 15 13 13
 12 12 11 11 10 10 11 11 10 11 10 10 12 11 12 12 12 12 11 11 10 10 10 10
 11 10 11 11 11 11 12 12 12 12 11 11 10 10  9 10  9  9 10  9 11 11 10 11
  9  9  9  9 12 11 13 12 14 15 13 14 12 13 17 11 23 22 28 25 31 30 34 31
 39 39 36 38 33 34 28 31 24 25 22 23 17 17 15 16 13 14 11 12 10 11  9  9
  7  8  8  7  9  9  9  9]"
2024-10-23 20:24:14.614905,"(-54.0, -16.66)","(168, 2924)","[25 25 25 25 22 24 18 19 20 19 22 22 21 22 17 19 16 17 16 16 14 15 13 13
 12 12 11 11 10 10 11 11 10 11 10 10 12 11 12 12 12 12 11 11 10 10 10 10
 11 10 11 11 11 11 12 12 12 12 11 11 10 10  9 10  9  9 10  9 15 11 17 16
 16 17 14 15 12 11 13 12 14 15 13 14 12 13 16 15 24 16 37 31 45 41 51 48
 53 54 52 53 49 51 44 47 38 40 36 37 33 35 31 32 29 30 24 25 23 23 21 22
 18 19 16 17 14 15 12 13]"
2024-10-23 20:24:28.886394,"(-42.0, -16.66)","(362, 2925)","[17 15 19 20 18 19 17 16 20 19 22 22 21 22 17 19 16 17 16 16 14 15 13 13
 12 12 11 11 10 10 11 11 10 11 10 10 12 11 12 12 12 12 11 11 10 10 10 10
 11 10 11 11 11 11 12 12 12 12 11 11 10 10  9 10  9  9 10  9 11 11 15 11
 15 15 13 14 12 11 13 12 14 15 13 14 12 13 15 11 27 20 37 32 44 40 51 48
 54 54 52 53 47 49 44 46 41 43 38 40 34 36 31 32 24 29 22 23 20 21 19 20
 18 19 17 18 15 16 14 15]"
2024-10-23 20:24:42.654255,"(-30.0, -16.66)","(544, 2926)","[17 12 19 19 16 17 15 14 20 19 22 22 21 22 17 19 16 17 16 16 14 15 13 13
 12 12 11 11 10 10 11 11 10 11 10 10 12 11 12 12 12 12 11 11 10 10 10 10
 11 10 11 11 11 11 12 12 12 12 11 11 10 10  9 10  9  9 10  9 11 11 10 11
  9  9  9  9 12 11 13 12 14 15 13 14 12 13 21 17 29 26 30 30 32 30 36 34
 44 37 49 48 48 48 46 47 42 44 38 40 34 36 31 32 27 29 23 23 21 22 18 19
 15 17 13 14 11 12  9 10]"
2024-10-23 20:24:56.424658,"(-18.0, -16.66)","(727, 2925)","[17  9 19 19 16 17 15 14 20 19 22 22 21 22 17 19 16 17 16 16 14 15 13 13
 12 12 11 11 10 10 11 11 10 11 10 10 12 11 12 12 12 12 11 11 10 10 10 10
 11 10 11 11 11 11 12 12 12 12 11 11 10 10  9 10  9  9 10  9 25 20 29 28
 28 29 26 27 25 26 25 25 27 25 31 29 33 32 35 34 34 35 32 33 34 33 42 38
 49 47 50 50 47 48 42 44 39 40 36 37 27 34 25 26 22 23 19 20 17 18 16 16
 14 15 12 13 11 11 10 10]"
2024-10-23 20:25:10.193490,"(-6.0, -16.66)","(879, 2924)","[17 10 19 19 16 17 15 14 20 19 22 22 21 22 17 19 16 17 16 16 14 15 13 13
 12 12 11 11 10 10 11 11 10 11 10 10 12 11 12 12 12 12 11 11 10 10 10 10
 11 10 11 11 11 11 12 12 12 12 11 11 10 10  9 10  9  9 17 12 27 22 31 30
 30 31 30 30 31 29 44 37 54 50 59 58 59 60 57 58 53 55 45 49 41 43 43 41
 46 46 46 46 43 45 38 41 30 34 27 28 25 26 23 24 21 21 19 20 19 18 27 23
 31 31 31 32 30 31 27 28]"
2024-10-23 20:25:23.966855,"(6.0, -16.66)","(1002, 2925)","[18 18 19 19 16 18 15 14 20 19 22 22 21 22 17 19 16 17 16 16 14 15 13 13
 12 12 11 11 10 10 11 11 10 11 10 10 12 11 12 12 12 12 11 11 10 10 10 10
 11 10 11 11 11 11 12 12 12 12 11 11 10 10  9 10  9  9 10  9 11 11 10 11
 14  9 15 14 26 20 37 32 46 41 54 50 54 54 52 54 48 51 41 45 35 38 34 35
 33 34 35 33 33 34 25 30 24 25 23 24 22 22 21 21 25 20 27 27 26 26 36 31
 40 40 41 41 40 40 37 39]"
2024-10-23 20:25:37.735949,"(18.0, -16.66)","(1108, 2925)","[19 17 20 21 16 18 15 14 20 19 22 22 21 22 17 19 16 17 16 16 14 15 13 13
 12 12 11 11 10 10 11 11 10 11 10 10 12 11 12 12 12 12 11 11 10 10 10 10
 11 10 11 11 11 11 12 12 12 12 11 11 10 10  9 10  9  9 10  9 11 11 10 11
  9  9  9  9 12 11 23 12 41 34 50 46 50 50 48 49 44 46 41 42 37 39 34 35
 35 32 38 37 37 38 32 35 28 29 24 24 23 23 23 23 23 23 22 23 22 22 22 22
 22 22 28 27 28 28 23 27]"
2024-10-23 20:25:51.502252,"(30.0, -16.66)","(1201, 2923)","[17 15 19 19 16 17 16 15 20 19 22 22 21 22 17 19 16 17 16 16 14 15 13 13
 12 12 11 11 10 10 11 11 10 11 10 10 12 11 12 12 12 12 11 11 10 10 10 10
 11 10 11 11 11 11 12 12 12 12 11 11 10 10  9 10  9  9 10  9 11 11 19 16
 20 20 18 19 24 21 26 24 34 28 41 38 43 42 45 44 46 45 45 46 44 45 43 43
 44 43 45 45 44 44 39 42 34 35 32 33 26 27 25 25 24 24 29 28 30 30 24 29
 23 24 22 23 21 21 20 20]"
2024-10-23 20:26:05.269742,"(42.0, -16.66)","(1287, 2924)","[17  7 19 19 16 17 15 14 20 19 22 22 21 22 17 19 16 17 16 16 14 15 13 13
 12 12 11 11 10 10 11 11 10 11 10 10 12 11 12 12 12 12 11 11 10 10 10 10
 11 10 11 11 11 11 12 12 12 12 11 11 10 10  9 10  9  9 10  9 11 11 16 11
 17 18 16 17 12 15 13 12 14 15 13 14 12 13 11 11 16 10 18 17 19 18 30 23
 41 37 45 44 44 45 38 42 30 33 25 27 19 23 18 18 25 18 28 27 28 28 25 27
 19 22 17 18 15 16 14 15]"
2024-10-23 20:26:19.039897,"(54.0, -16.66)","(1373, 2924)","[17 10 19 19 16 17 15 14 20 19 22 22 21 22 17 19 16 17 16 16 14 15 13 13
 12 12 11 11 10 10 11 11 10 11 10 10 12 11 12 12 12 12 11 11 10 10 10 10
 11 10 11 11 11 11 12 12 12 12 11 11 10 10  9 10  9  9 10  9 11 11 10 11
  9  9  9  9 12 11 13 12 14 15 13 14 12 13 15 11 22 17 27 25 28 28 36 31
 47 43 49 49 47 48 41 45 34 37 30 32 28 29 31 28 37 35 38 38 35 36 30 33
 23 27 21 22 18 19 16 17]"
2024-10-23 20:26:32.805980,"(66.0, -16.66)","(1461, 2925)","[17 13 19 19 16 17 15 14 20 19 22 22 21 22 17 19 16 17 16 16 14 15 13 13
 12 12 11 11 10 10 11 11 10 11 10 10 12 11 12 12 12 12 11 11 10 10 10 10
 11 10 11 11 11 11 12 12 12 12 11 11 10 10  9 10  9  9 10  9 11 11 10 11
  9  9  9  9 16 11 20 19 19 20 13 14 16 13 19 17 24 21 28 27 30 29 36 33
 41 40 41 42 36 38 30 33 26 27 25 25 19 24 19 19 23 18 31 27 31 31 29 30
 24 27 19 20 17 18 14 16]"
2024-10-23 20:26:46.573476,"(78.0, -16.66)","(1554, 2925)","[17  8 19 19 16 17 15 14 20 19 22 22 21 22 17 19 16 17 16 16 14 15 13 13
 12 12 11 11 10 10 11 11 10 11 10 10 12 11 12 12 12 12 11 11 10 10 10 10
 11 10 11 11 11 11 12 12 12 12 11 11 10 10  9 10  9  9 10  9 11 11 12 11
 17 15 26 21 34 31 34 35 31 34 27 29 25 26 25 24 31 27 36 33 43 39 49 46
 50 51 49 50 43 46 35 39 28 32 23 24 22 23 22 22 22 22 22 22 21 22 19 20
 16 18 13 15 12 13 11 12]"
2024-10-23 20:27:22.170980,"(-90.0, 20.0)","(3751, 2519)","[22 22 22 23 20 21 17 18 20 19 22 22 21 22 17 19 16 17 16 16 14 15 13 13
 12 12 11 11 10 10 11 11 10 11 10 10 12 11 12 12 12 12 11 11 10 10 10 10
 11 10 11 11 11 11 12 12 12 12 11 11 10 10  9 10  9  9 10  9 11 11 16 11
 19 19 23 21 36 30 38 38 36 38 33 34 32 32 31 31 35 32 45 40 53 49 54 54
 53 54 50 52 46 48 40 43 33 36 26 27 22 24 19 20 16 17 14 15 14 14 13 14
 12 13 11 12 10 11  9 10]"
2024-10-23 20:27:35.741953,"(-80.0, 20.0)","(3865, 2520)","[19 16 22 22 19 21 17 16 20 19 22 22 21 22 17 19 16 17 16 16 14 15 13 13
 12 12 11 11 10 10 11 11 10 11 10 10 12 11 12 12 12 12 11 11 10 10 10 10
 11 10 11 11 11 11 12 12 12 12 11 11 10 10 16 10 24 21 25 25 23 24 20 22
 20 18 24 21 32 28 33 33 32 33 28 31 30 28 33 32 33 32 44 37 53 49 54 54
 54 54 51 53 46 49 38 42 33 35 28 28 25 27 22 24 18 20 15 16 18 15 20 20
 15 20 15 15 14 15 13 13]"
2024-10-23 20:27:49.304770,"(-70.0, 20.0)","(4003, 2521)","[17 10 19 20 16 18 15 14 20 19 22 22 21 22 17 19 16 17 16 16 14 15 13 13
 12 12 11 11 10 10 11 11 10 11 10 10 12 11 12 12 12 12 11 11 10 10 10 10
 11 10 11 11 11 11 12 12 12 12 11 11 10 10 20 15 24 24 23 24 20 21 18 19
 19 17 24 21 29 26 32 30 34 33 34 34 34 34 35 35 37 36 38 37 43 40 44 44
 43 44 38 41 34 35 30 32 23 28 21 22 19 20 18 19 16 17 14 15 13 13 12 12
 12 12 18 16 19 19 18 19]"
2024-10-23 20:28:03.886282,"(-60.0, 20.0)","(65, 2520)","[17  8 19 20 16 18 15 14 20 19 22 22 21 22 17 19 16 17 16 16 14 15 13 13
 12 12 11 11 10 10 11 11 10 11 10 10 12 11 12 12 12 12 11 11 10 10 10 10
 11 10 11 11 11 11 12 12 12 12 11 11 19 14 31 26 36 35 35 36 30 32 26 28
 22 24 19 20 19 13 24 22 26 25 28 27 27 28 26 26 28 26 33 30 42 37 47 45
 47 47 43 45 37 40 31 34 24 28 22 23 20 21 19 20 17 18 16 16 15 15 13 14
 13 13 13 13 20 19 20 20]"
2024-10-23 20:28:17.451231,"(-50.0, 20.0)","(187, 2518)","[17 12 19 20 16 18 15 14 20 19 22 22 21 22 17 19 16 17 16 16 14 15 13 13
 12 12 11 11 10 10 11 11 10 11 10 10 12 11 12 12 12 12 11 11 10 10 10 10
 11 10 11 11 11 11 12 12 12 12 11 11 18 11 32 26 38 37 37 38 33 35 28 30
 22 25 19 20 13 18 14 13 14 15 13 14 18 16 19 19 18 19 20 18 36 28 43 40
 45 45 42 44 37 40 30 33 25 27 20 21 20 20 18 19 16 17 14 15 13 13 12 12
 11 11 11 11 19 16 21 20]"
2024-10-23 20:28:31.017071,"(-40.0, 20.0)","(368, 2521)","[17  9 19 20 16 17 15 14 20 19 22 22 21 22 17 19 16 17 16 16 14 15 13 13
 12 12 11 11 10 10 11 11 10 11 10 10 12 11 12 12 12 12 11 11 10 10 10 10
 11 10 11 11 11 11 12 12 12 12 11 11 10 10 18 14 25 23 26 26 24 25 21 22
 18 19 16 17 12 11 13 12 14 15 13 14 12 13 11 11 16 10 31 21 45 38 51 49
 51 51 47 49 38 43 33 35 27 30 21 21 19 20 17 18 15 17 13 14 11 12 10 11
 10 10 16 13 21 19 21 21]"
2024-10-23 20:28:45.082906,"(-30.0, 20.0)","(545, 2519)","[17 10 19 20 16 17 15 14 20 19 22 22 21 22 17 19 16 17 16 16 14 15 13 13
 12 12 11 11 10 10 11 11 10 11 10 10 12 11 12 12 12 12 11 11 10 10 10 10
 11 10 11 11 11 11 12 12 12 12 11 11 10 10  9 10  9  9 10  9 11 11 10 11
  9  9  9  9 12 11 13 12 14 15 13 14 12 13 11 11 10 10 25 16 43 34 52 48
 53 54 51 52 44 48 36 40 28 32 23 25 19 20 17 18 14 15 13 14 11 12  9 10
  8  8  8  8 18 16 21 20]"
2024-10-23 20:28:58.646510,"(-20.0, 20.0)","(699, 2520)","[19 20 19 20 16 17 15 14 20 19 22 22 21 22 17 19 16 17 16 16 14 15 13 13
 12 12 11 11 10 10 11 11 10 11 10 10 12 11 12 12 12 12 11 11 10 10 10 10
 11 10 11 11 11 11 12 12 12 12 11 11 10 10  9 10  9  9 10  9 11 11 10 11
  9  9  9  9 12 11 13 12 14 15 13 14 12 13 11 11 10 10 21 13 38 30 47 44
 48 48 46 47 43 45 36 40 28 31 23 25 18 19 16 17 13 14 12 12 10 11 10 10
  9  9 10  9 10 10 10 10]"
2024-10-23 20:29:12.211100,"(-10.0, 20.0)","(832, 2520)","[18 18 19 20 16 17 15 14 20 19 22 22 21 22 17 19 16 17 16 16 14 15 13 13
 12 12 11 11 10 10 11 11 10 11 10 10 12 11 12 12 12 12 11 11 10 10 10 10
 11 10 11 11 11 11 12 12 12 12 11 11 10 10  9 10  9  9 10  9 11 11 10 11
  9  9  9  9 12 11 13 12 14 15 13 14 12 13 11 11 13 10 21 16 32 26 44 39
 49 49 48 49 42 45 35 38 28 31 22 25 18 18 16 17 14 15 12 13 11 12 10 10
  9  9  8  8  9  9  9  9]"
2024-10-23 20:29:25.779949,"(0.0, 20.0)","(942, 2519)","[17  8 19 20 16 17 15 14 20 19 22 22 21 22 17 19 16 17 16 16 14 15 13 13
 12 12 11 11 10 10 11 11 10 11 10 10 12 11 12 12 12 12 11 11 10 10 10 10
 11 10 11 11 11 11 12 12 12 12 11 11 10 10  9 10  9  9 10  9 11 11 10 11
  9  9  9  9 12 11 13 12 14 15 13 14 12 13 11 11 10 10 17 15 35 26 46 42
 49 49 48 49 42 45 33 37 26 29 22 24 17 18 15 16 13 14 11 12 10 11  9  9
  9  9  9  9  9  9  9  9]"
2024-10-23 20:29:39.844082,"(10.0, 20.0)","(1040, 2520)","[17  9 19 20 16 17 15 14 20 19 22 22 21 22 17 19 16 17 16 16 14 15 13 13
 12 12 11 11 10 10 11 11 10 11 10 10 12 11 12 12 12 12 11 11 10 10 10 10
 11 10 11 11 11 11 12 12 12 12 11 11 10 10  9 10  9  9 10  9 11 11 10 11
  9  9  9  9 12 11 13 12 14 15 13 14 12 13 11 11 10 10 19 15 37 28 46 42
 47 47 44 46 37 41 30 33 24 26 18 18 16 17 14 15 12 13 10 11  9 10  9  9
  9  9  9  9  9  9  9  9]"
2024-10-23 20:29:53.409066,"(20.0, 20.0)","(1125, 2519)","[17  7 19 20 16 17 15 14 20 19 22 22 21 22 17 19 16 17 16 16 14 15 13 13
 12 12 11 11 10 10 11 11 10 11 10 10 12 11 12 12 12 12 11 11 10 10 10 10
 11 10 11 11 11 11 12 12 12 12 11 11 10 10  9 10  9  9 10  9 11 11 10 11
 15  9 16 16 12 16 13 12 14 15 13 14 12 13 11 11 10 10 15 13 33 24 44 39
 46 46 44 45 37 41 30 34 25 27 18 18 16 17 13 15 11 12 11 11 17 15 17 17
 16 16 11 11 11 11  9 10]"
2024-10-23 20:30:06.976701,"(30.0, 20.0)","(1201, 2520)","[17 13 19 20 16 17 15 14 20 19 22 22 21 22 17 19 16 17 16 16 14 15 13 13
 12 12 11 11 10 10 11 11 10 11 10 10 12 11 12 12 12 12 11 11 10 10 10 10
 11 10 11 11 11 11 12 12 12 12 11 11 10 10  9 10  9  9 10  9 11 11 10 11
 14  9 14 14 12 11 13 12 14 15 13 14 12 13 11 11 10 10 15 14 28 21 41 36
 44 45 43 44 36 40 29 33 23 26 17 17 15 16 13 14 12 12 11 12 11 11 11 11
 11 11 10 11  9 10  9  9]"
2024-10-23 20:30:20.542017,"(40.0, 20.0)","(1273, 2521)","[17 12 19 20 16 17 15 14 20 19 22 22 21 22 17 19 16 17 16 16 14 15 13 13
 12 12 11 11 10 10 11 11 10 11 10 10 12 11 12 12 12 12 11 11 10 10 10 10
 11 10 11 11 11 11 12 12 12 12 11 11 10 10  9 10  9  9 10  9 11 11 10 11
  9  9  9  9 12 11 13 12 14 15 13 14 12 13 11 11 10 10 10 10 31 22 41 37
 43 43 40 42 34 37 27 30 21 24 16 16 15 15 14 14 12 13 11 12 10 11 10 10
  9 10  9  9  9  9  9  9]"
2024-10-23 20:30:34.108653,"(50.0, 20.0)","(1344, 2520)","[17 12 19 20 16 17 15 14 20 19 22 22 21 22 17 19 16 17 16 16 14 15 13 13
 12 12 11 11 10 10 11 11 10 11 10 10 12 11 12 12 12 12 11 11 10 10 10 10
 11 10 11 11 11 11 12 12 12 12 11 11 10 10  9 10  9  9 10  9 11 11 10 11
  9  9  9  9 12 11 13 12 14 15 13 14 12 13 11 11 10 10 15 12 21 18 26 21
 37 35 37 38 32 35 25 28 20 22 14 14 14 14 12 13 11 12 10 11  9  9  8  8
  7  7  8  7  9  9  9  9]"
2024-10-23 20:30:47.672277,"(60.0, 20.0)","(1416, 2522)","[17  8 19 20 16 17 15 14 20 19 22 22 21 22 17 19 16 17 16 16 14 15 13 13
 12 12 11 11 10 10 11 11 10 11 10 10 12 11 12 12 12 12 11 11 10 10 10 10
 11 10 11 11 11 11 12 12 12 12 11 11 10 10  9 10  9  9 10  9 11 11 10 11
  9  9  9  9 12 11 13 12 14 15 13 14 12 13 11 11 10 10 10 10 26 18 37 32
 43 42 42 43 37 40 30 33 25 27 20 22 15 16 13 14 12 12 10 11  9 10  9  9
  8  8  8  8  9  9  9  9]"
2024-10-23 20:31:01.236312,"(70.0, 20.0)","(1491, 2521)","[17 10 19 20 16 17 15 14 20 19 22 22 21 22 17 19 16 17 16 16 14 15 13 13
 12 12 11 11 10 10 11 11 10 11 10 10 12 11 12 12 12 12 11 11 10 10 10 10
 11 10 11 11 11 11 12 12 12 12 11 11 10 10  9 10  9  9 10  9 11 11 10 11
 14  9 14 14 12 11 13 12 14 15 13 14 12 13 11 11 10 10 10 10 20 15 35 29
 41 40 40 41 36 38 29 32 23 26 19 21 15 16 15 15 15 15 14 14 12 13 10 11
  9 10  9  9  9  9  9  9]"
2024-10-23 20:31:14.800683,"(80.0, 20.0)","(1569, 2521)","[17 11 19 20 16 18 15 14 20 19 22 22 21 22 17 19 16 17 16 16 14 15 13 13
 12 12 11 11 10 10 11 11 10 11 10 10 12 11 12 12 12 12 11 11 10 10 10 10
 11 10 11 11 11 11 12 12 12 12 11 11 10 10  9 10  9  9 10  9 11 11 10 11
  9  9  9  9 12 11 13 12 14 15 13 14 12 13 11 11 10 10 10 10 31 22 43 38
 46 46 45 46 39 43 32 35 26 29 22 24 17 18 16 17 14 15 13 14 11 12 10 10
  8  9  8  8  9  9  9  9]"
2024-10-23 20:31:29.381698,"(90.0, 20.0)","(1658, 2520)","[17 13 19 20 16 18 15 14 20 19 22 22 21 22 17 19 16 17 16 16 14 15 13 13
 12 12 11 11 10 10 11 11 10 11 10 10 12 11 12 12 12 12 11 11 10 10 10 10
 11 10 11 11 11 11 12 12 12 12 11 11 10 10  9 10  9  9 10  9 11 11 10 11
  9  9  9  9 12 11 13 12 14 15 13 14 12 13 11 11 10 10 19 15 35 27 41 40
 38 42 36 36 34 35 28 31 23 26 20 21 16 16 14 15 12 13 10 11  9 10  8  8
  7  7  8  7  9  9  9  9]"
2024-10-23 20:32:05.191124,"(-80.0, -20.0)","(3863, 2967)","[17 10 19 20 16 18 15 14 20 19 22 22 21 22 17 19 16 17 16 16 14 15 13 13
 12 12 11 11 10 10 11 11 10 11 10 10 12 11 12 12 12 12 11 11 10 10 10 10
 11 10 11 11 11 11 12 12 12 12 11 11 10 10  9 10  9  9 10  9 11 11 10 11
  9  9  9  9 12 11 13 12 14 15 13 14 12 13 11 11 10 10 10 10 20 16 35 28
 41 39 41 42 38 40 33 35 27 30 22 24 16 21 15 16 14 14 13 13 12 12 11 11
 10 10  9  9  9  9  9  9]"
2024-10-23 20:32:18.756344,"(-70.0, -20.0)","(4001, 2966)","[17 13 19 20 16 18 15 14 20 19 22 22 21 22 17 19 16 17 16 16 14 15 13 13
 12 12 11 11 10 10 11 11 10 11 10 10 12 11 12 12 12 12 11 11 10 10 10 10
 11 10 11 11 11 11 12 12 12 12 11 11 10 10  9 10  9  9 10  9 11 11 10 11
  9  9  9  9 12 11 13 12 14 15 13 14 12 13 11 11 15 10 16 16 16 16 25 20
 34 31 36 36 36 36 32 34 27 29 22 24 15 21 15 15 15 15 14 15 13 14 11 12
  8  9  8  8  9  9  9  9]"
2024-10-23 20:32:32.323748,"(-60.0, -20.0)","(64, 2966)","[17  9 19 20 16 18 15 14 20 19 22 22 21 22 17 19 16 17 16 16 14 15 13 13
 12 12 11 11 10 10 11 11 10 11 10 10 12 11 12 12 12 12 11 11 10 10 10 10
 11 10 11 11 11 11 12 12 12 12 11 11 10 10  9 10  9  9 10  9 11 11 10 11
  9  9  9  9 12 11 13 12 14 15 13 14 12 13 18 11 23 22 27 24 32 30 35 33
 38 37 39 39 37 38 32 35 26 29 21 23 16 17 14 15 13 13 12 12 10 11  9 10
  9  9  9  9  9  9  9  9]"
2024-10-23 20:32:47.411875,"(-50.0, -20.0)","(185, 2967)","[17  9 19 20 16 18 15 14 20 19 22 22 21 22 17 19 16 17 16 16 14 15 13 13
 12 12 11 11 10 10 11 11 10 11 10 10 12 11 12 12 12 12 11 11 10 10 10 10
 11 10 11 11 11 11 12 12 12 12 11 11 10 10  9 10  9  9 10  9 11 11 10 11
  9  9  9  9 12 11 13 12 14 15 13 14 12 13 16 11 17 18 28 20 32 31 33 32
 39 36 41 41 40 41 35 37 28 31 23 25 17 18 15 17 13 14 11 12  9 10  8  9
  7  7  8  7  9  9  9  9]"
2024-10-23 20:33:00.975650,"(-40.0, -20.0)","(377, 2966)","[17  7 19 20 16 18 15 14 20 19 22 22 21 22 17 19 16 17 16 16 14 15 13 13
 12 12 11 11 10 10 11 11 10 11 10 10 12 11 12 12 12 12 11 11 10 10 10 10
 11 10 11 11 11 11 12 12 12 12 11 11 10 10  9 10  9  9 10  9 11 11 10 11
  9  9  9  9 12 11 13 12 14 15 13 14 12 13 18 11 28 23 37 33 40 39 39 39
 41 39 43 42 41 42 38 40 33 35 29 31 25 27 20 23 17 19 15 16 13 14 11 12
 10 11  9 10  9  9  9  9]"
2024-10-23 20:33:14.544534,"(-30.0, -20.0)","(547, 2966)","[17 12 19 20 16 18 15 14 20 19 22 22 21 22 17 19 16 17 16 16 14 15 13 13
 12 12 11 11 10 10 11 11 10 11 10 10 12 11 12 12 12 12 11 11 10 10 10 10
 11 10 11 11 11 11 12 12 12 12 11 11 10 10  9 10  9  9 10  9 11 11 10 11
  9  9  9  9 12 11 13 12 14 15 13 14 12 13 14 11 28 22 34 32 34 35 32 33
 34 31 44 38 44 45 40 43 34 36 30 32 28 29 25 26 20 24 19 20 17 18 14 15
 13 13 11 12 10 11  9  9]"
2024-10-23 20:33:28.109342,"(-20.0, -20.0)","(703, 2968)","[17  8 19 20 16 18 15 14 20 19 22 22 21 22 17 19 16 17 16 16 14 15 13 13
 12 12 11 11 10 10 11 11 10 11 10 10 12 11 12 12 12 12 11 11 10 10 10 10
 11 10 11 11 11 11 12 12 12 12 11 11 10 10  9 10  9  9 10  9 11 11 10 11
  9  9  9  9 12 11 13 12 14 15 13 14 17 18 16 16 18 17 26 21 28 27 29 27
 38 32 46 43 46 46 42 44 34 38 27 30 20 24 18 19 16 17 14 15 13 13 12 13
 11 12 10 10  9 10  9  9]"
2024-10-23 20:33:41.675451,"(-10.0, -20.0)","(835, 2966)","[17 10 19 20 16 18 15 14 20 19 22 22 21 22 17 19 16 17 16 16 14 15 13 13
 12 12 11 11 10 10 11 11 10 11 10 10 12 11 12 12 12 12 11 11 10 10 10 10
 11 10 11 11 11 11 12 12 12 12 11 11 10 10  9 10  9  9 20 15 30 26 34 32
 34 35 32 34 31 32 35 31 45 42 47 47 45 46 42 44 39 41 35 37 33 33 35 34
 38 38 39 39 39 39 36 38 31 34 26 26 25 25 24 25 24 24 22 23 20 21 18 19
 18 18 18 18 17 18 17 17]"
2024-10-23 20:33:55.240831,"(0.0, -20.0)","(945, 2966)","[22 20 24 24 21 23 18 19 20 19 22 22 21 22 17 19 16 17 16 16 14 15 13 13
 12 12 11 11 10 10 11 11 10 11 10 10 12 11 12 12 12 12 11 11 10 10 10 10
 11 10 11 11 11 11 12 12 12 12 11 11 10 10  9 10  9  9 10  9 17 15 23 20
 26 26 25 25 40 32 43 41 51 45 54 54 52 53 49 51 46 47 42 44 39 41 38 38
 39 37 42 41 41 42 37 39 32 34 28 28 26 27 23 24 21 22 21 21 20 21 20 20
 20 20 25 23 20 25 27 20]"
2024-10-23 20:34:09.305786,"(10.0, -20.0)","(1041, 2965)","[17 12 19 20 16 18 15 14 20 19 22 22 21 22 17 19 16 17 16 16 14 15 13 13
 12 12 11 11 10 10 11 11 10 11 10 10 12 11 12 12 12 12 11 11 10 10 10 10
 11 10 11 11 11 11 12 12 12 12 11 11 10 10  9 10  9  9 10  9 11 11 10 11
  9  9  9  9 30 20 47 39 57 54 59 59 56 58 49 52 44 46 39 42 34 37 29 30
 31 29 33 33 30 31 30 30 25 29 24 24 21 22 20 20 18 19 17 18 17 17 17 17
 17 17 17 17 17 17 17 17]"
2024-10-23 20:34:23.378685,"(20.0, -20.0)","(1126, 2967)","[17  8 19 20 18 18 18 17 20 19 22 22 21 22 17 19 16 17 16 16 14 15 13 13
 12 12 11 11 10 10 11 11 10 11 10 10 12 11 12 12 12 12 11 11 10 10 10 10
 11 10 11 11 11 11 12 12 12 12 11 11 10 10  9 10  9  9 10  9 11 11 16 11
 23 16 35 30 40 38 44 41 50 47 52 52 49 51 46 47 44 45 41 43 40 40 41 41
 42 41 41 42 39 40 34 37 27 31 27 27 32 27 33 33 28 32 26 27 25 26 25 25
 25 25 24 25 22 23 21 21]"
2024-10-23 20:34:36.944746,"(30.0, -20.0)","(1202, 2967)","[17 12 19 20 16 18 15 14 20 19 22 22 21 22 17 19 16 17 16 16 14 15 13 13
 12 12 11 11 10 10 11 11 10 11 10 10 12 11 12 12 12 12 11 11 10 10 10 10
 11 10 11 11 11 11 12 12 12 12 11 11 10 10  9 10  9  9 10  9 23 18 28 27
 32 27 44 37 49 47 48 48 44 46 40 42 38 38 37 37 35 36 29 33 29 29 31 30
 30 31 37 32 44 41 44 45 41 44 37 39 34 35 33 34 28 32 27 28 26 26 25 26
 25 25 25 25 22 23 19 20]"
2024-10-23 20:34:50.509983,"(40.0, -20.0)","(1273, 2967)","[17  5 19 20 16 18 15 14 20 19 22 22 21 22 17 19 16 17 16 16 14 15 13 13
 12 12 11 11 10 10 11 11 10 11 10 10 12 11 12 12 12 12 11 11 10 10 10 10
 11 10 11 11 11 11 12 12 12 12 11 11 10 10  9 10  9  9 10  9 11 11 15 11
 15 15 14 15 12 11 13 12 14 15 21 18 22 21 20 21 19 19 22 20 26 24 31 28
 36 34 38 38 43 40 42 43 38 41 33 35 31 32 29 30 28 28 27 28 22 26 22 22
 22 22 20 21 18 19 17 18]"
2024-10-23 20:35:04.071752,"(50.0, -20.0)","(1343, 2967)","[17 11 19 20 16 18 15 14 20 19 22 22 21 22 17 19 16 17 16 16 14 15 13 13
 12 12 11 11 10 10 11 11 10 11 10 10 12 11 12 12 12 12 11 11 10 10 10 10
 11 10 11 11 11 11 12 12 12 12 11 11 10 10  9 10  9  9 10  9 11 11 19 11
 31 27 34 34 33 34 27 30 26 25 33 28 36 35 36 36 36 35 39 37 39 40 39 39
 38 38 41 39 43 43 40 42 34 36 30 32 25 25 22 24 21 21 21 21 21 21 19 20
 17 18 17 17 16 16 15 15]"
2024-10-23 20:35:18.139866,"(60.0, -20.0)","(1414, 2965)","[17  3 19 20 16 18 15 14 20 19 22 22 21 22 17 19 16 17 16 16 14 15 13 13
 12 12 11 11 10 10 11 11 10 11 10 10 12 11 12 12 12 12 11 11 10 10 10 10
 11 10 11 11 11 11 12 12 12 12 11 11 10 10  9 10  9  9 10  9 11 11 10 11
  9  9 26 16 39 33 43 42 43 43 42 42 45 44 45 45 44 44 43 43 41 42 38 39
 41 38 43 43 41 42 36 38 31 33 25 26 22 24 20 21 17 18 14 16 12 13 11 11
 10 10  9 10  9  9  9  9]"
2024-10-23 20:35:31.704149,"(70.0, -20.0)","(1488, 2967)","[17  8 19 20 16 18 15 14 20 19 22 22 21 22 17 19 16 17 16 16 14 15 13 13
 12 12 11 11 10 10 11 11 10 11 10 10 12 11 12 12 12 12 11 11 10 10 10 10
 11 10 11 11 11 11 12 12 12 12 11 11 10 10  9 10  9  9 10  9 11 11 10 11
  9  9 28 16 41 35 44 43 42 44 36 39 33 34 32 32 33 32 33 34 32 33 28 30
 31 28 35 34 34 35 30 33 25 28 20 21 18 19 16 17 14 15 13 13 12 12 11 11
 10 11  9 10  9  9  9  9]"
2024-10-23 20:35:45.267790,"(80.0, -20.0)","(1567, 2966)","[17  9 19 20 16 18 15 14 20 19 22 22 21 22 17 19 16 17 16 16 14 15 13 13
 12 12 11 11 10 10 11 11 10 11 10 10 12 11 12 12 12 12 11 11 10 10 10 10
 11 10 11 11 11 11 12 12 12 12 11 11 10 10  9 10 17  9 24 20 24 24 21 21
 24 23 31 26 42 37 47 45 45 46 39 43 33 36 31 32 31 31 30 31 28 29 27 27
 27 27 26 27 22 22 21 22 20 21 18 19 15 16 13 14 11 12 11 11 11 11 10 11
  9 10  9  9  9  9  9  9]"
2024-10-23 20:36:21.072841,"(-90.0, 23.33)","(3744, 2483)","[17 14 19 20 16 18 15 14 20 19 22 22 21 22 17 19 16 17 16 16 14 15 13 13
 12 12 11 11 10 10 11 11 10 11 10 10 12 11 12 12 12 12 11 11 10 10 10 10
 11 10 11 11 11 11 12 12 12 12 11 11 22 16 42 33 52 49 53 53 50 52 43 46
 40 41 35 38 32 34 31 32 28 30 21 21 19 20 16 17 15 15 21 17 26 24 28 28
 27 28 30 27 29 30 26 28 18 23 17 18 16 17 16 16 15 15 15 15 15 15 15 15
 14 15 13 13 12 12 11 11]"
2024-10-23 20:36:34.436749,"(-81.42, 23.33)","(3841, 2484)","[17  9 19 20 16 18 15 14 20 19 22 22 21 22 17 19 16 17 16 16 14 15 13 13
 12 12 11 11 10 10 11 11 10 11 10 10 12 11 12 12 12 12 11 11 10 10 10 10
 11 10 11 11 11 11 12 12 12 12 11 11 21 16 43 34 54 50 55 56 53 55 47 50
 41 43 38 39 35 36 33 34 30 32 24 27 20 21 18 18 25 18 32 30 32 32 33 32
 34 35 33 34 28 30 21 26 20 21 18 19 16 17 15 15 14 14 14 14 21 19 22 22
 19 21 14 15 14 14 12 13]"
2024-10-23 20:36:47.797080,"(-72.85, 23.33)","(3956, 2484)","[17 14 19 20 16 18 15 14 20 19 22 22 21 22 17 19 16 17 16 16 14 15 13 13
 12 12 11 11 10 10 11 11 10 11 10 10 12 11 12 12 12 12 11 11 10 10 10 10
 11 10 11 11 11 11 12 12 12 12 11 11 18 13 34 27 41 39 41 42 40 41 36 38
 32 32 35 33 36 36 35 36 33 34 30 32 27 29 20 25 26 20 30 28 29 29 26 27
 21 26 21 21 21 21 24 21 29 28 29 29 27 28 22 27 22 22 22 22 20 21 19 19
 17 18 15 16 12 14 10 11]"
2024-10-23 20:37:02.182625,"(-64.28, 23.33)","(4088, 2484)","[17 11 19 20 16 18 15 14 20 19 22 22 21 22 17 19 16 17 16 16 14 15 13 13
 12 12 11 11 10 10 11 11 10 11 10 10 12 11 12 12 12 12 11 11 10 10 10 10
 11 10 11 11 11 11 12 12 12 12 11 11 22 16 38 31 44 43 44 44 41 43 37 39
 33 35 33 33 35 34 34 35 34 34 34 34 36 35 34 36 30 33 27 28 26 23 34 30
 36 37 33 35 31 32 30 31 25 29 24 25 22 23 21 21 21 21 21 21 20 21 19 19
 16 17 14 15 12 13 11 11]"
2024-10-23 20:37:15.545267,"(-55.71, 23.33)","(99, 2485)","[17 10 19 20 16 18 15 14 20 19 22 22 21 22 17 19 16 17 16 16 14 15 13 13
 12 12 11 11 10 10 11 11 10 11 10 10 12 11 12 12 12 12 11 11 10 10 10 10
 11 10 11 11 11 11 12 12 12 12 11 11 11 10 22 16 30 29 30 31 25 28 23 24
 21 22 23 21 24 23 23 24 23 23 26 24 28 27 25 26 24 24 21 23 25 22 37 33
 41 41 39 40 35 37 31 33 26 28 21 21 19 20 17 18 15 15 19 17 21 20 15 20
 14 15 12 13 13 11 20 17]"
2024-10-23 20:37:28.909173,"(-47.14, 23.33)","(237, 2484)","[17 10 19 20 16 18 15 14 20 19 22 22 21 22 17 19 16 17 16 16 14 15 13 13
 12 12 11 11 10 10 11 11 10 11 10 10 12 11 12 12 12 12 11 11 10 10 10 10
 11 10 11 11 11 11 12 12 12 12 11 11 12 10 23 18 29 28 28 29 23 26 20 22
 17 18 16 16 12 16 13 12 14 15 22 15 32 28 32 32 30 32 25 28 26 24 35 32
 36 37 34 35 33 34 29 31 25 26 20 20 20 20 19 19 17 18 15 16 14 14 12 13
 11 12 10 10 13  9 16 15]"
2024-10-23 20:37:43.290843,"(-38.57, 23.33)","(398, 2486)","[17  9 19 20 16 18 15 14 20 19 22 22 21 22 17 19 16 17 16 16 14 15 13 13
 12 12 11 11 10 10 11 11 10 11 10 10 12 11 12 12 12 12 11 11 10 10 10 10
 11 10 11 11 11 11 12 12 12 12 11 11 10 10 25 18 35 32 36 37 34 35 27 31
 21 23 16 18 12 12 13 12 14 15 13 14 12 13 11 11 10 10 10 10 31 22 40 37
 39 41 36 38 32 34 27 29 24 26 21 22 18 18 17 17 17 17 15 16 13 14 12 12
 10 11 15 12 20 17 21 20]"
2024-10-23 20:37:56.660291,"(-30.0, 23.33)","(551, 2482)","[17 11 19 20 16 18 15 14 20 19 22 22 21 22 17 19 16 17 16 16 14 15 13 13
 12 12 11 11 10 10 11 11 10 11 10 10 12 11 12 12 12 12 11 11 10 10 10 10
 11 10 11 11 11 11 12 12 12 12 11 11 10 10 13 10 20 18 20 21 17 19 15 17
  9 14  9  9 12 11 13 12 14 15 13 14 12 13 11 11 10 10 10 10 18 15 35 28
 42 41 43 43 40 42 33 37 26 30 21 24 16 16 16 16 15 15 14 15 12 13 10 11
  9  9 14 11 18 16 18 18]"
2024-10-23 20:38:10.023053,"(-21.42, 23.33)","(686, 2483)","[18 17 19 20 16 18 15 14 20 19 22 22 21 22 17 19 16 17 16 16 14 15 13 13
 12 12 11 11 10 10 11 11 10 11 10 10 12 11 12 12 12 12 11 11 10 10 10 10
 11 10 11 11 11 11 12 12 12 12 11 11 10 10  9 10  9  9 10  9 11 11 10 11
  9  9  9  9 12 11 13 12 14 15 13 14 12 13 11 11 10 10 14 12 26 19 45 37
 54 52 56 56 53 55 46 50 36 41 29 32 21 26 18 20 15 17 12 14 10 11  8  8
  7  7  8  7  9  9  9  9]"
2024-10-23 20:38:24.403632,"(-12.85, 23.33)","(804, 2484)","[17 11 19 20 16 18 15 14 20 19 22 22 21 22 17 19 16 17 16 16 14 15 13 13
 12 12 11 11 10 10 11 11 10 11 10 10 12 11 12 12 12 12 11 11 10 10 10 10
 11 10 11 11 11 11 12 12 12 12 11 11 10 10  9 10  9  9 10  9 11 11 10 11
  9  9  9  9 12 11 13 12 14 15 13 14 12 13 11 11 10 10 15 10 19 17 32 24
 47 42 50 50 48 49 41 46 32 36 25 28 18 22 16 17 15 16 14 14 13 14 13 13
 11 12 10 11  9 10  9  9]"
2024-10-23 20:38:37.767996,"(-4.28, 23.33)","(904, 2483)","[17 10 19 20 16 18 15 14 20 19 22 22 21 22 17 19 16 17 16 16 14 15 13 13
 12 12 11 11 10 10 11 11 10 11 10 10 12 11 12 12 12 12 11 11 10 10 10 10
 11 10 11 11 11 11 12 12 12 12 11 11 10 10  9 10  9  9 10  9 11 11 10 11
  9  9  9  9 12 11 13 12 14 15 13 14 12 13 11 11 10 10 15 14 26 19 43 35
 51 49 52 53 49 51 41 46 32 37 26 29 19 23 18 18 16 17 14 15 14 14 14 14
 12 13 11 11  9 10  9  9]"
2024-10-23 20:38:51.130100,"(4.28, 23.33)","(991, 2483)","[17  5 19 20 16 18 15 14 20 19 22 22 21 22 17 19 16 17 16 16 14 15 13 13
 12 12 11 11 10 10 11 11 10 11 10 10 12 11 12 12 12 12 11 11 10 10 10 10
 11 10 11 11 11 11 12 12 12 12 11 11 10 10  9 10  9  9 10  9 11 11 10 11
  9  9  9  9 12 11 13 12 14 15 13 14 12 13 11 11 10 10 10 10 15 10 35 26
 46 43 48 48 45 47 38 41 32 35 25 28 18 22 15 17 13 14 13 13 13 13 13 13
 12 13 11 12 10 11  9 10]"
2024-10-23 20:39:05.507116,"(12.85, 23.33)","(1068, 2483)","[17  9 19 20 16 18 15 14 20 19 22 22 21 22 17 19 16 17 16 16 14 15 13 13
 12 12 11 11 10 10 11 11 10 11 10 10 12 11 12 12 12 12 11 11 10 10 10 10
 11 10 11 11 11 11 12 12 12 12 11 11 10 10  9 10  9  9 10  9 11 11 10 11
  9  9  9  9 12 11 13 12 14 15 13 14 12 13 11 11 10 10 10 10 18 13 39 30
 48 46 50 50 47 49 40 44 32 36 26 29 18 23 16 18 14 15 12 13 12 12 11 11
 10 11  9 10  9  9  9  9]"
2024-10-23 20:39:18.865976,"(21.42, 23.33)","(1137, 2483)","[17 10 19 20 16 18 15 14 20 19 22 22 21 22 17 19 16 17 16 16 14 15 13 13
 12 12 11 11 10 10 11 11 10 11 10 10 12 11 12 12 12 12 11 11 10 10 10 10
 11 10 11 11 11 11 12 12 12 12 11 11 10 10  9 10  9  9 10  9 11 11 10 11
  9  9  9  9 12 11 13 12 14 15 13 14 12 13 11 11 10 10 10 10 12 10 33 24
 42 39 43 44 40 42 33 37 27 30 21 24 15 16 14 15 12 13 12 12 12 12 12 12
 11 12 10 11  9 10  9  9]"
2024-10-23 20:39:32.226075,"(30.0, 23.33)","(1202, 2482)","[17  8 19 20 16 18 15 14 20 19 22 22 21 22 17 19 16 17 16 16 14 15 13 13
 12 12 11 11 10 10 11 11 10 11 10 10 12 11 12 12 12 12 11 11 10 10 10 10
 11 10 11 11 11 11 12 12 12 12 11 11 10 10  9 10  9  9 10  9 11 11 10 11
  9  9  9  9 12 11 13 12 14 15 13 14 12 13 11 11 10 10 10 10 18 14 34 28
 39 38 38 39 33 36 27 30 22 25 18 20 14 15 13 13 12 12 11 11 11 11 12 12
 11 12 11 11 10 10  9  9]"
2024-10-23 20:39:46.602545,"(38.57, 23.33)","(1263, 2483)","[17 11 19 20 16 18 15 14 20 19 22 22 21 22 17 19 16 17 16 16 14 15 13 13
 12 12 11 11 10 10 11 11 10 11 10 10 12 11 12 12 12 12 11 11 10 10 10 10
 11 10 11 11 11 11 12 12 12 12 11 11 10 10  9 10  9  9 10  9 11 11 10 11
  9  9  9  9 12 11 13 12 14 15 13 14 12 13 11 11 10 10 10 10 14 10 26 20
 37 34 39 39 36 38 30 33 24 26 19 21 15 15 14 14 12 13 11 11 10 10  9  9
  8  9  8  8  9  9  9  9]"
2024-10-23 20:39:59.962799,"(47.14, 23.33)","(1322, 2484)","[17  8 19 20 16 18 15 14 20 19 22 22 21 22 17 19 16 17 16 16 14 15 13 13
 12 12 11 11 10 10 11 11 10 11 10 10 12 11 12 12 12 12 11 11 10 10 10 10
 11 10 11 11 11 11 12 12 12 12 11 11 10 10  9 10  9  9 10  9 11 11 10 11
  9  9  9  9 12 11 13 12 14 15 13 14 12 13 11 11 10 10 10 10 20 14 34 28
 40 39 40 40 36 38 31 34 25 28 21 23 15 19 14 14 12 13 11 11 11 11 11 11
 11 11 10 11  9 10  9  9]"
2024-10-23 20:40:13.326505,"(55.71, 23.33)","(1382, 2484)","[17 12 19 20 16 18 15 14 20 19 22 22 21 22 17 19 16 17 16 16 14 15 13 13
 12 12 11 11 10 10 11 11 10 11 10 10 12 11 12 12 12 12 11 11 10 10 10 10
 11 10 11 11 11 11 12 12 12 12 11 11 10 10  9 10  9  9 10  9 11 11 10 11
  9  9  9  9 12 11 13 12 14 15 13 14 12 13 11 11 10 10 10 10 21 16 34 28
 38 38 36 37 33 35 29 31 24 26 19 21 15 15 13 14 12 12 11 11 17 16 11 16
 11 12 11 11 10 10  9 10]"
2024-10-23 20:40:26.687172,"(64.28, 23.33)","(1443, 2484)","[17 11 19 20 16 18 15 14 20 19 22 22 21 22 17 19 16 17 16 16 14 15 13 13
 12 12 11 11 10 10 11 11 10 11 10 10 12 11 12 12 12 12 11 11 10 10 10 10
 11 10 11 11 11 11 12 12 12 12 11 11 10 10  9 10  9  9 10  9 11 11 10 11
 13  9 14 14 12 11 13 12 14 15 13 14 12 13 11 11 10 10 10 10 22 15 36 31
 42 41 42 42 39 41 33 36 26 29 21 23 16 16 14 15 12 13 10 11  9 10  8  9
  8  8  8  8  9  9  9  9]"
2024-10-23 20:40:40.047990,"(72.85, 23.33)","(1508, 2483)","[17  8 19 20 16 18 15 14 20 19 22 22 21 22 17 19 16 17 16 16 14 15 13 13
 12 12 11 11 10 10 11 11 10 11 10 10 12 11 12 12 12 12 11 11 10 10 10 10
 11 10 11 11 11 11 12 12 12 12 11 11 10 10  9 10  9  9 10  9 11 11 10 11
  9  9  9  9 12 11 13 12 14 15 13 14 12 13 11 11 10 10 10 10 20 16 35 29
 42 40 43 43 40 42 34 37 27 30 22 24 17 17 16 16 14 15 11 13  9 10  8  9
  7  8  8  8  9  9  9  9]"
2024-10-23 20:40:53.407835,"(81.42, 23.33)","(1576, 2483)","[17  9 19 20 16 18 15 14 20 19 22 22 21 22 17 19 16 17 16 16 14 15 13 13
 12 12 11 11 10 10 11 11 10 11 10 10 12 11 12 12 12 12 11 11 10 10 10 10
 11 10 11 11 11 11 12 12 12 12 11 11 10 10  9 10  9  9 10  9 11 11 10 11
  9  9  9  9 12 11 13 12 14 15 13 14 12 13 11 11 10 10 10 10 18 13 26 24
 34 26 40 39 39 40 33 37 26 29 20 23 15 15 14 14 13 13 12 12 10 11  9 10
  8  9  8  8  9  9  9  9]"
2024-10-23 20:41:07.793238,"(90.0, 23.33)","(1654, 2484)","[17  8 19 20 16 18 15 14 20 19 22 22 21 22 17 19 16 17 16 16 14 15 13 13
 12 12 11 11 10 10 11 11 10 11 10 10 12 11 12 12 12 12 11 11 10 10 10 10
 11 10 11 11 11 11 12 12 12 12 11 11 10 10  9 10  9  9 10  9 11 11 10 11
  9  9  9  9 12 11 13 12 14 15 13 14 12 13 11 11 14 10 15 15 18 15 37 29
 47 44 49 49 47 48 40 44 31 35 24 27 18 19 16 17 13 14 11 12 10 10  8  9
  7  8  8  7  9  9  9  9]"
2024-10-23 20:41:43.803571,"(-81.42, -23.33)","(3837, 3002)","[17  8 19 20 16 18 15 14 20 19 22 22 21 22 17 19 16 17 16 16 14 15 13 13
 12 12 11 11 10 10 11 11 10 11 10 10 12 11 12 12 12 12 11 11 10 10 10 10
 11 10 11 11 11 11 12 12 12 12 11 11 10 10  9 10  9  9 10  9 11 11 10 11
  9  9  9  9 12 11 13 12 14 15 13 14 12 13 11 11 10 10 18 15 19 19 17 17
 25 16 36 32 38 37 36 37 34 35 31 32 25 28 25 25 24 25 22 23 18 18 18 18
 17 17 15 16 13 14 12 13]"
2024-10-23 20:41:57.165424,"(-72.85, -23.33)","(3954, 3001)","[17  9 19 20 16 18 15 14 20 19 22 22 21 22 17 19 16 17 16 16 14 15 13 13
 12 12 11 11 10 10 11 11 10 11 10 10 12 11 12 12 12 12 11 11 10 10 10 10
 11 10 11 11 11 11 12 12 12 12 11 11 10 10  9 10  9  9 10  9 11 11 10 11
  9  9  9  9 12 11 13 12 14 15 13 14 12 13 11 11 10 10 16 14 16 16 18 15
 30 23 38 35 38 38 37 37 33 36 30 31 27 28 24 25 27 25 27 27 25 26 18 23
 17 18 15 16 13 14 11 12]"
2024-10-23 20:42:10.526073,"(-64.28, -23.33)","(4062, 3001)","[17 10 19 20 16 18 15 14 20 19 22 22 21 22 17 19 16 17 16 16 14 15 13 13
 12 12 11 11 10 10 11 11 10 11 10 10 12 11 12 12 12 12 11 11 10 10 10 10
 11 10 11 11 11 11 12 12 12 12 11 11 10 10  9 10  9  9 10  9 11 11 10 11
  9  9  9  9 12 11 13 12 14 15 13 14 12 13 11 11 14 10 15 15 16 16 20 17
 30 25 35 34 33 34 33 33 31 33 27 29 25 26 23 24 21 22 17 16 17 17 16 17
 15 16 12 14 10 11 10 10]"
2024-10-23 20:42:23.886548,"(-55.71, -23.33)","(140, 3000)","[17  8 19 20 16 18 15 14 20 19 22 22 21 22 17 19 16 17 16 16 14 15 13 13
 12 12 11 11 10 10 11 11 10 11 10 10 12 11 12 12 12 12 11 11 10 10 10 10
 11 10 11 11 11 11 12 12 12 12 11 11 10 10  9 10  9  9 10  9 11 11 10 11
  9  9  9  9 12 11 13 12 14 15 13 14 12 13 11 11 10 10 10 10  9 10  9  9
 21 10 34 28 38 36 36 37 33 35 28 30 23 25 20 22 15 18 13 14 11 12  9 10
  8  9  8  8  9  9  9  9]"
2024-10-23 20:42:37.250284,"(-47.14, -23.33)","(239, 3000)","[17  9 19 20 16 18 15 14 20 19 22 22 21 22 17 19 16 17 16 16 14 15 13 13
 12 12 11 11 10 10 11 11 10 11 10 10 12 11 12 12 12 12 11 11 10 10 10 10
 11 10 11 11 11 11 12 12 12 12 11 11 10 10  9 10  9  9 10  9 11 11 10 11
  9  9  9  9 12 11 13 12 14 15 13 14 12 13 11 11 10 10 10 10  9 10  9  9
 24 10 39 32 45 43 43 44 39 42 32 35 26 29 21 23 16 19 14 15 12 13 11 11
 10 10  9  9  9  9  9  9]"
2024-10-23 20:42:50.615270,"(-38.57, -23.33)","(402, 3001)","[17 11 19 20 16 18 15 14 20 19 22 22 21 22 17 19 16 17 16 16 14 15 13 13
 12 12 11 11 10 10 11 11 10 11 10 10 12 11 12 12 12 12 11 11 10 10 10 10
 11 10 11 11 11 11 12 12 12 12 11 11 10 10  9 10  9  9 10  9 11 11 10 11
  9  9  9  9 12 11 13 12 14 15 13 14 12 13 11 11 10 10 10 10  9 10 13  9
 25 17 39 33 45 43 45 45 43 45 37 40 28 32 22 25 17 20 15 16 13 14 11 12
  9 10  9  9  9  9  9  9]"
2024-10-23 20:43:03.980677,"(-30.0, -23.33)","(554, 3000)","[17  9 19 20 16 18 15 14 20 19 22 22 21 22 17 19 16 17 16 16 14 15 13 13
 12 12 11 11 10 10 11 11 10 11 10 10 12 11 12 12 12 12 11 11 10 10 10 10
 11 10 11 11 11 11 12 12 12 12 11 11 10 10  9 10  9  9 10  9 11 11 10 11
  9  9  9  9 12 11 13 12 14 15 13 14 12 13 11 11 10 10 10 10  9 10  9  9
 22 10 36 30 42 39 43 43 40 42 34 38 28 31 23 25 17 21 15 16 13 14 12 12
 10 11  9 10  9  9  9  9]"
2024-10-23 20:43:17.341762,"(-21.42, -23.33)","(691, 3000)","[17 10 19 20 16 18 15 14 20 19 22 22 21 22 17 19 16 17 16 16 14 15 13 13
 12 12 11 11 10 10 11 11 10 11 10 10 12 11 12 12 12 12 11 11 10 10 10 10
 11 10 11 11 11 11 12 12 12 12 11 11 10 10  9 10  9  9 10  9 11 11 10 11
  9  9  9  9 12 11 13 12 14 15 13 14 12 13 11 11 10 10 10 10  9 10  9  9
 20 10 32 27 36 35 35 36 30 34 25 27 20 22 14 19 14 14 12 13 11 12 10 11
 10 10  9  9  9  9  9  9]"
2024-10-23 20:43:30.706374,"(-12.85, -23.33)","(808, 3001)","[17  4 19 20 16 18 15 14 20 19 22 22 21 22 17 19 16 17 16 16 14 15 13 13
 12 12 11 11 10 10 11 11 10 11 10 10 12 11 12 12 12 12 11 11 10 10 10 10
 11 10 11 11 11 11 12 12 12 12 11 11 10 10  9 10 13  9 23 17 28 26 29 29
 27 29 24 26 24 24 26 24 32 29 35 34 34 34 32 33 28 30 24 26 18 22 17 18
 21 17 30 25 38 35 40 39 37 39 31 35 22 28 21 22 20 21 18 19 15 16 14 14
 13 13 12 12 11 12  9 10]"
2024-10-23 20:43:44.072308,"(-4.28, -23.33)","(907, 3002)","[17  9 19 20 16 18 15 14 20 19 22 22 21 22 17 19 16 17 16 16 14 15 13 13
 12 12 11 11 10 10 11 11 10 11 10 10 12 11 12 12 12 12 11 11 10 10 10 10
 11 10 11 11 11 11 12 12 12 12 11 11 10 10  9 10 20  9 32 26 36 34 37 37
 35 37 36 35 51 43 59 56 60 60 55 58 53 54 50 52 46 48 43 44 42 42 39 41
 36 38 30 30 38 36 38 38 36 38 31 31 28 29 24 26 21 22 19 20 18 18 16 17
 21 16 23 23 17 22 17 17]"
2024-10-23 20:43:57.432716,"(4.28, -23.33)","(993, 3001)","[17 13 21 20 20 21 19 19 20 19 22 22 21 22 17 19 16 17 16 16 14 15 13 13
 12 12 11 11 10 10 11 11 10 11 10 10 12 11 12 12 12 12 11 11 10 10 10 10
 11 10 11 11 11 11 12 12 12 12 11 11 10 10  9 10 14  9 20 16 20 20 18 19
 18 17 33 23 48 41 53 52 52 53 53 52 53 54 49 52 45 47 41 43 36 39 30 33
 25 27 31 27 36 34 39 38 39 39 37 38 27 34 26 26 25 25 25 25 25 25 23 24
 21 22 20 20 20 20 20 20]"
2024-10-23 20:44:10.801193,"(12.85, -23.33)","(1069, 3001)","[17  7 19 20 16 18 15 14 20 19 22 22 21 22 17 19 16 17 16 16 14 15 13 13
 12 12 11 11 10 10 11 11 10 11 10 10 12 11 12 12 12 12 11 11 10 10 10 10
 11 10 11 11 11 11 12 12 12 12 11 11 10 10  9 10  9  9 10  9 11 11 10 11
  9  9 20 15 31 25 47 40 55 53 56 56 54 55 51 53 47 49 43 45 41 42 37 39
 34 35 35 34 38 37 37 38 37 37 34 36 27 31 24 26 23 23 21 22 21 21 21 21
 21 21 20 20 20 20 20 20]"
2024-10-23 20:44:24.165877,"(21.42, -23.33)","(1137, 3001)","[18 16 20 20 19 19 17 17 20 19 22 22 21 22 17 19 16 17 16 16 14 15 13 13
 12 12 11 11 10 10 11 11 10 11 10 10 12 11 12 12 12 12 11 11 10 10 10 10
 11 10 11 11 11 11 12 12 12 12 11 11 10 10  9 10  9  9 10  9 18 13 24 21
 26 25 26 26 33 29 44 39 51 49 53 52 52 53 51 52 47 49 44 46 41 43 39 40
 37 38 35 36 35 35 36 36 35 36 32 33 32 28 35 34 34 35 33 34 29 29 29 29
 28 28 25 27 23 24 20 21]"
2024-10-23 20:44:37.527991,"(30.0, -23.33)","(1201, 3002)","[17 12 19 20 16 18 15 14 20 19 22 22 21 22 17 19 16 17 16 16 14 15 13 13
 12 12 11 11 10 10 11 11 10 11 10 10 12 11 12 12 12 12 11 11 10 10 10 10
 11 10 11 11 11 11 12 12 12 12 11 11 10 10  9 10  9  9 10  9 21 17 24 22
 25 25 26 26 29 27 28 28 25 26 24 24 28 26 27 28 30 26 38 34 38 39 36 37
 34 34 39 35 48 44 49 49 45 48 40 43 34 37 30 32 26 29 26 26 26 26 24 25
 22 23 19 20 17 18 16 16]"
2024-10-23 20:44:50.891668,"(38.57, -23.33)","(1262, 3002)","[17  6 19 20 16 18 15 14 20 19 22 22 21 22 17 19 16 17 16 16 14 15 13 13
 12 12 11 11 10 10 11 11 10 11 10 10 12 11 12 12 12 12 11 11 10 10 10 10
 11 10 11 11 11 11 12 12 12 12 11 11 10 10  9 10  9  9 10  9 11 11 10 11
  9  9  9  9 12 11 13 12 14 15 13 14 12 13 11 11 10 10 16 15 23 19 31 28
 30 31 38 32 47 43 49 48 47 48 45 46 41 43 37 39 33 35 29 31 23 27 21 22
 18 19 17 17 16 16 16 16]"
2024-10-23 20:45:04.254279,"(47.14, -23.33)","(1321, 3001)","[17  7 19 20 16 18 15 14 20 19 22 22 21 22 17 19 16 17 16 16 14 15 13 13
 12 12 11 11 10 10 11 11 10 11 10 10 12 11 12 12 12 12 11 11 10 10 10 10
 11 10 11 11 11 11 12 12 12 12 11 11 10 10  9 10  9  9 10  9 14 11 31 22
 43 39 47 46 45 46 39 42 34 37 28 32 22 25 17 20 15 16 13 14 26 20 30 29
 28 30 30 28 29 29 35 34 35 36 33 34 32 33 32 32 30 31 28 28 27 28 22 27
 22 22 21 21 19 20 19 19]"
2024-10-23 20:45:18.636389,"(55.71, -23.33)","(1381, 3000)","[17  7 19 20 16 18 15 14 20 19 22 22 21 22 17 19 16 17 16 16 14 15 13 13
 12 12 11 11 10 10 11 11 10 11 10 10 12 11 12 12 12 12 11 11 10 10 10 10
 11 10 11 11 11 11 12 12 12 12 11 11 10 10  9 10  9  9 10  9 14 11 27 20
 41 36 46 45 46 46 44 45 43 44 42 42 43 42 42 43 38 40 32 35 29 31 23 26
 22 22 30 26 31 31 29 30 23 27 22 22 21 22 20 21 18 19 17 18 16 16 20 16
 23 23 21 22 16 16 14 15]"
2024-10-23 20:45:31.996089,"(64.28, -23.33)","(1443, 3002)","[17  8 19 20 16 18 15 14 20 19 22 22 21 22 17 19 16 17 16 16 14 15 13 13
 12 12 11 11 10 10 11 11 10 11 10 10 12 11 12 12 12 12 11 11 10 10 10 10
 11 10 11 11 11 11 12 12 12 12 11 11 10 10  9 10 21  9 34 29 36 36 35 36
 31 33 35 31 36 35 40 37 44 44 42 43 41 41 38 39 37 37 36 36 34 35 30 32
 24 28 23 24 23 23 23 23 23 23 21 22 18 20 16 17 14 15 12 13 10 11  9 10
  9  9  9  9  9  9  9  9]"
2024-10-23 20:45:45.357706,"(72.85, -23.33)","(1506, 3001)","[18 17 19 20 16 18 15 14 20 19 22 22 21 22 17 19 16 17 16 16 14 15 13 13
 12 12 11 11 10 10 11 11 10 11 10 10 12 11 12 12 12 12 11 11 10 10 10 10
 11 10 11 11 11 11 12 12 12 12 11 11 10 10 20 14 35 28 45 40 47 46 45 46
 39 43 36 36 44 40 51 48 51 52 48 50 42 45 39 40 39 38 41 40 39 40 34 37
 28 31 33 31 34 34 28 33 27 28 24 26 22 23 20 21 18 19 16 17 14 15 13 14
 12 12 12 12 12 12 11 11]"
2024-10-23 20:45:58.722389,"(81.42, -23.33)","(1576, 3002)","[17 10 19 20 16 18 15 14 20 19 22 22 21 22 17 19 16 17 16 16 14 15 13 13
 12 12 11 11 10 10 11 11 10 11 10 10 12 11 12 12 12 12 11 11 10 10 10 10
 11 10 11 11 11 11 12 12 12 12 11 11 13 10 23 16 39 32 49 46 50 50 46 48
 40 43 32 37 36 33 43 41 43 43 39 41 32 36 23 28 29 23 31 31 29 30 24 27
 23 23 29 26 33 31 32 33 31 32 29 30 24 25 23 24 21 22 18 20 16 17 14 15
 13 13 13 13 13 13 18 13]"
2024-10-23 20:46:34.727274,"(-90.0, 26.66)","(3739, 2445)","[18 17 19 20 16 18 15 14 20 19 22 22 21 22 17 19 16 17 16 16 14 15 13 13
 12 12 11 11 10 10 11 11 10 11 10 10 12 11 12 12 12 12 11 11 10 10 10 10
 11 10 11 11 11 11 12 12 17 12 25 21 32 29 40 35 49 47 50 51 46 49 37 41
 29 33 23 26 18 18 17 17 15 16 13 14 12 13 11 11 18 11 23 20 26 24 26 26
 26 25 29 27 33 31 34 34 34 34 32 33 29 31 23 26 18 21 17 18 16 17 16 16
 15 16 13 14 12 13 11 11]"
2024-10-23 20:46:47.889624,"(-82.5, 26.66)","(3824, 2444)","[21 23 19 20 16 18 15 14 20 19 22 22 21 22 17 19 16 17 16 16 14 15 13 13
 12 12 11 11 10 10 11 11 10 11 10 10 12 11 12 12 12 12 11 11 10 10 10 10
 11 10 11 11 11 11 12 12 18 12 28 24 30 28 50 42 58 56 59 60 57 58 49 53
 39 44 30 34 23 27 20 21 17 18 14 15 12 13 11 11 17 11 23 21 23 23 22 22
 25 22 34 28 40 37 39 40 37 39 34 36 28 31 19 25 18 19 16 17 15 16 15 15
 14 14 14 14 13 13 11 12]"
2024-10-23 20:47:01.047718,"(-75.0, 26.66)","(3923, 2444)","[22 24 21 22 17 19 16 15 20 19 22 22 21 22 17 19 16 17 16 16 14 15 13 13
 12 12 11 11 10 10 11 11 10 11 10 10 12 11 12 12 12 12 11 11 10 10 10 10
 11 10 11 11 11 11 12 12 12 12 20 15 36 28 50 44 56 55 57 57 55 56 50 53
 42 47 35 38 29 32 22 26 19 21 16 17 13 14 12 12 16 12 18 17 12 17 17 12
 20 18 27 23 32 30 31 32 30 31 29 30 25 27 26 25 29 29 29 29 26 27 19 24
 18 19 16 17 14 15 12 13]"
2024-10-23 20:47:14.708646,"(-67.5, 26.66)","(4037, 2443)","[17 10 19 20 16 18 15 14 20 19 22 22 21 22 17 19 16 17 16 16 14 15 13 13
 12 12 11 11 10 10 11 11 10 11 10 10 12 11 12 12 12 12 11 11 10 10 10 10
 11 10 11 11 11 11 12 12 12 12 11 11 25 18 42 34 51 48 54 53 53 53 49 51
 42 46 34 38 29 32 27 28 21 25 20 21 20 20 20 20 18 20 16 17 14 15 14 14
 13 14 22 17 26 25 24 25 23 23 22 22 23 22 34 29 38 38 38 39 34 36 28 31
 20 25 18 19 14 16 12 13]"
2024-10-23 20:47:28.883886,"(-60.0, 26.66)","(63, 2444)","[18 15 19 20 16 18 15 14 20 19 22 22 21 22 17 19 16 17 16 16 14 15 13 13
 12 12 11 11 10 10 11 11 10 11 10 10 12 11 12 12 12 12 11 11 10 10 10 10
 11 10 11 11 11 11 12 12 12 12 11 11 13 10 28 21 35 33 34 35 32 33 31 32
 28 29 25 26 23 24 21 22 15 20 28 22 38 34 40 40 38 39 33 35 27 30 21 25
 21 21 33 25 37 36 34 36 29 32 23 23 21 22 20 20 18 19 18 18 16 17 15 16
 13 14 11 12 10 10  9  9]"
2024-10-23 20:47:42.045613,"(-52.5, 26.66)","(146, 2442)","[17 12 19 20 16 18 15 14 20 19 22 22 21 22 17 19 16 17 16 16 14 15 13 13
 12 12 11 11 10 10 11 11 10 11 10 10 12 11 12 12 12 12 11 11 10 10 10 10
 11 10 11 11 11 11 12 12 12 12 11 11 10 10 17 10 26 23 26 27 28 27 30 30
 27 29 23 25 22 22 20 21 26 18 43 34 54 49 55 55 53 55 45 50 38 41 32 34
 31 30 36 32 38 37 36 37 33 34 26 27 23 25 20 22 17 18 14 15 13 13 12 12
 10 11  9 10  9  9  9  9]"
2024-10-23 20:47:56.226226,"(-45.0, 26.66)","(283, 2443)","[17 10 19 20 16 18 15 14 20 19 22 22 21 22 17 19 16 17 16 16 14 15 13 13
 12 12 11 11 10 10 11 11 10 11 10 10 12 11 12 12 12 12 11 11 10 10 10 10
 11 10 11 11 11 11 12 12 12 12 11 11 10 10 12 10 17 15 18 18 18 18 24 22
 23 24 22 23 21 22 18 19 24 17 41 32 52 47 53 53 50 53 44 47 38 41 35 36
 38 35 40 39 38 39 34 36 28 31 23 24 20 21 17 18 14 15 12 13 11 11 11 11
 11 11 10 10 10 10  9  9]"
2024-10-23 20:48:09.886131,"(-37.5, 26.66)","(422, 2444)","[17 10 19 20 16 18 15 14 20 19 22 22 21 22 17 19 16 17 16 16 14 15 13 13
 12 12 11 11 10 10 11 11 10 11 10 10 12 11 12 12 12 12 11 11 10 10 10 10
 11 10 11 11 11 11 12 12 12 12 11 11 10 10  9 10 17  9 27 23 29 29 26 28
 22 24 20 21 20 20 19 19 14 18 13 14 20 18 27 25 26 27 23 25 21 22 20 20
 26 19 32 30 32 32 31 32 27 30 23 25 18 18 18 18 18 18 17 17 15 16 14 15
 13 14 11 12 10 11 13 10]"
2024-10-23 20:48:23.046921,"(-30.0, 26.66)","(556, 2444)","[17  8 19 20 16 18 15 14 20 19 22 22 21 22 17 19 16 17 16 16 14 15 13 13
 12 12 11 11 10 10 11 11 10 11 10 10 12 11 12 12 12 12 11 11 10 10 10 10
 11 10 11 11 11 11 12 12 12 12 11 11 10 10 14 10 27 19 36 32 36 36 33 35
 27 30 22 24 13 20 14 13 14 15 13 14 12 13 14 11 19 18 19 20 19 19 24 21
 26 27 37 29 40 39 39 40 35 37 30 32 26 28 24 25 19 24 18 19 16 17 14 15
 12 12 10 11  9 10 14  9]"
2024-10-23 20:48:36.205846,"(-22.5, 26.66)","(674, 2443)","[17  9 19 20 16 18 15 14 20 19 22 22 21 22 17 19 16 17 16 16 14 15 13 13
 12 12 11 11 10 10 11 11 10 11 10 10 12 11 12 12 12 12 11 11 10 10 10 10
 11 10 11 11 11 11 12 12 12 12 11 11 10 10  9 10 13  9 19 16 22 21 20 21
 17 19 15 16 12 14 13 12 14 15 13 14 12 13 11 11 10 10 10 10  9 10 17  9
 33 27 42 38 43 43 41 42 37 40 30 34 25 27 17 23 17 17 15 16 14 15 14 14
 12 13 11 12 10 10  9  9]"
2024-10-23 20:48:49.365835,"(-15.0, 26.66)","(779, 2444)","[17  8 19 20 16 18 15 14 20 19 22 22 21 22 17 19 16 17 16 16 14 15 13 13
 12 12 11 11 10 10 11 11 10 11 10 10 12 11 12 12 12 12 11 11 10 10 10 10
 11 10 11 11 11 11 12 12 12 12 11 11 10 10  9 10  9  9 10  9 11 11 10 11
  9  9  9  9 12 11 13 12 14 15 13 14 12 13 11 11 10 10 10 10  9 10 17  9
 35 28 43 40 42 43 39 41 33 37 26 29 22 24 16 20 15 16 13 14 12 12 12 12
 12 12 11 11 10 10  9  9]"
2024-10-23 20:49:03.027347,"(-7.5, 26.66)","(870, 2445)","[17  9 19 20 16 18 15 14 20 19 22 22 21 22 17 19 16 17 16 16 14 15 13 13
 12 12 11 11 10 10 11 11 10 11 10 10 12 11 12 12 12 12 11 11 10 10 10 10
 11 10 11 11 11 11 12 12 12 12 11 11 10 10  9 10  9  9 10  9 11 11 10 11
  9  9  9  9 12 11 13 12 14 15 13 14 12 13 11 11 10 10 10 10  9 10 15  9
 32 23 43 39 45 45 42 44 36 40 29 32 22 25 16 20 14 15 12 13 12 12 12 12
 12 12 11 12 10 11  9 10]"
2024-10-23 20:49:17.204845,"(0.0, 26.66)","(950, 2444)","[18 17 19 20 16 18 15 14 20 19 22 22 21 22 17 19 16 17 16 16 14 15 13 13
 12 12 11 11 10 10 11 11 10 11 10 10 12 11 12 12 12 12 11 11 10 10 10 10
 11 10 11 11 11 11 12 12 12 12 11 11 10 10  9 10  9  9 10  9 11 11 10 11
  9  9  9  9 12 11 13 12 14 15 13 14 12 13 11 11 10 10 10 10 16 13 25 18
 44 35 57 52 60 59 57 59 50 55 41 46 33 37 26 30 20 23 17 19 15 16 12 13
 10 11  9 10  9  9  9  9]"
2024-10-23 20:49:30.363761,"(7.5, 26.66)","(1022, 2443)","[17 14 19 20 16 18 15 14 20 19 22 22 21 22 17 19 16 17 16 16 14 15 13 13
 12 12 11 11 10 10 11 11 10 11 10 10 12 11 12 12 12 12 11 11 10 10 10 10
 11 10 11 11 11 11 12 12 12 12 11 11 10 10  9 10  9  9 10  9 11 11 10 11
 13  9 15 15 12 14 13 12 14 15 13 14 12 13 11 11 10 10 10 10 15 10 23 20
 37 23 54 48 57 56 55 57 48 53 40 44 33 36 26 29 21 24 18 19 15 16 13 14
 11 12 10 11 10 10 10 10]"
2024-10-23 20:49:44.544106,"(15.0, 26.66)","(1088, 2444)","[17 10 19 20 16 18 15 14 20 19 22 22 21 22 17 19 16 17 16 16 14 15 13 13
 12 12 11 11 10 10 11 11 10 11 10 10 12 11 12 12 12 12 11 11 10 10 10 10
 11 10 11 11 11 11 12 12 12 12 11 11 10 10  9 10  9  9 10  9 11 11 10 11
  9  9  9  9 12 11 13 12 14 15 13 14 12 13 11 11 10 10 10 10 12 10 19 15
 27 23 39 32 44 42 43 44 37 41 29 33 23 26 16 21 14 15 12 13 10 11  9  9
  8  8  8  8  9  9  9  9]"
2024-10-23 20:49:57.701810,"(22.5, 26.66)","(1146, 2444)","[17 11 19 20 16 18 15 14 20 19 22 22 21 22 17 19 16 17 16 16 14 15 13 13
 12 12 11 11 10 10 11 11 10 11 10 10 12 11 12 12 12 12 11 11 10 10 10 10
 11 10 11 11 11 11 12 12 12 12 11 11 10 10  9 10 13  9 14 14 11 11 10 11
  9  9  9  9 12 11 13 12 14 15 13 14 12 13 11 11 10 10 10 10  9 10 15  9
 27 19 38 33 41 40 39 40 34 37 27 31 22 25 16 20 14 15 13 13 11 12 10 10
  9  9  8  8  9  9  9  9]"
2024-10-23 20:50:11.875673,"(30.0, 26.66)","(1201, 2444)","[17 11 19 20 16 18 15 14 20 19 22 22 21 22 17 19 16 17 16 16 14 15 13 13
 12 12 11 11 10 10 11 11 10 11 10 10 12 11 12 12 12 12 11 11 10 10 10 10
 11 10 11 11 11 11 12 12 12 12 11 11 10 10  9 10  9  9 10  9 11 11 10 11
  9  9  9  9 12 11 13 12 14 15 13 14 12 13 11 11 10 10 10 10  9 10  9  9
 19 10 28 24 30 29 28 30 24 27 20 22 17 19 13 16 12 13 12 12 11 11 11 11
 10 10 10 10 10 10  9  9]"
2024-10-23 20:50:25.536589,"(37.5, 26.66)","(1255, 2444)","[17  3 19 20 16 18 15 14 20 19 22 22 21 22 17 19 16 17 16 16 14 15 13 13
 12 12 11 11 10 10 11 11 10 11 10 10 12 11 12 12 12 12 11 11 10 10 10 10
 11 10 11 11 11 11 12 12 12 12 11 11 10 10  9 10  9  9 10  9 11 11 10 11
  9  9  9  9 12 11 13 12 14 15 13 14 12 13 11 11 10 10 10 10 13 10 19 14
 31 25 38 36 39 39 36 38 29 33 23 25 15 21 15 15 13 14 12 13 11 11 10 10
  9 10  9  9  9  9  9  9]"
2024-10-23 20:50:38.697478,"(45.0, 26.66)","(1306, 2444)","[17  9 19 20 16 18 15 14 20 19 22 22 21 22 17 19 16 17 16 16 14 15 13 13
 12 12 11 11 10 10 11 11 10 11 10 10 12 11 12 12 12 12 11 11 10 10 10 10
 11 10 11 11 11 11 12 12 12 12 11 11 10 10  9 10  9  9 10  9 11 11 10 11
  9  9  9  9 12 11 13 12 14 15 13 14 12 13 11 11 10 10 10 10  9 10 16  9
 29 23 35 33 35 36 30 33 24 27 20 22 14 19 13 13 12 12 11 11  9 10  9  9
  8  8  8  8  9  9  9  9]"
2024-10-23 20:50:51.856026,"(52.5, 26.66)","(1358, 2444)","[17 13 19 20 16 18 15 14 20 19 22 22 21 22 17 19 16 17 16 16 14 15 13 13
 12 12 11 11 10 10 11 11 10 11 10 10 12 11 12 12 12 12 11 11 10 10 10 10
 11 10 11 11 11 11 12 12 12 12 11 11 10 10  9 10  9  9 10  9 11 11 10 11
  9  9  9  9 12 11 13 12 14 15 13 14 12 13 11 11 10 10 10 10  9 10 17  9
 28 23 34 32 33 34 29 31 24 27 19 22 14 18 13 13 13 13 11 12  9 10  8  8
  7  7  8  7  9  9  9  9]"
2024-10-23 20:51:05.011491,"(60.0, 26.66)","(1411, 2444)","[17 13 19 20 16 18 15 14 20 19 22 22 21 22 17 19 16 17 16 16 14 15 13 13
 12 12 11 11 10 10 11 11 10 11 10 10 12 11 12 12 12 12 11 11 10 10 10 10
 11 10 11 11 11 11 12 12 12 12 11 11 10 10  9 10  9  9 10  9 11 11 10 11
  9  9  9  9 12 11 13 12 14 15 13 14 12 13 11 11 10 10 15 13 16 15 15 16
 22 15 30 27 30 30 28 29 24 27 20 22 13 19 13 13 13 13 12 12 10 11  9 10
  8  8  8  8  9  9  9  9]"
2024-10-23 20:51:19.188383,"(67.5, 26.66)","(1466, 2444)","[17  7 19 20 16 18 15 14 20 19 22 22 21 22 17 19 16 17 16 16 14 15 13 13
 12 12 11 11 10 10 11 11 10 11 10 10 12 11 12 12 12 12 11 11 10 10 10 10
 11 10 11 11 11 11 12 12 12 12 11 11 10 10  9 10  9  9 10  9 11 11 10 11
  9  9  9  9 12 11 13 12 14 15 13 14 12 13 11 11 10 10 10 10 14 10 19 15
 31 25 39 36 39 39 37 38 31 34 25 28 20 22 15 18 13 14 12 12 10 11  9 10
  8  8  8  8  9  9  9  9]"
2024-10-23 20:51:32.344731,"(75.0, 26.66)","(1524, 2443)","[17  9 19 20 16 18 15 14 20 19 22 22 21 22 17 19 16 17 16 16 14 15 13 13
 12 12 11 11 10 10 11 11 10 11 10 10 12 11 12 12 12 12 11 11 10 10 10 10
 11 10 11 11 11 11 12 12 12 12 11 11 10 10  9 10  9  9 10  9 11 11 10 11
  9  9  9  9 12 11 13 12 14 15 13 14 12 13 11 11 10 10 10 10  9 10 15  9
 28 20 38 34 40 39 38 39 33 36 27 30 22 24 16 20 14 15 12 13 11 12 10 11
 10 10  9 10  9  9  9  9]"
2024-10-23 20:51:45.502404,"(82.5, 26.66)","(1585, 2445)","[17  8 19 20 16 18 15 14 20 19 22 22 21 22 17 19 16 17 16 16 14 15 13 13
 12 12 11 11 10 10 11 11 10 11 10 10 12 11 12 12 12 12 11 11 10 10 10 10
 11 10 11 11 11 11 12 12 12 12 11 11 10 10  9 10  9  9 10  9 11 11 10 11
  9  9  9  9 12 11 13 12 14 15 13 14 12 13 11 11 10 10 10 10  9 10 15  9
 25 18 34 31 36 36 35 36 30 33 24 27 14 21 13 14 11 12 10 11 10 10 10 10
 10 10 10 10 10 10  9  9]"
2024-10-23 20:51:58.661250,"(90.0, 26.66)","(1654, 2446)","[17 11 19 20 16 18 15 14 20 19 22 22 21 22 17 19 16 17 16 16 14 15 13 13
 12 12 11 11 10 10 11 11 10 11 10 10 12 11 12 12 12 12 11 11 10 10 10 10
 11 10 11 11 11 11 12 12 12 12 11 11 10 10  9 10  9  9 10  9 11 11 10 11
  9  9  9  9 12 11 13 12 14 15 13 14 12 13 11 11 10 10 10 10  9 10 17  9
 31 23 41 37 42 42 40 41 35 38 28 31 22 25 16 20 14 15 12 13 10 11  9 10
  8  9  8  8  9  9  9  9]"
2024-10-23 20:52:34.871863,"(-82.5, -26.66)","(3822, 3036)","[17  7 19 20 16 18 15 14 20 19 22 22 21 22 17 19 16 17 16 16 14 15 13 13
 12 12 11 11 10 10 11 11 10 11 10 10 12 11 12 12 12 12 11 11 10 10 10 10
 11 10 11 11 11 11 12 12 12 12 11 11 10 10  9 10  9  9 10  9 11 11 10 11
  9  9  9  9 12 11 13 12 14 15 13 14 12 13 12 11 23 17 32 28 35 33 38 37
 38 39 43 39 54 49 58 57 56 57 51 54 46 48 41 43 37 39 31 34 27 27 27 27
 26 27 24 26 22 23 19 21]"
2024-10-23 20:52:48.035628,"(-75.0, -26.66)","(3923, 3036)","[17 15 19 20 16 17 15 14 20 19 22 22 21 22 17 19 16 17 16 16 14 15 13 13
 12 12 11 11 10 10 11 11 10 11 10 10 12 11 12 12 12 12 11 11 10 10 10 10
 11 10 11 11 11 11 12 12 12 12 11 11 10 10  9 10  9  9 10  9 11 11 10 11
  9  9  9  9 12 11 13 12 14 15 13 14 12 13 11 11 15 10 21 18 25 23 31 28
 37 33 47 41 53 51 54 54 51 53 46 49 42 44 38 40 35 37 33 33 31 32 25 30
 23 25 20 22 17 18 15 16]"
2024-10-23 20:53:01.200587,"(-67.5, -26.66)","(4036, 3035)","[17 13 19 20 16 17 15 14 20 19 22 22 21 22 17 19 16 17 16 16 14 15 13 13
 12 12 11 11 10 10 11 11 10 11 10 10 12 11 12 12 12 12 11 11 10 10 10 10
 11 10 11 11 11 11 12 12 12 12 11 11 10 10  9 10  9  9 10  9 11 11 15 11
 15 15 14 14 12 11 13 12 14 15 13 14 12 13 11 11 15 10 16 16 16 16 22 17
 34 28 44 39 48 46 50 49 49 50 44 47 37 41 32 34 30 30 29 29 29 29 23 27
 21 22 18 20 16 17 14 15]"
2024-10-23 20:53:14.359998,"(-60.0, -26.66)","(62, 3036)","[17  6 19 20 16 17 15 14 20 19 22 22 21 22 17 19 16 17 16 16 14 15 13 13
 12 12 11 11 10 10 11 11 10 11 10 10 12 11 12 12 12 12 11 11 10 10 10 10
 11 10 11 11 11 11 12 12 12 12 11 11 10 10  9 10  9  9 10  9 11 11 15 11
 15 15 13 14 12 11 13 12 14 15 13 14 12 13 11 11 10 10 10 10 14 10 15 15
 16 16 17 16 34 25 42 39 43 43 40 42 36 38 33 35 29 32 24 26 18 22 16 17
 13 14 11 12 10 10  9 10]"
2024-10-23 20:53:28.023948,"(-52.5, -26.66)","(187, 3035)","[17  7 19 20 16 17 15 14 20 19 22 22 21 22 17 19 16 17 16 16 14 15 13 13
 12 12 11 11 10 10 11 11 10 11 10 10 12 11 12 12 12 12 11 11 10 10 10 10
 11 10 11 11 11 11 12 12 12 12 11 11 10 10  9 10  9  9 10  9 11 11 15 11
 14 14 13 13 12 11 13 12 14 15 13 14 12 13 11 11 10 10 10 10  9 10 15  9
 16 16 18 17 28 23 34 32 35 35 34 35 32 33 29 30 26 27 24 25 17 22 16 17
 15 16 13 14 11 11  9 10]"
2024-10-23 20:53:41.185343,"(-45.0, -26.66)","(283, 3036)","[17  9 19 20 16 17 15 14 20 19 22 22 21 22 17 19 16 17 16 16 14 15 13 13
 12 12 11 11 10 10 11 11 10 11 10 10 12 11 12 12 12 12 11 11 10 10 10 10
 11 10 11 11 11 11 12 12 12 12 11 11 10 10  9 10  9  9 10  9 11 11 10 11
  9  9  9  9 12 11 13 12 14 15 13 14 12 13 11 11 10 10 10 10  9 10  9  9
 10 10 22 16 34 28 40 38 40 40 38 39 32 35 27 29 22 24 16 16 15 16 15 15
 14 15 12 13 10 11  9 10]"
2024-10-23 20:53:54.343218,"(-37.5, -26.66)","(421, 3036)","[17 10 19 20 16 17 15 14 20 19 22 22 21 22 17 19 16 17 16 16 14 15 13 13
 12 12 11 11 10 10 11 11 10 11 10 10 12 11 12 12 12 12 11 11 10 10 10 10
 11 10 11 11 11 11 12 12 12 12 11 11 10 10  9 10  9  9 10  9 11 11 10 11
  9  9  9  9 12 11 13 12 14 15 13 14 12 13 11 11 10 10 10 10  9 10  9  9
 15 10 25 19 37 31 44 41 44 45 41 43 35 38 27 31 21 24 17 17 15 16 14 14
 12 13 10 11  9 10  9  9]"
2024-10-23 20:54:07.504582,"(-30.0, -26.66)","(555, 3037)","[17 13 19 20 16 17 15 14 20 19 22 22 21 22 17 19 16 17 16 16 14 15 13 13
 12 12 11 11 10 10 11 11 10 11 10 10 12 11 12 12 12 12 11 11 10 10 10 10
 11 10 11 11 11 11 12 12 12 12 11 11 10 10  9 10  9  9 10  9 11 11 15 11
 14 15 14 14 12 11 13 12 14 15 13 14 12 13 11 11 10 10 10 10  9 10  9  9
 10 10 17 14 33 24 40 37 41 41 38 40 33 36 27 30 22 24 16 16 14 15 12 13
 10 11  9 10  9  9  9  9]"
2024-10-23 20:54:20.664097,"(-22.5, -26.66)","(674, 3037)","[17 11 19 20 16 18 15 14 20 19 22 22 21 22 17 19 16 17 16 16 14 15 13 13
 12 12 11 11 10 10 11 11 10 11 10 10 12 11 12 12 12 12 11 11 10 10 10 10
 11 10 11 11 11 11 12 12 12 12 11 11 10 10  9 10  9  9 10  9 12 11 17 15
 17 17 15 16 12 14 13 12 14 15 13 14 12 13 11 11 10 10 10 10  9 10  9  9
 10 10  9  9 15  9 31 25 38 36 37 38 34 36 28 31 22 25 18 20 14 15 12 13
 10 11  9  9  9  9  9  9]"
2024-10-23 20:54:33.830767,"(-15.0, -26.66)","(778, 3037)","[17 11 19 20 16 18 15 14 20 19 22 22 21 22 17 19 16 17 16 16 14 15 13 13
 12 12 11 11 10 10 11 11 10 11 10 10 12 11 12 12 12 12 11 11 10 10 10 10
 11 10 11 11 11 11 12 12 12 12 11 11 10 10  9 10  9  9 15 12 17 16 16 16
 14 15 14 14 20 17 22 22 21 22 20 20 19 19 18 19 16 17 11 11 12 12 11 12
 11 11 11 11 19 16 27 24 29 29 29 29 28 29 24 26 20 22 15 15 14 14 19 14
 22 22 21 21 15 19 14 14]"
2024-10-23 20:54:46.990315,"(-7.5, -26.66)","(869, 3037)","[17 11 19 20 16 18 15 14 20 19 22 22 21 22 17 19 16 17 16 16 14 15 13 13
 12 12 11 11 10 10 11 11 10 11 10 10 12 11 12 12 12 12 11 11 10 10 10 10
 11 10 11 11 11 11 12 12 12 12 11 11 10 10 17 10 36 28 48 43 50 49 47 49
 41 45 38 38 40 39 39 40 36 38 35 36 32 33 31 31 31 31 31 31 30 31 28 29
 24 28 24 24 22 23 28 22 33 32 34 34 31 33 28 30 23 27 23 23 22 23 27 22
 29 29 28 29 23 27 20 22]"
2024-10-23 20:55:00.147928,"(0.0, -26.66)","(949, 3037)","[17 13 20 20 18 19 18 18 20 19 22 22 21 22 17 19 16 17 16 16 14 15 13 13
 12 12 11 11 10 10 11 11 10 11 10 10 12 11 12 12 12 12 11 11 10 10 10 10
 11 10 11 11 11 11 12 12 12 12 11 11 10 10 14 10 33 25 45 40 46 46 44 46
 40 41 47 41 57 52 58 58 56 57 55 55 54 54 51 52 46 49 40 43 37 38 35 36
 30 34 28 29 29 28 36 33 40 38 44 42 45 45 43 44 40 42 38 39 31 37 31 31
 28 29 25 26 21 23 18 19]"
2024-10-23 20:55:13.305464,"(7.5, -26.66)","(1022, 3037)","[18 17 19 20 16 18 15 14 20 19 22 22 21 22 17 19 16 17 16 16 14 15 13 13
 14 14 14 14 12 13 11 12 10 11 10 10 12 11 12 12 12 12 11 11 10 10 10 10
 11 10 11 11 11 11 12 12 12 12 11 11 10 10  9 10 13  9 17 15 18 18 19 19
 18 18 27 20 39 33 45 42 50 48 52 52 50 51 45 47 39 42 32 35 23 29 21 22
 19 20 17 18 23 17 38 32 42 41 43 42 42 43 39 41 36 37 32 34 24 30 24 24
 24 24 23 24 21 22 20 21]"
2024-10-23 20:55:26.464177,"(15.0, -26.66)","(1087, 3036)","[17 12 19 20 16 18 15 14 20 19 22 22 21 22 17 19 16 17 16 16 14 15 13 13
 12 12 11 11 10 10 11 11 10 11 10 10 12 11 12 12 12 12 11 11 10 10 10 10
 11 10 11 11 11 11 12 12 12 12 11 11 10 10  9 10  9  9 10  9 11 11 14 11
 17 15 24 19 28 26 36 31 40 41 45 41 49 47 48 49 46 48 43 45 41 42 39 40
 37 38 35 36 34 35 33 34 32 33 33 31 34 33 33 34 32 33 26 26 24 25 21 23
 20 20 19 20 20 18 25 23]"
2024-10-23 20:55:39.621196,"(22.5, -26.66)","(1146, 3037)","[17  9 19 20 16 18 15 14 20 19 22 22 21 22 17 19 16 17 16 16 14 15 13 13
 12 12 11 11 10 10 11 11 10 11 10 10 12 11 12 12 12 12 11 11 10 10 10 10
 11 10 11 11 11 11 12 12 12 12 11 11 10 10  9 10 13  9 19 15 23 21 23 23
 23 23 27 24 27 27 33 30 39 37 46 42 48 48 47 48 43 46 40 41 37 38 36 37
 35 35 36 35 37 36 37 37 39 38 38 39 36 37 34 35 33 33 34 33 34 34 28 33
 27 28 25 26 23 24 21 22]"
2024-10-23 20:55:52.786639,"(30.0, -26.66)","(1201, 3036)","[17  5 19 20 16 18 15 14 20 19 22 22 21 22 17 19 16 17 16 16 14 15 13 13
 12 12 11 11 10 10 11 11 10 11 10 10 12 11 12 12 12 12 11 11 10 10 10 10
 11 10 11 11 11 11 12 12 12 12 11 11 10 10  9 10  9  9 10  9 11 11 15 11
 15 15 14 14 12 11 13 12 14 15 13 14 19 19 20 19 28 23 38 33 38 39 36 37
 35 36 32 34 32 31 40 37 43 42 47 45 47 47 44 46 40 42 37 39 34 36 27 31
 26 26 25 25 22 24 19 21]"
2024-10-23 20:56:05.946681,"(37.5, -26.66)","(1255, 3037)","[17  8 19 20 16 18 15 14 20 19 22 22 21 22 17 19 16 17 16 16 14 15 13 13
 12 12 11 11 10 10 11 11 10 11 10 10 12 11 12 12 12 12 11 11 10 10 10 10
 11 10 11 11 11 11 12 12 12 12 11 11 10 10  9 10  9  9 10  9 11 11 10 11
  9  9  9  9 12 11 13 12 14 15 13 14 14 13 21 19 22 20 34 26 40 38 38 40
 35 36 35 35 39 36 45 42 48 47 48 49 46 47 39 42 34 36 30 32 25 25 23 24
 21 22 19 20 17 18 16 16]"
2024-10-23 20:56:19.105579,"(45.0, -26.66)","(1307, 3037)","[17  5 19 20 16 18 15 14 20 19 22 22 21 22 17 19 16 17 16 16 14 15 13 13
 12 12 11 11 10 10 11 11 10 11 10 10 12 11 12 12 12 12 11 11 10 10 10 10
 11 10 11 11 11 11 12 12 12 12 11 11 10 10  9 10  9  9 10  9 11 11 11 11
 20 15 23 23 22 22 24 23 23 24 22 22 27 24 35 32 34 35 33 33 35 34 34 35
 31 33 28 29 25 25 33 29 36 36 35 36 34 34 32 33 29 30 26 27 22 22 20 21
 17 19 15 16 14 14 12 13]"
2024-10-23 20:56:33.283768,"(52.5, -26.66)","(1359, 3036)","[17 15 19 20 16 18 15 14 20 19 22 22 21 22 17 19 16 17 16 16 14 15 13 13
 12 12 11 11 10 10 11 11 10 11 10 10 12 11 12 12 12 12 11 11 10 10 10 10
 11 10 11 11 11 11 12 12 12 12 11 11 10 10  9 10  9  9 10  9 11 11 14 11
 27 20 33 32 32 32 39 37 38 39 34 36 28 31 26 27 24 25 22 23 17 21 16 17
 16 16 15 15 14 15 19 14 26 23 27 27 26 27 25 25 28 25 30 30 28 29 23 26
 18 21 16 17 14 15 13 14]"
2024-10-23 20:56:46.445610,"(60.0, -26.66)","(1412, 3036)","[17 14 19 20 16 18 15 14 20 19 22 22 21 22 17 19 16 17 16 16 14 15 13 13
 12 12 11 11 10 10 11 11 10 11 10 10 12 11 12 12 12 12 11 11 10 10 10 10
 11 10 11 11 11 11 12 12 12 12 11 11 10 10 14 10 22 18 28 25 29 29 28 28
 34 30 38 37 39 38 41 40 40 40 37 38 31 34 28 29 27 27 26 26 25 25 29 27
 29 30 26 28 21 21 21 21 21 21 21 21 19 20 18 18 22 18 24 24 23 24 18 22
 16 17 15 16 14 15 13 14]"
2024-10-23 20:57:00.621066,"(67.5, -26.66)","(1467, 3036)","[17  8 19 20 16 17 15 14 20 19 22 22 21 22 17 19 16 17 16 16 14 15 13 13
 12 12 12 12 12 12 11 12 10 11 10 10 12 11 12 12 12 12 11 11 10 10 10 10
 11 10 11 11 11 11 12 12 12 12 11 11 15 10 21 19 32 23 44 39 47 46 45 46
 40 43 34 37 33 33 34 33 35 35 32 34 29 30 32 30 36 35 39 37 44 41 46 45
 45 46 42 44 37 39 28 34 27 28 26 26 25 25 23 24 22 22 20 21 18 19 17 17
 15 16 13 14 12 13 11 12]"
2024-10-23 20:57:13.781672,"(75.0, -26.66)","(1524, 3038)","[17 12 19 20 16 17 15 14 20 19 22 22 21 22 17 19 16 17 16 16 14 15 13 13
 12 12 11 11 10 10 11 11 10 11 10 10 12 11 12 12 12 12 11 11 10 10 10 10
 11 10 11 11 11 11 12 12 18 12 26 22 32 29 35 34 38 36 42 40 43 43 40 42
 33 37 27 30 25 26 25 25 25 25 22 24 18 18 24 18 31 28 38 35 39 39 37 39
 32 34 27 30 26 23 29 28 30 29 30 30 28 29 23 27 21 22 20 20 19 20 17 18
 16 16 16 16 14 15 14 14]"
2024-10-23 20:57:26.938319,"(82.5, -26.66)","(1585, 3036)","[17  8 19 20 16 17 15 14 20 19 22 22 21 22 17 19 16 17 16 16 14 15 13 13
 12 12 11 11 10 10 11 11 10 11 10 10 12 11 12 12 12 12 11 11 10 10 10 10
 11 10 11 11 15 11 24 19 32 28 36 34 36 36 34 35 31 32 33 31 34 34 31 33
 25 28 21 23 17 17 17 17 16 16 14 15 22 18 30 27 31 32 29 31 27 28 27 27
 26 27 27 26 35 31 38 37 38 38 37 37 35 36 32 34 28 30 23 23 21 22 20 20
 19 19 19 19 18 18 17 17]"
2024-10-23 20:58:03.644275,"(-90.0, 30.0)","(3741, 2406)","[17 15 19 20 16 17 15 14 20 19 22 22 21 22 17 19 16 17 16 16 14 15 13 13
 12 12 11 11 10 10 11 11 10 11 10 10 12 11 12 12 12 12 11 11 10 10 10 10
 11 10 22 14 31 27 33 33 33 33 32 33 31 32 30 30 28 29 27 28 23 25 16 21
 15 16 14 15 13 13 13 13 14 15 13 14 12 13 11 11 17 10 19 18 19 20 19 19
 19 18 27 22 35 31 37 36 36 37 35 36 33 34 29 32 24 26 18 18 16 17 15 15
 15 15 14 15 12 13 10 11]"
2024-10-23 20:58:16.601567,"(-83.33, 30.0)","(3816, 2363)","[17 10 19 20 16 17 15 14 20 19 22 22 21 22 17 19 16 17 16 16 14 15 13 13
 12 12 11 11 10 10 11 11 10 11 10 10 12 11 12 12 12 12 11 11 10 10 14 10
 26 21 35 31 37 36 36 37 33 35 30 32 26 28 24 25 22 23 22 22 21 21 16 20
 15 16 15 15 13 14 13 13 14 15 13 14 12 13 11 11 16 10 18 17 20 19 21 21
 22 21 25 23 29 27 28 29 28 28 27 28 26 27 23 25 16 21 15 16 13 14 11 12
 10 10  9  9  9  9  9  9]"
2024-10-23 20:58:29.560826,"(-76.66, 30.0)","(3903, 2360)","[17 10 19 20 16 17 15 14 20 19 22 22 21 22 17 19 16 17 16 16 14 15 13 13
 12 12 11 11 10 10 11 11 10 11 10 10 12 11 12 12 12 12 11 11 10 10 14 10
 27 20 37 33 42 40 44 44 43 44 39 41 31 35 25 27 23 23 27 24 29 28 30 29
 33 32 31 32 25 29 18 22 16 17 14 15 12 13 11 11 10 10 15 12 19 17 17 18
 18 17 21 19 25 23 28 26 30 30 29 30 25 27 22 23 20 21 16 16 14 15 12 13
 10 11  9 10  9  9  9  9]"
2024-10-23 20:58:42.520715,"(-70.0, 30.0)","(3996, 2359)","[17 10 19 20 16 17 15 14 20 19 22 22 21 22 17 19 16 17 16 16 14 15 13 13
 12 12 11 11 10 10 11 11 10 11 10 10 12 11 12 12 12 12 11 11 10 10 10 10
 17 10 27 22 38 32 45 42 46 47 44 45 36 40 28 32 24 25 25 24 30 28 30 30
 29 30 26 28 20 24 18 19 16 17 14 15 12 13 11 11 10 10 16 12 21 19 20 20
 18 19 16 17 18 17 22 21 22 23 20 21 13 19 13 13 12 13 11 12 10 10  8  9
  8  8  8  8  9  9  9  9]"
2024-10-23 20:58:55.478262,"(-63.33, 30.0)","(6, 2360)","[17 10 19 20 16 17 15 14 20 19 22 22 21 22 17 19 16 17 16 16 14 15 13 13
 12 12 11 11 10 10 11 11 10 11 10 10 12 11 12 12 12 12 11 11 10 10 10 10
 11 10 11 11 27 20 37 33 39 39 36 38 34 35 31 33 28 29 25 26 23 23 23 22
 24 24 23 24 16 21 15 16 14 15 13 14 12 13 15 11 17 17 17 17 17 17 11 16
 11 11 11 11 17 11 21 19 23 23 23 23 20 22 14 19 13 14 12 13 11 12 10 11
  9 10  9  9  9  9  9  9]"
2024-10-23 20:59:08.434974,"(-56.66, 30.0)","(77, 2359)","[18 15 20 20 17 18 15 14 20 19 22 22 21 22 17 19 16 17 16 16 14 15 13 13
 12 12 11 11 10 10 11 11 10 11 10 10 12 11 12 12 12 12 11 11 10 10 10 10
 11 10 11 11 26 17 34 30 38 36 38 38 36 37 34 35 30 32 25 27 21 23 21 20
 22 22 20 21 16 16 15 15 14 15 13 14 12 13 11 11 11 11 11 11 11 11 11 11
 11 11 11 11 11 11 17 11 23 21 23 23 20 21 18 19 13 17 12 13 12 12 11 11
 10 10  9  9  9  9  9  9]"
2024-10-23 20:59:21.390561,"(-50.0, 30.0)","(188, 2358)","[17 14 19 20 16 18 15 14 20 19 22 22 21 22 17 19 16 17 16 16 14 15 13 13
 12 12 11 11 10 10 11 11 10 11 10 10 12 11 12 12 12 12 11 11 10 10 10 10
 11 10 11 11 11 11 20 12 29 26 30 30 33 31 36 35 35 36 34 34 34 34 34 34
 34 34 32 33 29 31 23 26 18 21 16 17 13 14 12 12 11 11 11 11 11 11 11 11
 11 11 11 11 16 15 11 16 20 11 25 23 25 25 24 25 20 22 14 14 14 14 13 14
 12 13 10 11  9 10  9  9]"
2024-10-23 20:59:35.365578,"(-43.33, 30.0)","(330, 2359)","[17 11 19 20 16 18 15 14 20 19 22 22 21 22 17 19 16 17 16 16 14 15 13 13
 12 12 11 11 10 10 11 11 10 11 10 10 12 11 12 12 12 12 11 11 10 10 10 10
 11 10 11 11 11 11 12 12 12 12 11 11 17 15 25 22 29 28 32 30 34 33 33 34
 30 33 27 28 23 25 19 21 14 17 14 14 12 13 19 12 25 24 25 26 23 24 20 21
 15 19 14 15 13 14 12 12 12 12 12 12 12 12 12 12 12 12 11 12 10 11  9 10
  8  9  8  8  9  9  9  9]"
2024-10-23 20:59:48.324826,"(-36.66, 30.0)","(434, 2359)","[17 10 19 20 16 18 15 14 20 19 22 22 21 22 17 19 16 17 16 16 14 15 13 13
 12 12 11 11 10 10 11 11 10 11 10 10 12 11 12 12 12 12 11 11 10 10 10 10
 11 10 11 11 11 11 12 12 12 12 11 11 10 10  9 10 14  9 23 18 32 28 36 35
 36 36 34 35 28 31 25 26 28 25 32 30 31 31 36 32 41 40 40 41 35 38 27 31
 21 24 19 20 17 18 16 16 20 16 22 21 22 22 16 21 16 16 15 15 13 14 11 12
  9 10  9  9  9  9  9  9]"
2024-10-23 21:00:01.281734,"(-30.0, 30.0)","(552, 2359)","[17 11 19 20 16 18 15 14 20 19 22 22 21 22 17 19 16 17 16 16 14 15 13 13
 12 12 11 11 10 10 11 11 10 11 10 10 12 11 12 12 12 12 11 11 10 10 10 10
 11 10 11 11 11 11 12 12 12 12 11 11 10 10  9 10  9  9 25 16 40 33 46 44
 45 46 41 43 36 38 34 35 33 33 35 34 35 35 35 35 34 35 32 34 28 30 22 26
 21 22 19 20 18 19 17 17 16 16 16 16 16 16 16 16 16 16 15 15 14 15 12 13
 11 12 10 10  9  9  9  9]"
2024-10-23 21:00:14.238167,"(-23.33, 30.0)","(660, 2359)","[17 15 19 20 16 18 15 14 20 19 22 22 21 22 17 19 16 17 16 16 14 15 13 13
 12 12 11 11 10 10 11 11 10 11 10 10 12 11 12 12 12 12 11 11 10 10 10 10
 11 10 11 11 11 11 12 12 12 12 11 11 10 10  9 10  9  9 20 12 36 28 43 41
 44 44 41 43 33 37 27 30 24 26 20 22 16 16 15 15 15 15 22 18 25 24 27 27
 25 27 24 24 29 26 30 29 28 29 26 27 25 26 24 25 19 22 17 18 14 16 12 13
 10 11  9  9  9  9  9  9]"
2024-10-23 21:00:27.192288,"(-16.66, 30.0)","(755, 2359)","[18 16 19 20 16 18 15 14 20 19 22 22 21 22 17 19 16 17 16 16 14 15 13 13
 12 12 11 11 10 10 11 11 10 11 10 10 12 11 12 12 12 12 11 11 10 10 10 10
 11 10 11 11 11 11 12 12 12 12 11 11 10 10  9 10  9  9 10  9 23 16 35 30
 38 38 37 38 31 34 24 27 19 21 14 14 13 13 11 12 10 10 10 10  9 10  9  9
 10 10  9  9 13  9 22 18 26 26 30 27 33 31 32 33 29 31 25 27 22 23 16 21
 16 16 14 15 12 13 11 12]"
2024-10-23 21:00:40.147681,"(-10.0, 30.0)","(840, 2359)","[17  8 19 20 16 18 15 14 20 19 22 22 21 22 17 19 16 17 16 16 14 15 13 13
 12 12 11 11 10 10 11 11 10 11 10 10 12 11 12 12 12 12 11 11 10 10 10 10
 11 10 11 11 11 11 12 12 12 12 11 11 10 10  9 10  9  9 10  9 11 11 10 11
  9  9  9  9 12 11 13 12 14 15 13 14 12 13 11 11 10 10 10 10  9 10  9  9
 10 10  9  9 14  8 27 21 33 31 34 34 32 33 26 29 22 23 21 21 23 22 25 24
 24 25 23 24 16 21 15 16]"
2024-10-23 21:00:53.105548,"(-3.33, 30.0)","(916, 2358)","[17  5 19 20 16 18 15 14 20 19 22 22 21 22 17 19 16 17 16 16 14 15 13 13
 12 12 11 11 10 10 11 11 10 11 10 10 12 11 12 12 12 12 11 11 10 10 10 10
 11 10 11 11 11 11 12 12 12 12 11 11 10 10  9 10  9  9 10  9 11 11 10 11
  9  9  9  9 12 11 13 12 14 15 13 14 12 13 11 11 10 10 10 10  9 10  9  9
 15 10 25 20 30 28 35 32 43 37 48 46 47 48 43 45 38 40 34 36 32 33 31 32
 29 31 26 28 20 20 17 19]"
2024-10-23 21:01:07.077330,"(3.33, 30.0)","(983, 2359)","[17 13 19 20 16 18 15 14 20 19 22 22 21 22 17 19 16 17 16 16 14 15 13 13
 12 12 11 11 10 10 11 11 10 11 10 10 12 11 12 12 12 12 11 11 10 10 10 10
 11 10 11 11 11 11 12 12 12 12 11 11 10 10  9 10  9  9 10  9 11 11 10 11
  9  9  9  9 12 11 13 12 14 15 13 14 12 13 11 11 10 10 10 10  9 10 14  9
 26 19 35 32 35 36 34 34 40 35 45 43 45 45 41 44 35 38 30 33 26 28 21 25
 21 21 20 21 18 19 15 16]"
2024-10-23 21:01:20.032936,"(10.0, 30.0)","(1043, 2360)","[18 15 19 20 16 18 15 14 20 19 22 22 21 22 17 19 16 17 16 16 14 15 13 13
 12 12 11 11 10 10 11 11 10 11 10 10 12 11 12 12 12 12 11 11 10 10 10 10
 11 10 11 11 11 11 12 12 12 12 11 11 10 10  9 10  9  9 10  9 11 11 10 11
  9  9  9  9 12 11 13 12 14 15 13 14 12 13 11 11 10 10 10 10  9 10  9  9
 15 10 18 16 24 20 33 29 41 38 45 43 45 45 42 44 36 39 28 32 19 25 18 19
 16 17 14 15 12 13 10 11]"
2024-10-23 21:01:32.987712,"(16.66, 30.0)","(1100, 2359)","[17  9 19 20 16 18 15 14 20 19 22 22 21 22 17 19 16 17 16 16 14 15 13 13
 12 12 11 11 10 10 11 11 10 11 10 10 12 11 12 12 12 12 11 11 10 10 10 10
 11 10 11 11 11 11 12 12 12 12 11 11 10 10  9 10  9  9 10  9 11 11 10 11
  9  9  9  9 12 11 13 12 14 15 13 14 12 13 11 11 10 10 10 10  9 10  9  9
 10 10  9  9 15 12 26 22 28 29 35 30 39 38 36 38 31 34 25 28 16 22 15 15
 13 14 11 12  9 10  9  9]"
2024-10-23 21:01:45.941862,"(23.33, 30.0)","(1153, 2359)","[17 13 19 20 16 18 15 14 20 19 22 22 21 22 17 19 16 17 16 16 14 15 13 13
 12 12 11 11 10 10 11 11 10 11 10 10 12 11 12 12 12 12 11 11 10 10 10 10
 11 10 11 11 11 11 12 12 12 12 11 11 10 10  9 10  9  9 10  9 11 11 10 11
  9  9  9  9 12 11 13 12 14 15 13 14 12 13 11 11 10 10 10 10  9 10  9  9
 10 10  9  9 18 15 30 25 35 34 35 35 34 35 31 33 26 29 20 23 15 15 13 14
 11 12 10 11 10 10  9  9]"
2024-10-23 21:01:58.896810,"(30.0, 30.0)","(1202, 2358)","[17  9 19 20 16 18 15 14 20 19 22 22 21 22 17 19 16 17 16 16 14 15 13 13
 12 12 11 11 10 10 11 11 10 11 10 10 12 11 12 12 12 12 11 11 10 10 10 10
 11 10 11 11 11 11 12 12 12 12 11 11 10 10  9 10  9  9 10  9 11 11 10 11
  9  9  9  9 12 11 13 12 14 15 13 14 12 13 11 11 10 10 10 10  9 10  9  9
 10 10  9  9 14 13 24 19 33 30 36 36 35 35 30 33 23 26 19 21 14 14 14 14
 13 14 12 13 11 12 10 11]"
2024-10-23 21:02:12.870039,"(36.66, 30.0)","(1250, 2359)","[17 13 19 20 16 18 15 14 20 19 22 22 21 22 17 19 16 17 16 16 14 15 13 13
 12 12 11 11 10 10 11 11 10 11 10 10 12 11 12 12 12 12 11 11 10 10 10 10
 11 10 11 11 11 11 12 12 12 12 11 11 10 10  9 10  9  9 10  9 11 11 10 11
  9  9  9  9 12 11 13 12 14 15 13 14 12 13 11 11 10 10 10 10  9 10  9  9
 10 10  9  9 10  8 16 11 27 22 32 30 32 32 29 31 25 27 20 22 13 18 13 13
 12 12 11 11  9 10  9  9]"
2024-10-23 21:02:25.823965,"(43.33, 30.0)","(1295, 2359)","[17  4 19 20 16 18 15 14 20 19 22 22 21 22 17 19 16 17 16 16 14 15 13 13
 12 12 11 11 10 10 11 11 10 11 10 10 12 11 12 12 12 12 11 11 10 10 10 10
 11 10 11 11 11 11 12 12 12 12 11 11 10 10  9 10  9  9 10  9 11 11 10 11
  9  9  9  9 12 11 13 12 14 15 13 14 12 13 11 11 10 10 10 10  9 10  9  9
 10 10  9  9 13  9 21 17 28 25 29 29 27 28 24 26 20 22 17 18 13 13 12 13
 11 12  9 10  9  9  9  9]"
2024-10-23 21:02:38.780114,"(50.0, 30.0)","(1341, 2360)","[17  7 19 20 16 18 15 14 20 19 22 22 21 22 17 19 16 17 16 16 14 15 13 13
 12 12 11 11 10 10 11 11 10 11 10 10 12 11 12 12 12 12 11 11 10 10 10 10
 11 10 11 11 11 11 12 12 12 12 11 11 10 10  9 10  9  9 10  9 11 11 10 11
  9  9  9  9 12 11 13 12 14 15 13 14 12 13 11 11 10 10 10 10  9 10  9  9
 10 10  9  9 19 15 31 26 36 35 36 36 34 35 30 32 25 28 20 22 15 15 13 14
 12 13 10 11  9 10  9  9]"
2024-10-23 21:02:51.735048,"(56.66, 30.0)","(1389, 2384)","[17 11 19 20 16 18 15 14 20 19 22 22 21 22 17 19 16 17 16 16 14 15 13 13
 12 12 11 11 10 10 11 11 10 11 10 10 12 11 12 12 12 12 11 11 10 10 10 10
 11 10 11 11 11 11 12 12 12 12 11 11 10 10  9 10  9  9 10  9 11 11 10 11
  9  9  9  9 12 11 13 12 14 15 13 14 12 13 11 11 10 10 10 10  9 10  9  9
 10 10  9  9 24 18 34 30 37 37 36 37 31 34 25 28 19 22 14 15 12 13 11 12
 10 11  9 10  9  9  9  9]"
2024-10-23 21:03:04.691419,"(63.33, 30.0)","(1437, 2404)","[17 11 19 20 16 18 15 14 20 19 22 22 21 22 17 19 16 17 16 16 14 15 13 13
 12 12 11 11 10 10 11 11 10 11 10 10 12 11 12 12 12 12 11 11 10 10 10 10
 11 10 11 11 11 11 12 12 12 12 11 11 10 10  9 10  9  9 10  9 11 11 10 11
  9  9  9  9 12 11 13 12 14 15 13 14 12 13 11 11 10 10 10 10  9 10  9  9
 15 10 24 19 31 28 34 33 32 34 27 30 22 24 14 19 13 14 12 13 11 12 10 11
  9 10  9  9  9  9  9  9]"
2024-10-23 21:03:17.646662,"(70.0, 30.0)","(1485, 2406)","[17  9 19 20 16 18 15 14 20 19 22 22 21 22 17 19 16 17 16 16 14 15 13 13
 12 12 11 11 10 10 11 11 10 11 10 10 12 11 12 12 12 12 11 11 10 10 10 10
 11 10 11 11 11 11 12 12 12 12 11 11 10 10  9 10  9  9 10  9 11 11 10 11
  9  9  9  9 12 11 13 12 14 15 13 14 12 13 11 11 10 10 10 10  9 10  9  9
 10 10 16 14 17 16 28 25 29 29 25 27 20 23 17 18 12 15 11 11 10 10  9 10
  8  9  8  8  9  9  9  9]"
2024-10-23 21:03:30.602018,"(76.66, 30.0)","(1538, 2405)","[17 11 19 20 16 18 15 14 20 19 22 22 21 22 17 19 16 17 16 16 14 15 13 13
 12 12 11 11 10 10 11 11 10 11 10 10 12 11 12 12 12 12 11 11 10 10 10 10
 11 10 11 11 11 11 12 12 12 12 11 11 10 10  9 10  9  9 10  9 11 11 10 11
  9  9  9  9 12 11 13 12 14 15 13 14 12 13 11 11 10 10 10 10  9 10  9  9
 10 10 16 12 29 23 34 32 34 35 32 33 26 29 21 23 14 19 13 14 12 12 11 11
 10 10  9 10  9  9  9  9]"
2024-10-23 21:03:43.558142,"(83.33, 30.0)","(1594, 2407)","[17  8 19 20 16 18 15 14 20 19 22 22 21 22 17 19 16 17 16 16 14 15 13 13
 12 12 11 11 10 10 11 11 10 11 10 10 12 11 12 12 12 12 11 11 10 10 10 10
 11 10 11 11 11 11 12 12 12 12 11 11 10 10  9 10  9  9 10  9 11 11 10 11
  9  9  9  9 12 11 13 12 14 15 13 14 12 13 11 11 10 10 10 10  9 10  9  9
 10 10 20 13 29 25 32 31 32 32 30 31 26 28 21 24 18 20 14 14 13 13 11 12
 10 10  9 10  9  9  9  9]"
2024-10-23 21:03:56.514144,"(90.0, 30.0)","(1652, 2406)","[17  9 19 20 16 18 15 14 20 19 22 22 21 22 17 19 16 17 16 16 14 15 13 13
 12 12 11 11 10 10 11 11 10 11 10 10 12 11 12 12 12 12 11 11 10 10 10 10
 11 10 11 11 11 11 12 12 12 12 11 11 10 10  9 10  9  9 10  9 11 11 10 11
  9  9  9  9 12 11 13 12 14 15 13 14 12 13 11 11 10 10 10 10  9 10  9  9
 10 10 18 14 32 25 37 36 37 38 34 36 27 31 21 24 18 19 13 14 12 13 11 11
 10 10  9  9  9  9  9  9]"
2024-10-23 21:04:32.723156,"(-83.33, -30.0)","(3815, 3074)","[19 18 19 20 16 18 15 14 20 19 22 22 21 22 17 19 16 17 16 16 14 15 13 13
 12 12 11 11 10 10 11 11 10 11 10 10 12 11 12 12 12 12 11 11 10 10 10 10
 11 10 11 11 11 11 12 12 12 12 11 11 10 10  9 10  9  9 10  9 11 11 10 11
  9  9  9  9 12 11 13 12 14 15 13 14 18 13 30 22 49 42 58 54 58 58 55 57
 50 53 48 48 46 47 45 46 43 44 40 42 35 38 27 31 25 26 24 24 24 24 23 23
 20 22 17 18 14 16 13 14]"
2024-10-23 21:04:45.679236,"(-76.66, -30.0)","(3902, 3074)","[19 19 19 20 16 18 15 14 20 19 22 22 21 22 17 19 16 17 16 16 14 15 13 13
 12 12 11 11 10 10 11 11 10 11 10 10 12 11 12 12 12 12 11 11 10 10 10 10
 11 10 11 11 11 11 12 12 12 12 11 11 10 10  9 10  9  9 10  9 11 11 10 11
  9  9  9  9 12 11 13 12 14 15 13 14 15 13 27 18 47 39 57 53 57 57 54 56
 48 52 42 45 40 41 37 39 33 36 29 31 24 24 23 24 21 22 19 20 19 19 18 18
 18 18 24 24 19 24 26 19]"
2024-10-23 21:04:58.636668,"(-70.0, -30.0)","(3995, 3074)","[17  8 19 20 16 18 15 14 20 19 22 22 21 22 17 19 16 17 16 16 14 15 13 13
 12 12 11 11 10 10 11 11 10 11 10 10 12 11 12 12 12 12 11 11 10 10 10 10
 11 10 11 11 11 11 12 12 12 12 11 11 10 10  9 10  9  9 10  9 11 11 10 11
  9  9  9  9 12 11 13 12 14 15 13 14 12 13 22 15 37 31 44 42 43 44 40 42
 36 36 40 37 41 41 39 40 36 38 33 35 31 32 28 29 22 25 20 21 19 20 18 19
 22 18 27 25 28 28 31 29]"
2024-10-23 21:05:12.613476,"(-63.33, -30.0)","(4064, 3073)","[17 13 19 20 16 18 15 14 20 19 22 22 21 22 17 19 16 17 16 16 14 15 13 13
 12 12 11 11 10 10 11 11 10 11 10 10 12 11 12 12 12 12 11 11 10 10 10 10
 11 10 11 11 11 11 12 12 12 12 11 11 10 10  9 10  9  9 10  9 11 11 10 11
  9  9  9  9 12 11 13 12 14 15 13 14 12 13 15 11 27 22 32 31 31 32 31 31
 32 30 35 33 34 35 33 34 33 33 32 33 31 31 30 31 27 29 23 25 19 20 18 19
 17 18 24 20 27 26 26 26]"
2024-10-23 21:05:25.570980,"(-56.66, -30.0)","(125, 3074)","[17  8 19 20 16 18 15 14 20 19 22 22 21 22 17 19 16 17 16 16 14 15 13 13
 12 12 11 11 10 10 11 11 10 11 10 10 12 11 12 12 12 12 11 11 10 10 10 10
 11 10 11 11 11 11 12 12 12 12 11 11 10 10  9 10  9  9 10  9 11 11 10 11
  9  9  9  9 12 11 13 12 14 15 13 14 12 13 11 11 10 10 10 10  9 10 16  9
 20 19 20 21 20 20 24 22 31 26 39 36 41 40 40 41 37 39 34 36 30 32 26 28
 19 24 18 19 15 16 14 14]"
2024-10-23 21:05:38.531753,"(-50.0, -30.0)","(208, 3075)","[17 13 19 20 16 18 15 14 20 19 22 22 21 22 17 19 16 17 16 16 14 15 13 13
 12 12 11 11 10 10 11 11 10 11 10 10 12 11 12 12 12 12 11 11 10 10 10 10
 11 10 11 11 11 11 12 12 12 12 11 11 10 10  9 10  9  9 10  9 11 11 10 11
  9  9  9  9 12 11 13 12 14 15 13 14 12 13 11 11 10 10 10 10  9 10  9  9
 10 10 19 15 20 19 25 22 32 30 33 33 34 33 35 35 33 34 32 33 29 31 26 28
 23 25 17 18 15 16 13 14]"
2024-10-23 21:05:51.488840,"(-43.33, -30.0)","(365, 3074)","[17  9 19 20 16 18 15 14 20 19 22 22 21 22 17 19 16 17 16 16 14 15 13 13
 12 12 11 11 10 10 11 11 10 11 10 10 12 11 12 12 12 12 11 11 10 10 10 10
 11 10 11 11 11 11 12 12 12 12 11 11 10 10  9 10  9  9 10  9 11 11 10 11
  9  9  9  9 12 11 13 12 14 15 13 14 12 13 11 11 10 10 10 10  9 10  9  9
 10 10  9  9 13  8 17 14 26 22 26 27 30 28 35 34 32 34 29 30 26 27 23 24
 21 23 16 16 14 15 12 13]"
2024-10-23 21:06:04.445397,"(-36.66, -30.0)","(436, 3075)","[17  8 19 20 16 18 15 14 20 19 22 22 21 22 17 19 16 17 16 16 14 15 13 13
 12 12 11 11 10 10 11 11 10 11 10 10 12 11 12 12 12 12 11 11 10 10 10 10
 11 10 11 11 11 11 12 12 12 12 11 11 10 10  9 10  9  9 10  9 11 11 10 11
 14  9 13 14 12 11 13 12 14 15 13 14 12 13 11 11 10 10 10 10  9 10  9  9
 10 10  9  9 12  8 21 17 25 25 24 24 32 28 31 32 27 30 22 25 20 21 19 19
 14 19 14 14 12 13 11 11]"
2024-10-23 21:06:17.402269,"(-30.0, -30.0)","(554, 3076)","[17  7 19 20 16 18 15 14 20 19 22 22 21 22 17 19 16 17 16 16 14 15 13 13
 12 12 11 11 10 10 11 11 10 11 10 10 12 11 12 12 12 12 11 11 10 10 10 10
 11 10 11 11 11 11 12 12 12 12 11 11 10 10  9 10 14  9 16 15 11 17 15 11
 14 14  9  9 12 11 13 12 14 15 13 14 12 13 11 11 10 10 10 10  9 10  9  9
 10 10  9  9 12  8 18 15 24 20 32 28 33 33 31 33 26 29 21 24 20 20 19 20
 14 18 13 14 11 12 10 10]"
2024-10-23 21:06:30.358585,"(-23.33, -30.0)","(662, 3074)","[17  8 19 20 16 18 15 14 20 19 22 22 21 22 17 19 16 17 16 16 14 15 13 13
 12 12 11 11 10 10 11 11 10 11 10 10 12 11 12 12 12 12 11 11 10 10 10 10
 11 10 11 11 11 11 12 12 12 12 11 11 10 10  9 10  9  9 10  9 11 11 10 11
  9  9  9  9 12 11 13 12 14 15 13 14 12 13 11 11 10 10 10 10  9 10  9  9
 10 10  9  9 12  9 18 14 28 23 34 31 35 35 33 35 27 31 22 24 20 21 15 19
 15 15 14 14 12 13 11 11]"
2024-10-23 21:06:44.334020,"(-16.66, -30.0)","(757, 3074)","[17 10 19 20 16 18 15 14 20 19 22 22 21 22 17 19 16 17 16 16 14 15 13 13
 12 12 11 11 10 10 11 11 10 11 10 10 12 11 12 12 12 12 11 11 10 10 10 10
 11 10 11 11 11 11 12 12 12 12 11 11 10 10  9 10  9  9 10  9 11 11 10 11
  9  9  9  9 12 11 13 12 14 15 13 14 12 13 11 11 10 10 10 10 15 14 15 15
 10 14 10 10  9 10 15  9 27 21 32 30 32 33 31 32 28 30 25 26 22 24 20 21
 15 18 13 14 12 13 10 11]"
2024-10-23 21:06:57.291203,"(-10.0, -30.0)","(843, 3075)","[17  8 19 20 16 18 15 14 20 19 22 22 21 22 17 19 16 17 16 16 14 15 13 13
 12 12 11 11 10 10 11 11 10 11 10 10 12 11 12 12 12 12 11 11 10 10 10 10
 11 10 11 11 11 11 12 12 12 12 11 11 10 10 12 10 24 18 31 28 33 33 32 33
 27 30 24 25 24 24 25 25 24 24 23 23 28 25 29 29 28 29 26 27 24 25 18 23
 18 18 17 17 15 16 17 14 27 21 36 33 38 38 37 38 34 35 30 32 27 29 26 26
 20 25 21 20 20 21 19 20]"
2024-10-23 21:07:10.251385,"(-3.33, -30.0)","(918, 3075)","[24 25 24 25 20 22 17 17 20 19 22 22 21 22 17 19 16 17 16 16 14 15 13 13
 12 12 11 11 10 10 12 11 13 13 12 13 12 12 12 12 12 12 11 11 10 10 10 10
 11 10 11 11 11 11 12 12 12 12 11 11 10 10 15 10 23 21 26 25 33 30 33 33
 33 33 44 36 52 49 54 54 54 54 52 53 48 50 44 46 42 42 41 41 37 39 35 36
 32 34 27 28 25 26 25 25 35 25 46 41 50 49 49 50 46 48 40 43 37 39 31 35
 29 30 26 27 23 25 20 22]"
2024-10-23 21:07:23.705504,"(3.33, -30.0)","(983, 3076)","[19 18 19 20 16 18 15 14 20 19 22 22 21 22 17 19 16 17 16 16 14 15 13 13
 12 12 11 11 10 10 11 11 10 11 10 10 12 11 12 12 12 12 11 11 10 10 10 10
 11 10 11 11 11 11 12 12 12 12 11 11 10 10 12 10 21 16 26 25 26 27 24 25
 31 24 48 39 57 53 58 58 57 57 55 56 50 53 44 47 39 41 35 37 27 34 27 27
 26 27 24 25 32 28 38 34 48 41 59 54 62 61 61 62 56 59 50 53 44 47 39 42
 33 36 30 32 26 28 23 24]"
2024-10-23 21:07:37.678820,"(10.0, -30.0)","(1044, 3076)","[19  8 22 22 20 21 18 18 20 19 22 22 21 22 17 19 16 17 16 16 14 15 13 13
 12 12 11 11 10 10 11 11 10 11 10 10 12 11 12 12 12 12 11 11 10 10 10 10
 11 10 11 11 11 11 12 12 12 12 11 11 10 10  9 10  9  9 10  9 11 11 14 11
 17 15 34 23 47 41 48 48 49 48 50 50 47 49 43 45 41 42 37 39 35 36 33 34
 30 31 29 30 29 25 34 31 42 39 44 44 42 43 40 41 39 40 39 39 38 38 34 36
 29 32 26 27 22 24 20 21]"
2024-10-23 21:07:50.639550,"(16.66, -30.0)","(1101, 3074)","[17  9 19 20 16 18 16 15 20 19 22 22 21 22 17 19 16 17 16 16 14 15 13 13
 12 12 11 11 10 10 11 11 10 11 10 10 12 11 12 12 12 12 11 11 10 10 10 10
 11 10 11 11 11 11 12 12 12 12 11 11 10 10  9 10 15  9 21 19 21 21 22 21
 27 24 35 31 43 39 47 46 47 48 45 46 45 45 45 45 45 45 39 43 46 42 45 46
 43 45 42 42 41 41 40 41 38 39 35 36 37 36 39 39 37 39 34 36 30 30 27 28
 25 26 24 24 22 23 21 22]"
2024-10-23 21:08:03.594416,"(23.33, -30.0)","(1153, 3072)","[17  6 19 20 16 18 15 14 20 19 22 22 21 22 17 19 16 17 16 16 14 15 13 13
 12 12 11 11 10 10 11 11 10 11 10 10 12 11 12 12 12 12 11 11 10 10 10 10
 11 10 11 11 11 11 12 12 12 12 11 11 10 10  9 10 15  9 23 18 27 26 29 28
 34 32 37 36 40 39 40 40 37 39 36 36 34 35 32 33 28 30 24 26 30 26 40 36
 42 42 41 42 39 40 35 37 38 35 43 41 45 45 44 45 40 42 36 38 30 34 28 29
 26 27 24 25 22 23 20 21]"
2024-10-23 21:08:16.549681,"(30.0, -30.0)","(1202, 3074)","[17  5 19 20 16 18 15 14 20 19 22 22 21 22 17 19 16 17 16 16 14 15 13 13
 12 12 11 11 10 10 11 11 10 11 10 10 12 11 12 12 12 12 11 11 10 10 10 10
 11 10 11 11 11 11 12 12 12 12 11 11 10 10  9 10  9  9 10  9 11 11 15 11
 16 16 15 16 12 15 13 12 14 15 13 14 16 13 16 16 10 15 10 10 26 19 39 33
 43 43 43 43 40 41 39 39 42 38 47 44 47 47 44 46 41 43 37 39 33 35 26 30
 26 26 24 25 22 23 19 20]"
2024-10-23 21:08:29.507479,"(36.66, -30.0)","(1250, 3075)","[17  4 19 20 16 18 15 14 20 19 22 22 21 22 17 19 16 17 16 16 14 15 13 13
 12 12 11 11 10 10 11 11 10 11 10 10 12 11 12 12 12 12 11 11 10 10 10 10
 11 10 11 11 11 11 12 12 12 12 11 11 10 10  9 10  9  9 10  9 11 11 10 11
  9  9  9  9 12 11 13 12 14 15 13 14 16 13 25 21 27 26 30 28 33 32 34 33
 36 35 37 37 35 36 34 35 34 34 35 34 33 34 31 32 30 31 27 29 21 22 20 21
 18 19 16 17 15 16 13 14]"
2024-10-23 21:08:42.964080,"(43.33, -30.0)","(1295, 3076)","[17  8 19 20 16 18 15 14 20 19 22 22 21 22 17 19 16 17 16 16 14 15 13 13
 12 12 11 11 10 10 11 11 10 11 10 10 12 11 12 12 12 12 11 11 10 10 10 10
 11 10 11 11 11 11 12 12 12 12 11 11 10 10  9 10  9  9 10  9 11 11 10 11
  9  9 19 15 30 24 36 34 36 36 34 35 32 32 37 35 37 38 34 36 32 33 30 31
 29 29 28 29 20 25 19 19 18 18 23 21 31 27 30 31 26 29 22 24 18 19 16 17
 14 15 11 12 10 10  9  9]"
2024-10-23 21:08:55.918130,"(50.0, -30.0)","(1341, 3074)","[17 10 19 20 16 18 15 14 20 19 22 22 21 22 17 19 16 17 16 16 14 15 13 13
 12 12 11 11 10 10 11 11 10 11 10 10 12 11 12 12 12 12 11 11 10 10 10 10
 11 10 11 11 11 11 12 12 12 12 11 11 10 10 12 10 16 14 17 17 18 17 24 22
 26 27 26 26 26 26 25 26 24 24 22 23 20 21 14 19 14 14 13 13 20 17 25 23
 25 25 23 24 20 22 15 18 15 15 15 15 15 15 15 15 20 15 21 21 15 21 15 15
 15 15 13 14 11 12  9 10]"
2024-10-23 21:09:08.874961,"(56.66, -30.0)","(1389, 3074)","[17  6 19 20 16 18 15 14 20 19 22 22 21 22 17 19 16 17 16 16 14 15 13 13
 12 12 11 11 10 10 11 11 10 11 10 10 12 11 12 12 12 12 11 11 10 10 10 10
 11 10 11 11 11 11 12 12 12 12 18 13 25 22 29 27 34 32 35 35 32 33 31 31
 26 30 27 25 28 28 25 27 23 24 21 22 21 17 25 23 25 25 31 27 35 33 32 34
 28 30 27 27 21 26 20 20 18 19 16 17 15 16 23 15 35 31 36 36 35 36 31 33
 26 29 22 24 18 19 15 17]"
2024-10-23 21:09:21.831133,"(63.33, -30.0)","(1436, 3074)","[17  5 19 20 16 18 15 14 20 19 22 22 21 22 17 19 16 17 16 16 14 15 13 13
 12 12 11 11 10 10 11 11 10 11 10 10 12 11 12 12 12 12 11 11 10 10 10 10
 11 10 11 11 11 11 12 12 22 12 36 30 40 39 38 40 36 37 36 36 33 34 28 31
 23 26 20 21 21 17 23 23 22 22 17 17 23 18 31 28 32 32 36 33 42 40 43 43
 41 42 37 39 30 33 24 28 23 24 22 23 19 20 18 18 17 17 17 17 17 17 17 17
 15 16 14 14 13 13 13 13]"
2024-10-23 21:09:34.791767,"(70.0, -30.0)","(1485, 3074)","[17 11 19 20 16 18 15 14 20 19 22 22 21 22 17 19 16 17 16 16 14 15 13 13
 12 12 11 11 10 10 11 11 10 11 10 10 12 11 12 12 12 12 11 11 10 10 10 10
 11 10 11 11 22 15 31 27 37 34 43 40 43 43 39 41 35 37 30 33 25 27 21 23
 17 20 15 16 14 15 14 14 21 15 32 27 38 35 43 41 44 44 43 44 41 42 40 40
 38 40 34 37 29 31 24 28 24 24 24 24 24 24 24 24 23 24 21 22 17 19 14 16
 12 13 10 11 10 10 10 10]"
2024-10-23 21:09:47.752822,"(76.66, -30.0)","(1538, 3075)","[17 10 19 20 16 18 15 14 20 19 22 22 21 22 17 19 16 17 16 16 14 15 13 13
 12 12 11 11 10 10 11 11 10 11 10 10 12 11 12 12 12 12 11 11 10 10 10 10
 11 10 18 11 28 23 32 30 36 33 37 37 36 37 33 35 29 31 23 26 16 22 16 16
 14 15 12 13 12 12 13 12 14 15 26 17 37 32 39 39 39 39 39 39 39 39 37 38
 34 36 31 33 28 30 25 26 26 25 27 27 29 28 28 29 26 28 21 21 19 20 16 17
 14 14 14 14 14 14 14 14]"
2024-10-23 21:10:01.725099,"(83.33, -30.0)","(1593, 3073)","[17  5 19 20 16 18 15 14 20 19 22 22 21 22 17 19 16 17 16 16 14 15 13 13
 12 12 11 11 10 10 11 11 10 11 10 10 12 11 12 12 12 12 11 11 10 10 13 10
 21 15 28 25 31 29 42 38 44 44 42 43 38 41 31 35 24 27 20 22 16 17 14 15
 12 13 10 11 12 11 13 12 14 15 18 14 26 22 26 26 25 25 22 23 21 21 20 21
 19 20 22 20 26 25 26 26 26 25 29 28 28 29 27 28 26 27 23 25 18 18 16 17
 14 15 13 13 12 12 11 12]"
