Measure Time,Commanded trajectory,Real trajectory,Curve,az LS,1208,el LS,2253
2024-10-30 18:06:53.467442,"(0.0, 0.0)","(3, 2699)","[23 11 26 26 23 25 23 23 23 24 22 22 21 22 18 19 19 19 17 19 14 16 13 13
 12 12 11 11 10 10 11 11 11 11 10 11 12 11 12 12 12 12 11 11 10 10 10 10
 11 10 11 11 11 11 12 12 12 12 11 11 10 10  9 10 14  9 17 16 17 16 32 24
 46 41 52 50 52 52 49 50 45 48 40 43 36 38 35 35 43 35 53 49 54 54 51 53
 44 48 39 41 35 37 29 33 26 28 22 24 19 20 16 17 13 15 12 12 11 11 10 10
  9  9  9  9  9  9  9  9]"
2024-10-30 18:07:18.216793,"(-90.0, 3.33)","(3177, 2663)","[23 20 26 26 24 25 26 26 23 25 22 22 25 24 24 25 20 22 19 19 17 18 13 15
 12 12 11 11 10 10 11 11 10 11 10 10 12 11 12 12 12 12 11 11 10 10 10 10
 11 10 11 11 11 11 12 12 12 12 11 11 19 14 22 21 25 23 28 27 27 27 38 31
 51 46 57 55 56 57 51 54 44 46 41 42 37 39 30 33 24 28 29 26 35 32 37 36
 35 36 32 33 26 30 25 26 22 23 20 21 17 18 14 16 13 13 11 12 10 11  9 10
  8  9  8  8 16 13 16 16]"
2024-10-30 18:07:38.698273,"(-30.0, 3.33)","(3662, 2665)","[23 15 26 26 24 25 25 25 24 25 23 23 23 23 22 23 18 21 16 16 14 15 13 13
 12 12 11 11 10 10 11 11 10 11 10 10 12 11 12 12 12 12 11 11 10 10 10 10
 11 10 11 11 11 11 12 12 12 12 11 11 23 18 28 25 35 31 38 37 37 37 49 42
 63 57 69 67 68 68 62 66 56 59 52 54 47 49 41 44 41 40 47 43 49 49 48 49
 42 46 34 34 32 33 28 30 24 26 21 23 18 19 16 17 14 15 13 13 11 12 10 11
 10 10  9 10  9  9  9  9]"
2024-10-30 18:07:59.179976,"(30.0, 3.33)","(418, 2665)","[22 18 25 26 24 24 25 25 24 25 23 23 22 22 21 21 19 20 16 18 14 15 13 13
 12 12 11 11 10 10 11 11 10 11 10 10 12 11 12 12 12 12 11 11 10 10 10 10
 11 10 11 11 11 11 12 12 12 12 11 11 10 10 15 10 23 19 26 25 24 25 36 29
 50 45 56 54 56 56 52 54 48 50 42 45 38 40 36 36 46 38 57 52 59 59 57 59
 52 56 45 48 39 42 32 36 29 31 24 27 21 22 18 19 17 17 16 16 15 16 13 14
 12 13 12 12 11 11 14 11]"
2024-10-30 18:08:19.670970,"(90.0, 3.33)","(1116, 2665)","[23 20 25 26 24 24 25 25 24 25 23 23 22 22 21 22 19 20 16 18 14 15 13 13
 12 12 11 11 10 10 11 11 10 11 10 10 12 11 12 12 12 12 11 11 10 10 10 10
 11 10 11 11 11 11 12 12 12 12 11 11 10 10 12 10 21 16 25 24 24 24 35 29
 50 44 56 54 55 56 51 53 47 50 42 45 38 40 36 36 46 39 57 53 60 59 58 59
 52 56 45 49 39 42 32 36 29 31 25 27 22 23 19 20 17 18 16 17 14 15 12 13
 11 12 10 11  9 10  9  9]"
2024-10-30 18:08:48.501031,"(-30.0, -3.33)","(3701, 2743)","[22 15 25 26 23 24 21 23 20 19 22 22 21 22 17 19 16 17 16 16 14 15 13 13
 12 12 11 11 10 10 11 11 10 11 10 10 12 11 12 12 12 12 11 11 10 10 10 10
 11 10 11 11 11 11 12 12 12 12 11 11 10 10  9 10  9  9 10  9 11 11 17 11
 30 23 37 35 37 37 33 35 30 30 28 29 26 27 32 28 43 37 52 48 54 54 52 53
 46 50 41 43 35 38 30 33 24 27 22 23 20 21 17 18 15 16 13 14 12 12 11 12
 11 11 10 11  9 10  9  9]"
2024-10-30 18:09:08.990220,"(30.0, -3.33)","(429, 2742)","[22 16 25 26 23 24 21 23 20 19 22 22 21 22 17 19 16 17 16 16 14 15 13 13
 12 12 11 11 10 10 11 11 10 11 10 10 12 11 12 12 12 12 11 11 10 10 10 10
 11 10 11 11 11 11 12 12 12 12 11 11 10 10  9 10  9  9 10  9 11 11 13 11
 24 18 28 28 27 27 29 27 33 30 33 34 29 31 26 28 32 25 44 39 47 46 44 46
 40 42 36 38 33 35 29 31 22 27 22 22 20 21 17 19 14 16 12 13 10 11  9  9
  8  8  8  8  9  9  9  9]"
2024-10-30 18:09:37.807161,"(-90.0, 6.66)","(3178, 2642)","[22  5 25 26 23 24 21 23 20 19 22 22 21 22 17 19 16 17 16 16 14 15 13 14
 12 13 11 11 10 10 11 11 10 11 10 10 12 11 12 12 12 12 11 11 10 10 14 10
 15 15 11 11 11 11 12 12 12 12 11 11 10 10  9 10 15  9 16 16 11 15 19 11
 35 28 45 41 45 45 43 44 38 40 34 36 29 32 25 27 28 25 37 32 43 41 43 44
 40 42 37 39 32 35 25 29 22 24 19 20 16 17 14 15 13 13 12 12 11 11 11 11
 10 10  9  9 16 12 22 20]"
2024-10-30 18:09:54.016984,"(-60.0, 6.66)","(3406, 2634)","[22 10 25 25 23 24 21 23 20 19 22 22 21 22 17 19 16 17 16 16 15 15 14 14
 13 13 12 12 11 11 11 11 10 11 10 10 12 11 12 12 12 12 11 11 10 10 10 10
 11 10 11 11 11 11 12 12 12 12 11 11 10 10 15 10 17 17 16 17 11 16 17 11
 29 22 40 36 43 42 41 42 37 39 33 35 30 32 27 29 23 25 27 24 35 32 37 37
 36 37 33 35 28 31 22 26 20 21 17 18 14 16 12 13 11 12 10 11 10 10  9  9
  9  9 19 14 24 23 23 24]"
2024-10-30 18:10:10.224681,"(-30.0, 6.66)","(3661, 2627)","[22 10 25 25 23 24 21 23 20 19 22 22 21 22 17 19 16 17 16 16 14 15 13 13
 12 12 11 11 10 10 11 11 10 11 10 10 12 11 12 12 12 12 11 11 10 10 10 10
 11 10 11 11 11 11 12 12 12 12 11 11 10 10  9 10  9  9 10  9 11 11 15 11
 27 22 30 30 33 31 36 35 34 35 30 32 27 28 23 25 20 21 15 15 27 23 28 28
 28 28 26 27 18 24 17 18 15 16 12 14 11 12 11 11 11 12 10 11  8  9  7  8
  7  7 16 10 24 21 23 24]"
2024-10-30 18:10:26.440366,"(0.0, 6.66)","(4040, 2627)","[22  4 25 25 23 24 21 22 20 19 22 22 21 22 17 19 16 17 16 16 14 15 13 14
 12 13 11 12 10 11 11 11 10 11 10 10 12 11 12 12 12 12 11 11 10 10 10 10
 11 10 11 11 11 11 12 12 12 12 11 11 10 10  9 10  9  9 10  9 13 11 23 17
 37 31 44 42 44 44 41 43 38 39 35 36 33 34 32 32 30 31 27 29 26 27 26 27
 25 26 20 20 18 19 16 17 15 15 14 14 13 13 12 12 11 12 10 11  8  9  8  8
  7  8  8  7  9  9  9  9]"
2024-10-30 18:10:42.655901,"(30.0, 6.66)","(430, 2627)","[22 14 25 25 23 24 21 22 20 19 22 22 21 22 17 19 16 17 16 16 14 15 13 14
 12 12 11 11 10 10 11 11 10 11 10 10 12 11 12 12 12 12 11 11 10 10 10 10
 11 10 11 11 11 11 12 12 12 12 11 11 10 10  9 10  9  9 10  9 11 11 26 18
 42 36 48 46 48 49 48 48 47 48 46 47 42 44 39 41 36 37 35 36 36 36 35 36
 33 34 31 32 32 32 32 32 29 31 23 25 20 22 17 18 15 16 13 14 12 12 10 11
  8  9  8  8  9  9  9  9]"
2024-10-30 18:10:58.868117,"(60.0, 6.66)","(837, 2629)","[22 11 25 25 23 24 21 22 20 19 22 22 21 22 17 19 19 17 20 20 19 19 17 18
 15 16 13 14 11 12 11 11 10 11 10 10 12 11 12 12 12 12 11 11 10 10 10 10
 11 10 11 11 11 11 12 12 12 12 11 11 10 10  9 10  9  9 10  9 11 11 22 11
 38 32 44 42 44 44 42 43 40 41 41 39 41 41 38 39 44 39 52 48 55 54 54 55
 49 52 44 46 42 43 40 41 36 38 29 30 25 27 22 24 19 21 15 17 12 14 10 11
  8  9  8  8  9  9  9  9]"
2024-10-30 18:11:15.083812,"(90.0, 6.66)","(1109, 2628)","[22 10 25 25 23 24 21 22 20 19 22 22 21 22 17 19 16 17 16 16 14 15 14 14
 14 14 12 13 10 11 11 11 10 11 10 10 12 11 12 12 12 12 11 11 10 10 10 10
 11 10 11 11 11 11 12 12 12 12 11 11 10 10  9 10  9  9 10  9 11 11 13 11
 25 18 32 29 33 33 33 33 31 33 29 30 25 27 23 24 29 23 40 34 44 43 43 44
 39 40 36 37 33 35 28 31 21 24 19 20 16 17 14 15 12 13 10 11  9 10  8  9
  8  8  8  8  9  9  9  9]"
2024-10-30 18:11:48.081083,"(-60.0, -6.66)","(3428, 2789)","[23 23 24 25 23 24 22 22 22 22 22 22 21 22 19 20 17 18 16 17 16 16 13 14
 12 12 11 11 10 10 11 11 10 11 10 10 12 11 12 12 12 12 11 11 10 10 10 10
 11 10 11 11 11 11 12 12 12 12 11 11 10 10  9 10  9  9 10  9 11 11 14 11
 23 18 29 27 29 29 26 27 25 24 28 26 36 31 50 45 54 54 54 54 52 53 49 51
 45 48 37 41 34 35 33 34 33 33 31 32 26 27 23 25 21 22 18 19 16 17 14 15
 14 14 13 14 12 13 17 12]"
2024-10-30 18:12:04.291965,"(-30.0, -6.66)","(3660, 2778)","[22 18 24 25 23 24 22 22 22 22 22 22 22 22 20 21 18 19 16 17 14 15 13 13
 12 12 11 11 10 10 11 11 10 11 10 10 12 11 12 12 12 12 11 11 10 10 10 10
 11 10 11 11 11 11 12 12 12 12 11 11 13 10 16 15 16 16 15 15 11 11 15 11
 23 16 29 27 33 31 34 34 33 34 31 32 40 35 52 47 56 56 56 56 55 55 53 54
 49 52 41 45 37 39 35 36 33 34 27 28 25 26 23 24 20 22 18 19 17 18 15 16
 13 14 12 13 13 12 17 16]"
2024-10-30 18:12:20.506304,"(0.0, -6.66)","(4039, 2777)","[22 10 24 25 23 24 23 23 22 23 22 22 22 22 22 22 20 21 19 20 17 18 14 16
 12 13 11 11 10 10 11 11 10 11 10 10 12 11 12 12 12 12 11 11 10 10 10 10
 11 10 11 11 11 11 12 12 12 12 11 11 11 10 16 15 15 16 13 14 11 11 10 11
 15  9 21 18 34 28 38 37 38 38 35 37 33 34 34 33 41 36 48 46 49 49 47 48
 44 46 40 42 37 39 34 36 31 32 26 26 25 25 22 23 20 21 18 19 17 18 15 16
 14 15 14 14 13 13 15 12]"
2024-10-30 18:12:36.718732,"(30.0, -6.66)","(431, 2778)","[21  9 24 25 23 24 24 24 22 23 22 22 24 23 23 24 20 22 18 18 16 17 13 15
 12 12 11 11 10 10 11 11 10 11 10 10 12 11 12 12 12 12 11 11 10 10 10 10
 11 10 11 11 11 11 12 12 12 12 11 11 10 10  9 10  9  9 10  9 11 11 17 11
 23 20 31 27 40 36 44 43 44 45 39 42 36 37 35 35 40 35 49 45 50 49 48 49
 41 46 35 37 33 34 30 32 25 28 22 23 20 21 18 19 16 17 16 16 16 16 16 16
 16 16 15 15 14 15 14 14]"
2024-10-30 18:12:52.928946,"(60.0, -6.66)","(839, 5600)","[21  6 24 24 23 23 25 24 22 24 22 22 23 23 23 23 19 22 16 17 15 16 14 15
 12 12 11 11 10 10 11 11 10 11 10 10 12 11 12 12 12 12 11 11 10 10 10 10
 11 10 11 11 11 11 12 12 12 12 11 11 10 10 15 10 15 16 14 15 11 11 19 11
 32 26 40 37 42 41 41 42 40 41 36 38 30 33 27 28 33 28 42 38 45 44 43 45
 39 41 35 37 31 34 24 28 22 23 20 21 19 20 17 18 15 16 13 14 12 13 11 12
 10 10 10 10  9  9 11  9]"
2024-10-30 18:13:26.424030,"(-90.0, 10.0)","(3177, 2598)","[21 14 24 24 23 23 21 22 20 19 22 22 21 22 17 19 16 17 16 16 14 15 13 13
 12 12 11 11 10 10 11 11 10 11 10 10 12 11 12 12 12 12 11 11 10 10 10 10
 11 10 11 11 11 11 12 12 12 12 11 11 10 10  9 10  9  9 10  9 11 11 15 11
 26 18 36 33 37 37 33 35 30 31 28 29 24 26 22 22 29 21 47 37 61 55 65 64
 64 65 59 62 53 56 46 49 37 42 29 30 26 27 22 24 19 21 17 18 15 16 13 14
 12 12 18 17 20 19 23 22]"
2024-10-30 18:13:41.411168,"(-70.0, 10.0)","(3344, 2590)","[21  4 24 24 23 23 21 22 20 19 22 22 21 22 17 19 16 17 16 16 14 15 13 13
 12 12 11 11 10 10 11 11 10 11 10 10 12 11 12 12 12 12 11 11 10 10 10 10
 11 10 11 11 11 11 12 12 12 12 11 11 10 10 12 10 14 14 12 13 11 11 12 11
 22 16 31 28 31 31 33 32 34 34 33 34 30 31 28 29 32 28 39 36 44 41 47 46
 44 46 41 42 38 40 34 37 27 31 22 23 18 20 15 17 12 14 10 11  9  9  9  9
 16  9 17 17 15 16 17 15]"
2024-10-30 18:13:56.398132,"(-50.0, 10.0)","(3480, 2588)","[21  3 24 24 22 23 21 22 20 19 22 22 21 22 17 19 16 17 16 16 14 15 13 13
 12 12 11 11 10 10 11 11 10 11 10 10 12 11 12 12 12 12 11 11 10 10 10 10
 11 10 11 11 11 11 12 12 12 12 11 11 10 10 11 10 16 15 15 16 15 11 21 16
 35 28 42 40 43 43 42 42 39 41 36 38 32 34 27 30 22 24 30 23 41 36 43 43
 40 42 35 38 29 32 22 26 20 22 18 19 15 17 14 14 12 13 12 12 11 12 11 11
 15 11 18 17 23 21 23 23]"
2024-10-30 18:14:11.391210,"(-30.0, 10.0)","(3661, 2587)","[21  3 24 24 22 23 21 22 20 19 22 22 21 22 17 19 16 17 16 16 14 15 13 13
 12 12 11 11 10 10 11 11 10 11 10 10 12 11 12 12 12 12 11 11 10 10 10 10
 11 10 11 11 11 11 12 12 12 12 11 11 10 10  9 10  9  9 10  9 11 11 15 11
 32 24 41 37 43 42 41 42 36 39 33 34 29 31 24 27 16 21 22 20 31 26 34 33
 33 34 28 31 19 26 19 19 17 18 15 16 12 14 11 11 11 12 10 11  8  9 10  8
 14 13 15 15  9 14  9  9]"
2024-10-30 18:14:26.390228,"(-10.0, 10.0)","(3899, 2586)","[21  2 24 24 22 23 21 22 20 19 22 22 21 22 17 19 16 17 16 16 14 15 13 13
 12 12 11 11 10 10 11 11 10 11 10 10 12 11 12 12 12 12 11 11 10 10 10 10
 11 10 11 11 11 11 12 12 12 12 11 11 10 10  9 10  9  9 10  9 11 11 16 11
 33 26 43 39 44 44 42 43 39 41 33 37 27 30 22 24 22 20 34 27 43 39 44 44
 41 43 35 38 30 32 22 27 20 21 16 18 14 15 12 13 11 12 10 11  9  9  8  8
  7  8  8  7  9  9  9  9]"
2024-10-30 18:14:41.383558,"(10.0, 10.0)","(102, 2587)","[21  4 24 24 22 23 20 22 20 19 22 22 21 22 17 19 16 17 16 16 14 15 13 13
 12 12 11 11 10 10 11 11 10 11 10 10 12 11 12 12 12 12 11 11 10 10 10 10
 11 10 11 11 11 11 12 12 12 12 11 11 10 10  9 10  9  9 10  9 12 11 23 16
 38 32 44 42 44 44 41 42 38 40 34 37 30 32 27 29 26 26 35 28 43 39 43 43
 39 42 32 36 23 29 22 23 19 20 16 17 13 14 11 12 11 12 10 11  8  9  7  8
  7  7  8  7  9  9  9  9]"
2024-10-30 18:14:57.392498,"(30.0, 10.0)","(431, 2588)","[21  9 24 24 22 23 20 22 20 19 22 22 21 22 17 19 16 17 16 16 14 15 13 13
 12 12 11 11 10 10 11 11 10 11 10 10 12 11 12 12 12 12 11 11 10 10 10 10
 11 10 11 11 11 11 12 12 12 12 11 11 10 10  9 10  9  9 10  9 11 11 15 11
 30 24 38 35 38 38 36 37 35 35 38 36 38 39 34 37 30 31 30 29 30 30 31 30
 31 32 28 29 26 27 21 25 20 21 18 20 16 17 13 14 11 12 10 11  8  9  7  8
  7  7  8  7  9  9  9  9]"
2024-10-30 18:15:12.381720,"(50.0, 10.0)","(718, 2587)","[21  4 23 24 22 23 21 22 21 20 22 22 21 22 17 19 16 17 16 16 14 15 13 13
 12 12 11 11 10 10 11 11 10 11 10 10 12 11 12 12 12 12 11 11 10 10 10 10
 11 10 11 11 11 11 12 12 12 12 11 11 10 10  9 10  9  9 10  9 11 11 10 11
 16  9 24 20 26 25 30 26 44 37 54 50 55 55 52 54 50 50 49 49 49 49 47 49
 43 46 37 40 35 36 34 34 30 33 25 27 22 24 18 20 16 17 14 15 13 14 12 12
 11 11 10 10 10 10  9  9]"
2024-10-30 18:15:27.374077,"(70.0, 10.0)","(945, 2587)","[20  5 23 24 22 23 20 22 20 19 22 22 21 22 17 19 16 17 16 16 14 15 13 13
 12 12 11 11 10 10 11 11 10 11 10 10 12 11 12 12 12 12 11 11 10 10 10 10
 11 10 11 11 11 11 12 12 12 12 11 11 10 10  9 10  9  9 10  9 11 11 19 11
 30 25 36 34 35 36 33 33 36 32 45 40 48 47 46 47 43 44 45 43 50 48 49 49
 45 48 37 42 32 34 25 29 22 24 18 20 15 16 12 13 11 12 10 11  8  9  7  8
  7  7  8  7  9  9  9  9]"
2024-10-30 18:15:42.363168,"(90.0, 10.0)","(1118, 2587)","[20 10 23 24 22 23 20 21 20 19 22 22 21 22 17 19 16 17 16 16 14 15 13 13
 12 12 11 11 10 10 11 11 10 11 10 10 12 11 12 12 12 12 11 11 10 10 10 10
 11 10 11 11 11 11 12 12 12 12 11 11 10 10  9 10  9  9 10  9 11 11 12 11
 23 18 28 27 26 27 24 26 22 22 23 22 23 23 21 22 23 19 36 28 44 40 44 44
 41 44 36 39 31 34 27 29 20 24 17 19 14 16 13 13 11 12 10 11  9 10  9  9
  9  9  9  9  9  9  9  9]"
2024-10-30 18:16:16.788407,"(-70.0, -10.0)","(3345, 5600)","[22 20 23 24 22 22 20 21 20 19 22 22 21 22 18 19 17 17 17 17 15 16 13 14
 12 12 11 11 10 10 11 11 10 11 10 10 12 11 12 12 12 12 11 11 10 10 10 10
 11 10 11 11 11 11 12 12 12 12 11 11 10 10  9 10  9  9 10  9 11 11 10 11
 20  9 26 24 25 25 24 24 23 23 27 24 29 28 29 28 36 32 46 41 53 50 54 54
 51 53 45 48 40 42 35 37 31 33 25 26 23 24 20 21 17 18 15 16 13 14 11 12
 12 11 12 12 12 12 11 12]"
2024-10-30 18:16:32.284736,"(-50.0, -10.0)","(3479, 5600)","[20  6 23 24 22 22 21 21 21 20 22 22 21 22 18 19 16 17 16 16 16 16 14 15
 12 13 11 11 10 10 11 11 10 11 10 10 12 11 12 12 12 12 11 11 10 10 10 10
 11 10 11 11 11 11 12 12 12 12 11 11 10 10  9 10  9  9 10  9 11 11 11 11
 20 15 26 24 27 27 25 26 23 24 24 23 28 25 39 35 43 42 42 43 45 44 46 46
 43 46 38 40 34 36 29 31 24 27 23 24 22 23 21 21 20 20 18 19 16 17 15 15
 13 14 12 13 11 12 10 11]"
2024-10-30 18:16:47.779775,"(-30.0, -10.0)","(3660, 2815)","[20  8 23 23 22 22 20 21 21 19 22 22 22 22 20 21 18 19 17 18 16 17 14 16
 12 13 11 11 10 10 11 11 10 11 10 10 12 11 12 12 12 12 11 11 10 10 10 10
 11 10 11 11 11 11 12 12 12 12 11 11 10 10  9 10  9  9 10  9 11 11 10 11
  9  9 21 15 31 27 32 32 38 32 47 43 49 49 48 47 50 49 51 51 49 50 48 49
 44 46 38 41 36 37 33 35 31 32 27 27 25 26 23 24 21 22 20 21 19 20 19 19
 18 18 16 17 15 15 13 14]"
2024-10-30 18:17:02.772819,"(-10.0, -10.0)","(3899, 2816)","[20  6 23 23 21 22 20 21 20 19 22 22 21 22 17 19 16 17 16 16 16 16 15 16
 14 15 12 13 10 11 11 11 10 11 10 10 12 11 12 12 12 12 11 11 10 10 10 10
 11 10 11 11 11 11 12 12 12 12 11 11 10 10  9 10  9  9 10  9 11 11 10 11
  9  9 20 15 29 24 33 31 36 34 44 39 47 46 45 46 46 45 46 46 45 46 45 45
 43 45 38 41 35 36 33 34 33 33 31 32 26 26 25 25 23 24 21 22 20 20 18 19
 16 17 15 15 13 14 11 12]"
2024-10-30 18:17:18.781113,"(10.0, -10.0)","(101, 2815)","[20  4 23 23 21 22 20 21 20 19 22 22 21 22 17 19 16 17 16 16 14 15 13 14
 12 12 11 11 10 10 11 11 10 11 10 10 12 11 12 12 12 12 11 11 10 10 10 10
 11 10 11 11 11 11 12 12 12 12 11 11 10 10  9 10  9  9 10  9 11 11 10 11
  9  9 25 16 34 30 39 37 40 40 38 39 37 37 43 40 47 46 47 47 47 47 47 47
 45 46 41 43 33 37 33 33 35 35 34 35 31 33 26 30 25 25 23 24 21 22 19 20
 17 18 15 16 14 15 13 13]"
2024-10-30 18:17:33.773877,"(30.0, -10.0)","(431, 2814)","[20 11 23 23 21 22 21 21 22 21 23 23 22 22 19 20 18 19 16 17 15 16 13 14
 12 12 11 11 10 10 11 11 10 11 10 10 12 11 12 12 12 12 11 11 10 10 10 10
 11 10 11 11 11 11 12 12 12 12 11 11 10 10  9 10  9  9 10  9 11 11 10 11
 14  9 23 19 26 25 30 26 36 36 33 35 31 32 35 33 37 37 35 36 36 35 35 35
 34 34 33 34 32 33 30 31 31 30 31 31 30 31 28 29 23 27 22 23 20 21 18 19
 16 17 14 15 12 13 11 12]"
2024-10-30 18:17:48.770460,"(50.0, -10.0)","(718, 2816)","[20  7 23 23 21 22 20 21 20 19 22 22 21 22 17 19 16 17 16 16 14 15 13 13
 12 12 11 11 10 10 11 11 10 11 10 10 12 11 12 12 12 12 11 11 10 10 10 10
 11 10 11 11 11 11 12 12 12 12 11 11 10 10  9 10  9  9 10  9 11 11 10 11
 13  9 14 14 17 11 29 24 32 32 31 32 29 30 26 27 26 26 28 26 33 31 32 33
 30 30 30 30 27 29 25 26 24 24 23 23 18 18 18 18 18 18 18 18 16 17 14 15
 13 14 13 13 11 12 10 11]"
2024-10-30 18:18:04.267529,"(70.0, -10.0)","(946, 5600)","[20  6 23 23 21 22 20 21 20 19 22 22 21 22 17 19 16 17 16 16 14 15 13 13
 12 12 11 11 10 10 11 11 10 11 10 10 12 11 12 12 12 12 11 11 10 10 10 10
 11 10 11 11 11 11 12 12 12 12 11 11 10 10  9 10  9  9 10  9 11 11 10 11
 15  9 22 19 23 23 23 23 23 23 23 23 22 23 19 21 18 18 28 21 40 35 43 43
 41 43 37 40 34 35 31 32 27 29 24 25 20 20 18 19 16 17 14 15 13 14 11 12
  9 10  9  9  9  9  9  9]"
2024-10-30 18:18:40.209928,"(-90.0, 13.33)","(3178, 2559)","[20 11 23 23 21 22 20 21 20 19 22 22 21 22 17 19 16 17 16 16 14 15 13 13
 12 12 11 11 10 10 11 11 10 11 10 10 12 11 12 12 12 12 11 11 10 10 10 10
 11 10 11 11 11 11 12 12 12 12 11 11 10 10 12 10 14 14 14 15 11 11 10 11
  9  9 16 12 25 20 27 27 26 27 22 25 21 21 29 24 41 37 46 44 46 46 50 46
 56 56 54 55 50 52 42 46 34 37 27 31 22 24 18 20 15 16 15 15 15 15 15 15
 14 14 13 14 11 12 10 11]"
2024-10-30 18:18:54.385356,"(-75.0, 13.33)","(3302, 2549)","[20  7 23 23 21 22 20 21 20 19 22 22 21 22 17 19 16 17 16 16 14 15 13 13
 12 12 11 11 10 10 11 11 10 11 10 10 12 11 12 12 12 12 11 11 10 10 10 10
 11 10 11 11 11 11 12 12 12 12 11 11 10 10 10 10 16 15 16 17 11 15 10 11
 18  9 27 23 27 27 24 26 21 22 19 20 21 19 39 31 48 45 50 50 48 49 48 48
 46 47 43 45 38 41 33 36 28 31 23 24 20 22 17 19 15 16 13 14 13 13 13 13
 12 12 12 12 11 12 12 11]"
2024-10-30 18:19:08.564862,"(-60.0, 13.33)","(3402, 2547)","[20 14 23 23 21 22 20 21 20 19 22 22 21 22 17 19 16 17 16 16 14 15 13 13
 12 12 11 11 10 10 11 11 10 11 10 10 12 11 12 12 12 12 11 11 10 10 10 10
 11 10 11 11 11 11 12 12 12 12 11 11 10 10 13 10 21 19 21 21 17 19 16 16
 24 17 32 29 33 33 31 32 29 30 25 27 23 24 23 22 26 25 40 30 51 46 54 54
 53 54 48 51 40 44 31 35 24 27 20 22 17 19 15 16 13 14 11 12 11 11 10 10
 10 10 10 10 10 10 10 10]"
2024-10-30 18:19:22.743180,"(-45.0, 13.33)","(3523, 2550)","[20 15 23 23 21 22 20 21 20 19 22 22 21 22 17 19 16 17 16 16 14 15 13 13
 12 12 11 11 10 10 11 11 10 11 10 10 12 11 12 12 12 12 11 11 10 10 10 10
 11 10 11 11 11 11 12 12 12 12 11 11 10 10 11 10 16 15 17 17 11 15 10 11
 19  9 26 23 27 27 24 26 22 23 21 22 19 21 12 18 17 12 35 23 50 43 54 53
 53 54 49 51 40 44 31 35 23 28 20 22 16 18 13 15 11 12 10 11 10 10 10 10
 10 10  9 10  9  9 10  9]"
2024-10-30 18:19:36.922299,"(-30.0, 13.33)","(3660, 2547)","[20  9 23 23 21 22 20 21 20 19 22 22 21 22 17 19 16 17 16 16 14 15 13 13
 12 12 11 11 10 10 11 11 10 11 10 10 12 11 12 12 12 12 11 11 10 10 10 10
 11 10 11 11 11 11 12 12 12 12 11 11 10 10  9 10  9  9 10  9 11 11 10 11
 18  9 25 22 25 26 24 25 23 23 21 22 18 19 16 17 11 15 22 17 34 28 41 38
 42 43 40 42 32 36 27 30 23 25 18 19 16 17 14 15 12 13 11 11 10 11 10 10
  9  9  8  8  9  9  9  9]"
2024-10-30 18:19:51.099997,"(-15.0, 13.33)","(3836, 2547)","[20 10 23 23 21 22 20 21 20 19 22 22 21 22 17 19 16 17 16 16 14 15 13 13
 12 12 11 11 10 10 11 11 10 11 10 10 12 11 12 12 12 12 11 11 10 10 10 10
 11 10 11 11 11 11 12 12 12 12 11 11 10 10  9 10  9  9 10  9 11 11 13 11
 22 15 31 27 32 32 29 31 24 26 20 22 12 18 11 12 12 11 32 21 46 40 50 49
 49 50 43 47 35 39 31 33 26 29 20 21 17 19 14 15 12 13 11 11 11 11 11 11
 10 10  9  9  9  9  9  9]"
2024-10-30 18:20:05.287958,"(0.0, 13.33)","(4040, 2547)","[20  6 23 23 21 22 20 20 20 19 22 22 21 22 17 19 16 17 16 16 14 15 13 13
 12 12 11 11 10 10 11 11 10 11 10 10 12 11 12 12 12 12 11 11 10 10 10 10
 11 10 11 11 11 11 12 12 12 12 11 11 10 10  9 10  9  9 10  9 11 11 10 11
 13  9 16 15 17 16 20 20 19 20 13 14 12 13 11 11 17 10 34 24 46 41 49 48
 47 48 40 44 35 37 29 32 25 27 19 19 17 18 15 16 12 13 11 12 11 11 11 11
 10 10  9 10  9  9  9  9]"
2024-10-30 18:20:19.468190,"(15.0, 13.33)","(187, 2548)","[19  6 22 23 21 22 20 20 20 19 22 22 21 22 17 19 16 17 16 16 14 15 13 13
 12 12 11 11 10 10 11 11 10 11 10 10 12 11 12 12 12 12 11 11 10 10 10 10
 11 10 11 11 11 11 12 12 12 12 11 11 10 10  9 10  9  9 10  9 11 11 10 11
 20  9 28 24 29 29 27 28 24 26 22 23 20 20 19 19 18 19 22 19 37 29 41 40
 39 41 33 37 27 30 22 24 17 19 15 16 12 13 11 11 11 12 10 11  9  9  9  9
  9  9  9  9  9  9  9  9]"
2024-10-30 18:20:33.646935,"(30.0, 13.33)","(431, 2549)","[19  7 22 23 21 22 19 20 20 19 22 22 21 22 17 19 16 17 16 16 14 15 13 13
 12 12 11 11 10 10 11 11 10 11 10 10 12 11 12 12 12 12 11 11 10 10 10 10
 11 10 11 11 11 11 12 12 12 12 11 11 10 10  9 10  9  9 10  9 11 11 10 11
  9  9 16 11 19 18 20 19 25 22 35 30 39 38 37 39 33 35 31 32 37 34 39 39
 37 39 32 35 28 30 26 27 23 25 18 19 15 17 13 14 11 12 10 11 10 10  9  9
  9  9  8  8  9  9  9  9]"
2024-10-30 18:20:47.830667,"(45.0, 13.33)","(651, 2547)","[19  8 22 23 21 21 19 20 20 19 22 22 21 22 17 19 16 17 16 16 14 15 13 13
 12 12 11 11 10 10 11 11 10 11 10 10 12 11 12 12 12 12 11 11 15 10 15 15
 11 15 11 11 11 11 12 12 12 12 11 11 10 10  9 10  9  9 10  9 11 11 10 11
  9  9  9  9 12 11 13 12 22 15 35 27 41 38 40 41 38 39 37 38 39 38 39 39
 38 39 32 36 29 30 31 30 31 31 27 29 21 24 18 19 16 17 14 14 12 13 12 12
 11 11  9 10  9  9  9  9]"
2024-10-30 18:21:02.012223,"(60.0, 13.33)","(840, 2547)","[19  8 22 23 21 21 19 20 20 19 22 22 21 22 17 19 16 17 16 16 14 15 13 13
 12 12 11 11 10 10 11 11 10 11 10 10 12 11 12 12 12 12 15 11 23 20 24 24
 22 24 19 21 11 17 12 12 12 12 11 11 10 10  9 10  9  9 10  9 11 11 10 11
  9  9  9  9 12 11 13 12 23 15 37 30 42 40 39 42 35 35 40 37 43 42 43 43
 42 43 39 41 34 37 32 33 30 31 26 28 21 22 19 20 17 18 15 16 12 13 10 11
  9  9  8  8  9  9  9  9]"
2024-10-30 18:21:16.192275,"(75.0, 13.33)","(988, 2548)","[19  9 22 23 20 21 19 20 20 19 22 22 21 22 17 19 16 17 16 16 14 15 13 13
 12 12 11 11 10 10 11 11 10 11 10 10 12 11 12 12 12 12 11 11 10 10 10 10
 11 10 11 11 11 11 12 12 12 12 11 11 10 10  9 10  9  9 10  9 11 11 10 11
 14  9 20 17 22 21 23 23 24 23 30 26 34 32 31 33 29 29 38 31 45 42 45 45
 43 45 35 40 28 31 20 25 18 19 15 17 13 14 12 12 11 12 10 11  9  9  8  8
  7  8  8  7  9  9  9  9]"
2024-10-30 18:21:30.371621,"(90.0, 13.33)","(1110, 5600)","[19 12 22 23 20 21 19 20 20 19 22 22 21 22 17 19 16 17 16 16 14 15 13 13
 12 12 11 11 10 10 11 11 10 11 10 10 12 11 12 12 12 12 11 11 10 10 10 10
 11 10 11 11 11 11 12 12 12 12 11 11 10 10  9 10  9  9 10  9 11 11 10 11
 13  9 19 16 18 19 13 16 21 15 21 22 19 20 16 18 15 14 28 19 36 33 38 38
 37 38 32 35 27 30 22 25 16 20 14 15 12 13 11 11 11 12 10 11  9  9  9  9
  9  9  9  9  9  9  9  9]"
2024-10-30 18:22:06.111190,"(-75.0, -13.33)","(3303, 2866)","[20 18 22 23 20 21 20 20 21 20 22 22 21 22 17 19 16 17 16 16 14 15 13 13
 12 12 11 11 10 10 11 11 10 11 10 10 12 11 12 12 12 12 11 11 10 10 10 10
 11 10 11 11 11 11 12 12 12 12 11 11 10 10  9 10  9  9 10  9 11 11 10 11
  9  9  9  9 18 16 17 18 19 16 23 22 22 22 27 22 37 35 41 39 53 47 57 56
 55 56 51 53 46 48 41 44 35 39 28 32 23 24 20 22 17 19 15 16 13 14 11 12
  9 10  9  9  9  9  9  9]"
2024-10-30 18:22:20.286878,"(-60.0, -13.33)","(3401, 2861)","[19 13 22 23 20 21 19 20 20 19 22 22 21 22 17 19 16 17 16 16 14 15 13 13
 12 12 11 11 10 10 11 11 10 11 10 10 12 11 12 12 12 12 11 11 10 10 10 10
 11 10 11 11 11 11 12 12 12 12 11 11 10 10  9 10  9  9 10  9 11 11 10 11
 13  9 21 17 21 21 20 21 14 19 22 18 30 26 31 31 32 31 40 34 51 46 54 53
 52 54 48 51 44 46 41 43 37 39 30 34 24 25 22 23 18 20 15 16 13 14 11 12
  9 10  9  9  9  9  9  9]"
2024-10-30 18:22:34.463530,"(-45.0, -13.33)","(3525, 2860)","[19  4 22 23 20 21 19 20 20 19 22 22 21 22 17 19 16 17 16 16 14 15 13 13
 12 12 11 11 10 10 11 11 10 11 10 10 12 11 12 12 12 12 11 11 10 10 10 10
 11 10 11 11 11 11 12 12 12 12 11 11 10 10  9 10  9  9 10  9 11 11 14 11
 19 17 23 21 22 23 19 20 21 18 27 24 28 28 29 29 28 29 33 30 42 38 46 45
 45 46 42 44 37 40 32 35 27 30 22 22 20 21 18 19 15 16 14 14 13 13 12 13
 11 12 10 10  9 10  9  9]"
2024-10-30 18:22:48.643595,"(-30.0, -13.33)","(3661, 2856)","[22 22 22 23 20 21 19 20 20 19 22 22 21 22 17 19 16 17 16 16 14 15 13 13
 12 12 11 11 10 10 11 11 10 11 10 10 12 11 12 12 12 12 11 11 10 10 10 10
 11 10 11 11 11 11 12 12 12 12 11 11 10 10  9 10  9  9 10  9 11 11 19 15
 24 22 26 26 26 26 32 27 44 39 51 48 51 51 50 50 47 49 43 45 42 42 41 42
 39 41 35 37 32 33 26 30 25 26 24 25 21 22 26 21 29 29 28 29 22 27 21 22
 18 20 15 17 13 14 11 12]"
2024-10-30 18:23:02.823803,"(-15.0, -13.33)","(3837, 2854)","[24 26 23 23 20 21 19 20 20 19 22 22 21 22 17 19 16 17 16 16 14 15 13 13
 12 12 11 11 10 10 11 11 10 11 10 10 12 11 12 12 12 12 11 11 10 10 10 10
 11 10 11 11 11 11 12 12 12 12 11 11 10 10  9 10  9  9 10  9 11 11 10 11
  9  9  9  9 17 11 27 18 49 42 57 55 58 58 55 57 52 54 46 49 45 45 48 47
 48 49 45 47 40 42 37 38 34 35 29 29 29 29 28 28 27 27 28 28 27 27 25 26
 22 23 19 20 16 17 13 15]"
2024-10-30 18:23:17.007026,"(0.0, -13.33)","(4042, 2853)","[21 20 23 23 20 21 19 20 20 19 22 22 21 22 17 19 16 17 16 16 14 15 13 13
 12 12 11 11 10 10 11 11 10 11 10 10 12 11 12 12 12 12 11 11 10 10 10 10
 11 10 11 11 11 11 12 12 12 12 11 11 10 10  9 10  9  9 10  9 11 11 10 11
  9  9  9  9 14 11 22 18 35 26 48 43 53 51 52 53 49 51 44 47 41 42 39 40
 36 38 34 35 30 32 23 28 23 23 29 28 23 29 23 23 24 24 24 24 24 24 23 23
 21 22 20 21 18 19 17 17]"
2024-10-30 18:23:31.188553,"(15.0, -13.33)","(188, 2854)","[19  7 22 23 20 21 19 19 20 19 22 22 21 22 17 19 16 17 16 16 14 15 13 13
 12 12 11 11 10 10 11 11 10 11 10 10 12 11 12 12 12 12 11 11 10 10 10 10
 11 10 11 11 11 11 12 12 12 12 11 11 10 10  9 10  9  9 10  9 11 11 10 11
  9  9  9  9 12 11 13 12 23 15 35 30 44 40 45 45 43 45 39 41 37 38 37 37
 37 37 38 37 36 37 30 33 28 29 27 28 22 26 22 22 21 22 20 21 19 19 19 19
 19 19 19 19 19 19 17 18]"
2024-10-30 18:23:45.370875,"(30.0, -13.33)","(431, 2856)","[19  6 22 23 20 21 19 19 20 19 22 22 21 22 17 19 16 17 16 16 14 15 13 13
 12 12 11 11 10 10 11 11 10 11 10 10 12 11 12 12 12 12 11 11 10 10 10 10
 11 10 11 11 11 11 12 12 12 12 11 11 10 10  9 10  9  9 10  9 11 11 10 11
 13  9 22 18 26 24 29 28 29 29 29 29 28 29 29 28 31 31 26 29 30 28 32 32
 34 32 35 36 30 33 29 30 29 29 27 28 25 26 20 25 20 20 18 19 17 18 16 17
 15 16 13 14 11 12  9 10]"
2024-10-30 18:23:59.552633,"(45.0, -13.33)","(650, 2856)","[19  9 22 23 20 21 20 19 22 21 23 23 21 22 17 19 16 17 16 16 14 15 13 13
 12 12 11 11 10 10 11 11 10 11 10 10 12 11 12 12 12 12 11 11 10 10 10 10
 11 10 11 11 11 11 12 12 12 12 11 11 10 10  9 10  9  9 10  9 11 11 10 11
 19  9 25 23 25 25 27 27 27 28 24 26 21 23 21 21 20 20 17 19 25 21 29 27
 36 33 37 38 34 36 32 33 29 31 24 26 21 19 26 23 29 29 28 28 26 27 20 24
 17 19 15 16 12 13 11 11]"
2024-10-30 18:24:13.728812,"(60.0, -13.33)","(839, 2856)","[19 10 22 23 20 21 20 19 22 21 23 23 21 22 17 19 16 17 16 16 14 15 13 13
 12 12 11 11 10 10 11 11 10 11 10 10 12 11 12 12 12 12 11 11 10 10 10 10
 11 10 11 11 11 11 12 12 12 12 11 11 10 10  9 10  9  9 10  9 11 11 10 11
  9  9 18 14 22 20 22 22 20 21 13 14 12 13 11 11 15 10 18 16 27 22 35 32
 35 36 31 33 29 30 27 28 23 25 20 21 16 16 16 16 16 16 16 16 15 15 13 14
 12 13 11 11 23 18 25 25]"
2024-10-30 18:24:27.907683,"(75.0, -13.33)","(985, 2855)","[19  4 22 22 20 21 19 19 21 20 22 22 21 22 17 19 16 17 16 16 14 15 13 13
 12 12 11 11 10 10 11 11 10 11 10 10 12 11 12 12 12 12 11 11 10 10 10 10
 11 10 11 11 11 11 12 12 12 12 11 11 10 10  9 10  9  9 10  9 11 11 10 11
  9  9 17 11 22 20 21 22 21 20 22 21 22 22 21 21 24 20 39 29 53 46 58 57
 57 58 49 54 46 47 42 44 38 40 34 36 33 34 32 33 32 32 31 31 26 26 23 25
 20 22 18 19 16 17 16 16]"
2024-10-30 18:25:03.131777,"(-90.0, 16.66)","(3177, 2524)","[19 10 22 22 20 21 19 19 20 19 22 22 21 22 17 19 16 17 16 16 14 15 13 13
 12 12 11 11 10 10 11 11 10 11 10 10 12 11 12 12 12 12 11 11 10 10 10 10
 11 10 11 11 11 11 12 12 12 12 11 11 10 10  9 10 20 14 25 24 24 25 21 22
 19 20 19 19 18 18 19 18 20 19 23 21 28 25 32 30 35 33 43 38 52 48 53 53
 51 52 48 49 44 46 39 41 35 37 30 32 24 25 20 22 17 18 14 15 13 13 13 13
 13 13 13 13 11 12 10 11]"
2024-10-30 18:25:16.900845,"(-78.0, 16.66)","(3253, 2513)","[19  1 22 22 20 21 19 19 20 19 22 22 21 22 17 19 16 17 16 16 14 15 13 13
 12 12 11 11 10 10 11 11 10 11 10 10 12 11 12 12 12 12 11 11 10 10 10 10
 11 10 11 11 11 11 12 12 12 12 11 11 10 10 16 10 24 21 26 26 25 26 23 24
 21 23 18 20 17 17 13 17 14 15 20 16 30 25 38 34 43 41 44 44 43 44 43 43
 42 42 41 42 37 40 30 34 23 27 21 22 19 20 16 17 13 15 11 12 10 11  9 10
  9  9  9  9  9  9  9  9]"
2024-10-30 18:25:30.671013,"(-66.0, 16.66)","(3375, 2514)","[19  8 22 22 20 21 19 19 20 19 22 22 21 22 17 19 16 17 16 16 14 15 13 13
 12 12 11 11 10 10 11 11 10 11 10 10 12 11 12 12 12 12 11 11 10 10 10 10
 11 10 11 11 11 11 12 12 12 12 11 11 22 15 36 30 40 40 40 40 35 38 28 31
 28 27 31 29 31 31 27 29 24 26 20 22 17 17 17 17 24 17 31 29 32 32 33 32
 34 35 33 34 31 32 26 29 21 24 18 20 15 17 13 14 11 12 10 11  9  9  8  9
  8  8  8  8 17 14 17 18]"
2024-10-30 18:25:44.441024,"(-54.0, 16.66)","(3448, 2514)","[19 10 22 22 20 21 19 19 20 19 22 22 21 22 17 19 16 17 16 16 14 15 13 13
 12 12 11 11 10 10 11 11 10 11 10 10 12 11 12 12 12 12 11 11 10 10 10 10
 11 10 11 11 11 11 12 12 12 12 11 11 12 10 28 22 32 32 32 32 29 30 25 26
 26 23 32 29 31 32 29 30 28 28 25 26 23 24 22 22 26 23 39 31 50 45 55 54
 53 55 49 52 42 46 34 38 26 30 22 24 18 20 14 16 11 12 10 11  8  9  7  8
  7  7 13 10 19 16 18 19]"
2024-10-30 18:25:58.210104,"(-42.0, 16.66)","(3550, 2512)","[19 14 22 22 19 21 19 19 20 19 22 22 21 22 17 19 16 17 16 16 14 15 13 13
 12 12 11 11 10 10 11 11 10 11 10 10 12 11 12 12 12 12 11 11 10 10 10 10
 11 10 11 11 11 11 12 12 12 12 11 11 10 10 12 10 17 15 18 18 11 17 15 11
 18 14 25 22 26 26 23 25 19 21 13 14 12 13 11 11 11 11 20 16 36 28 45 41
 48 48 45 47 39 42 32 35 26 28 20 20 18 19 15 16 12 14 10 11  9  9  8  8
  8  8  8  8  9  9  9  9]"
2024-10-30 18:26:11.981645,"(-30.0, 16.66)","(3660, 2513)","[19 13 22 22 19 21 19 19 20 19 22 22 21 22 17 19 16 17 16 16 14 15 13 13
 12 12 11 11 10 10 11 11 10 11 10 10 12 11 12 12 12 12 11 11 10 10 10 10
 11 10 11 11 11 11 12 12 12 12 11 11 10 10  9 10  9  9 10  9 11 11 10 11
  9  9 16 14 21 19 22 22 21 22 20 21 18 19 16 17 16 15 26 19 42 34 51 47
 52 52 49 51 45 47 40 43 34 37 28 31 21 22 18 20 14 16 12 13 10 11  8  9
  7  8  8  7  9  9 12  9]"
2024-10-30 18:26:25.757393,"(-18.0, 16.66)","(3799, 2511)","[19  7 22 22 19 21 19 19 20 19 22 22 21 22 17 19 16 17 16 16 14 15 13 13
 12 12 11 11 10 10 11 11 10 11 10 10 12 11 12 12 12 12 11 11 10 10 10 10
 11 10 11 11 11 11 12 12 12 12 11 11 10 10  9 10  9  9 10  9 11 11 10 11
  9  9 15 11 19 17 22 21 21 22 19 20 12 18 11 11 10 10 23 15 40 32 49 46
 50 51 47 49 40 44 34 37 29 32 25 27 20 20 17 19 15 16 13 14 11 12 10 10
  9  9  9  9  9  9  9  9]"
2024-10-30 18:26:39.532038,"(-6.0, 16.66)","(3957, 2511)","[19  4 22 22 19 21 18 19 20 19 22 22 21 22 17 19 16 17 16 16 14 15 13 13
 12 12 11 11 10 10 11 11 10 11 10 10 12 11 12 12 12 12 11 11 10 10 10 10
 11 10 11 11 11 11 12 12 12 12 11 11 10 10  9 10  9  9 10  9 11 11 10 11
 15  9 21 19 22 22 19 21 14 18 13 14 12 13 11 11 10 10 23 15 38 31 46 43
 47 47 44 46 37 41 31 34 25 27 19 19 17 18 14 15 12 13 11 12 11 11 10 11
 10 10  9  9  9  9  9  9]"
2024-10-30 18:26:53.307227,"(6.0, 16.66)","(41, 2513)","[19 11 22 22 19 21 18 19 20 19 22 22 21 22 17 19 16 17 16 16 14 15 13 13
 12 12 11 11 10 10 11 11 10 11 10 10 12 11 12 12 12 12 11 11 10 10 10 10
 11 10 11 11 11 11 12 12 12 12 11 11 10 10  9 10  9  9 10  9 11 11 10 11
 13  9 20 16 22 21 21 21 19 20 13 14 12 13 11 11 10 10 20 15 33 26 36 35
 34 36 30 32 26 28 22 24 16 20 15 16 14 14 12 13 11 12 10 11 10 10 10 10
  9  9  8  8  9  9  9  9]"
2024-10-30 18:27:07.583937,"(18.0, 16.66)","(236, 2511)","[19 10 22 22 19 20 18 19 20 19 22 22 21 22 17 19 16 17 16 16 14 15 13 13
 12 12 11 11 10 10 11 11 10 11 10 10 12 11 12 12 12 12 11 11 10 10 10 10
 11 10 11 11 11 11 12 12 12 12 11 11 10 10  9 10  9  9 10  9 11 11 10 11
  9  9 14 12 12 15 13 12 14 15 13 14 12 13 11 11 10 10 18 14 29 24 33 32
 32 33 30 31 27 28 23 25 19 21 14 15 12 13 11 12 11 12 10 11  8  9  7  8
  7  7  8  7  9  9  9  9]"
2024-10-30 18:27:21.359646,"(30.0, 16.66)","(430, 2512)","[19 12 22 22 19 20 18 18 20 19 22 22 21 22 17 19 16 17 16 16 14 15 13 13
 12 12 11 11 10 10 11 11 10 11 10 10 12 11 12 12 12 12 11 11 10 10 10 10
 11 10 11 11 11 11 12 12 12 12 11 11 10 10  9 10  9  9 10  9 11 11 10 11
  9  9  9  9 12 11 13 12 14 15 13 14 18 16 21 19 21 22 20 21 28 24 33 32
 32 33 29 31 25 27 22 23 19 21 14 15 13 14 12 13 11 12 10 11  8  9  7  8
  7  7  8  7  9  9  9  9]"
2024-10-30 18:27:35.629741,"(42.0, 16.66)","(611, 2514)","[19  6 22 22 19 20 18 18 20 19 22 22 21 22 17 19 16 17 16 16 14 15 13 13
 12 12 11 11 10 10 11 11 10 11 10 10 12 11 12 12 12 12 11 11 10 10 10 10
 11 10 11 11 11 11 12 12 12 12 11 11 10 10  9 10  9  9 10  9 11 11 10 11
  9  9  9  9 12 11 13 12 14 15 29 19 38 35 38 39 36 38 31 34 31 31 34 34
 33 34 30 32 27 28 27 27 27 27 25 26 19 23 17 18 15 16 13 14 12 12 10 11
  9  9  9  9  9  9  9  9]"
2024-10-30 18:27:49.399948,"(54.0, 16.66)","(769, 2515)","[19 13 22 22 19 20 18 18 20 19 22 22 21 22 17 19 16 17 16 16 14 15 13 13
 12 12 11 11 10 10 11 11 10 11 10 10 12 11 12 12 12 12 11 11 21 15 24 23
 21 23 17 19 11 16 12 12 12 12 11 11 10 10  9 10  9  9 10  9 11 11 10 11
  9  9  9  9 12 11 13 12 24 15 39 32 47 44 46 47 44 45 39 42 37 38 38 37
 39 39 38 39 34 36 32 33 30 31 28 29 23 23 21 22 18 20 16 17 13 15 11 12
  9 10  9  9  9  9  9  9]"
2024-10-30 18:28:03.174077,"(66.0, 16.66)","(906, 2513)","[19  6 22 22 19 20 18 18 20 19 22 22 21 22 17 19 16 17 16 16 14 15 13 13
 12 12 11 11 10 10 11 11 10 11 10 10 12 11 12 12 12 12 11 11 21 17 22 22
 20 21 17 19 11 16 12 12 12 12 11 11 10 10  9 10  9  9 10  9 11 11 10 11
  9  9  9  9 12 11 13 12 22 15 37 29 44 41 44 44 41 43 36 39 33 34 30 31
 31 29 31 31 28 29 24 26 19 23 18 19 16 17 13 14 11 12 10 11  8  9  7  8
  7  7  8  7  9  9  9  9]"
2024-10-30 18:28:16.948400,"(78.0, 16.66)","(1019, 2513)","[19  9 22 22 19 20 18 18 20 19 22 22 21 22 17 19 16 17 16 16 14 15 13 13
 12 12 11 11 10 10 11 11 10 11 10 10 12 11 12 12 12 12 11 11 10 10 10 10
 11 10 11 11 11 11 12 12 12 12 11 11 10 10  9 10  9  9 10  9 11 11 10 11
  9  9  9  9 12 11 13 12 14 15 13 14 12 13 11 11 10 10 10 10 26 19 35 32
 36 37 32 35 27 29 23 25 19 21 14 15 13 13 11 12 11 12 10 11  8  9  7  8
  7  7  8  7  9  9  9  9]"
2024-10-30 18:28:30.724521,"(90.0, 16.66)","(1111, 2513)","[19 11 22 22 19 20 18 18 20 19 22 22 21 22 17 19 16 17 16 16 14 15 13 13
 12 12 11 11 10 10 11 11 10 11 10 10 12 11 12 12 12 12 11 11 10 10 10 10
 11 10 11 11 11 11 12 12 12 12 11 11 10 10  9 10  9  9 10  9 11 11 10 11
  9  9  9  9 12 11 13 12 14 15 13 14 12 13 11 11 10 10 17 14 33 25 40 38
 40 41 37 39 31 34 24 27 20 21 15 16 13 14 11 12 11 12 10 11  8  9  8  8
  8  8  8  8  9  9  9  9]"
2024-10-30 18:29:06.358181,"(-78.0, -16.66)","(3279, 2901)","[19 10 21 22 19 20 18 18 20 19 22 22 21 22 17 19 16 17 16 16 14 15 13 13
 12 12 11 11 10 10 11 11 10 11 10 10 12 11 12 12 12 12 11 11 10 10 10 10
 11 10 11 11 11 11 12 12 12 12 11 11 10 10  9 10  9  9 10  9 11 11 10 11
  9  9  9  9 12 11 13 12 14 15 13 14 18 17 27 23 33 31 34 34 37 35 39 38
 38 39 34 36 31 32 28 30 23 26 17 18 15 16 13 14 11 12 10 11  8  9  8  8
  7  7  8  8  9  9  9  9]"
2024-10-30 18:29:20.126671,"(-66.0, -16.66)","(3375, 2896)","[19  8 21 22 19 20 18 18 20 19 22 22 21 22 17 19 16 17 16 16 14 15 13 13
 12 12 11 11 10 10 11 11 10 11 10 10 12 11 12 12 12 12 11 11 10 10 10 10
 11 10 11 11 11 11 12 12 12 12 11 11 10 10  9 10  9  9 10  9 11 11 10 11
  9  9 16 13 12 16 13 12 14 15 13 14 16 13 29 23 34 33 33 34 37 35 40 38
 41 41 39 40 36 37 34 35 31 32 27 29 20 24 19 20 17 18 14 15 12 13 10 11
  8  9  8  8  9  9  9  9]"
2024-10-30 18:29:33.898151,"(-54.0, -16.66)","(3452, 2895)","[19  5 21 22 19 20 18 18 20 19 22 22 21 22 17 19 16 17 16 16 14 15 13 13
 12 12 11 11 10 10 11 11 10 11 10 10 12 11 12 12 12 12 11 11 10 10 10 10
 11 10 11 11 11 11 12 12 12 12 11 11 10 10  9 10  9  9 10  9 11 11 10 11
 15  9 20 19 19 20 18 18 14 17 13 14 12 13 15 11 20 16 30 25 40 35 44 43
 44 45 41 43 36 38 33 35 30 32 25 28 19 19 17 18 14 15 12 13 10 11  8  9
  7  7  8  7  9  9  9  9]"
2024-10-30 18:29:47.669455,"(-42.0, -16.66)","(3549, 2897)","[19 12 21 22 19 20 18 18 20 19 22 22 21 22 17 19 16 17 16 16 14 15 13 13
 12 12 11 11 10 10 11 11 10 11 10 10 12 11 12 12 12 12 11 11 10 10 10 10
 11 10 11 11 11 11 12 12 12 12 11 11 10 10  9 10  9  9 10  9 11 11 10 11
 16  9 21 19 21 21 23 23 22 23 19 21 18 18 21 18 29 25 34 32 34 34 43 39
 46 46 44 46 40 42 37 38 35 36 33 34 23 30 21 22 19 20 16 18 13 15 11 12
 10 10  9  9  9  9  9  9]"
2024-10-30 18:30:01.441661,"(-30.0, -16.66)","(3659, 2894)","[19 13 21 22 19 20 18 18 20 19 22 22 21 22 17 19 16 17 16 16 14 15 13 13
 12 12 11 11 10 10 11 11 10 11 10 10 12 11 12 12 12 12 11 11 10 10 10 10
 11 10 11 11 11 11 12 12 12 12 11 11 10 10  9 10  9  9 10  9 22 17 26 24
 26 26 25 26 24 24 32 28 36 35 38 37 39 39 38 39 34 36 32 32 34 32 42 38
 44 44 42 44 38 40 34 36 30 32 24 24 22 23 19 21 17 18 15 16 13 14 13 13
 13 13 13 13 12 12 11 12]"
2024-10-30 18:30:15.210827,"(-18.0, -16.66)","(3797, 2894)","[22 23 22 22 19 20 18 18 20 19 22 22 21 22 17 19 16 17 16 16 14 15 13 13
 12 12 11 11 10 10 11 11 10 11 10 10 12 11 12 12 12 12 11 11 10 10 10 10
 11 10 11 11 11 11 12 12 12 12 11 11 10 10  9 10  9  9 10  9 21 16 24 23
 23 24 21 22 23 21 42 34 47 47 48 47 49 49 46 48 39 41 36 38 36 36 42 39
 43 43 39 42 35 37 32 34 25 30 23 24 22 23 22 22 22 22 22 22 21 21 20 20
 18 19 16 17 16 16 16 16]"
2024-10-30 18:30:28.981445,"(-6.0, -16.66)","(3957, 2891)","[19 16 21 22 19 20 18 18 20 19 22 22 21 22 17 19 16 17 16 16 14 15 13 13
 12 12 11 11 10 10 11 11 10 11 10 10 12 11 12 12 12 12 11 11 10 10 10 10
 11 10 11 11 11 11 12 12 12 12 11 11 10 10  9 10  9  9 10  9 14 11 16 16
 15 15 15 15 19 17 25 24 31 25 38 36 40 40 37 38 33 34 31 32 31 31 31 31
 32 31 32 32 29 30 27 28 25 26 21 21 20 20 23 19 30 28 32 32 31 31 29 29
 28 28 27 27 22 26 21 22]"
2024-10-30 18:30:42.752400,"(6.0, -16.66)","(41, 2894)","[19 10 21 22 19 20 18 18 20 19 22 22 21 22 17 19 16 17 16 16 14 15 13 13
 12 12 11 11 10 10 11 11 10 11 10 10 12 11 12 12 12 12 11 11 10 10 10 10
 11 10 11 11 11 11 12 12 12 12 11 11 10 10  9 10  9  9 10  9 11 11 15 11
 15 15 19 16 24 22 25 24 35 27 44 40 47 46 46 47 43 44 39 41 35 37 35 35
 35 35 34 35 32 33 30 31 27 29 23 23 22 23 21 22 20 21 19 19 19 19 23 19
 24 24 23 24 18 19 17 18]"
2024-10-30 18:30:56.524516,"(18.0, -16.66)","(236, 2894)","[19  4 21 22 19 20 18 18 20 19 22 22 21 22 17 19 16 17 16 16 14 15 13 13
 12 12 11 11 10 10 11 11 10 11 10 10 12 11 12 12 12 12 11 11 10 10 10 10
 11 10 11 11 11 11 12 12 12 12 11 11 10 10  9 10  9  9 10  9 11 11 10 11
 13  9 16 15 12 17 19 12 30 24 40 36 44 42 45 45 43 45 40 42 38 38 41 39
 43 43 43 44 41 42 38 40 32 36 25 25 24 25 23 24 23 23 21 22 20 21 18 19
 22 18 25 25 23 24 18 22]"
2024-10-30 18:31:10.302881,"(30.0, -16.66)","(432, 2894)","[19  6 21 22 19 20 18 18 20 19 22 22 21 22 17 19 16 17 16 16 14 15 13 13
 12 12 11 11 10 10 11 11 10 11 10 10 12 11 12 12 12 12 11 11 10 10 10 10
 11 10 11 11 11 11 12 12 12 12 11 11 10 10  9 10  9  9 10  9 11 11 10 11
 21  9 28 26 27 28 25 26 23 23 27 24 28 28 28 27 29 30 28 29 27 27 29 26
 37 34 38 38 36 37 33 34 28 31 24 26 20 20 18 19 18 18 18 18 18 18 18 18
 17 17 16 16 15 15 13 14]"
2024-10-30 18:31:24.074611,"(42.0, -16.66)","(612, 2894)","[19  5 21 22 19 20 18 18 20 19 22 22 21 22 17 19 16 17 16 16 14 15 13 13
 12 12 11 11 10 10 11 11 10 11 10 10 12 11 12 12 12 12 11 11 10 10 10 10
 11 10 11 11 11 11 12 12 12 12 11 11 10 10  9 10  9  9 10  9 11 11 17 11
 31 26 37 35 36 37 33 35 31 32 29 30 27 28 25 26 22 24 18 20 24 20 37 31
 44 42 44 45 41 43 37 39 33 35 29 31 23 26 29 23 32 32 32 32 24 30 22 23
 18 20 15 17 13 14 11 12]"
2024-10-30 18:31:37.850818,"(54.0, -16.66)","(771, 2893)","[18  7 21 22 18 20 18 18 20 19 22 22 21 22 17 19 16 17 16 16 14 15 13 13
 12 12 11 11 10 10 11 11 10 11 10 10 12 11 12 12 12 12 11 11 10 10 10 10
 11 10 11 11 11 11 12 12 12 12 11 11 10 10  9 10  9  9 10  9 11 11 10 11
 16  9 21 18 25 23 27 27 26 27 24 25 23 23 21 22 19 20 16 17 18 12 33 26
 39 38 40 40 37 38 33 35 29 31 26 27 20 25 26 20 30 29 30 30 27 28 21 25
 20 21 19 19 17 18 16 17]"
2024-10-30 18:31:52.123091,"(66.0, -16.66)","(906, 2894)","[18  5 21 22 18 20 18 18 20 19 22 22 21 22 17 19 16 17 16 16 14 15 13 13
 12 12 11 11 10 10 11 11 10 11 10 10 12 11 12 12 12 12 11 11 10 10 10 10
 11 10 11 11 11 11 12 12 12 12 11 11 10 10  9 10  9  9 10  9 11 11 10 11
  9  9 18 11 26 23 26 27 24 25 23 23 23 23 22 22 27 23 34 31 39 36 42 41
 40 41 37 39 33 35 31 32 29 30 24 27 19 20 17 18 16 17 14 15 13 14 12 12
 11 11 11 11 11 11 11 11]"
2024-10-30 18:32:05.894464,"(78.0, -16.66)","(1015, 2893)","[18  4 21 22 18 20 19 18 23 22 23 23 21 22 17 19 16 17 16 16 14 15 13 13
 12 12 11 11 10 10 11 11 10 11 10 10 12 11 12 12 12 12 11 11 10 10 10 10
 11 10 11 11 11 11 12 12 12 12 11 11 10 10  9 10  9  9 10  9 11 11 10 11
 16  9 23 20 25 24 28 27 27 28 25 26 21 23 25 21 35 31 39 38 42 41 42 42
 40 41 39 39 37 38 32 34 27 29 22 22 21 21 21 21 21 21 20 20 18 19 15 16
 14 15 13 14 12 12 11 12]"
2024-10-30 18:32:41.538622,"(-90.0, 20.0)","(3177, 2482)","[18 11 21 22 18 20 18 17 20 19 22 22 21 22 17 19 16 17 16 16 14 15 13 13
 12 12 11 11 10 10 11 11 10 11 10 10 12 11 12 12 12 12 11 11 10 10 10 10
 11 10 11 11 11 11 12 12 12 12 11 11 11 10 20 16 30 24 36 34 35 36 32 34
 29 31 27 28 26 26 26 26 25 26 22 24 15 21 15 15 24 15 31 28 41 36 43 42
 44 43 42 43 35 39 33 34 31 33 27 29 23 23 21 22 18 19 17 18 19 17 22 21
 17 21 16 17 14 15 12 13]"
2024-10-30 18:32:55.110362,"(-80.0, 20.0)","(3248, 2475)","[18  7 21 22 18 20 18 17 20 19 22 22 21 22 17 19 16 17 16 16 14 15 13 13
 12 12 11 11 10 10 11 11 10 11 10 10 12 11 12 12 12 12 11 11 10 10 10 10
 11 10 11 11 11 11 12 12 12 12 11 11 13 10 21 17 25 24 25 26 23 24 23 23
 25 25 26 26 25 25 25 25 24 25 23 24 23 23 23 23 26 24 29 28 29 29 34 30
 39 39 38 39 32 35 31 32 31 31 29 30 22 27 21 21 19 20 18 19 16 17 15 15
 13 14 12 13 11 12  9 10]"
2024-10-30 18:33:08.682955,"(-70.0, 20.0)","(3319, 2475)","[18  8 21 22 18 20 18 17 20 19 22 22 21 22 17 19 16 17 16 16 14 15 13 13
 12 12 11 11 10 10 11 11 10 11 10 10 12 11 12 12 12 12 11 11 10 10 10 10
 11 10 11 11 11 11 12 12 12 12 11 11 11 10 28 21 34 33 33 34 31 32 28 29
 26 27 22 24 21 22 21 21 21 20 21 21 20 21 21 20 23 22 29 26 33 31 34 34
 34 34 33 33 31 32 28 29 25 26 20 20 18 19 16 17 15 15 15 15 15 15 14 15
 13 14 12 12 12 12 11 11]"
2024-10-30 18:33:22.251966,"(-60.0, 20.0)","(3400, 2473)","[18  6 21 22 18 20 18 17 20 19 22 22 21 22 17 19 16 17 16 16 14 15 13 13
 12 12 11 11 10 10 11 11 10 11 10 10 12 11 12 12 12 12 11 11 10 10 10 10
 11 10 11 11 11 11 12 12 12 12 11 11 12 10 25 19 33 31 34 34 30 32 27 28
 25 26 28 26 28 28 26 27 23 25 20 21 20 15 21 21 19 21 27 21 37 32 40 39
 38 39 36 37 31 34 27 29 21 25 20 21 18 19 15 16 12 14 11 11  9 10 12  9
 15 16 15 15 10 10 10 10]"
2024-10-30 18:33:35.819040,"(-50.0, 20.0)","(3478, 2472)","[18  4 21 22 18 20 17 17 20 19 22 22 21 22 17 19 16 17 16 16 14 15 13 13
 12 12 11 11 10 10 11 11 10 11 10 10 12 11 12 12 12 12 11 11 10 10 10 10
 11 10 11 11 11 11 12 12 12 12 11 11 10 10 25 18 34 31 35 35 32 33 26 28
 21 23 18 19 12 17 13 12 14 15 13 14 24 19 27 26 25 27 24 24 34 28 40 38
 41 41 39 40 35 37 29 32 20 25 19 20 16 17 13 15 11 12 10 11  9  9  9  9
  9  9  9  9 12  9 16 14]"
2024-10-30 18:33:49.388469,"(-40.0, 20.0)","(3564, 2471)","[18 11 21 22 18 20 17 17 20 19 22 22 21 22 17 19 16 17 16 16 14 15 13 13
 12 12 11 11 10 10 11 11 10 11 10 10 12 11 12 12 12 12 11 11 10 10 10 10
 11 10 11 11 11 11 12 12 12 12 11 11 10 10  9 10  9  9 10  9 11 11 10 11
  9  9  9  9 12 11 13 12 14 15 13 14 12 13 11 11 10 10 16 12 33 24 42 39
 44 45 42 44 38 40 31 34 27 29 22 24 16 17 13 14 11 12 10 11  8  9  8  8
  8  8  8  8 13  9 14 14]"
2024-10-30 18:34:02.956204,"(-30.0, 20.0)","(3659, 2472)","[18  4 21 22 18 20 17 17 20 19 22 22 21 22 17 19 16 17 16 16 14 15 13 13
 12 12 11 11 10 10 11 11 10 11 10 10 12 11 12 12 12 12 11 11 10 10 10 10
 11 10 11 11 11 11 12 12 12 12 11 11 10 10  9 10 14  9 16 16 11 16 10 11
 16  9 22 19 23 23 22 23 21 22 19 20 17 18 11 16 11 11 10 11 25 17 41 34
 47 45 47 47 44 46 39 42 33 36 28 31 20 26 19 20 16 18 13 15 11 12 10 10
 10 10  9 10  9  9  9  9]"
2024-10-30 18:34:16.523438,"(-20.0, 20.0)","(3772, 2472)","[18 12 21 22 18 20 17 17 20 19 22 22 21 22 17 19 16 17 16 16 14 15 13 13
 12 12 11 11 10 10 11 11 10 11 10 10 12 11 12 12 12 12 11 11 10 10 10 10
 11 10 11 11 11 11 12 12 12 12 11 11 10 10  9 10  9  9 10  9 11 11 10 11
 19  9 26 23 27 27 26 27 22 24 19 21 12 13 11 11 11 11 10 10 26 18 43 35
 50 48 51 52 48 50 40 43 35 38 29 32 21 26 19 20 16 17 13 14 12 13 11 11
 17 11 17 17 12 12 11 11]"
2024-10-30 18:34:30.593878,"(-10.0, 20.0)","(3898, 2471)","[18 14 21 22 18 20 17 17 20 19 22 22 21 22 17 19 16 17 16 16 14 15 13 13
 12 12 11 11 10 10 11 11 10 11 10 10 12 11 12 12 12 12 11 11 10 10 10 10
 11 10 11 11 11 11 12 12 12 12 11 11 10 10  9 10  9  9 10  9 11 11 10 11
 15  9 20 17 20 21 18 20 14 17 13 14 12 13 11 11 10 10 10 10 28 19 39 34
 46 44 48 48 45 47 37 41 29 33 24 26 18 18 16 17 13 14 11 12  9 10  8  8
  7  7  8  7  9  9  9  9]"
2024-10-30 18:34:44.665908,"(0.0, 20.0)","(4041, 2472)","[18  7 21 22 18 20 17 17 20 19 22 22 21 22 17 19 16 17 16 16 14 15 13 13
 12 12 11 11 10 10 11 11 10 11 10 10 12 11 12 12 12 12 11 11 10 10 10 10
 11 10 11 11 11 11 12 12 12 12 11 11 10 10  9 10  9  9 10  9 11 11 10 11
 14  9 16 15 12 16 13 12 14 15 13 14 12 13 11 11 10 10 10 10 31 21 44 38
 50 48 50 50 46 49 38 42 29 33 23 26 18 19 16 17 13 14 11 12  9 10  8  9
  7  7  8  7  9  9  9  9]"
2024-10-30 18:34:58.235322,"(10.0, 20.0)","(102, 2471)","[18  9 21 22 18 19 17 17 20 19 22 22 21 22 17 19 16 17 16 16 14 15 13 13
 12 12 11 11 10 10 11 11 10 11 10 10 12 11 12 12 12 12 11 11 10 10 10 10
 11 10 11 11 11 11 12 12 12 12 11 11 10 10  9 10  9  9 10  9 11 11 10 11
 15  9 20 18 20 20 18 19 14 17 13 14 12 13 14 11 15 15 15 15 21 18 33 28
 39 38 39 39 35 37 27 31 21 23 16 16 13 14 12 12 11 12 10 11  8  9  7  8
  7  7  8  7  9  9  9  9]"
2024-10-30 18:35:11.803765,"(20.0, 20.0)","(269, 2473)","[18  3 21 21 18 19 17 17 20 19 22 22 21 22 17 19 16 17 16 16 14 15 13 13
 12 12 11 11 10 10 11 11 10 11 10 10 12 11 12 12 12 12 11 11 10 10 10 10
 11 10 11 11 11 11 12 12 12 12 11 11 10 10  9 10  9  9 10  9 11 11 10 11
  9  9  9  9 12 11 13 12 14 15 13 14 12 13 13 11 17 16 17 17 17 17 24 20
 29 28 29 30 26 28 22 24 18 20 13 13 12 12 11 11 11 12 10 11  8  9  8  8
  7  7  8  7  9  9  9  9]"
2024-10-30 18:35:25.375900,"(30.0, 20.0)","(432, 2471)","[18 12 21 21 18 19 17 17 20 19 22 22 21 22 17 19 16 17 16 16 14 15 13 13
 12 12 11 11 10 10 11 11 10 11 10 10 12 11 12 12 12 12 11 11 10 10 10 10
 11 10 11 11 11 11 12 12 12 12 11 11 10 10  9 10  9  9 10  9 11 11 10 11
  9  9  9  9 12 11 13 12 14 15 13 14 12 13 16 11 17 17 15 16 18 16 26 23
 26 27 24 25 23 24 23 22 26 23 28 28 27 28 22 24 19 20 15 15 14 15 12 13
 11 12  9 10  9  9  9  9]"
2024-10-30 18:35:39.444513,"(40.0, 20.0)","(582, 2472)","[18 10 21 21 18 19 17 17 20 19 22 22 21 22 17 19 16 17 16 16 14 15 13 13
 12 12 11 11 10 10 11 11 10 11 10 10 12 11 12 12 12 12 11 11 10 10 10 10
 11 10 11 11 11 11 12 12 12 12 11 11 10 10  9 10  9  9 10  9 11 11 10 11
  9  9  9  9 12 11 13 12 14 15 13 14 21 17 30 26 34 34 33 34 31 32 32 31
 35 35 34 35 30 32 26 28 27 26 30 28 29 30 26 28 19 24 18 18 17 17 15 16
 13 14 11 12 10 10  9  9]"
2024-10-30 18:35:53.012150,"(50.0, 20.0)","(719, 2473)","[18 15 21 21 18 19 17 17 20 19 22 22 21 22 17 19 16 17 16 16 14 15 13 13
 12 12 11 11 10 10 11 11 10 11 10 10 12 11 12 12 12 12 11 11 10 10 10 10
 11 10 11 11 11 11 12 12 12 12 11 11 10 10  9 10  9  9 10  9 11 11 10 11
  9  9  9  9 12 11 13 12 14 15 21 20 23 22 34 29 41 39 41 41 38 39 45 41
 50 50 50 50 43 47 40 41 38 38 36 37 32 34 24 29 22 23 19 20 16 17 13 14
 12 12 11 11 10 10  9  9]"
2024-10-30 18:36:06.582295,"(60.0, 20.0)","(841, 2472)","[18  7 21 21 18 19 17 17 20 19 22 22 21 22 17 19 16 17 16 16 14 15 13 13
 12 12 11 11 10 10 11 11 10 11 10 10 12 11 12 12 18 12 21 19 22 21 21 22
 18 20 16 17 12 12 12 12 12 12 11 11 10 10  9 10  9  9 10  9 11 11 10 11
  9  9  9  9 12 11 13 12 14 15 20 16 31 25 38 35 41 41 40 41 38 39 41 37
 49 48 49 50 44 47 38 41 33 36 27 30 22 23 19 20 16 17 13 14 11 12  9 10
  8  8  8  8  9  9  9  9]"
2024-10-30 18:36:20.154666,"(70.0, 20.0)","(947, 2473)","[18  8 21 21 18 19 17 17 20 19 22 22 21 22 17 19 16 17 16 16 14 15 13 13
 12 12 11 11 10 10 11 11 10 11 10 10 12 11 12 12 12 12 11 11 10 10 10 10
 11 10 11 11 11 11 12 12 12 12 11 11 10 10  9 10  9  9 10  9 11 11 10 11
  9  9  9  9 12 11 13 12 14 15 13 14 17 13 18 18 17 17 18 18 25 21 35 31
 39 39 37 38 31 34 25 28 21 23 15 15 13 14 12 12 11 12 10 11  8  9  7  8
  7  7  8  7  9  9  9  9]"
2024-10-30 18:36:33.725295,"(80.0, 20.0)","(1033, 2472)","[18  7 21 21 18 19 17 17 20 19 22 22 21 22 17 19 16 17 16 16 14 15 13 13
 12 12 11 11 10 10 11 11 10 11 10 10 12 11 12 12 12 12 11 11 10 10 10 10
 11 10 11 11 11 11 12 12 12 12 11 11 10 10  9 10  9  9 10  9 11 11 10 11
  9  9  9  9 12 11 13 12 14 15 13 14 17 18 16 17 15 15 16 15 24 19 33 29
 37 36 36 37 33 35 28 31 23 26 20 21 15 16 14 15 12 13 11 12 10 11  9 10
  8  9  8  8  9  9  9  9]"
2024-10-30 18:36:47.293451,"(90.0, 20.0)","(1118, 2473)","[18  7 21 21 18 19 17 17 20 19 22 22 21 22 17 19 16 17 16 16 14 15 13 13
 12 12 11 11 10 10 11 11 10 11 10 10 12 11 12 12 12 12 11 11 10 10 10 10
 11 10 11 11 11 11 12 12 12 12 11 11 10 10  9 10  9  9 10  9 11 11 10 11
  9  9 14 12 12 14 13 12 14 15 13 14 12 13 11 11 10 10 10 10 18 15 25 21
 32 29 33 34 31 32 24 27 20 21 17 18 13 13 12 12 11 12 10 11  8  9  7  8
  7  7  8  7  9  9  9  9]"
2024-10-30 18:37:23.135523,"(-80.0, -20.0)","(3267, 2936)","[18  8 21 21 18 19 17 17 20 19 22 22 21 22 17 19 16 17 16 16 14 15 13 13
 12 12 11 11 10 10 11 11 10 11 10 10 12 11 12 12 12 12 11 11 13 10 15 14
 15 15 11 11 11 11 12 12 12 12 11 11 10 10  9 10  9  9 10  9 11 11 10 11
  9  9  9  9 12 11 13 12 14 15 13 14 12 13 11 11 10 10 15 14 22 18 30 27
 32 32 31 32 29 30 24 27 20 22 14 14 13 13 11 12 11 12 10 11  8  9  8  8
  7  7  8  8  9  9  9  9]"
2024-10-30 18:37:37.201023,"(-70.0, -20.0)","(3346, 2935)","[18  7 21 21 18 19 17 16 20 19 22 22 21 22 17 19 16 17 16 16 14 15 13 13
 12 12 11 11 10 10 11 11 10 11 10 10 12 11 12 12 12 12 11 11 10 10 10 10
 11 10 11 11 11 11 12 12 12 12 11 11 10 10  9 10  9  9 10  9 11 11 10 11
  9  9  9  9 12 11 13 12 14 15 13 14 12 13 13 11 18 16 20 19 21 20 25 21
 36 34 37 37 34 35 28 31 22 25 17 20 13 14 12 13 11 12 10 11  8  9  7  8
  7  7  8  7  9  9  9  9]"
2024-10-30 18:37:50.768193,"(-60.0, -20.0)","(3427, 2934)","[18  5 21 21 18 19 17 16 20 19 22 22 21 22 17 19 16 17 16 16 14 15 13 13
 12 12 11 11 10 10 11 11 10 11 10 10 12 11 12 12 12 12 11 11 10 10 10 10
 11 10 11 11 11 11 12 12 12 12 11 11 10 10  9 10  9  9 10  9 11 11 10 11
 13  9 18 16 17 18 13 16 14 15 13 14 13 13 20 15 30 26 33 32 34 34 39 36
 43 42 43 44 40 42 35 38 30 32 26 27 20 24 19 20 17 18 15 16 13 14 11 12
  9 10  9  9  9  9  9  9]"
2024-10-30 18:38:04.336985,"(-50.0, -20.0)","(3509, 2931)","[18  5 21 21 17 19 17 16 20 19 22 22 21 22 17 19 16 17 16 16 14 15 13 13
 12 12 11 11 10 10 11 11 10 11 10 10 12 11 12 12 12 12 11 11 10 10 10 10
 11 10 11 11 11 11 12 12 12 12 11 11 10 10  9 10  9  9 10  9 11 11 13 11
 21 16 28 25 27 28 25 26 23 24 21 22 20 20 27 23 35 32 39 38 40 39 43 41
 46 46 46 47 42 44 37 40 32 34 29 30 24 24 21 22 18 19 16 17 13 15 11 12
  9 10  9  9  9  9  9  9]"
2024-10-30 18:38:17.904906,"(-40.0, -20.0)","(3566, 2931)","[18  7 21 21 17 19 17 16 20 19 22 22 21 22 17 19 16 17 16 16 14 15 13 13
 12 12 11 11 10 10 11 11 10 11 10 10 12 11 12 12 12 12 11 11 10 10 10 10
 11 10 11 11 11 11 12 12 12 12 11 11 10 10  9 10  9  9 10  9 11 11 10 11
 19  9 26 24 26 27 22 24 20 21 18 19 16 13 22 19 27 26 31 29 31 31 33 31
 37 37 37 37 35 36 31 33 27 29 23 25 18 19 16 17 14 15 12 13 10 11  9  9
  8  8  8  8  9  9  9  9]"
2024-10-30 18:38:31.969805,"(-30.0, -20.0)","(3660, 2928)","[18  7 21 21 17 19 17 16 20 19 22 22 21 22 17 19 16 17 16 16 14 15 13 13
 12 12 11 11 10 10 11 11 10 11 10 10 12 11 12 12 12 12 11 11 10 10 10 10
 11 10 11 11 11 11 12 12 12 12 11 11 10 10  9 10  9  9 10  9 25 19 29 27
 28 29 27 28 25 26 23 24 25 23 26 26 25 26 25 25 24 25 22 23 25 23 34 30
 37 37 34 36 31 33 28 29 24 26 19 19 16 18 14 15 12 13 11 11 10 10  8  9
  8  8  8  8  9  9  9  9]"
2024-10-30 18:38:45.536527,"(-20.0, -20.0)","(3773, 2931)","[18  8 21 21 17 19 17 16 20 19 22 22 21 22 17 19 16 17 16 16 14 15 13 13
 12 12 11 11 10 10 11 11 10 11 10 10 12 11 12 12 12 12 11 11 10 10 10 10
 11 10 11 11 11 11 12 12 12 12 11 11 10 10  9 10  9  9 15 10 26 21 30 29
 31 30 32 31 35 33 45 41 48 48 47 47 39 43 38 39 37 38 34 36 34 34 35 35
 35 35 34 35 30 32 24 28 23 23 22 22 21 22 20 21 19 20 18 18 17 18 17 17
 16 17 16 16 24 21 25 25]"
2024-10-30 18:38:59.106900,"(-10.0, -20.0)","(3898, 2928)","[18  4 21 21 17 19 17 16 20 19 22 22 21 22 17 19 16 17 16 16 14 15 13 13
 12 12 11 11 10 10 11 11 10 11 10 10 12 11 12 12 12 12 11 11 10 10 10 10
 11 10 11 11 11 11 12 12 12 12 11 11 10 10  9 10 12  9 16 14 11 16 10 11
 16  9 27 19 40 34 49 45 51 51 48 50 42 45 39 41 35 37 31 33 28 29 30 28
 34 34 34 35 30 32 23 28 22 23 21 22 18 19 17 17 16 16 16 16 15 15 15 15
 15 15 23 21 30 27 33 31]"
2024-10-30 18:39:12.673865,"(0.0, -20.0)","(4042, 2928)","[18  9 21 21 17 19 17 16 20 19 22 22 21 22 17 19 16 17 16 16 14 15 13 13
 12 12 11 11 10 10 11 11 10 11 10 10 12 11 12 12 12 12 11 11 10 10 10 10
 11 10 11 11 11 11 12 12 12 12 11 11 10 10  9 10  9  9 10  9 11 11 16 11
 15 15 17 15 30 23 42 37 48 47 49 49 46 48 40 43 37 39 34 36 28 31 32 29
 37 36 36 37 33 34 28 30 23 26 21 22 19 20 17 18 16 17 15 15 15 15 15 15
 23 15 26 25 25 25 27 26]"
2024-10-30 18:39:26.241679,"(10.0, -20.0)","(104, 2930)","[18 11 21 21 17 19 17 16 20 19 22 22 21 22 17 19 16 17 16 16 14 15 13 13
 12 12 11 11 10 10 11 11 10 11 10 10 12 11 12 12 12 12 11 11 10 10 10 10
 11 10 11 11 11 11 12 12 12 12 11 11 10 10  9 10  9  9 10  9 11 11 10 11
  9  9 19 11 31 26 35 34 34 35 33 34 36 34 39 38 39 39 38 38 36 37 36 36
 33 35 30 31 29 29 29 29 27 28 22 22 22 22 22 22 22 22 22 22 22 22 21 22
 20 21 19 20 19 19 18 18]"
2024-10-30 18:39:39.809437,"(20.0, -20.0)","(271, 2929)","[18  3 21 21 17 19 17 16 20 19 22 22 21 22 17 19 16 17 16 16 14 15 13 13
 12 12 11 11 10 10 11 11 10 11 10 10 12 11 12 12 12 12 11 11 10 10 10 10
 11 10 11 11 11 11 12 12 12 12 11 11 10 10  9 10  9  9 10  9 19 17 20 20
 21 20 25 23 30 28 31 31 30 30 32 31 41 36 45 43 43 44 40 42 37 39 36 36
 41 38 43 42 42 42 39 41 36 38 35 35 37 36 36 37 33 34 27 27 26 27 24 25
 22 22 20 21 17 19 15 16]"
2024-10-30 18:39:53.376133,"(30.0, -20.0)","(432, 2929)","[18  6 21 21 17 19 17 16 20 19 22 22 21 22 17 19 16 17 16 16 14 15 13 13
 12 12 11 11 10 10 11 11 10 11 10 10 12 11 12 12 12 12 11 11 10 10 10 10
 11 10 11 11 11 11 12 12 12 12 11 11 10 10  9 10  9  9 10  9 11 11 13 11
 19 15 23 21 21 22 21 21 20 21 21 20 32 26 37 36 36 37 32 35 29 30 36 32
 44 42 47 46 45 46 42 44 36 39 31 33 29 30 24 28 23 24 21 23 19 20 16 18
 14 15 13 14 11 12 10 11]"
2024-10-30 18:40:06.944271,"(40.0, -20.0)","(582, 2928)","[18  7 21 21 17 19 17 16 20 19 22 22 21 22 17 19 16 17 16 16 14 15 13 13
 12 12 11 11 10 10 11 11 10 11 10 10 12 11 12 12 12 12 11 11 10 10 10 10
 11 10 11 11 11 11 12 12 12 12 11 11 10 10  9 10  9  9 10  9 11 11 18 11
 28 24 31 30 30 31 29 29 29 29 27 28 23 25 19 20 25 20 30 29 30 30 34 30
 44 40 46 46 44 45 40 42 36 38 32 34 23 30 23 23 21 22 18 19 16 17 15 15
 14 14 13 13 11 12 10 10]"
2024-10-30 18:40:20.510813,"(50.0, -20.0)","(719, 2929)","[18  4 21 21 17 19 17 16 20 19 22 22 21 22 17 19 16 17 16 16 14 15 13 13
 12 12 11 11 10 10 11 11 10 11 10 10 12 11 12 12 12 12 11 11 10 10 10 10
 11 10 11 11 11 11 12 12 12 12 11 11 10 10  9 10  9  9 10  9 11 11 17 11
 27 23 31 30 30 31 28 29 25 27 23 24 20 21 22 21 26 24 28 27 28 28 35 30
 47 42 50 49 48 49 43 46 37 40 31 34 24 29 23 23 22 22 20 21 17 19 15 16
 14 15 13 13 11 12 10 10]"
2024-10-30 18:40:34.083249,"(60.0, -20.0)","(840, 2932)","[18 10 21 21 17 19 17 16 20 19 22 22 21 22 17 19 16 17 16 16 14 15 13 13
 12 12 11 11 10 10 11 11 10 11 10 10 12 11 12 12 12 12 11 11 10 10 10 10
 11 10 11 11 11 11 12 12 12 12 11 11 10 10  9 10  9  9 10  9 17 15 16 17
 15 16 14 15 17 15 21 18 23 24 25 24 29 27 30 30 29 30 27 28 27 27 35 31
 42 40 43 43 41 42 36 39 32 34 28 30 22 26 20 21 18 19 15 16 12 13 10 11
  8  9  8  8  9  9  9  9]"
2024-10-30 18:40:47.653934,"(70.0, -20.0)","(944, 2929)","[18  9 21 21 17 19 17 16 20 19 22 22 21 22 17 19 16 17 16 16 14 15 13 13
 12 12 11 11 10 10 11 11 10 11 10 10 12 11 12 12 12 12 11 11 10 10 10 10
 11 10 11 11 11 11 12 12 12 12 11 11 10 10 13 10 22 19 25 24 24 24 20 21
 18 19 30 21 40 36 41 41 38 40 34 36 33 34 32 33 31 31 30 30 29 29 34 32
 36 35 36 36 32 34 28 30 22 27 20 22 18 19 17 18 15 16 13 14 10 11  9 10
  8  8  8  8  9  9  9  9]"
2024-10-30 18:41:01.227321,"(80.0, -20.0)","(1029, 2927)","[18  5 21 21 17 19 17 16 20 19 22 22 21 22 17 19 16 17 16 16 14 15 13 13
 12 12 11 11 10 10 11 11 10 11 10 10 12 11 12 12 12 12 11 11 10 10 10 10
 11 10 11 11 11 11 12 12 12 12 11 11 10 10 16 10 30 25 34 33 32 33 28 30
 26 27 36 29 45 41 47 47 44 46 37 41 29 33 26 27 20 25 20 20 25 20 31 27
 38 37 38 38 35 36 30 33 23 28 21 23 18 20 15 17 12 14 10 11  9  9  9  9
  9  9  9  9  9  9  9  9]"
2024-10-30 18:41:37.076996,"(-90.0, 23.33)","(3178, 5600)","[20 20 20 21 17 19 17 16 20 19 22 22 21 22 17 19 16 17 16 16 14 15 13 13
 12 12 11 11 10 10 11 11 10 11 10 10 12 11 12 12 12 12 11 11 10 10 10 10
 11 10 11 11 11 11 12 12 12 12 11 11 22 17 39 31 49 46 52 52 50 51 44 47
 38 41 31 35 25 28 18 23 16 17 14 15 12 13 16 12 24 21 28 26 28 28 28 27
 31 31 30 31 32 31 34 34 33 34 30 31 20 26 18 19 16 17 14 15 12 13 11 12
 10 11  9  9  9  9  9  9]"
2024-10-30 18:41:50.943554,"(-81.42, 23.33)","(3247, 2398)","[18  8 20 21 17 19 17 16 20 19 22 22 21 22 17 19 16 17 16 16 14 15 13 13
 12 12 11 11 10 10 11 11 10 11 10 10 12 11 12 12 12 12 11 11 10 10 10 10
 11 10 11 11 11 11 12 12 17 12 23 21 24 23 32 27 45 39 52 49 52 52 48 50
 41 44 35 37 30 32 27 28 21 25 19 20 16 17 14 14 24 14 31 28 32 32 29 31
 27 27 26 27 26 26 33 31 32 33 29 31 20 26 19 20 18 19 16 18 14 15 13 13
 12 12 10 11  9 10  9  9]"
2024-10-30 18:42:04.311305,"(-72.85, 23.33)","(3316, 5600)","[18 11 20 21 17 19 17 16 20 19 22 22 21 22 17 19 16 17 16 16 14 15 13 13
 12 12 11 11 10 10 11 11 10 11 10 10 12 11 12 12 12 12 11 11 10 10 10 10
 11 10 11 11 11 11 12 12 17 12 24 21 30 27 36 34 40 38 44 42 44 44 41 43
 35 39 29 31 26 27 25 25 23 24 19 19 17 18 15 16 14 14 13 13 12 13 14 12
 20 18 22 22 22 22 28 26 29 30 28 29 24 26 20 22 16 19 14 15 12 13  9 10
  8  8  8  8  9  9  9  9]"
2024-10-30 18:42:18.180545,"(-64.28, 23.33)","(3366, 5600)","[18  7 20 21 17 19 17 16 20 19 22 22 21 22 17 19 16 17 16 16 14 15 13 13
 12 12 11 11 10 10 11 11 10 11 10 10 12 11 12 12 12 12 11 11 10 10 10 10
 11 10 11 11 11 11 12 12 12 12 18 14 28 23 37 33 41 40 40 41 39 39 40 40
 36 39 30 33 27 28 24 26 18 22 16 17 15 15 15 15 15 15 14 15 13 14 12 12
 12 12 20 16 26 23 29 28 31 31 31 32 30 31 25 28 20 23 16 17 14 15 12 13
 10 11  9 10  9  9  9  9]"
2024-10-30 18:42:32.046946,"(-55.71, 23.33)","(3433, 5600)","[18 10 20 21 17 19 16 16 20 19 22 22 21 22 17 19 16 17 16 16 14 15 13 13
 12 12 11 11 10 10 11 11 10 11 10 10 12 11 12 12 12 12 11 11 10 10 10 10
 11 10 11 11 11 11 12 12 12 12 11 11 10 10 17 10 26 22 32 30 36 34 35 36
 32 34 29 31 28 28 29 29 26 29 23 25 25 24 29 28 28 29 27 27 24 25 18 23
 18 18 18 18 27 24 30 29 29 30 28 29 20 25 18 19 15 17 13 14 11 12 10 11
  9  9  9  9  9  9  9  9]"
2024-10-30 18:42:45.917670,"(-47.14, 23.33)","(3503, 5600)","[18  5 20 21 17 19 16 16 20 19 22 22 21 22 17 19 16 17 16 16 14 15 13 13
 12 12 11 11 10 10 11 11 10 11 10 10 12 11 12 12 12 12 11 11 10 10 10 10
 11 10 11 11 11 11 12 12 12 12 11 11 10 10  9 10 17  9 29 24 31 31 29 31
 26 28 22 24 19 21 17 19 14 16 13 14 25 18 39 33 47 45 48 48 45 47 37 40
 33 35 33 33 38 36 37 38 34 37 28 32 22 23 19 21 16 17 14 15 12 13 11 12
 10 11  9 10  9  9  9  9]"
2024-10-30 18:42:59.790898,"(-38.57, 23.33)","(3576, 65535)","[17  9 20 21 17 19 16 16 20 19 22 22 21 22 17 19 16 17 16 16 14 15 13 13
 12 12 11 11 10 10 11 11 10 11 10 10 12 11 12 12 12 12 11 11 10 10 10 10
 11 10 11 11 11 11 12 12 12 12 11 11 10 10  9 10 18  9 31 25 34 33 33 34
 28 31 22 25 18 20 13 17 14 15 13 14 12 13 20 15 28 25 31 30 30 31 28 29
 27 27 32 28 36 34 36 36 34 35 29 32 24 26 19 22 17 18 14 16 12 13 10 11
  9  9  8  8  9  9  9  9]"
2024-10-30 18:43:13.558234,"(-30.0, 23.33)","(3659, 5600)","[17 12 20 21 17 19 16 16 20 19 22 22 21 22 17 19 16 17 16 16 14 15 13 13
 12 12 11 11 10 10 11 11 10 11 10 10 12 11 12 12 12 12 11 11 10 10 10 10
 11 10 11 11 11 11 12 12 12 12 11 11 10 10  9 10  9  9 10  9 15 11 18 17
 17 18 16 16 12 15 13 12 14 15 13 14 12 13 12 11 22 19 24 25 22 23 19 20
 17 17 28 20 39 34 41 41 39 41 34 37 26 30 17 23 15 16 13 14 12 13 11 11
 10 10  9 10  9  9  9  9]"
2024-10-30 18:43:27.434235,"(-21.42, 23.33)","(3756, 5600)","[17  9 20 21 17 19 16 16 20 19 22 22 21 22 17 19 16 17 16 16 14 15 13 13
 12 12 11 11 10 10 11 11 10 11 10 10 12 11 12 12 12 12 11 11 10 10 10 10
 11 10 11 11 11 11 12 12 12 12 11 11 10 10  9 10  9  9 10  9 11 11 10 11
  9  9  9  9 12 11 13 12 14 15 13 14 12 13 11 11 10 10 10 10  9 10  9  9
 14 10 22 18 28 25 30 29 30 30 29 30 25 27 20 22 13 18 13 13 11 12  9 10
  8  8  8  8  9  9  9  9]"
2024-10-30 18:43:41.303806,"(-12.85, 23.33)","(3862, 5600)","[17  8 20 21 17 19 16 16 20 19 22 22 21 22 17 19 16 17 16 16 14 15 13 13
 12 12 11 11 10 10 11 11 10 11 10 10 12 11 12 12 12 12 11 11 10 10 10 10
 11 10 11 11 11 11 12 12 12 12 11 11 10 10  9 10  9  9 10  9 11 11 10 11
  9  9 15 13 17 16 13 16 14 15 13 14 12 13 11 11 10 10 10 10  9 10  9  9
 16 10 28 22 35 32 35 35 33 35 30 32 24 27 19 21 14 17 13 14 12 13 11 11
  9 10  9  9  9  9  9  9]"
2024-10-30 18:43:56.191237,"(-4.28, 23.33)","(3980, 5600)","[17 10 20 21 17 19 16 16 20 19 22 22 21 22 17 19 16 17 16 16 14 15 13 13
 12 12 11 11 10 10 11 11 10 11 10 10 12 11 12 12 12 12 11 11 10 10 10 10
 11 10 11 11 11 11 12 12 12 12 11 11 10 10  9 10  9  9 10  9 11 11 10 11
  9  9  9  9 12 11 13 12 14 15 13 14 12 13 11 11 10 10 10 10  9 10  9  9
 10 10 22 15 35 29 38 37 36 37 33 34 28 31 23 25 19 21 14 15 12 13  9 10
  8  8  8  8  9  9  9  9]"
2024-10-30 18:44:10.060339,"(4.28, 23.33)","(14, 5600)","[17  6 20 21 17 19 16 16 20 19 22 22 21 22 17 19 16 17 16 16 14 15 13 13
 12 12 11 11 10 10 11 11 10 11 10 10 12 11 12 12 12 12 11 11 10 10 10 10
 11 10 11 11 11 11 12 12 12 12 11 11 10 10  9 10  9  9 10  9 11 11 10 11
  9  9  9  9 12 11 13 12 14 15 13 14 12 13 11 11 10 10 10 10  9 10 17  9
 28 23 33 31 32 33 30 30 32 32 30 31 24 27 19 21 14 17 13 14 11 12  9 10
  8  8  8  8  9  9  9  9]"
2024-10-30 18:44:23.933747,"(12.85, 23.33)","(152, 5600)","[17 10 20 21 17 19 16 15 20 19 22 22 21 22 17 19 16 17 16 16 14 15 13 13
 12 12 11 11 10 10 11 11 10 11 10 10 12 11 12 12 12 12 11 11 10 10 10 10
 11 10 11 11 11 11 12 12 12 12 11 11 10 10  9 10  9  9 10  9 11 11 10 11
  9  9  9  9 12 11 13 12 14 15 13 14 12 13 11 11 10 10 10 10  9 10 17  9
 31 26 37 35 36 37 34 35 33 34 29 32 24 27 19 21 14 17 13 13 11 12 10 10
  8  9  8  8  9  9  9  9]"
2024-10-30 18:44:38.821896,"(21.42, 23.33)","(295, 5600)","[17  7 20 21 17 19 16 15 20 19 22 22 21 22 17 19 16 17 16 16 14 15 13 13
 12 12 11 11 10 10 11 11 10 11 10 10 12 11 12 12 12 12 11 11 10 10 10 10
 11 10 11 11 11 11 12 12 12 12 11 11 10 10  9 10  9  9 10  9 11 11 10 11
  9  9  9  9 12 11 13 12 14 15 13 14 12 13 11 11 10 10 10 10  9 10  9  9
 14 10 22 18 28 26 27 28 25 26 21 23 17 19 11 15 11 12 10 11  9 10  8  9
  7  8  8  8  9  9  9  9]"
2024-10-30 18:44:52.690210,"(30.0, 23.33)","(433, 5600)","[17  6 20 21 17 19 16 15 20 19 22 22 21 22 17 19 16 17 16 16 14 15 13 13
 12 12 11 11 10 10 11 11 10 11 10 10 12 11 12 12 12 12 11 11 10 10 10 10
 11 10 11 11 11 11 12 12 12 12 11 11 10 10  9 10  9  9 10  9 11 11 10 11
  9  9  9  9 12 11 13 12 14 15 13 14 12 13 16 11 29 22 36 33 36 37 34 35
 31 32 32 31 33 33 31 33 27 29 22 24 17 17 15 16 13 14 11 12  9 10  8  9
  7  7  8  7  9  9  9  9]"
2024-10-30 18:45:06.560750,"(38.57, 23.33)","(561, 5600)","[17 11 20 21 17 19 16 15 20 19 22 22 21 22 17 19 16 17 16 16 14 15 13 13
 12 12 11 11 10 10 11 11 10 11 10 10 12 11 12 12 12 12 11 11 10 10 10 10
 11 10 11 11 11 11 12 12 12 12 11 11 10 10  9 10  9  9 10  9 11 11 10 11
  9  9  9  9 12 11 13 12 14 15 13 14 18 13 30 24 37 36 37 38 36 36 33 34
 35 32 37 36 36 36 34 35 31 32 28 29 26 27 19 24 18 19 15 17 13 14 12 13
 10 11  9  9  9  9  9  9]"
2024-10-30 18:45:20.431070,"(47.14, 23.33)","(680, 5600)","[17  9 20 21 17 18 16 15 20 19 22 22 21 22 17 19 16 17 16 16 14 15 13 13
 12 12 11 11 10 10 11 11 10 11 10 10 12 11 12 12 12 12 11 11 10 10 10 10
 11 10 11 11 11 11 12 12 12 12 11 11 10 10  9 10  9  9 10  9 11 11 10 11
  9  9  9  9 12 11 13 12 14 15 13 14 26 18 39 34 43 43 42 43 37 40 35 36
 34 35 34 34 34 34 32 34 29 31 23 26 20 20 19 20 17 18 15 16 12 13 11 12
  9 10  9  9  9  9  9  9]"
2024-10-30 18:45:35.319005,"(55.71, 23.33)","(792, 5600)","[17 10 20 21 17 18 16 15 20 19 22 22 21 22 17 19 16 17 16 16 14 15 13 13
 12 12 11 11 10 10 11 11 10 11 10 10 12 11 12 12 12 12 11 11 10 10 10 10
 11 10 11 11 11 11 12 12 12 12 11 11 10 10  9 10  9  9 10  9 11 11 10 11
  9  9  9  9 12 11 13 12 14 15 13 14 34 24 48 42 51 52 50 51 45 47 41 42
 41 40 41 41 39 40 33 36 27 29 22 22 28 27 22 28 21 22 18 20 16 17 13 15
 11 12  9 10  9  9  9  9]"
2024-10-30 18:45:49.188668,"(64.28, 23.33)","(888, 5600)","[17  8 20 21 17 18 16 15 20 19 22 22 21 22 17 19 16 17 16 16 14 15 13 13
 12 12 11 11 10 10 11 11 10 11 10 10 12 11 12 12 12 12 21 16 26 24 25 25
 22 24 18 20 11 17 12 12 12 12 11 11 10 10  9 10  9  9 10  9 11 11 10 11
  9  9  9  9 12 11 13 12 14 15 13 14 21 15 34 28 39 38 38 39 35 36 32 33
 33 31 38 35 38 39 35 37 29 32 26 26 20 25 20 20 19 20 17 18 14 15 12 13
 10 11  9  9  9  9  9  9]"
2024-10-30 18:46:03.061717,"(72.85, 23.33)","(969, 5600)","[17 10 20 21 17 18 16 15 20 19 22 22 21 22 17 19 16 17 16 16 14 15 13 13
 12 12 11 11 10 10 11 11 10 11 10 10 12 11 12 12 12 12 16 13 21 18 22 22
 21 22 19 20 11 17 12 12 12 12 11 11 10 10  9 10  9  9 10  9 11 11 10 11
  9  9  9  9 12 11 13 12 14 15 13 14 12 13 15 11 16 16 15 16 15 15 20 15
 31 26 37 35 36 37 32 34 26 29 20 23 15 15 14 15 12 13 11 11  9 10  8  9
  7  7  8  7  9  9  9  9]"
2024-10-30 18:46:16.937149,"(81.42, 23.33)","(1036, 5600)","[17  9 20 21 17 18 16 15 20 19 22 22 21 22 17 19 16 17 16 16 14 15 13 13
 12 12 11 11 10 10 11 11 10 11 10 10 12 11 12 12 12 12 11 11 16 12 19 18
 17 18 11 11 11 11 12 12 12 12 11 11 10 10  9 10  9  9 10  9 11 11 10 11
  9  9  9  9 12 11 13 12 14 15 13 14 12 13 11 11 10 10 10 10  9 10 15  9
 26 22 30 29 30 30 28 29 23 26 19 21 13 17 12 12 11 12 10 11 10 10  9  9
  9  9  8  8  9  9  9  9]"
2024-10-30 18:46:31.825754,"(90.0, 23.33)","(1118, 2434)","[17 11 20 21 16 18 16 15 20 19 22 22 21 22 17 19 16 17 16 16 14 15 13 13
 12 12 11 11 10 10 11 11 10 11 10 10 12 11 12 12 12 12 11 11 10 10 10 10
 11 10 11 11 11 11 12 12 12 12 11 11 10 10  9 10  9  9 10  9 11 11 10 11
  9  9  9  9 12 11 13 12 14 15 13 14 12 13 11 11 10 10 10 10  9 10 16  9
 28 22 36 33 37 37 34 36 29 32 22 26 15 20 14 14 12 13 10 11  8  9  8  8
  7  7  8  8  9  9  9  9]"
2024-10-30 18:47:07.863419,"(-81.42, -23.33)","(3249, 2975)","[17  8 20 21 16 18 16 15 20 19 22 22 21 22 17 19 16 17 16 16 14 15 13 13
 12 12 11 11 10 10 11 11 10 11 10 10 12 11 12 12 12 12 16 11 24 21 25 25
 23 25 20 22 16 18 12 15 12 12 11 11 10 10  9 10  9  9 10  9 11 11 10 11
  9  9  9  9 12 11 13 12 14 15 13 14 12 13 11 11 10 10 10 10 13 10 19 15
 31 25 37 35 37 37 33 36 27 30 22 24 15 20 14 15 13 14 12 12 10 11  9  9
  8  8  8  8  9  9  9  9]"
2024-10-30 18:47:21.224313,"(-72.85, -23.33)","(3319, 8191)","[17  4 20 21 16 18 16 15 20 19 22 22 21 22 17 19 16 17 16 16 14 15 13 13
 12 12 11 11 10 10 11 11 10 11 10 10 12 11 12 12 12 12 15 11 23 20 24 24
 22 23 18 20 11 16 12 12 12 12 11 11 10 10  9 10  9  9 10  9 11 11 10 11
  9  9  9  9 12 11 13 12 14 15 13 14 12 13 11 11 10 10 10 10  9 10 17  9
 31 25 38 36 37 38 33 36 27 30 22 24 14 19 13 14 11 12 10 11  9 10  8  9
  7  8  8  8  9  9  9  9]"
2024-10-30 18:47:34.590286,"(-64.28, -23.33)","(3388, 2972)","[17 11 20 21 16 18 16 15 20 19 22 22 21 22 17 19 16 17 16 16 14 15 13 13
 12 12 11 11 10 10 11 11 10 11 10 10 12 11 12 12 12 12 11 11 10 10 10 10
 11 10 11 11 11 11 12 12 12 12 11 11 10 10  9 10  9  9 10  9 11 11 10 11
  9  9  9  9 12 11 13 12 14 15 13 14 12 13 11 11 10 10 10 10 18 14 22 21
 23 21 32 27 34 34 31 33 25 29 20 22 14 18 13 13 12 12 10 11  9 10  8  8
  7  7  8  7  9  9  9  9]"
2024-10-30 18:47:47.954756,"(-55.71, -23.33)","(3443, 2971)","[17  6 20 21 16 18 16 15 20 19 22 22 21 22 17 19 16 17 16 16 14 15 13 13
 12 12 11 11 10 10 11 11 10 11 10 10 12 11 12 12 12 12 11 11 10 10 10 10
 11 10 11 11 11 11 12 12 12 12 11 11 10 10  9 10  9  9 10  9 11 11 10 11
  9  9  9  9 12 11 13 12 14 15 13 14 12 13 11 11 10 10 10 10 17 13 26 22
 34 30 37 36 37 37 33 35 28 31 22 24 14 19 13 14 12 13 10 11  8  9  7  8
  7  7  8  7  9  9  9  9]"
2024-10-30 18:48:01.318029,"(-47.14, -23.33)","(3504, 2971)","[17 11 20 21 16 18 16 15 20 19 22 22 21 22 17 19 16 17 16 16 14 15 13 13
 12 12 11 11 10 10 11 11 10 11 10 10 12 11 12 12 12 12 11 11 10 10 10 10
 11 10 11 11 11 11 12 12 12 12 11 11 10 10  9 10  9  9 10  9 11 11 10 11
  9  9  9  9 12 11 13 12 14 15 13 14 12 13 11 11 15 10 16 16 19 17 25 22
 32 30 33 34 34 33 32 33 28 30 23 25 15 21 15 15 13 14 11 12 10 11  9 10
  8  9  8  8  9  9  9  9]"
2024-10-30 18:48:14.682414,"(-38.57, -23.33)","(3580, 2971)","[17  5 20 21 16 18 16 15 20 19 22 22 21 22 17 19 16 17 16 16 14 15 13 13
 12 12 11 11 10 10 11 11 10 11 10 10 12 11 12 12 12 12 11 11 10 10 10 10
 11 10 11 11 11 11 12 12 12 12 11 11 10 10  9 10  9  9 10  9 11 11 10 11
  9  9 18 14 18 18 13 17 14 15 13 14 12 13 16 11 18 17 19 19 18 19 19 17
 28 23 35 33 35 35 32 34 27 30 22 24 16 19 14 15 12 13 10 11  8  9  8  8
  8  8  8  8  9  9  9  9]"
2024-10-30 18:48:28.044232,"(-30.0, -23.33)","(3660, 65535)","[17  8 20 21 16 18 16 15 20 19 22 22 21 22 17 19 16 17 16 16 14 15 13 13
 12 12 11 11 10 10 11 11 10 11 10 10 12 11 12 12 12 12 11 11 10 10 10 10
 11 10 11 11 11 11 12 12 12 12 11 11 10 10  9 10  9  9 10  9 11 11 10 11
  9  9  9  9 12 11 13 12 14 15 13 14 12 13 11 11 10 10 17 14 19 18 19 19
 25 18 32 29 31 32 27 30 23 25 19 21 14 14 13 13 11 12 10 11  8  9  7  8
  7  7  8  7  9  9  9  9]"
2024-10-30 18:48:41.718753,"(-21.42, -23.33)","(3756, 32767)","[17  3 20 21 16 18 16 15 20 19 22 22 21 22 17 19 16 17 16 16 14 15 13 13
 12 12 11 11 10 10 11 11 10 11 10 10 12 11 12 12 12 12 11 11 10 10 10 10
 11 10 11 11 11 11 12 12 12 12 11 11 10 10 11 10 17 14 21 19 20 21 20 20
 22 21 24 23 24 24 22 23 27 22 31 30 29 30 27 28 27 27 28 28 27 28 26 27
 25 25 27 25 26 27 24 25 18 22 17 18 15 16 14 14 13 13 12 13 11 11  9 10
  8  9  8  8  9  9  9  9]"
2024-10-30 18:48:55.082420,"(-12.85, -23.33)","(3861, 16383)","[17 12 22 21 20 21 18 18 20 19 22 22 21 22 17 19 16 17 16 16 14 15 13 13
 12 12 11 11 10 10 11 11 10 11 10 10 12 11 12 12 12 12 11 11 10 10 10 10
 11 10 11 11 11 11 12 12 12 12 11 11 10 10  9 10 14  9 22 18 25 24 25 25
 25 25 35 27 47 41 49 49 48 49 48 48 45 47 42 43 41 42 40 41 39 40 35 37
 32 33 36 33 37 37 35 36 30 33 25 27 23 24 20 21 17 18 15 16 15 15 15 15
 15 15 15 15 15 15 15 15]"
2024-10-30 18:49:08.446607,"(-4.28, -23.33)","(3978, 16383)","[17 13 20 21 18 19 17 17 20 19 22 22 21 22 17 19 16 17 16 16 14 15 13 13
 12 12 11 11 10 10 11 11 10 11 10 10 12 11 12 12 12 12 11 11 10 10 10 10
 11 10 11 11 11 11 12 12 12 12 11 11 10 10 11 10 19 14 26 24 26 26 23 24
 20 21 33 24 45 39 46 47 46 44 49 47 48 49 44 46 39 42 36 38 34 35 32 33
 33 31 39 35 41 40 39 40 35 38 29 32 25 26 23 24 20 21 17 19 15 16 13 14
 13 13 13 13 13 13 20 13]"
2024-10-30 18:49:22.835389,"(4.28, -23.33)","(12, 16383)","[17  3 20 21 16 18 16 15 20 19 22 22 21 22 17 19 16 17 16 16 14 15 13 13
 12 12 11 11 10 10 11 11 10 11 10 10 12 11 12 12 12 12 11 11 10 10 10 10
 11 10 11 11 11 11 12 12 12 12 11 11 10 10  9 10 16  9 22 20 21 22 18 19
 16 16 20 17 27 24 30 28 35 32 39 37 38 39 35 37 32 33 30 31 27 29 19 24
 24 19 30 27 33 32 32 33 29 31 25 27 21 21 20 20 18 18 17 17 17 17 16 17
 15 16 14 15 13 14 12 13]"
2024-10-30 18:49:36.203408,"(12.85, -23.33)","(149, 16383)","[17  5 20 21 16 18 16 15 20 19 22 22 21 22 17 19 16 17 16 16 14 15 13 13
 12 12 11 11 10 10 11 11 10 11 10 10 12 11 12 12 12 12 11 11 10 10 10 10
 11 10 11 11 11 11 12 12 12 12 11 11 10 10  9 10  9  9 10  9 11 11 10 11
  9  9  9  9 23 18 35 29 41 40 42 42 40 41 37 38 37 37 40 39 40 40 38 39
 36 37 34 35 32 33 31 32 26 29 22 22 19 20 17 18 15 16 13 14 12 13 12 12
 17 12 17 17 12 12 12 12]"
2024-10-30 18:49:49.572468,"(21.42, -23.33)","(292, 16383)","[17  9 20 21 16 18 16 15 20 19 22 22 21 22 17 19 16 17 16 16 14 15 13 13
 12 12 11 11 10 10 11 11 10 11 10 10 12 11 12 12 12 12 11 11 10 10 10 10
 11 10 11 11 11 11 12 12 12 12 11 11 10 10  9 10  9  9 10  9 21 17 21 21
 25 19 36 31 43 40 44 44 43 44 42 43 38 40 35 37 34 32 40 37 41 41 39 40
 37 38 35 36 33 34 31 32 30 30 25 25 25 25 25 25 24 25 23 24 23 23 23 23
 22 23 21 22 19 20 18 19]"
2024-10-30 18:50:03.953632,"(30.0, -23.33)","(431, 16383)","[17  3 20 21 16 18 16 15 20 19 22 22 21 22 17 19 16 17 16 16 14 15 13 13
 12 12 11 11 10 10 11 11 10 11 10 10 12 11 12 12 12 12 11 11 10 10 10 10
 11 10 11 11 11 11 12 12 12 12 11 11 10 10  9 10  9  9 10  9 21 18 21 21
 20 20 27 22 33 30 34 34 31 33 30 30 36 32 39 38 36 38 34 34 32 33 30 31
 36 30 39 39 39 39 40 40 39 40 37 38 34 35 30 32 25 28 24 24 21 23 19 20
 17 18 15 16 14 14 13 13]"
2024-10-30 18:50:17.326281,"(38.57, -23.33)","(559, 8191)","[17 10 20 21 16 18 16 15 20 19 22 22 21 22 17 19 16 17 16 16 14 15 13 13
 12 12 11 11 10 10 11 11 10 11 10 10 12 11 12 12 12 12 11 11 10 10 10 10
 11 10 11 11 11 11 12 12 12 12 11 11 10 10  9 10  9  9 10  9 11 11 13 11
 17 16 20 18 22 21 22 22 22 22 23 23 24 23 32 29 33 34 31 32 27 29 27 26
 35 29 41 39 41 41 41 41 38 40 34 37 30 32 22 27 19 21 17 18 15 16 13 14
 11 12 10 11 10 10 10 10]"
2024-10-30 18:50:30.690694,"(47.14, -23.33)","(678, 65535)","[17  6 20 21 16 18 16 15 20 19 22 22 21 22 17 19 16 17 16 16 14 15 13 13
 12 12 11 11 10 10 11 11 10 11 10 10 12 11 12 12 12 12 11 11 10 10 10 10
 11 10 11 11 11 11 12 12 12 12 11 11 10 10  9 10  9  9 10  9 12 11 31 23
 41 38 42 43 41 42 37 38 35 35 32 34 30 31 27 29 27 25 31 29 30 31 31 29
 39 36 42 41 41 41 38 40 33 35 29 31 23 24 20 21 17 18 15 16 19 15 23 22
 23 24 21 22 15 16 13 14]"
2024-10-30 18:50:45.075858,"(55.71, -23.33)","(785, 2971)","[17  6 20 21 16 18 16 15 20 19 22 22 21 22 17 19 16 17 16 16 14 15 13 13
 12 12 11 11 10 10 11 11 10 11 10 10 12 11 12 12 12 12 11 11 10 10 10 10
 11 10 11 11 11 11 12 12 12 12 11 11 10 10  9 10  9  9 10  9 11 11 19 11
 31 27 36 34 34 35 37 35 37 38 35 36 38 37 38 39 34 37 32 32 30 31 29 29
 34 31 37 36 36 37 34 36 30 33 25 28 21 22 18 19 16 17 14 15 13 13 12 12
 11 12 10 11  9 10  9  9]"
2024-10-30 18:50:58.441111,"(64.28, -23.33)","(878, 2972)","[17  8 20 21 16 18 16 15 20 19 22 22 21 22 17 19 16 17 16 16 14 15 13 13
 12 12 11 11 10 10 11 11 10 11 10 10 12 11 12 12 12 12 11 11 10 10 10 10
 11 10 11 11 11 11 12 12 12 12 11 11 10 10  9 10 17  9 26 22 28 27 26 27
 26 25 38 30 46 43 50 49 48 49 43 46 39 41 36 37 35 35 33 34 31 32 29 30
 29 29 30 30 30 30 24 29 23 24 20 22 17 19 15 16 13 14 11 12 10 11  9 10
  8  9  8  8  9  9  9  9]"
2024-10-30 18:51:11.803130,"(72.85, -23.33)","(965, 2972)","[17  9 20 21 16 18 16 15 20 19 22 22 21 22 17 19 16 17 16 16 14 15 13 13
 12 12 11 11 10 10 11 11 10 11 10 10 12 11 12 12 12 12 11 11 10 10 10 10
 11 10 11 11 11 11 12 12 12 12 11 11 10 10 13 10 26 19 34 31 34 34 30 32
 26 27 33 28 44 39 47 47 46 47 42 45 37 39 33 34 31 32 29 30 27 28 22 26
 22 22 21 21 20 20 20 20 20 20 19 19 17 18 15 16 14 14 12 13 11 12 11 11
 11 11 10 10  9 10  9  9]"
2024-10-30 18:51:26.184666,"(81.42, -23.33)","(1034, 2975)","[17  2 20 21 16 18 16 15 20 19 22 22 21 22 17 19 16 17 16 16 14 15 13 13
 12 12 11 11 10 10 11 11 10 11 10 10 12 11 12 12 12 12 11 11 10 10 10 10
 11 10 11 11 11 11 12 12 12 12 11 11 10 10 22 15 34 29 40 37 39 40 36 38
 31 32 33 31 42 37 44 44 43 44 39 41 33 36 27 30 22 26 22 22 22 22 21 21
 19 20 18 19 18 18 18 18 18 18 17 18 15 16 13 14 12 12 10 11  9  9  8  8
  8  8  8  8  9  9  9  9]"
2024-10-30 18:52:02.239072,"(-90.0, 26.66)","(3177, 5600)","[17  3 20 21 16 18 16 15 20 19 22 22 21 22 17 19 16 17 16 16 14 15 13 13
 12 12 11 11 10 10 11 11 10 11 10 10 12 11 12 12 12 12 11 11 10 10 19 10
 33 28 38 37 36 37 35 36 34 35 30 32 24 27 19 21 14 17 13 13 13 13 12 12
 11 11 10 10 12 11 13 12 14 15 13 14 12 13 13 11 19 16 22 21 22 22 22 22
 20 21 18 19 27 22 33 31 33 33 30 32 26 28 22 24 15 19 14 15 12 13 10 11
  9 10  9  9  9  9  9  9]"
2024-10-30 18:52:15.902753,"(-82.5, 26.66)","(3239, 32767)","[17  5 20 21 16 18 16 15 20 19 22 22 21 22 17 19 16 17 16 16 14 15 13 13
 12 12 11 11 10 10 11 11 10 11 10 10 12 11 12 12 12 12 11 11 10 10 17 10
 30 22 39 36 38 39 35 37 31 33 27 30 22 25 15 20 14 15 14 14 23 20 25 25
 23 25 19 21 14 15 14 14 14 15 13 14 12 13 13 11 20 16 23 23 21 22 20 20
 19 20 18 18 13 13 13 13 13 13 13 13 13 13 12 12 11 12 10 11  8  9  7  8
  7  7  8  7  9  9  9  9]"
2024-10-30 18:52:29.064462,"(-75.0, 26.66)","(3300, 2348)","[17  4 20 21 17 18 18 18 20 19 22 22 21 22 17 19 16 17 16 16 14 15 13 13
 12 12 11 11 10 10 11 11 10 11 10 10 12 11 12 12 12 12 11 11 10 10 10 10
 11 10 26 19 37 32 42 40 42 43 39 41 32 35 26 29 22 24 20 21 29 24 33 32
 32 33 29 31 19 26 17 18 15 16 14 15 13 14 12 12 12 12 18 16 19 19 17 18
 18 17 19 19 19 19 18 18 13 18 13 13 13 13 13 13 13 13 12 12 11 12 11 11
 10 10  9  9  9  9  9  9]"
2024-10-30 18:52:43.228131,"(-67.5, 26.66)","(3345, 32767)","[18 14 20 21 21 20 23 23 22 22 22 22 21 22 17 19 16 17 16 16 14 15 13 13
 12 12 11 11 10 10 11 11 10 11 10 10 12 11 12 12 12 12 11 11 10 10 10 10
 11 10 11 11 29 20 38 35 39 39 38 39 35 36 30 32 25 27 23 24 25 24 28 27
 27 28 24 26 17 22 17 17 17 17 16 17 16 16 14 15 13 14 12 13 12 12 11 11
 14 10 18 16 20 19 19 19 16 17 17 16 17 17 12 16 12 12 12 12 12 12 11 12
 10 11  9 10  9  9  9  9]"
2024-10-30 18:52:56.388473,"(-60.0, 26.66)","(3397, 2346)","[18 15 20 21 20 20 22 22 21 21 22 22 21 22 17 19 16 17 16 16 14 15 13 13
 12 12 11 11 10 10 11 11 10 11 10 10 12 11 12 12 12 12 11 11 10 10 10 10
 11 10 18 17 19 19 26 20 37 33 38 38 36 37 34 35 32 33 30 31 28 29 24 26
 18 23 18 18 17 18 16 17 14 15 13 14 12 13 11 11 10 10 10 10  9 10  9  9
 10 10 15 14 20 17 21 21 22 21 24 23 23 23 20 21 17 18 12 12 12 12 11 12
 11 11 10 10  9 10  9  9]"
2024-10-30 18:53:09.550042,"(-52.5, 26.66)","(3458, 2349)","[17  7 20 21 16 18 16 15 20 19 22 22 21 22 17 19 16 17 16 16 14 15 13 13
 12 12 11 11 10 10 11 11 10 11 10 10 12 11 12 12 12 12 11 11 10 10 10 10
 11 10 11 11 11 11 13 12 21 18 22 22 22 22 29 26 29 30 32 29 35 34 33 34
 32 32 30 31 26 28 22 24 16 20 14 15 13 13 12 12 17 12 16 17 12 12 12 12
 11 12 11 11 11 11 11 11 16 12 19 18 23 21 22 23 20 22 16 18 13 13 12 12
 11 12 10 10  9 10  9  9]"
2024-10-30 18:53:22.710100,"(-45.0, 26.66)","(3521, 2347)","[17  9 20 21 16 18 16 15 20 19 22 22 21 22 17 19 16 17 16 16 14 15 13 13
 12 12 11 11 10 10 11 11 10 11 10 10 12 11 12 12 12 12 11 11 10 10 10 10
 11 10 11 11 11 11 12 12 12 12 11 11 12 10 14 14 20 14 34 26 42 39 42 42
 40 41 36 38 29 33 23 26 17 21 15 16 17 14 30 24 38 36 39 39 35 37 27 31
 19 24 18 19 17 18 16 16 16 16 16 16 14 15 13 14 11 12 10 11  9  9  8  8
  8  8  8  8  9  9  9  9]"
2024-10-30 18:53:35.871921,"(-37.5, 26.66)","(3587, 2349)","[17  9 20 21 16 18 16 15 20 19 22 22 21 22 17 19 16 17 16 16 14 15 13 13
 12 12 11 11 10 10 11 11 10 11 10 10 12 11 12 12 12 12 11 11 10 10 10 10
 11 10 11 11 11 11 12 12 12 12 11 11 10 10  9 10  9  9 18 13 26 22 30 29
 30 31 28 29 24 26 20 22 14 18 21 18 25 23 33 28 41 38 42 42 38 40 32 35
 25 28 19 19 19 19 18 19 23 19 23 24 19 19 18 19 16 17 14 15 12 13 11 12
 10 10  9 10  9  9  9  9]"
2024-10-30 18:53:50.047786,"(-30.0, 26.66)","(3659, 5600)","[17 11 20 21 16 18 16 15 20 19 22 22 21 22 17 19 16 17 16 16 14 15 13 13
 12 12 11 11 10 10 11 11 10 11 10 10 12 11 12 12 12 12 11 11 10 10 10 10
 11 10 11 11 11 11 12 12 12 12 11 11 10 10  9 10  9  9 10  9 24 19 29 27
 30 30 27 29 22 25 20 21 14 19 13 14 17 13 20 17 28 25 30 30 29 29 25 27
 23 24 20 21 15 15 15 15 16 16 16 16 16 16 15 16 14 15 12 13 10 11  8  9
  7  7  8  7  9  9  9  9]"
2024-10-30 18:54:03.718603,"(-22.5, 26.66)","(3743, 5600)","[17  8 20 21 16 18 16 15 20 19 22 22 21 22 17 19 16 17 16 16 14 15 13 13
 12 12 11 11 10 10 11 11 10 11 10 10 12 11 12 12 12 12 11 11 10 10 10 10
 11 10 11 11 11 11 12 12 12 12 11 11 10 10  9 10  9  9 10  9 24 17 32 29
 34 35 33 34 28 30 23 25 20 21 13 14 13 13 12 12 12 12 11 11 11 11 11 11
 10 10 11 10 19 16 23 22 27 23 32 30 32 32 28 30 22 25 15 15 15 15 13 14
 12 13 11 12 10 11  9  9]"
2024-10-30 18:54:17.389652,"(-15.0, 26.66)","(3833, 65535)","[17 13 20 21 16 18 16 15 20 19 22 22 21 22 17 19 16 17 16 16 14 15 13 13
 12 12 11 11 10 10 11 11 10 11 10 10 12 11 12 12 12 12 11 11 10 10 10 10
 11 10 11 11 11 11 12 12 12 12 11 11 10 10  9 10  9  9 10  9 11 11 10 11
  9  9  9  9 12 11 13 12 14 15 13 14 12 13 11 11 10 10 10 10  9 10  9  9
 13 10 16 15 16 16 25 20 33 30 37 35 36 37 33 35 26 30 19 23 14 14 12 13
 10 11  9 10  9  9  9  9]"
2024-10-30 18:54:30.552897,"(-7.5, 26.66)","(3930, 65535)","[17  4 20 21 16 18 16 15 20 19 22 22 21 22 17 19 16 17 16 16 14 15 13 13
 12 12 11 11 10 10 11 11 10 11 10 10 12 11 12 12 12 12 11 11 10 10 10 10
 11 10 11 11 11 11 12 12 12 12 11 11 10 10  9 10  9  9 10  9 11 11 10 11
  9  9  9  9 12 11 13 12 14 15 13 14 12 13 11 11 10 10 10 10  9 10  9  9
 10 10 16 15 16 16 26 20 36 32 38 38 37 38 34 36 27 31 21 24 16 16 14 15
 12 13 10 11  9  9  9  9]"
2024-10-30 18:54:44.938962,"(0.0, 26.66)","(4038, 65535)","[17 10 20 21 17 18 17 16 20 19 22 22 21 22 17 19 16 17 16 16 14 15 13 13
 12 12 11 11 10 10 11 11 10 11 10 10 12 11 12 12 12 12 11 11 10 10 10 10
 11 10 11 11 11 11 12 12 12 12 11 11 10 10  9 10  9  9 10  9 11 11 10 11
  9  9  9  9 12 11 13 12 14 15 13 14 12 13 11 11 10 10 10 10  9 10  9  9
 10 10  9  9 19 16 27 22 36 34 37 37 34 35 31 33 26 29 21 24 15 19 14 14
 12 13 10 11  9 10  9  9]"
2024-10-30 18:54:58.404030,"(7.5, 26.66)","(62, 5600)","[17  8 20 21 21 20 24 23 22 23 22 22 21 22 19 20 17 18 16 16 14 15 13 13
 12 12 11 11 10 10 11 11 10 11 10 10 12 11 12 12 12 12 11 11 10 10 10 10
 11 10 11 11 11 11 12 12 12 12 11 11 10 10  9 10  9  9 10  9 11 11 10 11
  9  9  9  9 12 11 13 12 14 15 13 14 12 13 11 11 10 10 10 10  9 10  9  9
 10 10 17 14 24 21 34 29 40 39 41 41 38 40 32 35 26 28 20 23 15 16 13 14
 11 12 11 11 10 10  9 10]"
2024-10-30 18:55:12.068919,"(15.0, 26.66)","(186, 5600)","[17  6 20 21 20 20 22 21 21 21 22 22 21 22 17 19 16 17 16 16 14 15 13 13
 12 12 11 11 10 10 11 11 10 11 10 10 12 11 12 12 12 12 11 11 10 10 10 10
 11 10 11 11 11 11 12 12 12 12 11 11 10 10  9 10  9  9 10  9 11 11 10 11
  9  9  9  9 12 11 13 12 14 15 13 14 12 13 11 11 10 10 10 10  9 10  9  9
 14 10 15 15 24 19 32 29 33 34 33 33 31 32 28 30 24 26 20 22 14 15 13 14
 12 13 11 12 10 10  9  9]"
2024-10-30 18:55:25.738733,"(22.5, 26.66)","(312, 5600)","[17  6 20 21 17 18 16 15 20 19 22 22 21 22 17 19 16 17 16 16 14 15 13 13
 12 12 11 11 10 10 11 11 10 11 10 10 12 11 12 12 12 12 11 11 10 10 10 10
 11 10 11 11 11 11 12 12 12 12 11 11 10 10  9 10  9  9 10  9 11 11 10 11
  9  9  9  9 12 11 13 12 14 15 13 14 12 13 11 11 10 10 10 10  9 10  9  9
 10 10 15 14 15 15 21 16 30 27 34 33 32 33 28 30 22 25 17 19 13 14 11 12
 10 10  9  9  9  9  9  9]"
2024-10-30 18:55:39.406864,"(30.0, 26.66)","(431, 5600)","[17  9 20 21 16 18 16 15 20 19 22 22 21 22 17 19 16 17 16 16 14 15 13 13
 12 12 11 11 10 10 11 11 10 11 10 10 12 11 12 12 12 12 11 11 10 10 10 10
 11 10 11 11 11 11 12 12 12 12 11 11 10 10  9 10  9  9 10  9 11 11 10 11
  9  9  9  9 12 11 13 12 14 15 13 14 12 13 11 11 10 10 10 10  9 10  9  9
 10 10  9  9 22 17 29 26 32 31 32 32 29 30 23 26 17 19 13 13 12 12 11 11
 10 11  9 10  9  9  9  9]"
2024-10-30 18:55:53.071816,"(37.5, 26.66)","(547, 5600)","[17  4 20 21 16 18 16 15 20 19 22 22 21 22 17 19 16 17 16 16 14 15 13 13
 12 12 11 11 10 10 11 11 10 11 10 10 12 11 12 12 12 12 11 11 10 10 10 10
 11 10 11 11 11 11 12 12 12 12 11 11 10 10  9 10  9  9 10  9 11 11 10 11
  9  9  9  9 12 11 13 12 14 15 13 14 12 13 15 11 27 21 35 32 36 36 35 36
 31 33 28 30 27 27 28 28 26 27 23 24 16 21 15 15 13 14 11 12  9 10  9  9
  8  8  8  8  9  9  9  9]"
2024-10-30 18:56:06.737365,"(45.0, 26.66)","(651, 5600)","[17  5 20 21 16 18 16 15 20 19 22 22 21 22 17 19 16 17 16 16 14 15 13 13
 12 12 11 11 10 10 11 11 10 11 10 10 12 11 12 12 12 12 11 11 10 10 10 10
 11 10 11 11 11 11 12 12 12 12 11 11 10 10  9 10  9  9 10  9 11 11 10 11
  9  9  9  9 12 11 13 12 14 15 13 14 12 13 15 11 31 23 40 36 40 40 37 39
 33 35 32 32 34 33 32 34 27 31 22 24 17 17 16 16 14 15 12 13 10 11  8  9
  7  8  8  7  9  9  9  9]"
2024-10-30 18:56:20.403823,"(52.5, 26.66)","(740, 5600)","[17  7 20 21 16 18 16 15 20 19 22 22 21 22 17 19 16 17 16 16 14 15 13 13
 12 12 11 11 10 10 11 11 10 11 10 10 12 11 12 12 12 12 11 11 10 10 10 10
 11 10 11 11 11 11 12 12 12 12 11 11 10 10  9 10  9  9 10  9 11 11 10 11
  9  9  9  9 12 11 13 12 14 15 13 14 12 13 20 11 36 30 45 41 46 46 44 46
 40 43 37 38 35 36 33 34 30 32 25 28 19 19 16 17 14 15 12 13 11 11  9 10
  9  9  9  9  9  9  9  9]"
2024-10-30 18:56:34.070193,"(60.0, 26.66)","(818, 5600)","[17  8 20 21 16 18 16 15 20 19 22 22 21 22 17 19 16 17 16 16 14 15 13 13
 12 12 11 11 10 10 11 11 10 11 10 10 12 11 12 12 12 12 11 11 18 13 20 19
 17 19 11 11 11 11 12 12 12 12 11 11 10 10  9 10  9  9 10  9 11 11 10 11
  9  9  9  9 12 11 13 12 14 15 13 14 12 13 25 18 36 32 42 39 45 44 44 45
 40 43 37 38 36 36 34 35 32 33 28 30 21 26 19 20 17 18 15 16 13 14 10 11
  8  9  8  8  9  9  9  9]"
2024-10-30 18:56:47.740547,"(67.5, 26.66)","(908, 5600)","[17 11 20 21 16 18 16 15 20 19 22 22 21 22 17 19 16 17 16 16 14 15 13 13
 12 12 11 11 10 10 11 11 10 11 10 10 12 11 12 12 12 12 11 11 17 13 19 19
 17 18 11 11 11 11 12 12 12 12 11 11 10 10  9 10  9  9 10  9 11 11 10 11
  9  9  9  9 12 11 13 12 14 15 13 14 12 13 25 17 35 32 37 37 43 40 42 43
 38 40 35 36 34 34 32 33 30 31 26 28 19 24 19 19 17 18 15 16 13 14 12 13
 10 11  9 10  9  9  9  9]"
2024-10-30 18:57:01.408339,"(75.0, 26.66)","(981, 5600)","[17 12 20 21 16 18 16 15 20 19 22 22 21 22 17 19 16 17 16 16 14 15 13 13
 12 12 11 11 10 10 11 11 10 11 10 10 12 11 12 12 12 12 11 11 16 12 19 18
 17 18 11 11 11 11 12 12 12 12 11 11 10 10  9 10  9  9 10  9 11 11 10 11
  9  9  9  9 12 11 13 12 14 15 13 14 12 13 24 17 35 32 36 37 40 38 40 40
 36 38 33 34 32 32 30 31 28 29 24 26 19 19 17 18 15 16 13 14 11 12 10 10
  8  9  8  8  9  9  9  9]"
2024-10-30 18:57:15.076155,"(82.5, 26.66)","(1048, 2404)","[17 10 20 21 16 18 16 15 20 19 22 22 21 22 17 19 16 17 16 16 14 15 13 13
 12 12 11 11 10 10 11 11 10 11 10 10 12 11 12 12 12 12 11 11 14 10 18 17
 16 18 11 11 11 11 12 12 12 12 11 11 10 10  9 10  9  9 10  9 11 11 10 11
  9  9  9  9 12 11 13 12 14 15 13 14 12 13 25 18 37 33 38 39 37 38 36 37
 33 35 31 31 29 30 27 28 24 26 21 23 16 17 14 15 13 13 11 12  9 10  8  8
  7  7  8  7  9  9  9  9]"
2024-10-30 18:57:28.237004,"(90.0, 26.66)","(1113, 2404)","[17  9 20 21 16 18 16 15 20 19 22 22 21 22 17 19 16 17 16 16 14 15 13 13
 12 12 11 11 10 10 11 11 10 11 10 10 12 11 12 12 12 12 11 11 10 10 10 10
 11 10 11 11 11 11 12 12 12 12 11 11 10 10  9 10  9  9 10  9 11 11 10 11
  9  9  9  9 12 11 13 12 14 15 13 14 12 13 26 19 39 35 41 41 37 39 35 36
 30 33 27 28 26 26 24 25 20 22 16 16 15 15 13 14 12 13 10 11  9  9  8  8
  7  7  8  7  9  9  9  9]"
2024-10-30 18:58:04.485696,"(-82.5, -26.66)","(3242, 3015)","[17  9 20 21 16 18 16 15 20 19 22 22 21 22 17 19 16 17 16 16 14 15 13 13
 12 12 11 11 10 10 11 11 10 11 10 10 12 11 12 12 12 12 11 11 17 13 19 18
 18 19 16 17 11 11 12 12 12 12 11 11 10 10  9 10  9  9 10  9 11 11 10 11
  9  9  9  9 12 11 13 12 14 15 13 14 12 13 11 11 10 10 10 10  9 10 14  9
 26 21 31 30 30 31 27 29 22 25 18 20 13 13 13 13 11 12 10 11  9  9  8  8
  7  7  8  7  9  9  9  9]"
2024-10-30 18:58:17.645812,"(-75.0, -26.66)","(3301, 3012)","[17  7 20 21 16 18 16 15 20 19 22 22 21 22 17 19 16 17 16 16 14 15 13 13
 12 12 11 11 10 10 11 11 10 11 10 10 12 11 12 12 12 12 11 11 14 10 15 15
 14 15 11 11 11 11 12 12 12 12 11 11 10 10  9 10  9  9 10  9 11 11 10 11
  9  9  9  9 12 11 13 12 14 15 13 14 12 13 11 11 10 10 10 10  9 10 14  9
 26 16 37 33 38 38 36 37 29 33 23 26 14 20 13 14 11 12 10 11  8  9  8  8
  7  8  8  8  9  9  9  9]"
2024-10-30 18:58:30.806915,"(-67.5, -26.66)","(3340, 3011)","[17  9 20 21 16 18 16 15 20 19 22 22 21 22 17 19 16 17 16 16 14 15 13 13
 12 12 11 11 10 10 11 11 10 11 10 10 12 11 12 12 12 12 11 11 10 10 10 10
 11 10 11 11 11 11 12 12 12 12 11 11 10 10  9 10  9  9 10  9 11 11 10 11
  9  9  9  9 12 11 13 12 14 15 13 14 12 13 11 11 10 10 10 10  9 10 14  9
 28 20 38 34 38 39 35 37 28 31 22 25 14 20 13 14 11 12 10 11  8  9  7  8
  7  7  8  7  9  9  9  9]"
2024-10-30 18:58:44.983161,"(-60.0, -26.66)","(3424, 3010)","[17  7 20 21 16 18 16 15 20 19 22 22 21 22 17 19 16 17 16 16 14 15 13 13
 12 12 11 11 10 10 11 11 10 11 10 10 12 11 12 12 12 12 11 11 10 10 10 10
 11 10 11 11 11 11 12 12 12 12 11 11 10 10  9 10  9  9 10  9 11 11 10 11
  9  9  9  9 12 11 13 12 14 15 13 14 12 13 11 11 10 10 10 10  9 10  9  9
 20 10 29 27 29 29 26 27 24 25 20 22 13 18 12 12 11 12 10 11  8  9  7  8
  7  7  8  7  9  9  9  9]"
2024-10-30 18:58:58.647605,"(-52.5, -26.66)","(3485, 3011)","[17 10 20 21 16 18 16 15 20 19 22 22 21 22 17 19 16 17 16 16 14 15 13 13
 12 12 11 11 10 10 11 11 10 11 10 10 12 11 12 12 12 12 11 11 10 10 10 10
 11 10 11 11 11 11 12 12 12 12 11 11 10 10  9 10  9  9 10  9 11 11 10 11
  9  9  9  9 12 11 13 12 14 15 13 14 12 13 11 11 10 10 10 10  9 10 13  9
 24 16 34 30 36 35 34 35 30 33 24 27 20 22 14 19 14 14 13 14 11 12  9 10
  8  9  8  8  9  9  9  9]"
2024-10-30 18:59:11.810469,"(-45.0, -26.66)","(3532, 3010)","[17 10 20 21 16 18 16 15 20 19 22 22 21 22 17 19 16 17 16 16 14 15 13 13
 12 12 11 11 10 10 11 11 10 11 10 10 12 11 12 12 12 12 11 11 10 10 10 10
 11 10 11 11 11 11 12 12 12 12 11 11 10 10  9 10  9  9 10  9 11 11 10 11
  9  9 15 13 12 15 13 12 14 15 13 14 12 13 11 11 10 10 10 10  9 10  9  9
 22 10 32 28 36 34 34 35 29 33 23 26 19 21 14 18 12 13 11 11  9 10  8  8
  7  7  8  7  9  9  9  9]"
2024-10-30 18:59:25.989440,"(-37.5, -26.66)","(3596, 3010)","[17  9 20 21 16 18 16 15 20 19 22 22 21 22 17 19 16 17 16 16 14 15 13 13
 12 12 11 11 10 10 11 11 10 11 10 10 12 11 12 12 12 12 11 11 10 10 10 10
 11 10 11 11 11 11 12 12 12 12 11 11 10 10  9 10  9  9 10  9 11 11 10 11
  9  9  9  9 12 11 13 12 14 15 13 14 12 13 11 11 10 10 10 10  9 10 13  9
 23 17 30 28 29 30 28 29 26 28 20 23 12 18 12 12 11 12 10 11  8  9  7  8
  7  7  8  7  9  9  9  9]"
2024-10-30 18:59:39.149206,"(-30.0, -26.66)","(3656, 3011)","[17  7 20 21 16 18 16 15 20 19 22 22 21 22 17 19 16 17 16 16 14 15 13 13
 12 12 11 11 10 10 11 11 10 11 10 10 12 11 12 12 12 12 11 11 10 10 10 10
 11 10 11 11 11 11 12 12 12 12 11 11 10 10  9 10  9  9 10  9 11 11 10 11
  9  9  9  9 12 11 13 12 14 15 13 14 12 13 11 11 10 10 10 10 13 10 15 14
 19 15 32 24 37 35 37 37 33 36 27 30 21 24 14 19 14 14 12 13 11 12 10 10
  9  9  9  9  9  9  9  9]"
2024-10-30 18:59:52.309193,"(-22.5, -26.66)","(3740, 3011)","[17 11 20 21 16 18 16 15 20 19 22 22 21 22 17 19 16 17 16 16 14 15 13 13
 12 12 11 11 10 10 11 11 10 11 10 10 12 11 12 12 12 12 11 11 10 10 10 10
 11 10 11 11 11 11 12 12 12 12 11 11 10 10  9 10  9  9 10  9 11 11 10 11
  9  9  9  9 12 11 13 12 14 15 13 14 12 13 11 11 10 10 10 10  9 10 13  9
 25 16 38 32 44 42 43 44 40 42 32 36 25 29 16 22 15 16 13 14 12 13 10 11
  9  9  8  8  9  9  9  9]"
2024-10-30 19:00:05.472133,"(-15.0, -26.66)","(3830, 3012)","[17  9 20 21 16 18 16 15 20 19 22 22 21 22 17 19 16 17 16 16 14 15 13 13
 12 12 11 11 10 10 11 11 10 11 10 10 12 11 12 12 12 12 11 11 10 10 10 10
 11 10 11 11 11 11 12 12 12 12 11 11 10 10  9 10  9  9 10  9 11 11 10 11
  9  9  9  9 12 11 13 12 14 15 13 14 12 13 11 11 10 10 10 10  9 10 12  9
 22 16 33 28 39 37 40 40 37 39 32 35 25 28 16 21 14 15 12 13 10 11  9  9
  8  8  8  8  9  9  9  9]"
2024-10-30 19:00:18.632793,"(-7.5, -26.66)","(3929, 3007)","[17 10 20 21 16 18 16 15 20 19 22 22 21 22 17 19 16 17 16 16 14 15 13 13
 12 12 11 11 10 10 11 11 10 11 10 10 12 11 12 12 12 12 11 11 10 10 10 10
 11 10 11 11 11 11 12 12 12 12 11 11 10 10  9 10  9  9 10  9 11 11 10 11
  9  9  9  9 12 11 13 12 14 15 13 14 12 13 11 11 10 10 10 10  9 10  9  9
 10 10 21 16 31 27 34 33 33 34 29 31 23 26 19 21 14 17 13 13 12 12 10 11
  9 10  9  9  9  9  9  9]"
2024-10-30 19:00:32.301972,"(0.0, -26.66)","(4038, 3005)","[17  9 20 21 16 18 16 15 20 19 22 22 21 22 17 19 16 17 16 16 14 15 13 13
 12 12 11 11 10 10 11 11 10 11 10 10 12 11 12 12 12 12 11 11 10 10 10 10
 11 10 11 11 11 11 12 12 12 12 11 11 10 10  9 10  9  9 10  9 11 11 10 11
  9  9  9  9 12 11 13 12 14 15 18 18 18 18 15 17 10 14 10 10  9 10  9  9
 13 10 17 15 29 23 35 33 35 35 32 34 26 29 21 23 15 18 14 14 12 13 10 11
  8  9  8  8  9  9  9  9]"
2024-10-30 19:00:45.467817,"(7.5, -26.66)","(63, 3004)","[17  9 20 21 16 18 16 15 20 19 22 22 21 22 17 19 16 17 16 16 14 15 13 13
 12 12 11 11 10 10 11 11 10 11 10 10 12 11 12 12 12 12 11 11 10 10 10 10
 11 10 11 11 11 11 12 12 12 12 11 11 10 10 18 10 32 26 37 36 36 37 33 35
 29 31 26 27 29 28 28 29 31 27 34 33 32 33 28 30 27 27 26 26 19 25 19 19
 18 19 23 20 32 27 35 34 34 35 32 33 29 30 21 27 20 21 17 19 15 16 15 15
 15 15 13 14 12 13 10 11]"
2024-10-30 19:00:58.632704,"(15.0, -26.66)","(190, 3004)","[18 16 20 21 16 18 16 15 20 19 22 22 21 22 17 19 16 17 16 16 14 15 13 13
 12 12 11 11 10 10 11 11 10 11 10 10 12 11 12 12 12 12 11 11 10 10 10 10
 11 10 11 11 11 11 12 12 12 12 11 11 10 10 17 10 34 28 41 39 40 41 36 38
 33 33 43 36 51 48 52 52 54 53 53 53 49 51 42 45 38 39 36 37 32 34 27 30
 26 27 26 25 33 31 32 33 26 31 25 26 23 24 19 21 18 18 18 18 18 18 18 18
 18 18 18 18 17 17 15 16]"
2024-10-30 19:01:11.793643,"(22.5, -26.66)","(315, 3004)","[17  9 20 21 16 18 16 15 20 19 22 22 21 22 17 19 16 17 16 16 14 15 13 13
 12 12 11 11 10 10 11 11 10 11 10 10 12 11 12 12 12 12 11 11 10 10 10 10
 11 10 11 11 11 11 12 12 12 12 11 11 10 10 11 10 24 18 31 29 31 31 27 29
 24 25 31 26 37 34 41 40 40 41 39 39 35 37 33 34 30 31 27 28 20 25 19 20
 18 19 23 20 27 25 31 29 31 31 28 30 20 26 20 20 19 19 18 18 18 18 17 18
 16 17 14 15 12 13 12 12]"
2024-10-30 19:01:24.953049,"(30.0, -26.66)","(439, 3006)","[17  5 20 21 16 18 16 15 20 19 22 22 21 22 17 19 16 17 16 16 14 15 13 13
 12 12 11 11 10 10 11 11 10 11 10 10 12 11 12 12 12 12 11 11 10 10 10 10
 11 10 11 11 11 11 12 12 12 12 11 11 10 10  9 10 17  9 23 21 22 23 19 20
 21 18 33 26 41 38 43 43 43 43 41 42 39 40 37 38 36 37 34 35 32 33 28 30
 22 25 21 22 25 21 28 27 28 28 27 27 22 27 22 22 22 22 21 22 20 21 19 20
 18 18 16 17 14 15 13 13]"
2024-10-30 19:01:38.619768,"(37.5, -26.66)","(552, 3005)","[17  4 20 21 16 18 16 15 20 19 22 22 21 22 17 19 16 17 16 16 14 15 13 13
 12 12 11 11 10 10 11 11 10 11 10 10 12 11 12 12 12 12 11 11 10 10 10 10
 11 10 11 11 11 11 12 12 12 12 11 11 10 10  9 10  9  9 10  9 11 11 10 11
 13  9 23 18 27 25 34 32 33 34 37 34 41 39 45 43 46 46 45 46 43 44 38 40
 35 37 30 33 30 30 29 29 23 28 22 23 22 22 20 21 19 19 19 19 19 19 18 18
 16 17 14 15 13 13 13 13]"
2024-10-30 19:01:52.802661,"(45.0, -26.66)","(658, 3003)","[17  2 20 21 16 18 16 15 20 19 22 22 21 22 17 19 16 17 16 16 14 15 13 13
 12 12 11 11 10 10 11 11 10 11 10 10 12 11 12 12 12 12 11 11 10 10 10 10
 11 10 11 11 11 11 12 12 12 12 11 11 10 10  9 10  9  9 10  9 11 11 19 16
 22 21 25 23 27 26 31 29 34 32 36 35 37 37 38 37 40 39 41 41 38 40 33 35
 28 30 26 27 28 27 31 28 35 35 33 34 23 30 23 23 22 22 21 21 20 20 19 19
 17 18 14 15 12 13 11 12]"
2024-10-30 19:02:05.968211,"(52.5, -26.66)","(759, 3003)","[19 17 20 21 16 18 16 15 20 19 22 22 21 22 17 19 16 17 16 16 14 15 13 13
 12 12 11 11 10 10 11 11 10 11 10 10 12 11 12 12 12 12 11 11 10 10 10 10
 11 10 11 11 11 11 12 12 12 12 11 11 10 10  9 10  9  9 10  9 15 11 17 16
 18 18 17 17 18 17 19 19 14 19 13 14 16 13 24 19 32 30 33 34 32 32 30 31
 28 29 35 30 44 40 45 44 44 45 40 43 35 37 31 33 23 28 21 22 19 20 17 18
 16 17 15 15 15 15 15 15]"
2024-10-30 19:02:20.150756,"(60.0, -26.66)","(844, 3006)","[17  9 20 21 16 18 16 15 20 19 22 22 21 22 17 19 16 17 16 16 14 15 13 13
 12 12 11 11 10 10 11 11 10 11 10 10 12 11 12 12 12 12 11 11 10 10 10 10
 11 10 11 11 11 11 12 12 12 12 11 11 10 10  9 10  9  9 10  9 11 11 10 11
  9  9  9  9 12 11 13 12 14 15 13 14 20 17 28 25 32 31 32 32 32 32 30 31
 27 28 35 29 44 40 44 45 42 43 39 40 35 37 29 32 21 25 20 21 17 18 15 16
 14 15 12 13 10 11  9  9]"
2024-10-30 19:02:33.314558,"(67.5, -26.66)","(925, 3004)","[17  3 20 21 16 18 16 15 20 19 22 22 21 22 17 19 16 17 16 16 14 15 13 13
 12 12 11 11 10 10 11 11 10 11 10 10 12 11 12 12 12 12 11 11 10 10 10 10
 11 10 11 11 11 11 12 12 12 12 11 11 10 10  9 10  9  9 10  9 11 11 24 17
 36 32 40 39 39 40 35 38 31 33 28 30 26 27 25 26 23 25 23 22 23 23 23 22
 25 24 27 25 34 31 36 35 35 35 33 34 29 31 27 28 21 26 20 21 19 19 17 18
 16 17 14 15 13 13 11 12]"
2024-10-30 19:02:47.490837,"(75.0, -26.66)","(997, 3004)","[17  5 20 21 16 18 16 15 20 19 22 22 21 22 17 19 16 17 16 16 14 15 13 13
 12 12 11 11 10 10 11 11 10 11 10 10 12 11 12 12 12 12 11 11 10 10 10 10
 11 10 11 11 11 11 12 12 12 12 11 11 10 10  9 10  9  9 10  9 20 17 27 23
 38 33 43 41 43 43 39 41 36 37 33 34 28 30 26 27 24 25 23 23 18 22 17 18
 16 16 16 16 16 16 17 16 17 17 17 17 16 16 15 15 15 15 15 15 21 19 23 23
 22 23 20 21 16 16 14 15]"
2024-10-30 19:03:00.655433,"(82.5, -26.66)","(1063, 3004)","[17  5 20 21 16 18 16 15 20 19 22 22 21 22 17 19 16 17 16 16 14 15 13 13
 12 12 11 11 10 10 11 11 10 11 10 10 12 11 12 12 12 12 11 11 10 10 10 10
 11 10 11 11 11 11 12 12 12 12 11 11 10 10 13 10 22 18 28 25 30 30 28 29
 29 27 35 32 35 35 34 34 31 33 28 29 24 26 23 24 21 22 17 17 17 17 17 17
 22 17 24 24 18 22 17 18 17 17 17 17 15 16 13 14 11 12 11 11 11 11 11 11
 11 11 11 11 10 10  9  9]"
2024-10-30 19:03:36.900807,"(-90.0, 30.0)","(3179, 2330)","[17  7 20 21 16 18 16 15 20 19 22 22 21 22 17 19 16 17 16 16 14 15 13 13
 12 12 11 11 10 10 11 11 10 11 10 10 12 11 12 12 12 12 11 11 16 10 26 22
 32 30 36 35 35 36 32 34 25 28 20 23 14 18 12 13 10 11 10 10 11 11 10 11
  9  9  9  9 12 11 13 12 14 15 20 19 19 19 22 20 26 25 27 27 24 25 24 24
 25 25 23 24 22 23 22 22 23 23 24 23 24 24 24 24 21 23 16 16 15 16 14 14
 12 13 11 11 10 10  9 10]"
2024-10-30 19:03:49.857082,"(-83.33, 30.0)","(3234, 5600)","[17 11 20 21 16 18 16 15 20 19 22 22 21 22 17 19 16 17 16 16 14 15 13 13
 12 13 11 11 10 10 11 11 10 11 10 10 12 11 12 12 12 12 11 11 18 14 29 24
 35 33 36 36 33 35 28 31 24 26 20 22 13 14 12 12 10 11 10 10 11 11 10 11
  9  9  9  9 12 11 13 12 14 15 13 14 13 13 19 17 22 21 23 23 24 24 24 24
 24 24 23 23 22 23 23 21 30 28 29 30 27 28 25 26 23 24 17 17 17 17 15 16
 13 14 11 12 10 11 10 10]"
2024-10-30 19:04:03.323307,"(-76.66, 30.0)","(3288, 65535)","[17 13 20 21 16 18 16 15 20 19 22 22 21 22 17 19 16 17 16 16 14 15 13 13
 12 12 11 11 10 10 11 11 10 11 10 10 12 11 12 12 12 12 15 11 30 23 37 35
 38 38 37 37 35 36 31 34 25 27 20 22 14 18 13 13 11 12 10 10 11 11 10 11
  9  9  9  9 12 11 13 12 14 15 13 14 15 13 17 16 15 16 10 10 18 16 19 18
 21 20 23 23 22 23 21 21 21 21 24 22 28 26 28 28 26 28 24 25 24 24 23 23
 20 22 15 16 14 15 12 13]"
2024-10-30 19:04:16.686456,"(-70.0, 30.0)","(3342, 5600)","[18 16 20 21 16 18 16 14 20 19 22 22 21 22 17 19 16 17 16 16 14 15 13 13
 12 12 11 11 10 10 11 11 10 11 10 10 12 11 12 12 12 12 22 12 37 30 42 40
 42 43 40 42 37 39 30 34 25 27 20 22 15 15 13 14 11 12 11 11 11 11 10 11
  9  9  9  9 12 11 13 12 14 15 13 14 12 13 11 11 10 10 10 10  9 10  9  9
 13 10 18 16 18 18 17 17 16 17 21 17 26 24 25 25 23 24 20 21 12 18 12 12
 12 12 10 11 10 10  9  9]"
2024-10-30 19:04:30.153870,"(-63.33, 30.0)","(3396, 5600)","[17  6 20 21 16 18 16 14 20 19 22 22 21 22 17 19 16 17 16 16 14 15 13 13
 12 12 11 11 10 10 11 11 11 11 11 10 12 12 12 12 12 12 11 11 29 21 37 34
 38 39 35 37 32 34 27 30 21 24 17 19 13 14 12 12 10 11 10 10 11 11 10 11
  9  9  9  9 12 11 13 12 14 15 13 14 12 13 11 11 10 10 15 12 17 17 17 17
 18 16 20 19 18 19 18 18 18 19 17 18 17 17 16 17 11 15 11 11 11 11 11 11
 11 11 11 11 10 11 10 10]"
2024-10-30 19:04:43.619896,"(-56.66, 30.0)","(3450, 32767)","[17  7 20 21 16 18 17 16 20 19 22 22 21 22 17 19 16 17 16 16 16 16 14 15
 12 13 11 11 10 10 11 11 10 11 10 10 12 12 12 12 12 12 11 11 17 13 25 21
 30 27 33 32 33 34 29 32 23 25 20 22 15 19 13 14 11 12 10 10 11 11 10 11
  9  9  9  9 12 11 13 12 14 15 13 14 12 13 13 11 18 15 20 19 19 20 18 18
 17 17 18 17 17 17 18 17 18 19 16 17 11 11 11 11 11 12 17 14 17 17 17 17
 17 17 18 18 12 17 12 12]"
2024-10-30 19:04:56.579779,"(-50.0, 30.0)","(3508, 5600)","[17  6 20 21 17 18 20 19 21 19 22 22 21 22 17 19 16 17 16 16 15 15 15 15
 13 14 12 13 10 11 11 11 10 11 10 10 12 11 12 12 12 12 11 11 10 10 19 14
 26 24 29 28 29 29 28 29 27 28 25 26 21 23 17 19 13 16 12 13 11 12 11 11
 10 10 10 10 12 11 13 12 14 15 13 14 12 13 11 11 10 10 10 10  9 10  9  9
 15 10 17 17 16 16 15 15 14 15  9  9 10 10 11 10 11 12 18 14 19 19 19 19
 19 18 20 20 20 20 19 20]"
2024-10-30 19:05:10.039878,"(-43.33, 30.0)","(3540, 32767)","[17  6 20 21 16 18 16 15 20 19 22 22 21 22 17 19 16 17 16 16 14 15 13 13
 12 12 11 11 10 10 11 11 10 11 11 10 12 12 12 12 12 12 11 11 10 10 13 10
 20 19 26 23 30 28 29 29 28 28 25 27 22 24 18 20 13 17 12 13 12 12 11 11
 10 11 10 10 12 11 13 12 14 15 13 14 12 13 11 11 10 10 10 10  9 10  9  9
 10 10  9  9 13 13 13 13 13 13  8  8  8  8 11 10 11 12 15 15 15 15 15 15
 15 15 16 15 15 15 10 15]"
2024-10-30 19:05:22.995634,"(-36.66, 30.0)","(3592, 8191)","[17 10 20 21 19 19 21 20 21 21 22 22 22 22 20 20 18 19 17 18 14 15 13 13
 12 12 11 11 10 10 11 11 10 11 10 10 12 11 12 12 12 12 11 11 10 10 10 10
 16 10 27 21 31 29 33 33 33 33 32 32 29 31 24 26 20 21 18 19 14 14 13 14
 12 12 11 12 12 11 13 12 14 15 13 14 12 13 11 11 10 10 10 10  9 10  9  9
 16 10 17 17 16 17 10 15 10 10 10 10 10 10 11 10 17 12 20 19 20 20 18 19
 17 18 12 12 12 12 12 12]"
2024-10-30 19:05:35.952099,"(-30.0, 30.0)","(3655, 2315)","[17  9 20 21 18 18 21 21 21 20 22 22 21 22 17 19 16 17 16 16 14 15 13 13
 12 12 11 11 10 10 11 11 10 11 12 10 12 12 12 12 12 12 11 11 10 10 10 10
 11 10 11 11 12 11 27 21 35 33 35 36 32 34 29 31 26 28 23 25 21 22 27 24
 31 30 30 31 27 28 22 25 17 20 15 16 13 14 11 12 10 11 10 10 10 10 10 10
 10 10 10 10 15 10 15 15 10 15 11 10 20 17 21 21 20 21 19 20 12 18 12 12
 12 12 12 12 12 12 12 12]"
2024-10-30 19:05:49.928056,"(-23.33, 30.0)","(3731, 2315)","[17  8 20 20 16 18 16 15 20 19 22 22 21 22 17 19 16 17 16 16 14 15 13 13
 12 12 11 11 10 10 11 11 10 11 10 10 12 11 12 12 12 12 11 11 10 10 10 10
 11 10 11 11 11 11 12 12 20 12 26 24 29 28 31 30 32 32 31 32 26 29 25 25
 23 24 20 22 14 19 14 14 14 15 13 14 12 13 14 11 19 17 20 21 19 20 12 17
 12 12 12 12 12 12 11 11 10 10  9 10  9  9 11 10 11 12 10 11 15 14 15 15
 14 15  9  9 10 10  9 10]"
2024-10-30 19:06:02.896197,"(-16.66, 30.0)","(3810, 2316)","[17 11 20 20 16 18 16 15 20 19 22 22 21 22 17 19 16 17 16 16 14 15 13 13
 12 12 11 11 10 10 11 11 10 11 10 10 12 11 12 12 12 12 11 11 10 10 10 10
 11 10 11 11 11 11 12 12 12 12 11 11 10 10 23 17 27 27 25 26 30 27 38 35
 39 39 37 38 32 35 26 29 23 23 24 23 23 24 21 22 16 19 16 16 15 16 14 15
 14 14 14 14 14 14 12 13 12 12 12 12 11 12 11 11 11 12 11 11 11 11 11 11
 11 11 11 11 10 10  9  9]"
2024-10-30 19:06:15.859746,"(-10.0, 30.0)","(3892, 2316)","[17 11 20 20 16 18 16 15 20 19 22 22 21 22 17 19 16 17 16 16 14 15 13 13
 12 12 11 11 10 10 11 11 10 11 10 10 12 11 12 12 12 12 11 11 10 10 10 10
 11 10 11 11 11 11 12 12 12 12 11 11 10 10  9 10  9  9 10  9 25 17 35 31
 37 38 34 36 30 32 26 28 26 26 26 26 23 24 21 22 20 20 15 15 16 15 20 16
 21 21 20 21 16 16 15 16 13 14 12 13 10 11 11 10 11 12 10 11 10 10  9 10
  9  9  9  9  9  9  9  9]"
2024-10-30 19:06:28.815160,"(-3.33, 30.0)","(3989, 2311)","[17  9 20 20 16 18 16 15 20 19 22 22 21 22 17 19 16 17 16 16 14 15 13 13
 12 12 11 11 10 10 11 11 10 11 10 10 12 11 12 12 12 12 11 11 10 10 10 10
 11 10 11 11 11 11 12 12 12 12 11 11 10 10  9 10  9  9 10  9 14 11 21 18
 31 25 34 34 32 33 27 30 22 24 18 20 12 13 12 12 18 12 23 20 24 24 25 24
 26 25 26 26 25 25 25 25 23 25 20 22 17 17 17 17 16 16 15 16 15 15 13 14
 12 13 11 11 10 10  9  9]"
2024-10-30 19:06:41.775383,"(3.33, 30.0)","(4093, 2310)","[17 11 20 20 16 18 16 15 20 19 22 22 21 22 17 19 16 17 16 16 14 15 13 13
 12 12 11 11 10 10 11 11 10 11 10 10 12 11 12 12 12 12 11 11 10 10 10 10
 11 10 11 11 11 11 12 12 12 12 11 11 10 10  9 10  9  9 10  9 14 11 31 24
 39 36 39 40 35 38 27 31 21 24 17 19 13 13 11 12 10 10 10 10  9 10  9  9
 10 10 14 12 19 17 23 21 22 23 21 21 23 21 31 28 32 33 30 32 25 28 21 23
 15 19 15 15 14 14 13 14]"
2024-10-30 19:06:54.732166,"(10.0, 30.0)","(101, 2309)","[17 10 20 20 16 18 16 15 20 19 22 22 21 22 17 19 16 17 16 16 14 15 13 13
 12 12 11 11 10 10 11 11 10 11 10 10 12 11 12 12 12 12 11 11 10 10 10 10
 11 10 11 11 11 11 12 12 12 12 11 11 10 10  9 10  9  9 10  9 11 11 10 11
 14  9 15 15 12 14 13 12 14 15 13 14 12 13 11 11 10 10 10 10  9 10  9  9
 10 10 14 12 14 14 13 14 19 14 26 24 27 27 26 27 25 25 24 24 22 23 19 20
 13 18 13 13 12 13 11 12]"
2024-10-30 19:07:07.690188,"(16.66, 30.0)","(216, 2311)","[17 10 20 20 16 18 16 15 20 19 22 22 21 22 17 19 16 17 16 16 14 15 13 13
 12 12 11 11 10 10 11 11 10 11 10 10 12 11 12 12 12 12 11 11 10 10 10 10
 11 10 11 11 11 11 12 12 12 12 11 11 10 10  9 10  9  9 10  9 11 11 10 11
  9  9  9  9 12 11 13 12 14 15 13 14 12 13 11 11 10 10 10 10  9 10  9  9
 10 10 15 14 14 15 13 13 20 14 28 25 30 29 28 29 25 27 23 24 21 22 20 20
 18 19 13 13 13 13 12 12]"
2024-10-30 19:07:21.665416,"(23.33, 30.0)","(327, 2311)","[17  8 20 20 20 20 22 22 21 21 22 22 21 22 18 20 16 17 16 16 14 15 13 13
 12 12 11 11 10 10 11 11 10 11 10 10 12 11 12 12 12 12 11 11 10 10 10 10
 11 10 11 11 11 11 12 12 12 12 11 11 10 10  9 10  9  9 10  9 11 11 10 11
  9  9  9  9 12 11 13 12 14 15 13 14 12 13 11 11 10 10 15 14 15 15 15 15
 10 14 16 15 17 17 15 16 20 14 33 26 37 35 36 37 33 34 28 31 25 27 22 24
 21 21 16 16 16 16 14 15]"
2024-10-30 19:07:34.628785,"(30.0, 30.0)","(433, 2310)","[17  5 20 20 17 18 18 17 20 19 22 22 21 22 19 20 16 17 16 16 14 15 13 13
 12 12 11 11 10 10 11 11 10 11 10 10 12 11 12 12 12 12 11 11 10 10 10 10
 11 10 11 11 11 11 12 12 12 12 11 11 10 10  9 10  9  9 10  9 11 11 10 11
  9  9  9  9 12 11 13 12 14 15 13 14 12 13 11 11 10 10 10 10  9 10  9  9
 10 10 14 12 14 14  8 13 18  8 27 23 31 30 30 31 29 30 25 28 22 23 19 20
 14 17 13 13 12 13 11 12]"
2024-10-30 19:07:47.587005,"(36.66, 30.0)","(537, 2309)","[17  4 20 20 19 19 22 21 21 21 22 22 21 22 18 19 16 17 16 16 14 15 13 13
 12 12 11 11 10 10 11 11 10 11 10 10 12 11 12 12 12 12 11 11 10 10 10 10
 11 10 11 11 11 11 12 12 12 12 11 11 10 10  9 10  9  9 10  9 11 11 10 11
  9  9  9  9 12 11 13 12 14 15 13 14 12 13 11 11 10 10 10 10  9 10  9  9
 10 10 15 13 14 14 13 13 21 15 30 26 32 31 30 31 29 30 27 28 22 25 14 20
 14 14 12 13 11 11  9 10]"
2024-10-30 19:08:00.550646,"(43.33, 30.0)","(633, 2310)","[17  5 20 20 20 20 22 22 22 22 22 22 21 22 17 19 16 17 16 16 14 15 13 13
 12 12 11 11 10 10 11 11 10 11 10 10 12 11 12 12 12 12 11 11 10 10 10 10
 11 10 11 11 11 11 12 12 12 12 11 11 10 10  9 10  9  9 10  9 11 11 10 11
  9  9  9  9 12 11 13 12 14 15 13 14 12 13 11 11 10 10 10 10  9 10  9  9
 14 10 15 15  8 14 14  8 25 18 33 30 33 33 31 32 28 29 23 26 14 21 14 14
 14 14 13 13 12 12 11 11]"
2024-10-30 19:08:13.507862,"(50.0, 30.0)","(722, 2309)","[17  8 20 20 16 18 16 15 20 19 22 22 21 22 17 19 16 17 16 16 14 15 13 13
 12 12 11 11 10 10 11 11 10 11 10 10 12 11 12 12 12 12 11 11 10 10 10 10
 11 10 11 11 11 11 12 12 12 12 11 11 10 10  9 10  9  9 10  9 11 11 10 11
  9  9  9  9 15 11 19 18 20 20 13 14 12 13 11 11 10 10 10 10  9 10  9  9
 13 10 16 15 15 16 14 14 20 14 22 23 28 25 32 31 30 32 26 28 20 23 14 18
 13 13 11 12 10 11  9  9]"
2024-10-30 19:08:26.466390,"(56.66, 30.0)","(808, 2309)","[17  9 20 20 16 18 16 15 20 19 22 22 21 22 17 19 16 17 16 16 14 15 13 13
 12 12 11 11 10 10 11 11 10 11 10 10 12 11 12 12 12 12 11 11 10 10 10 10
 11 10 11 11 11 11 12 12 12 12 11 11 10 10  9 10  9  9 10  9 11 11 10 11
  9  9  9  9 12 11 13 12 14 15 13 14 12 13 11 11 10 10 10 10  9 10  9  9
 10 10 14 14  8 14 14  8 23 17 29 27 29 29 28 29 26 27 22 24 13 19 12 13
 10 11  9  9  9  9  9  9]"
2024-10-30 19:08:39.425602,"(63.33, 30.0)","(883, 2309)","[17  7 20 20 16 18 16 15 20 19 22 22 21 22 17 19 16 17 16 16 14 15 13 13
 12 12 11 11 10 10 11 11 10 11 10 10 12 11 12 12 12 12 11 11 10 10 10 10
 11 10 11 11 11 11 12 12 12 12 11 11 10 10  9 10  9  9 10  9 11 11 10 11
  9  9  9  9 12 11 13 12 14 15 13 14 12 13 11 11 10 10 10 10  9 10  9  9
 10 10  9  9  8  9 12  8 18 14 26 22 31 29 31 31 29 30 25 28 20 22 13 18
 12 13 10 11 10 10  9  9]"
2024-10-30 19:08:53.407527,"(70.0, 30.0)","(952, 2309)","[17  7 20 20 16 18 16 15 20 19 22 22 21 22 17 19 16 17 16 16 14 15 13 13
 12 12 11 11 10 10 11 11 10 11 10 10 12 11 12 12 12 12 11 11 10 10 10 10
 11 10 11 11 11 11 12 12 12 12 11 11 10 10  9 10  9  9 10  9 11 11 10 11
  9  9  9  9 12 11 13 12 14 15 13 14 12 13 11 11 10 10 10 10  9 10  9  9
 10 10 15 13 15 16 17 15 26 21 32 30 32 33 30 31 28 29 25 27 19 22 14 17
 11 13  9 10  9  9  9  9]"
2024-10-30 19:09:06.363127,"(76.66, 30.0)","(1011, 2310)","[17  8 20 20 16 18 16 15 20 19 22 22 21 22 17 19 16 17 16 16 14 15 13 13
 12 12 11 11 10 10 11 11 10 11 10 10 12 11 12 12 12 12 11 11 10 10 10 10
 11 10 11 11 11 11 12 12 12 12 11 11 10 10  9 10  9  9 10  9 11 11 10 11
  9  9  9  9 12 11 13 12 14 15 13 14 12 13 11 11 10 10 10 10  9 10  9  9
 10 10  9  9 13 14  8 13 14  8 19 16 24 22 25 24 24 25 21 22 17 19 11 16
 11 11 10 10  9 10  9  9]"
2024-10-30 19:09:19.319795,"(83.33, 30.0)","(1070, 2311)","[17 10 20 20 16 18 16 15 20 19 22 22 21 22 17 19 16 17 16 16 14 15 13 13
 12 12 11 11 10 10 11 11 10 11 10 10 12 11 12 12 12 12 11 11 10 10 10 10
 11 10 11 11 11 11 12 12 12 12 11 11 10 10  9 10  9  9 10  9 11 11 10 11
  9  9  9  9 12 11 13 12 14 15 13 14 12 13 11 11 10 10 10 10  9 10  9  9
 10 10 15 14 15 15 17 15 24 20 30 28 32 31 32 32 30 31 27 29 22 24 14 20
 14 14 12 13 11 12 10 10]"
2024-10-30 19:09:32.279315,"(90.0, 30.0)","(1123, 2308)","[17 11 20 20 16 18 16 15 20 19 22 22 21 22 17 19 16 17 16 16 14 15 13 13
 12 12 11 11 10 10 11 11 10 11 10 10 12 11 12 12 12 12 11 11 10 10 10 10
 11 10 11 11 11 11 12 12 12 12 11 11 10 10  9 10  9  9 10  9 11 11 10 11
  9  9  9  9 12 11 13 12 14 15 13 14 12 13 11 11 10 10 10 10  9 10  9  9
 10 10  9  9 13 13 12 12 16 12 25 21 25 25 30 28 30 30 26 28 21 24 13 18
 13 13 12 12 11 12 10 11]"
2024-10-30 19:10:08.533272,"(-83.33, -30.0)","(3235, 3046)","[17 10 20 20 16 18 16 15 20 19 22 22 21 22 18 19 17 17 17 17 16 17 15 16
 13 14 11 12 10 10 11 11 10 11 10 10 12 11 12 12 12 12 11 11 10 10 10 10
 11 10 11 11 11 11 12 12 12 12 11 11 10 10  9 10  9  9 10  9 11 11 10 11
  9  9  9  9 12 11 13 12 14 15 13 14 12 13 11 11 10 10 10 10  9 10  9  9
 10 10 16 15 25 20 33 31 34 34 30 32 24 27 20 22 14 18 13 13 12 13 12 12
 12 12 12 12 12 12 11 11]"
2024-10-30 19:10:21.488435,"(-76.66, -30.0)","(3289, 3045)","[17 11 20 20 16 18 16 15 20 19 22 22 21 22 17 19 16 17 16 16 14 15 13 13
 12 12 11 11 10 10 11 11 10 11 10 10 12 11 12 12 12 12 11 11 10 10 10 10
 11 10 11 11 11 11 12 12 12 12 11 11 10 10  9 10  9  9 10  9 11 11 10 11
  9  9  9  9 12 11 13 12 14 15 13 14 12 13 11 11 10 10 10 10  9 10  9  9
 14 10 27 19 37 32 41 40 40 41 37 39 29 33 23 26 16 21 15 16 14 14 13 13
 12 12 11 12 10 11  9  9]"
2024-10-30 19:10:34.445288,"(-70.0, -30.0)","(3343, 3045)","[17  9 20 20 16 18 16 15 20 19 22 22 21 22 17 19 16 17 16 16 14 15 13 13
 12 12 11 11 10 10 11 11 10 11 10 10 12 11 12 12 12 12 11 11 10 10 10 10
 11 10 11 11 11 11 12 12 12 12 11 11 10 10  9 10  9  9 10  9 11 11 10 11
  9  9  9  9 12 11 13 12 14 15 13 14 12 13 11 11 10 10 10 10  9 10  9  9
 15 10 26 19 36 31 38 38 36 38 31 34 25 28 19 22 14 17 12 13 11 11 10 10
  9  9  9  9  9 10  9  9]"
2024-10-30 19:10:47.401201,"(-63.33, -30.0)","(3396, 3046)","[17 10 20 20 16 18 16 15 20 19 22 22 21 22 17 19 16 17 16 16 14 15 13 13
 12 12 11 11 10 10 11 11 10 11 10 10 12 11 12 12 12 12 11 11 10 10 10 10
 11 10 11 11 11 11 12 12 12 12 11 11 10 10  9 10  9  9 10  9 11 11 10 11
  9  9  9  9 12 11 13 12 14 15 13 14 12 13 11 11 10 10 10 10  9 10  9  9
 13 10 24 18 34 30 36 36 34 36 30 32 24 27 20 22 13 18 13 13 11 12  9 10
  9  9  9  9  9  9  9  9]"
2024-10-30 19:11:00.356095,"(-56.66, -30.0)","(3451, 3045)","[17  7 20 20 16 18 16 15 20 19 22 22 21 22 17 19 16 17 16 16 14 15 13 13
 12 12 11 11 10 10 11 11 10 11 10 10 12 11 12 12 12 12 11 11 10 10 10 10
 11 10 11 11 11 11 12 12 12 12 11 11 10 10  9 10  9  9 10  9 11 11 10 11
  9  9  9  9 12 11 13 12 14 15 13 14 12 13 11 11 10 10 10 10  9 10  9  9
 10 10 18 15 25 22 29 27 29 29 28 29 24 26 19 21 16 17 12 12 11 12  9 10
  8  9  8  8  9  9  9  9]"
2024-10-30 19:11:13.311912,"(-50.0, -30.0)","(3508, 3043)","[17  9 20 20 16 18 16 15 20 19 22 22 21 22 17 19 16 17 16 16 14 15 13 13
 12 12 11 11 10 10 11 11 10 11 10 10 12 11 12 12 12 12 11 11 10 10 10 10
 11 10 11 11 11 11 12 12 12 12 11 11 10 10  9 10  9  9 10  9 11 11 10 11
  9  9  9  9 12 11 13 12 14 15 13 14 12 13 11 11 10 10 10 10  9 10  9  9
 10 10  9  9 20 16 29 25 31 31 30 31 25 27 20 22 16 18 12 12 12 12 10 11
  9  9  9  9  9  9  9  9]"
2024-10-30 19:11:26.267119,"(-43.33, -30.0)","(3546, 3043)","[17  8 20 20 16 18 16 15 20 19 22 22 21 22 17 19 16 17 16 16 14 15 13 13
 12 12 11 11 10 10 11 11 10 11 10 10 12 11 12 12 12 12 11 11 10 10 10 10
 11 10 11 11 11 11 12 12 12 12 11 11 10 10  9 10  9  9 10  9 11 11 10 11
  9  9  9  9 12 11 13 12 14 15 13 14 12 13 11 11 10 10 10 10  9 10  9  9
 10 10 18 15 29 24 36 33 36 37 33 35 27 30 22 24 19 20 14 14 14 14 14 14
 13 13 12 13 11 12  9 10]"
2024-10-30 19:11:39.228302,"(-36.66, -30.0)","(3614, 3043)","[17 11 20 20 16 18 16 15 20 19 22 22 21 22 17 19 16 17 16 16 14 15 13 13
 12 12 11 11 10 10 11 11 10 11 10 10 12 11 12 12 12 12 11 11 10 10 10 10
 11 10 11 11 11 11 12 12 12 12 11 11 10 10  9 10  9  9 10  9 11 11 10 11
  9  9  9  9 12 11 13 12 14 15 13 14 12 13 11 11 10 10 10 10  9 10  9  9
 10 10 16 12 26 21 31 30 30 31 26 28 22 24 18 20 12 17 12 12 12 12 11 11
 10 10  9 10  9  9  9  9]"
2024-10-30 19:11:53.204114,"(-30.0, -30.0)","(3667, 3044)","[17  5 20 20 16 18 16 15 20 19 22 22 21 22 17 19 16 17 16 16 14 15 13 13
 12 12 11 11 10 10 11 11 10 11 10 10 12 11 12 12 12 12 11 11 10 10 10 10
 11 10 11 11 11 11 12 12 12 12 11 11 10 10  9 10  9  9 10  9 11 11 10 11
  9  9  9  9 12 11 13 12 14 15 13 14 12 13 11 11 10 10 10 10  9 10  9  9
 10 10 17 14 23 20 24 24 24 23 25 25 23 24 19 21 12 17 12 12 12 12 12 12
 10 11  9  9  9  9  9  9]"
2024-10-30 19:12:06.161220,"(-23.33, -30.0)","(3733, 3044)","[17  9 20 20 16 18 16 14 20 19 22 22 21 22 17 19 16 17 16 16 14 15 13 13
 12 12 11 11 10 10 11 11 10 11 10 10 12 11 12 12 12 12 11 11 10 10 10 10
 11 10 11 11 11 11 12 12 12 12 11 11 10 10  9 10  9  9 10  9 11 11 10 11
  9  9  9  9 12 11 13 12 14 15 13 14 12 13 11 11 10 10 10 10  9 10  9  9
 10 10  9  9 24 18 26 25 25 25 25 25 24 25 21 22 17 19 12 12 12 12 12 12
 11 12 10 11  9 10  9  9]"
2024-10-30 19:12:19.117448,"(-16.66, -30.0)","(3812, 3044)","[17 10 20 20 16 18 16 14 20 19 22 22 21 22 17 19 16 17 16 16 14 15 13 13
 12 12 11 11 10 10 11 11 10 11 10 10 12 11 12 12 12 12 11 11 10 10 10 10
 11 10 11 11 11 11 12 12 12 12 11 11 10 10  9 10  9  9 10  9 11 11 10 11
  9  9  9  9 12 11 13 12 14 15 13 14 12 13 11 11 10 10 10 10  9 10  9  9
 10 10 14 12 27 20 34 31 36 36 34 35 30 32 25 28 21 23 19 20 14 18 14 14
 13 14 11 12  9 10  9  9]"
2024-10-30 19:12:32.073324,"(-10.0, -30.0)","(3894, 3044)","[17 10 20 20 16 18 16 14 20 19 22 22 21 22 17 19 16 17 16 16 14 15 13 13
 12 12 11 11 10 10 11 11 10 11 10 10 12 11 12 12 12 12 11 11 10 10 10 10
 11 10 11 11 11 11 12 12 12 12 11 11 10 10  9 10  9  9 10  9 11 11 10 11
  9  9  9  9 12 11 13 12 14 15 13 14 12 13 11 11 10 10 10 10  9 10  9  9
 10 10 14 13 18 16 22 19 24 24 21 23 20 21 19 20 16 17 11 11 11 11  9 10
  8  9  8  8  9  9  9  9]"
2024-10-30 19:12:45.030044,"(-3.33, -30.0)","(3989, 3042)","[17 10 20 20 16 18 16 14 20 19 22 22 21 22 17 19 16 17 16 16 14 15 13 13
 12 12 11 11 10 10 11 11 10 11 10 10 12 11 12 12 12 12 11 11 10 10 10 10
 11 10 11 11 11 11 12 12 12 12 11 11 10 10  9 10  9  9 10  9 11 11 10 11
  9  9  9  9 17 16 13 17 14 15 13 14 12 13 11 11 10 10 10 10  9 10  9  9
 10 10  9  9 23 16 33 29 35 35 34 35 31 33 27 29 21 23 15 15 15 15 14 15
 13 14 11 12  9 10  9  9]"
2024-10-30 19:12:57.994936,"(3.33, -30.0)","(4093, 3044)","[17  6 20 20 16 18 16 14 20 19 22 22 21 22 17 19 16 17 16 16 14 15 13 13
 12 12 11 11 10 10 11 11 10 11 10 10 12 11 12 12 12 12 11 11 10 10 10 10
 11 10 11 11 11 11 12 12 12 12 11 11 10 10  9 10 14  9 16 16 11 16 10 11
  9  9 17 14 23 20 24 24 24 24 22 23 18 20 15 16 11 15 11 11 10 11 10 10
 10 10 15 14 23 18 34 29 38 37 37 38 34 36 29 32 23 25 17 17 16 17 15 16
 14 14 13 13 12 13 10 11]"
2024-10-30 19:13:10.951586,"(10.0, -30.0)","(102, 3042)","[17  6 20 20 16 18 16 14 20 19 22 22 21 22 17 19 16 17 16 16 14 15 13 13
 12 12 11 11 10 10 11 11 10 11 10 10 12 11 12 12 12 12 11 11 10 10 10 10
 11 10 11 11 11 11 12 12 12 12 11 11 12 10 21 15 35 30 41 39 40 41 37 39
 33 35 31 32 32 31 38 35 39 39 39 39 37 38 33 35 30 32 27 29 21 25 18 20
 16 17 14 15 21 18 28 25 30 30 29 30 26 27 23 24 17 21 15 16 18 15 21 20
 19 20 15 15 14 15 13 13]"
2024-10-30 19:13:24.931980,"(16.66, -30.0)","(216, 3043)","[17  5 20 20 19 19 18 18 20 19 22 22 21 22 17 19 16 17 16 16 14 15 13 13
 12 12 11 11 10 10 11 11 10 11 10 10 12 11 12 12 12 12 11 11 10 10 10 10
 11 10 11 11 11 11 12 12 12 12 11 11 10 10 15 10 29 23 36 33 36 36 33 35
 36 31 47 41 49 48 50 49 53 53 52 53 47 49 40 44 34 37 30 32 26 26 25 25
 24 25 23 24 22 22 20 21 24 19 32 28 37 35 36 37 33 35 27 30 23 23 22 22
 21 21 18 20 17 18 15 16]"
2024-10-30 19:13:37.892665,"(23.33, -30.0)","(328, 3042)","[17  6 20 20 16 18 16 14 20 19 22 22 21 22 17 19 16 17 16 16 14 15 13 13
 12 12 11 11 11 11 13 12 12 12 11 12 12 12 12 12 12 12 11 11 10 10 10 10
 15 10 20 18 20 20 17 18 12 15 11 11 10 10  9 10 17  9 23 21 23 24 21 22
 28 21 41 34 47 44 48 48 47 48 44 46 39 42 32 36 26 29 22 22 22 22 20 21
 18 19 17 18 16 16 22 16 31 27 39 35 45 43 44 45 42 44 38 40 33 36 29 31
 23 27 20 21 17 19 15 16]"
2024-10-30 19:13:50.851741,"(30.0, -30.0)","(435, 3045)","[17 10 20 20 16 18 16 14 20 19 22 22 21 22 17 19 16 17 16 16 14 15 13 13
 12 12 11 11 10 10 11 11 11 11 11 11 12 12 12 12 12 12 11 11 10 10 12 10
 22 17 28 26 27 28 23 26 18 20 14 16 10 10  9 10  9  9 10  9 11 11 16 11
 25 19 38 31 47 43 51 49 50 51 48 50 43 46 37 40 34 35 32 33 30 31 24 29
 24 24 23 23 22 22 22 22 27 22 31 29 37 34 38 38 37 38 34 36 31 33 25 29
 24 25 23 24 21 22 20 20]"
2024-10-30 19:14:03.808227,"(36.66, -30.0)","(537, 3042)","[17  8 20 20 16 18 16 14 20 19 22 22 21 22 17 19 16 17 16 16 14 15 13 13
 12 12 11 11 10 10 11 11 10 11 10 10 12 11 12 12 12 12 11 11 10 10 12 10
 21 16 28 26 28 28 24 26 19 21 16 17 10 15  9 10 10 10 10 10 11 11 12 11
 15 15 30 19 38 35 41 39 42 42 41 41 40 41 37 38 36 37 37 35 39 38 38 39
 34 37 31 32 30 31 30 30 30 30 30 30 25 25 25 25 24 25 22 23 21 21 19 20
 18 18 17 17 16 16 16 16]"
2024-10-30 19:14:16.764343,"(43.33, -30.0)","(632, 3042)","[17  6 20 20 16 18 16 14 20 19 22 22 21 22 17 19 16 17 16 16 14 15 13 13
 12 12 11 11 10 10 11 11 10 11 10 10 12 11 12 12 12 12 11 11 10 10 10 10
 11 10 17 15 17 17 12 16 12 12 11 11 10 10  9 10  9  9 17 12 22 19 27 24
 34 31 37 36 37 37 39 39 38 39 36 37 34 35 32 33 30 32 35 31 40 38 39 39
 36 38 33 34 31 32 35 33 36 36 33 35 26 31 26 26 26 26 25 25 24 25 22 23
 20 21 19 19 18 18 17 17]"
2024-10-30 19:14:29.720508,"(50.0, -30.0)","(721, 3045)","[17  7 20 20 16 18 16 14 20 19 22 22 21 22 17 19 16 17 16 16 14 15 13 13
 12 12 11 11 10 10 11 11 10 11 10 10 12 11 12 12 12 12 11 11 10 10 10 10
 11 10 11 11 11 11 12 12 12 12 11 11 10 10  9 10  9  9 10  9 11 11 10 11
 14  9 21 18 22 22 20 21 14 19 13 14 12 13 11 11 10 10 27 17 38 33 41 40
 40 41 38 40 35 36 35 34 37 36 38 38 37 38 35 37 32 33 28 30 23 23 22 22
 20 21 19 20 18 19 17 17]"
2024-10-30 19:14:42.678223,"(56.66, -30.0)","(806, 3042)","[17  9 20 20 16 18 16 14 20 19 22 22 21 22 17 19 16 17 16 16 14 15 13 13
 12 12 11 11 10 10 11 11 10 11 10 10 12 11 12 12 12 12 11 11 10 10 10 10
 11 10 11 11 11 11 12 12 12 12 11 11 10 10  9 10  9  9 10  9 11 11 10 11
  9  9  9  9 12 11 13 12 14 15 13 14 18 15 21 20 23 21 32 27 40 37 42 42
 41 42 39 40 36 37 36 35 39 38 38 39 36 37 31 34 22 27 20 21 17 19 16 17
 15 15 13 14 12 13 10 11]"
2024-10-30 19:14:55.636219,"(63.33, -30.0)","(882, 3043)","[17  8 20 20 16 18 16 14 20 19 22 22 21 22 17 19 16 17 16 16 14 15 13 13
 12 12 11 11 10 10 11 11 10 11 10 10 12 11 12 12 12 12 11 11 10 10 10 10
 11 10 11 11 11 11 12 12 12 12 11 11 10 10  9 10  9  9 10  9 11 11 10 11
  9  9  9  9 25 19 27 26 26 27 26 25 32 29 32 32 31 32 31 31 33 32 33 33
 32 33 29 31 27 28 28 27 30 29 29 30 28 29 25 27 20 24 19 20 18 19 16 17
 14 15 13 13 11 12 10 11]"
2024-10-30 19:15:09.599117,"(70.0, -30.0)","(951, 3042)","[17 10 20 20 16 18 16 14 20 19 22 22 21 22 17 19 16 17 16 16 14 15 13 13
 12 12 11 11 10 10 11 11 10 11 10 10 12 11 12 12 12 12 11 11 10 10 10 10
 11 10 11 11 11 11 12 12 12 12 11 11 10 10  9 10  9  9 10  9 23 16 28 26
 26 28 27 26 34 30 33 33 31 32 30 30 28 29 26 27 24 25 21 23 16 16 16 16
 16 16 16 16 19 16 22 21 24 24 24 24 23 23 17 22 17 17 17 17 15 16 14 14
 12 13 10 11  9 10  9  9]"
2024-10-30 19:15:22.555847,"(76.66, -30.0)","(1012, 3042)","[17 11 20 20 16 18 16 14 20 19 22 22 21 22 17 19 16 17 16 16 14 15 13 13
 12 12 11 11 10 10 11 11 10 11 10 10 12 11 12 12 12 12 11 11 10 10 10 10
 11 10 11 11 11 11 12 12 12 12 11 11 10 10 15 10 19 17 22 21 29 25 36 33
 36 37 32 35 32 32 31 32 27 30 23 25 16 21 15 16 14 15 13 13 22 18 24 24
 23 24 21 22 15 20 15 15 20 15 20 21 15 20 15 15 15 15 15 15 15 15 14 15
 13 14 10 11  9 10  9  9]"
2024-10-30 19:15:36.529415,"(83.33, -30.0)","(1070, 3045)","[17  9 20 20 16 18 16 14 20 19 22 22 21 22 17 19 16 17 16 16 14 15 13 13
 12 12 11 11 10 10 11 11 10 11 10 10 12 11 12 12 12 12 11 11 10 10 10 10
 11 10 11 11 11 11 12 12 12 12 20 17 22 21 23 21 31 27 34 33 33 33 33 33
 29 32 27 28 28 27 25 27 21 23 16 16 16 16 20 16 26 24 29 27 31 30 30 31
 28 29 26 27 24 25 19 23 19 19 23 21 24 24 19 24 19 19 19 19 18 18 17 17
 16 17 14 15 12 13 10 11]"
