Measure Time,Commanded trajectory,Real trajectory,Curve,az LS,782,el LS,2329
2024-11-07 12:54:26.478587,"(0.0, 0.0)","(3472, 2736)","[17  9 20 21 21 20 25 23 27 26 27 27 28 28 28 28 27 28 27 27 26 26 25 26
 23 24 21 22 19 20 17 18 14 16 11 13 12 12 12 12 12 12 11 11 10 10 10 10
 11 10 11 11 11 11 12 12 12 12 11 11 10 10 14 10 15 15 15 15 16 11 17 17
 17 17 18 17 23 21 27 26 29 28 33 31 33 33 33 33 39 33 49 45 51 51 49 50
 47 48 44 46 40 42 36 38 31 33 26 26 23 25 21 22 19 20 17 18 15 16 15 15
 15 15 14 14 12 13 11 12]"
2024-11-07 12:54:51.218195,"(-90.0, 3.33)","(2711, 2695)","[17 11 20 21 23 21 26 26 24 26 23 23 22 22 19 20 16 17 16 16 14 15 14 13
 15 15 14 15 13 13 11 12 10 11 10 10 12 11 12 12 12 12 11 11 10 10 10 10
 11 10 11 11 11 11 12 12 12 12 11 11 10 10  9 10  9  9 10  9 11 11 10 11
  9  9  9  9 12 11 13 12 14 15 13 14 14 13 19 16 32 25 44 38 47 46 44 46
 39 40 37 38 35 36 32 33 27 29 24 26 20 20 19 19 17 18 14 15 12 13 10 11
  9 10  9  9  9  9  9  9]"
2024-11-07 12:55:11.687347,"(-30.0, 3.33)","(3264, 2695)","[17  9 20 21 23 21 26 26 24 25 23 23 22 22 21 22 19 20 16 18 14 15 13 13
 12 12 12 12 10 11 11 11 10 11 10 10 12 11 12 12 12 12 11 11 10 10 10 10
 11 10 11 11 11 11 12 12 12 12 11 11 10 10  9 10  9  9 10  9 11 11 10 11
  9  9  9  9 12 11 13 12 19 15 24 22 25 25 27 25 38 31 49 45 53 52 51 52
 47 49 42 44 37 40 32 35 26 29 21 22 18 20 16 17 14 15 12 13 11 12 11 11
 10 10  9  9  9  9 14  9]"
2024-11-07 12:55:32.150046,"(30.0, 3.33)","(3733, 2697)","[17  8 20 21 23 21 25 25 23 25 22 22 21 22 19 20 17 18 16 16 14 15 13 13
 12 12 11 11 10 10 11 11 10 11 10 10 12 11 12 12 12 12 11 11 10 10 10 10
 11 10 11 11 11 11 12 12 12 12 11 11 10 10  9 10 14  9 14 14 11 11 10 11
  9  9 18 15 26 23 28 27 31 28 37 33 37 37 45 40 59 52 69 65 70 70 67 69
 59 64 53 55 50 52 46 48 39 43 32 33 30 32 27 28 23 25 20 21 18 19 16 17
 14 15 12 13 11 12 10 10]"
2024-11-07 12:55:52.608885,"(90.0, 3.33)","(657, 2698)","[18 16 20 20 18 19 23 21 22 22 22 22 21 22 17 19 16 17 16 16 14 15 13 13
 12 12 11 11 10 10 11 11 10 11 10 10 12 11 12 12 12 12 11 11 10 10 10 10
 11 10 11 11 11 11 12 12 12 12 11 11 10 10  9 10  9  9 10  9 11 11 10 11
  9  9 16 13 21 18 24 22 29 25 37 34 38 38 45 38 63 55 73 69 74 74 71 73
 64 67 56 60 49 52 44 46 39 41 32 33 28 30 24 26 21 22 20 21 18 19 16 17
 14 15 13 14 13 13 13 13]"
2024-11-07 12:56:21.395778,"(-30.0, -3.33)","(3286, 2769)","[17 13 20 20 22 20 25 24 24 25 23 23 22 22 21 21 21 21 19 20 16 18 13 14
 12 12 11 11 10 10 11 11 10 11 10 10 12 11 12 12 12 12 11 11 10 10 10 10
 11 10 11 11 11 11 12 12 12 12 11 11 10 10  9 10  9  9 10  9 11 11 10 11
  9  9  9  9 12 11 13 12 20 15 29 25 36 33 45 41 52 49 58 55 59 59 57 59
 53 56 45 49 37 41 33 35 27 31 25 26 22 24 21 21 26 20 29 28 28 28 21 27
 22 21 30 26 37 34 38 38]"
2024-11-07 12:56:41.860440,"(30.0, -3.33)","(3730, 2768)","[18 17 20 20 20 19 23 23 22 23 22 22 21 22 18 19 18 18 18 18 16 17 14 15
 12 13 11 12 11 11 11 11 10 11 10 10 12 11 12 12 12 12 11 11 10 10 10 10
 11 10 11 11 11 11 12 12 12 12 11 11 10 10  9 10  9  9 10  9 11 11 10 11
  9  9  9  9 12 11 13 12 14 15 13 14 25 21 34 30 41 37 46 44 44 45 46 46
 45 45 44 44 41 43 37 39 31 34 26 29 22 23 19 20 17 18 15 16 14 14 13 13
 12 12 11 11 10 10  9  9]"
2024-11-07 12:57:10.653106,"(-90.0, 6.66)","(2708, 2658)","[17 10 20 20 24 22 24 25 22 23 22 22 22 22 20 21 18 20 16 16 15 16 14 15
 12 12 11 11 10 10 11 11 10 11 10 10 12 11 12 12 12 12 11 11 10 10 10 10
 11 10 11 11 11 11 12 12 12 12 11 11 10 10  9 10  9  9 10  9 11 11 10 11
  9  9  9  9 12 11 13 12 14 15 19 18 20 19 20 20 29 19 42 36 46 45 45 46
 41 43 35 38 32 33 29 31 26 28 20 20 19 19 17 18 14 15 12 13 11 11 11 11
 11 11 11 11 11 11 11 11]"
2024-11-07 12:57:26.864339,"(-60.0, 6.66)","(3060, 2658)","[17  9 20 20 23 21 23 24 21 21 22 22 21 22 19 20 17 18 16 16 14 15 14 14
 12 13 11 11 10 10 11 11 10 11 10 10 12 11 12 12 12 12 11 11 10 10 10 10
 11 10 11 11 11 11 12 12 12 12 11 11 10 10  9 10  9  9 10  9 11 11 10 11
  9  9  9  9 12 11 13 12 14 15 22 19 23 23 23 23 33 24 46 41 50 49 49 50
 44 47 37 41 32 34 29 31 24 27 20 21 18 19 17 18 14 15 13 13 11 12 10 10
 10 10 10 10 16 15 16 16]"
2024-11-07 12:57:44.083276,"(-30.0, 6.66)","(3259, 2657)","[17  8 20 20 22 21 23 23 21 21 22 22 21 22 17 19 16 17 16 16 14 15 13 14
 12 12 11 11 10 10 11 11 10 11 10 10 12 11 12 12 12 12 11 11 10 10 10 10
 11 10 11 11 11 11 12 12 12 12 11 11 10 10  9 10  9  9 10  9 11 11 10 11
  9  9  9  9 12 11 13 12 14 15 13 14 12 13 18 11 31 24 42 37 46 45 45 46
 41 43 36 38 31 34 27 29 22 25 18 19 16 17 14 15 12 13 10 11 10 10 10 10
 11 11 11 11 10 10 10 10]"
2024-11-07 12:58:00.288764,"(0.0, 6.66)","(3460, 2657)","[16  9 20 20 22 21 23 23 22 22 22 22 21 22 18 19 17 18 16 16 14 15 13 14
 12 13 11 11 10 10 11 11 10 11 10 10 12 11 12 12 12 12 11 11 10 10 10 10
 11 10 11 11 11 11 12 12 12 12 11 11 10 10  9 10  9  9 10  9 11 11 10 11
  9  9 15 14 17 16 13 17 14 15 13 14 12 13 18 11 29 23 37 33 37 37 36 36
 33 35 31 32 29 30 27 28 24 25 22 23 18 18 16 17 14 15 13 14 12 13 12 12
 12 12 11 11 10 11  9  9]"
2024-11-07 12:58:16.691084,"(30.0, 6.66)","(3729, 2658)","[16 11 20 20 23 21 24 24 22 22 22 22 21 22 18 19 17 18 16 16 14 15 13 14
 12 12 11 11 10 10 11 11 10 11 10 10 12 11 12 12 12 12 11 11 10 10 10 10
 11 10 11 11 11 11 12 12 12 12 11 11 10 10  9 10  9  9 10  9 11 11 10 11
  9  9 17 15 19 19 18 19 14 18 19 19 22 21 22 22 31 21 44 39 48 46 47 47
 43 46 38 40 35 37 30 33 27 28 22 22 22 22 21 22 19 20 17 18 15 16 13 14
 12 13 11 11 10 10  9  9]"
2024-11-07 12:58:33.093758,"(60.0, 6.66)","(90, 2657)","[16  3 20 20 24 22 25 25 22 23 22 22 21 22 18 19 17 18 16 16 14 15 13 13
 12 12 11 11 10 10 11 11 10 11 10 10 12 11 12 12 12 12 11 11 10 10 10 10
 11 10 11 11 11 11 12 12 12 12 11 11 10 10  9 10  9  9 10  9 11 11 10 11
  9  9 15 13 17 16 13 16 23 15 28 26 28 28 32 28 46 39 56 52 58 57 56 57
 51 54 47 49 43 45 37 40 30 33 25 26 22 24 20 21 17 18 15 16 14 14 13 13
 12 12 11 11 10 11  9 10]"
2024-11-07 12:58:49.494703,"(90.0, 6.66)","(645, 2661)","[16  7 20 20 24 22 25 25 22 24 22 22 22 22 20 21 18 20 16 17 14 15 13 13
 12 12 11 11 10 10 11 11 10 11 10 10 12 11 12 12 12 12 11 11 10 10 10 10
 11 10 11 11 11 11 12 12 12 12 11 11 10 10  9 10  9  9 10  9 11 11 10 11
  9  9  9  9 15 11 23 20 26 25 30 28 31 31 34 30 49 42 59 55 61 60 59 60
 53 57 47 50 41 44 35 38 26 31 24 25 22 23 20 21 18 19 16 17 15 15 13 14
 13 13 13 13 13 13 13 13]"
2024-11-07 12:59:22.656880,"(-60.0, -6.66)","(3054, 2806)","[16 11 20 20 19 19 19 19 21 19 22 22 21 22 17 19 17 17 18 18 17 18 13 15
 12 12 11 11 10 10 11 11 10 11 10 10 12 11 12 12 12 12 11 11 10 10 10 10
 11 10 11 11 11 11 12 12 12 12 11 11 10 10  9 10  9  9 10  9 11 11 10 11
  9  9  9  9 12 11 13 12 14 15 19 14 28 24 30 29 30 30 28 29 40 33 43 43
 41 43 36 39 31 33 26 29 22 24 18 19 17 18 16 16 24 16 28 27 27 27 23 25
 18 21 24 22 27 26 26 27]"
2024-11-07 12:59:38.858145,"(-30.0, -6.66)","(3257, 2806)","[17 15 20 20 19 19 18 18 22 19 25 25 22 24 19 21 19 19 18 18 17 18 14 16
 12 12 12 12 12 12 11 12 10 11 10 10 12 11 12 12 12 12 11 11 10 10 10 10
 11 10 11 11 11 11 12 12 12 12 11 11 10 10  9 10  9  9 10  9 11 11 10 11
 15  9 16 16 21 18 22 22 22 22 19 21 36 27 47 42 51 50 50 51 48 49 44 46
 40 41 38 39 33 36 28 31 23 26 21 22 19 20 27 19 38 34 42 41 40 41 34 37
 31 31 32 31 37 34 37 37]"
2024-11-07 12:59:55.059735,"(0.0, -6.66)","(3456, 2807)","[16 12 20 20 18 19 18 17 21 19 23 22 21 22 17 19 17 17 19 18 18 18 15 16
 13 13 12 13 11 12 11 11 10 11 10 10 12 11 12 12 12 12 11 11 10 10 10 10
 11 10 11 11 11 11 12 12 12 12 11 11 10 10  9 10  9  9 10  9 11 11 10 11
  9  9  9  9 12 11 19 12 22 21 34 26 46 40 51 49 52 52 49 51 47 48 45 46
 44 44 42 43 40 41 38 39 33 36 28 30 23 24 21 22 25 20 28 27 26 27 20 23
 18 19 17 17 21 17 22 22]"
2024-11-07 13:00:11.263935,"(30.0, -6.66)","(3710, 2807)","[16  5 20 20 20 20 20 20 22 19 24 24 21 23 17 19 16 17 19 17 19 19 15 17
 12 13 11 11 11 11 11 11 10 11 10 10 12 11 12 12 12 12 11 11 10 10 10 10
 11 10 11 11 11 11 12 12 12 12 11 11 10 10  9 10  9  9 10  9 11 11 10 11
  9  9  9  9 14 11 20 18 21 21 25 22 36 30 47 42 52 51 52 52 50 51 47 49
 45 45 43 44 42 43 41 42 38 40 35 37 27 33 25 26 22 23 20 21 18 19 17 18
 15 16 14 14 13 13 12 12]"
2024-11-07 13:00:28.683923,"(60.0, -6.66)","(57, 2807)","[16 10 20 20 19 19 19 18 21 19 22 22 21 22 17 19 18 17 19 19 19 19 16 18
 14 15 13 13 13 13 12 13 11 12 10 10 12 11 12 12 12 12 11 11 10 10 10 10
 11 10 11 11 11 11 12 12 12 12 11 11 10 10  9 10  9  9 10  9 11 11 10 11
  9  9  9  9 12 11 13 12 14 15 13 14 13 13 24 19 27 28 34 29 34 35 33 32
 39 36 40 41 38 39 34 37 30 31 27 28 19 25 19 19 18 19 17 18 16 17 14 15
 12 13 11 11 10 10 10 10]"
2024-11-07 13:01:01.639290,"(-90.0, 10.0)","(2672, 2624)","[17 13 20 20 18 19 18 18 20 19 22 22 21 22 17 19 16 17 16 16 14 15 13 13
 12 12 11 11 10 10 11 11 10 11 10 10 12 11 12 12 12 12 11 11 10 10 10 10
 11 10 11 11 11 11 12 12 12 12 11 11 10 10  9 10  9  9 10  9 11 11 10 11
  9  9  9  9 12 11 13 12 14 15 13 14 12 13 11 11 10 10 31 18 47 40 51 50
 50 51 48 49 44 46 39 41 34 36 30 32 22 28 20 21 18 19 15 16 13 14 12 12
 11 11 21 15 32 27 35 34]"
2024-11-07 13:01:16.622749,"(-70.0, 10.0)","(2927, 2620)","[17 13 20 20 18 19 18 18 20 19 22 22 21 22 17 19 16 17 16 16 14 15 13 13
 12 12 11 11 10 10 11 11 10 11 10 10 12 11 12 12 12 12 11 11 10 10 10 10
 11 10 11 11 11 11 12 12 12 12 11 11 10 10  9 10  9  9 10  9 11 11 10 11
 14  9 14 14 12 11 13 12 14 15 13 14 12 13 15 11 23 18 38 29 50 45 53 52
 51 52 49 50 45 47 39 42 32 35 27 30 22 23 20 21 18 19 16 17 15 15 13 14
 11 12 18 14 30 24 35 34]"
2024-11-07 13:01:31.607179,"(-50.0, 10.0)","(3091, 2620)","[16  7 20 20 18 19 18 18 20 19 22 22 21 22 17 19 16 17 16 16 14 15 13 13
 12 12 11 11 10 10 11 11 10 11 10 10 12 11 12 12 12 12 11 11 10 10 10 10
 11 10 11 11 11 11 12 12 12 12 11 11 10 10 14 10 15 15 14 15 11 11 10 11
  9  9  9  9 12 11 13 12 14 15 13 14 12 13 11 11 19 10 36 28 45 41 46 46
 43 45 39 41 35 37 31 33 25 28 21 23 17 18 15 16 13 14 11 12  9 10  8  8
 13  8 21 17 25 23 24 24]"
2024-11-07 13:01:46.590670,"(-30.0, 10.0)","(3241, 2620)","[16  8 20 20 18 19 18 17 20 19 22 22 21 22 17 19 16 17 16 16 14 15 13 13
 12 12 11 11 10 10 11 11 10 11 10 10 12 11 12 12 12 12 11 11 10 10 10 10
 11 10 11 11 11 11 12 12 12 12 11 11 10 10 14 10 16 16 14 15 11 11 10 11
  9  9 15 14 12 16 13 12 14 15 13 14 12 13 11 11 21 10 39 32 46 43 45 46
 40 44 33 36 27 30 23 25 17 22 16 17 15 16 13 14 12 13 11 11 10 10  9  9
  8  8  8  8  9  9  9  9]"
2024-11-07 13:02:01.574944,"(-10.0, 10.0)","(3370, 2621)","[16  4 20 20 18 19 18 17 20 19 22 22 21 22 17 19 16 17 16 16 14 15 13 13
 12 12 11 11 10 10 11 11 10 11 10 10 12 11 12 12 12 12 11 11 10 10 10 10
 11 10 11 11 11 11 12 12 12 12 11 11 10 10  9 10  9  9 10  9 11 11 10 11
 21  9 31 27 34 33 33 34 30 32 25 27 20 22 13 18 23 13 38 31 45 42 44 45
 40 43 34 37 31 32 26 28 21 25 20 21 19 20 16 17 13 15 12 13 11 11  9 10
  8  9  8  8  9  9  9  9]"
2024-11-07 13:02:16.562976,"(10.0, 10.0)","(3513, 2622)","[16  8 20 20 18 19 18 17 20 19 22 22 21 22 17 19 16 17 16 16 14 15 13 13
 12 12 11 11 10 10 11 11 10 11 10 10 12 11 12 12 12 12 11 11 10 10 10 10
 11 10 11 11 11 11 12 12 12 12 11 11 10 10  9 10  9  9 10  9 11 11 13 11
 28 19 40 35 43 42 42 43 37 40 30 34 24 27 21 22 24 20 34 29 40 37 39 40
 36 39 32 34 29 31 26 28 27 25 31 29 31 32 27 29 22 24 20 21 18 19 16 17
 14 15 12 13 11 11 10 10]"
2024-11-07 13:02:31.545641,"(30.0, 10.0)","(3693, 2621)","[16  6 20 20 18 19 17 17 20 19 22 22 21 22 18 19 18 18 16 17 14 15 13 13
 12 12 11 11 10 10 11 11 10 11 10 10 12 11 12 12 12 12 11 11 10 10 10 10
 11 10 11 11 11 11 12 12 12 12 11 11 10 10  9 10  9  9 10  9 11 11 15 11
 35 26 46 41 48 48 46 48 40 44 33 37 26 29 18 23 32 18 45 39 49 48 48 49
 44 47 39 42 35 37 31 33 32 29 39 35 39 39 36 38 30 34 25 27 22 23 18 20
 15 17 13 14 11 12 10 10]"
2024-11-07 13:02:46.526875,"(50.0, 10.0)","(3956, 2621)","[16  4 20 20 18 19 17 17 20 19 22 22 21 22 17 19 16 17 16 16 14 15 13 13
 12 12 11 11 10 10 11 11 10 11 10 10 12 11 12 12 12 12 11 11 10 10 10 10
 11 10 11 11 11 11 12 12 12 12 11 11 10 10  9 10  9  9 10  9 11 11 10 11
 21  9 32 28 34 34 32 34 29 31 24 27 21 23 18 20 25 17 39 32 46 43 45 46
 42 44 38 40 32 35 26 29 21 24 27 24 28 28 26 27 21 25 19 20 16 18 14 15
 12 13 11 11 10 10  9 10]"
2024-11-07 13:03:01.509660,"(70.0, 10.0)","(224, 2621)","[16 12 20 20 18 19 17 17 20 19 22 22 21 22 17 19 16 17 16 16 14 15 13 13
 12 12 11 11 10 10 11 11 10 11 10 10 12 11 12 12 12 12 11 11 10 10 10 10
 11 10 11 11 11 11 12 12 12 12 11 11 10 10  9 10  9  9 10  9 11 11 10 11
  9  9 16 12 19 18 18 19 14 17 13 14 12 13 13 11 23 16 34 30 37 36 36 37
 33 35 31 32 28 30 24 26 20 22 16 17 14 15 14 14 13 14 12 13 11 12 11 11
  9 10  9  9  9  9  9  9]"
2024-11-07 13:03:16.492442,"(90.0, 10.0)","(587, 2622)","[16 12 20 20 18 19 17 17 20 19 22 22 21 22 17 19 16 17 16 16 14 15 13 13
 12 12 11 11 10 10 11 11 10 11 10 10 12 11 12 12 12 12 11 11 10 10 10 10
 11 10 11 11 11 11 12 12 12 12 11 11 10 10  9 10  9  9 10  9 11 11 10 11
  9  9  9  9 12 11 13 12 14 15 22 17 26 25 24 25 31 24 40 36 44 43 43 44
 40 42 32 37 30 31 29 30 27 29 23 25 24 20 30 28 30 31 26 28 20 21 17 19
 15 16 13 14 12 12 11 11]"
2024-11-07 13:03:50.871370,"(-70.0, -10.0)","(2917, 2847)","[16  8 20 20 18 19 17 17 20 19 22 22 21 22 17 19 16 17 16 16 14 15 13 13
 12 12 11 11 10 10 11 11 10 11 10 10 12 11 12 12 12 12 11 11 10 10 10 10
 11 10 11 11 11 11 12 12 12 12 11 11 10 10  9 10  9  9 10  9 11 11 10 11
 14  9 22 17 23 23 21 23 19 20 21 19 22 22 21 21 26 21 32 30 39 35 41 41
 39 41 34 36 29 31 24 26 18 22 17 18 15 16 13 13 11 12 11 11 11 11 11 11
 10 11  9 10  9  9  9  9]"
2024-11-07 13:04:05.858119,"(-50.0, -10.0)","(3106, 2848)","[17 10 21 21 18 19 17 17 20 19 22 22 21 22 17 19 16 17 16 16 14 15 13 13
 12 12 11 11 10 10 11 11 10 11 10 10 12 11 12 12 12 12 11 11 10 10 10 10
 11 10 11 11 11 11 12 12 12 12 11 11 10 10  9 10  9  9 10  9 11 11 10 11
  9  9  9  9 12 11 13 12 14 15 13 14 17 13 27 21 38 34 44 41 50 47 50 50
 46 49 41 43 35 38 31 33 29 30 25 27 20 21 18 19 16 17 15 15 13 14 12 13
 11 11 10 11 10 10 10 10]"
2024-11-07 13:04:20.842429,"(-30.0, -10.0)","(3230, 2849)","[16  9 20 20 18 19 17 17 20 19 22 22 21 22 17 19 16 17 16 16 14 15 13 13
 12 12 11 11 10 10 11 11 10 11 10 10 12 11 12 12 12 12 11 11 10 10 10 10
 11 10 11 11 11 11 12 12 12 12 11 11 10 10  9 10  9  9 10  9 11 11 10 11
  9  9 15 12 21 18 20 20 14 19 13 14 22 18 34 29 39 38 45 42 53 50 54 54
 51 54 45 49 40 42 33 36 30 31 24 24 21 23 18 20 14 16 12 13 12 12 12 12
 12 12 12 12 21 17 23 23]"
2024-11-07 13:04:35.833911,"(-10.0, -10.0)","(3362, 2849)","[16  9 20 20 18 19 17 17 20 19 22 22 21 22 17 19 16 17 16 16 14 15 13 13
 12 12 11 11 10 10 11 11 10 11 10 10 12 11 12 12 12 12 11 11 10 10 10 10
 11 10 11 11 11 11 12 12 12 12 11 11 10 10  9 10  9  9 10  9 11 11 13 11
 20 16 24 23 25 24 30 26 40 35 49 45 52 51 52 52 50 51 46 48 44 45 43 44
 41 43 36 39 31 33 25 28 25 25 24 25 24 24 22 23 20 21 19 20 17 18 17 17
 17 17 15 16 14 15 14 14]"
2024-11-07 13:04:51.319872,"(10.0, -10.0)","(3503, 2847)","[19 19 20 20 18 19 17 17 20 19 22 22 21 22 17 19 16 17 16 16 14 15 13 13
 12 12 11 11 10 10 11 11 10 11 10 10 12 11 12 12 12 12 11 11 10 10 10 10
 11 10 11 11 11 11 12 12 12 12 11 11 10 10  9 10  9  9 10  9 11 11 10 11
  9  9  9  9 12 11 21 12 37 29 49 43 54 52 53 54 49 52 43 46 44 43 48 46
 47 47 44 46 39 42 34 36 34 33 37 35 37 37 34 36 27 32 25 27 22 24 19 21
 17 18 15 16 15 15 13 14]"
2024-11-07 13:05:06.300393,"(30.0, -10.0)","(3676, 2848)","[18 17 20 20 18 19 17 17 20 19 22 22 21 22 17 19 16 17 16 16 14 15 13 13
 12 12 11 11 10 10 11 11 10 11 10 10 12 11 12 12 12 12 11 11 10 10 10 10
 11 10 11 11 11 11 12 12 12 12 11 11 10 10  9 10  9  9 10  9 11 11 10 11
  9  9  9  9 12 11 13 12 23 15 39 30 49 45 52 51 51 52 49 50 46 47 42 44
 39 41 37 38 35 36 32 33 31 31 30 31 25 30 24 25 23 24 21 22 19 20 17 18
 15 16 13 14 13 13 14 13]"
2024-11-07 13:05:21.283483,"(50.0, -10.0)","(3928, 2849)","[16  8 20 20 18 19 18 17 21 19 22 22 21 22 17 19 16 17 16 16 14 15 13 13
 12 12 11 11 10 10 11 11 10 11 10 10 12 11 12 12 12 12 11 11 10 10 10 10
 11 10 11 11 11 11 12 12 12 12 11 11 10 10  9 10  9  9 10  9 11 11 10 11
 14  9 21 18 21 21 20 20 20 19 27 22 31 29 35 34 35 36 34 35 34 34 34 34
 33 34 30 32 28 29 27 28 25 26 20 20 19 19 18 18 16 17 15 16 14 14 12 13
 12 12 12 12 12 12 12 12]"
2024-11-07 13:05:36.268973,"(70.0, -10.0)","(182, 2849)","[16 11 20 20 18 19 18 17 21 20 22 22 21 22 17 19 16 17 16 16 14 15 13 13
 12 12 11 11 10 10 11 11 10 11 10 10 12 11 12 12 12 12 11 11 10 10 10 10
 11 10 11 11 11 11 12 12 12 12 11 11 10 10  9 10  9  9 10  9 11 11 10 11
  9  9  9  9 12 11 13 12 14 15 13 14 12 13 16 11 18 17 25 21 36 30 41 39
 40 41 38 39 34 36 30 32 26 27 23 24 18 18 17 17 15 16 14 15 13 13 12 12
 12 12 21 17 30 26 33 32]"
2024-11-07 13:06:10.643732,"(-90.0, 13.33)","(2611, 2578)","[16  8 19 20 18 19 18 17 21 19 22 22 21 22 17 19 16 17 16 16 14 15 13 13
 12 12 11 11 10 10 11 11 10 11 10 10 12 11 12 12 12 12 11 11 10 10 10 10
 11 10 11 11 11 11 12 12 12 12 11 11 10 10  9 10  9  9 10  9 11 11 10 11
  9  9  9  9 12 11 13 12 14 15 13 14 13 13 22 18 24 25 43 29 57 51 61 60
 59 60 55 57 50 53 40 44 33 37 28 30 24 24 24 24 25 24 25 25 24 25 22 24
 19 21 19 19 30 25 33 32]"
2024-11-07 13:06:24.815618,"(-75.0, 13.33)","(2789, 2579)","[16  6 19 20 18 19 17 17 20 19 22 22 21 22 17 19 16 17 16 16 14 15 13 13
 12 12 11 11 10 10 11 11 10 11 10 10 12 11 12 12 12 12 11 11 10 10 10 10
 11 10 11 11 11 11 12 12 12 12 11 11 10 10  9 10  9  9 10  9 11 11 10 11
  9  9  9  9 12 11 13 12 14 15 13 14 20 15 29 26 31 31 50 36 64 58 68 67
 66 68 62 64 56 59 47 51 41 44 33 37 27 28 25 26 24 24 22 23 20 21 17 18
 16 16 16 15 31 25 35 34]"
2024-11-07 13:06:38.985132,"(-60.0, 13.33)","(3000, 2578)","[17 15 19 20 18 19 17 17 20 19 22 22 21 22 17 19 16 17 16 16 14 15 13 13
 12 12 11 11 10 10 11 11 10 11 10 10 12 11 12 12 12 12 11 11 10 10 10 10
 11 10 11 11 11 11 12 12 12 12 11 11 10 10 13 10 18 17 17 18 11 16 10 11
  9  9  9  9 12 11 13 12 14 15 13 14 14 13 23 17 35 31 42 39 43 42 45 45
 43 45 41 42 39 40 35 37 29 32 24 27 20 21 18 19 15 17 13 14 11 12 10 11
 10 10 17 13 24 21 24 24]"
2024-11-07 13:06:53.155182,"(-45.0, 13.33)","(3131, 2577)","[16 11 19 20 18 19 17 17 20 19 22 22 21 22 17 19 16 17 16 16 14 15 13 13
 12 12 11 11 10 10 11 11 10 11 10 10 12 11 12 12 12 12 11 11 10 10 10 10
 11 10 11 11 11 11 12 12 12 12 11 11 11 10 23 18 28 27 26 27 22 24 18 20
 16 17 10 10 12 11 13 12 14 15 13 14 12 13 15 11 27 21 41 34 49 45 50 50
 47 49 43 45 38 41 30 34 24 27 20 21 17 18 14 15 12 13 10 11 10 10  9 10
  9  9  9  9 22 17 27 25]"
2024-11-07 13:07:07.325350,"(-30.0, 13.33)","(3218, 2579)","[16  8 19 20 18 19 17 17 20 19 22 22 21 22 17 19 16 17 16 16 14 15 13 13
 12 12 11 11 10 10 11 11 10 11 10 10 12 11 12 12 12 12 11 11 10 10 10 10
 11 10 11 11 11 11 12 12 12 12 11 11 10 10 15 10 19 18 18 19 11 17 10 11
  9  9  9  9 12 11 13 12 14 15 13 14 12 13 16 11 15 15 33 20 46 41 49 48
 47 48 43 45 38 40 32 35 25 29 19 19 17 18 15 16 12 13 10 11  9 10  8  9
  8  8  8  8  9  9  9  9]"
2024-11-07 13:07:21.493733,"(-15.0, 13.33)","(3315, 2578)","[16 10 19 20 18 19 18 17 21 20 22 22 21 22 17 19 16 17 16 16 14 15 13 13
 12 12 11 11 10 10 11 11 10 11 10 10 12 11 12 12 12 12 11 11 10 10 10 10
 11 10 11 11 11 11 12 12 12 12 11 11 10 10  9 10  9  9 10  9 11 11 10 11
  9  9 19 15 22 21 21 22 14 19 13 14 12 13 11 11 17 10 30 23 40 36 42 42
 39 41 35 37 32 34 27 29 19 24 18 18 16 17 14 15 12 13 10 11  9 10  8  9
  7  8  8  7  9  9 14  9]"
2024-11-07 13:07:35.663693,"(0.0, 13.33)","(3417, 2580)","[16  4 19 20 18 18 17 17 20 19 22 22 21 22 17 19 16 17 16 16 14 15 13 13
 12 12 11 11 10 10 11 11 10 11 10 10 12 11 12 12 12 12 11 11 10 10 10 10
 11 10 11 11 11 11 12 12 12 12 11 11 10 10  9 10  9  9 10  9 11 11 13 11
 27 19 39 34 41 40 40 41 36 38 30 33 25 27 20 22 16 18 33 24 45 40 47 47
 45 47 40 43 34 37 28 31 22 26 20 21 17 19 14 15 12 13 12 12 11 12 10 11
  9 10  9  9  9  9  9  9]"
2024-11-07 13:07:49.830391,"(15.0, 13.33)","(3528, 2580)","[16  9 19 20 18 18 17 17 20 19 22 22 21 22 17 19 16 17 16 16 14 15 13 13
 12 12 11 11 10 10 11 11 10 11 10 10 12 11 12 12 12 12 11 11 10 10 10 10
 11 10 11 11 11 11 12 12 12 12 11 11 10 10  9 10  9  9 10  9 11 11 13 11
 30 21 41 37 42 42 40 42 36 38 31 33 25 28 20 22 22 18 30 25 30 30 36 34
 35 37 32 34 28 30 20 26 18 20 16 17 14 15 12 13 11 12 10 11  8  9  7  8
  7  7  8  7  9  9  9  9]"
2024-11-07 13:08:03.998776,"(30.0, 13.33)","(3661, 2579)","[16 12 19 20 18 18 17 17 20 19 22 22 21 22 17 19 16 17 16 16 14 15 13 13
 12 12 11 11 10 10 11 11 10 11 10 10 12 11 12 12 12 12 11 11 10 10 10 10
 11 10 11 11 11 11 12 12 12 12 11 11 10 10  9 10  9  9 10  9 11 11 18 11
 35 27 46 42 47 47 44 46 38 41 33 35 30 31 27 28 29 25 38 33 38 38 34 35
 33 34 29 31 21 26 19 20 16 17 14 15 12 13 11 11 11 12 10 11  8  9  7  8
  7  7  8  7  9  9  9  9]"
2024-11-07 13:08:18.170311,"(45.0, 13.33)","(3836, 2580)","[16  8 19 20 18 18 17 17 20 19 22 22 21 22 17 19 16 17 16 16 14 15 13 13
 12 12 11 11 10 10 11 11 10 11 10 10 12 11 12 12 12 12 11 11 10 10 10 10
 11 10 11 11 11 11 12 12 12 12 11 11 10 10  9 10  9  9 10  9 11 11 15 11
 28 20 39 35 43 42 43 43 40 42 33 37 28 30 24 26 26 22 35 30 36 36 33 34
 30 32 26 28 20 20 18 19 16 17 14 15 13 13 12 12 11 12 10 11  8  9  7  8
  7  7  8  7  9  9 13  9]"
2024-11-07 13:08:32.339059,"(60.0, 13.33)","(4058, 2579)","[16  8 19 20 18 18 17 17 21 19 22 22 21 22 17 19 16 17 16 16 14 15 13 13
 12 12 11 11 10 10 11 11 10 11 10 10 12 11 12 12 12 12 11 11 10 10 10 10
 11 10 11 11 11 11 12 12 12 12 11 11 10 10  9 10  9  9 10  9 11 11 10 11
 17  9 31 24 38 35 40 39 38 39 34 37 30 32 25 27 26 23 35 30 39 38 39 39
 36 38 33 35 29 31 21 26 19 21 17 18 14 15 12 13 11 12 10 11 10 10  9 10
  9  9  9  9  9  9  9  9]"
2024-11-07 13:08:46.518660,"(75.0, 13.33)","(246, 2580)","[16  8 19 20 18 18 17 17 20 19 22 22 21 22 17 19 16 17 16 16 14 15 13 13
 12 12 11 11 10 10 11 11 10 11 10 10 12 11 12 12 12 12 11 11 10 10 10 10
 11 10 11 11 11 11 12 12 12 12 11 11 10 10  9 10  9  9 10  9 11 11 10 11
  9  9 17 14 17 17 13 16 14 15 26 20 31 29 28 30 28 26 36 31 38 38 37 38
 35 37 31 33 27 29 23 25 18 22 16 17 14 15 12 13 11 12 10 11  8  9  7  8
  7  7  8  7  9  9  9  9]"
2024-11-07 13:09:00.692939,"(90.0, 13.33)","(524, 2580)","[16  8 19 20 18 18 17 17 20 19 22 22 21 22 17 19 16 17 16 16 14 15 13 13
 12 12 11 11 10 10 11 11 10 11 10 10 12 11 12 12 12 12 11 11 10 10 10 10
 11 10 11 11 11 11 12 12 12 12 11 11 10 10  9 10  9  9 10  9 11 11 15 11
 30 23 40 36 41 41 40 41 39 39 45 41 49 47 48 49 44 47 45 43 52 49 51 52
 47 50 41 44 37 39 33 35 28 31 25 27 21 23 19 20 17 18 15 16 14 14 13 13
 12 12 11 11 10 10  9  9]"
2024-11-07 13:09:35.884938,"(-75.0, -13.33)","(2805, 2882)","[16  7 19 20 18 18 18 17 22 22 23 23 21 22 17 19 16 17 16 16 14 15 13 13
 12 12 11 11 10 10 11 11 10 11 10 10 12 11 12 12 12 12 11 11 13 10 16 15
 14 15 11 11 11 11 12 12 12 12 11 11 10 10  9 10  9  9 10  9 11 11 16 11
 27 20 35 32 35 36 34 35 34 33 34 34 36 35 35 36 32 34 30 31 33 31 38 37
 37 38 32 35 22 29 22 22 22 22 21 22 19 20 16 17 13 14 11 12 10 11  9 10
  8  9  8  8  9  9  9  9]"
2024-11-07 13:09:50.057947,"(-60.0, -13.33)","(2979, 2879)","[16  5 19 20 17 18 19 17 24 23 23 24 21 22 17 19 16 17 16 16 14 15 13 13
 12 12 11 11 10 10 11 11 10 11 10 10 12 11 12 12 12 12 11 11 10 10 10 10
 11 10 11 11 11 11 12 12 12 12 11 11 10 10  9 10  9  9 10  9 11 11 10 11
  9  9 15 13 12 15 13 12 20 15 21 21 21 21 26 23 32 30 35 34 43 39 46 45
 45 46 41 43 35 38 31 33 28 30 24 26 19 20 16 18 14 15 12 13 10 11  9  9
  8  8  8  8  9  9  9  9]"
2024-11-07 13:10:04.227250,"(-45.0, -13.33)","(3112, 2881)","[16 11 19 20 17 18 17 17 20 19 22 22 21 22 17 19 16 17 16 16 14 15 13 13
 12 12 11 11 10 10 11 11 10 11 10 10 12 11 12 12 12 12 11 11 10 10 10 10
 11 10 11 11 11 11 12 12 12 12 11 11 10 10  9 10  9  9 10  9 11 11 10 11
  9  9  9  9 12 11 13 12 14 15 13 14 24 19 32 28 40 37 42 42 45 43 49 48
 49 50 45 48 38 42 33 35 29 31 24 27 20 21 18 19 15 16 13 14 13 13 11 12
 10 11  9  9  9  9  9  9]"
2024-11-07 13:10:18.398793,"(-30.0, -13.33)","(3200, 2881)","[16 11 19 20 17 18 17 17 20 19 22 22 21 22 17 19 16 17 16 16 14 15 13 13
 12 12 11 11 10 10 11 11 10 11 10 10 12 11 12 12 12 12 11 11 10 10 10 10
 11 10 11 11 11 11 12 12 12 12 11 11 10 10  9 10  9  9 10  9 11 11 10 11
 14  9 18 16 18 18 13 17 14 15 13 14 15 13 26 21 33 30 38 36 45 41 51 48
 52 52 49 51 43 47 37 40 33 34 28 31 22 23 19 21 17 18 15 16 14 14 13 13
 12 12 10 11  9 10  9  9]"
2024-11-07 13:10:32.570203,"(-15.0, -13.33)","(3301, 2881)","[16  8 19 20 17 18 17 17 20 19 22 22 21 22 17 19 16 17 16 16 14 15 13 13
 12 12 11 11 10 10 11 11 10 11 10 10 12 11 12 12 12 12 11 11 10 10 10 10
 11 10 11 11 11 11 12 12 12 12 11 11 10 10  9 10  9  9 10  9 14 11 18 16
 23 21 25 25 23 24 20 21 20 19 23 21 25 24 30 28 34 32 37 35 40 38 42 40
 45 45 44 45 40 42 35 37 34 34 32 33 24 30 24 24 22 23 21 22 20 21 18 19
 16 17 14 15 12 13 11 11]"
2024-11-07 13:10:46.741536,"(0.0, -13.33)","(3397, 2881)","[16  6 19 20 17 18 17 17 20 19 22 22 21 22 17 19 16 17 16 16 14 15 13 13
 12 12 11 11 10 10 11 11 10 11 10 10 12 11 12 12 12 12 11 11 10 10 10 10
 11 10 11 11 11 11 12 12 12 12 11 11 10 10  9 10  9  9 10  9 14 11 20 16
 28 26 30 30 29 29 36 31 50 45 54 53 53 54 50 52 45 48 38 42 34 36 34 33
 35 36 34 35 33 34 29 31 25 26 24 24 24 24 24 24 24 24 24 24 23 23 21 22
 19 19 17 18 17 17 16 16]"
2024-11-07 13:11:00.913574,"(15.0, -13.33)","(3505, 2882)","[18 18 19 20 17 18 17 16 20 19 22 22 21 22 17 19 16 17 16 16 14 15 13 13
 12 12 11 11 10 10 11 11 10 11 10 10 12 11 12 12 12 12 11 11 10 10 10 10
 11 10 11 11 11 11 12 12 12 12 11 11 10 10  9 10  9  9 10  9 11 11 10 11
 15  9 18 16 19 18 31 23 47 41 54 51 55 55 53 54 49 51 44 46 37 40 43 40
 46 46 44 45 38 41 33 35 27 31 27 27 27 27 26 26 31 26 32 32 27 27 26 26
 25 25 24 24 23 24 22 23]"
2024-11-07 13:11:15.080800,"(30.0, -13.33)","(3635, 2880)","[16  8 19 20 17 18 17 16 20 19 22 22 21 22 17 19 16 17 16 16 14 15 13 13
 12 12 11 11 10 10 11 11 10 11 10 10 12 11 12 12 12 12 11 11 10 10 10 10
 11 10 11 11 11 11 12 12 12 12 11 11 10 10  9 10  9  9 10  9 11 11 10 11
 14  9 21 16 24 23 23 23 30 23 41 36 48 45 50 50 50 50 47 49 44 46 42 43
 41 41 39 40 35 37 31 33 25 29 25 25 24 25 22 23 20 21 20 20 19 20 18 19
 17 18 17 17 17 17 17 17]"
2024-11-07 13:11:29.238178,"(45.0, -13.33)","(3792, 2882)","[16  6 19 20 17 18 17 16 20 19 22 22 21 22 17 19 16 17 16 16 14 15 13 13
 12 12 11 11 10 10 11 11 10 11 10 10 12 11 12 12 12 12 11 11 10 10 10 10
 11 10 11 11 11 11 12 12 12 12 11 11 10 10  9 10  9  9 10  9 11 11 10 11
  9  9  9  9 12 11 13 12 14 15 30 20 40 36 43 42 43 44 42 43 40 41 40 40
 42 42 41 42 40 41 36 38 33 34 31 32 24 30 23 23 21 22 19 20 18 18 17 17
 21 16 22 22 17 22 17 17]"
2024-11-07 13:11:43.409844,"(60.0, -13.33)","(4011, 2881)","[16 12 19 20 17 18 17 16 20 19 22 22 21 22 17 19 16 17 16 16 14 15 13 13
 12 12 11 11 10 10 11 11 10 11 10 10 12 11 12 12 12 12 11 11 10 10 10 10
 11 10 11 11 11 11 12 12 12 12 11 11 10 10  9 10  9  9 10  9 11 11 10 11
  9  9  9  9 12 11 13 12 18 15 19 19 19 19 19 19 22 19 26 25 28 27 32 31
 34 32 39 36 39 40 37 38 33 35 29 31 26 27 27 26 31 30 31 31 29 30 21 27
 20 21 17 19 15 16 12 13]"
2024-11-07 13:11:57.578013,"(75.0, -13.33)","(193, 2882)","[16  7 19 20 17 18 18 16 22 20 23 23 21 22 17 19 16 17 16 16 14 15 13 13
 12 12 11 11 10 10 11 11 10 11 10 10 12 11 12 12 12 12 11 11 10 10 10 10
 11 10 11 11 11 11 12 12 12 12 11 11 10 10  9 10  9  9 10  9 11 11 10 11
  9  9  9  9 12 11 13 12 14 15 13 14 12 13 13 11 20 17 25 23 28 27 30 30
 30 30 31 30 31 31 31 31 28 30 26 27 24 25 25 24 30 29 30 31 28 29 25 27
 19 24 17 18 20 17 23 22]"
2024-11-07 13:12:32.750352,"(-90.0, 16.66)","(2538, 2544)","[16 11 19 20 17 18 17 16 20 19 22 22 21 22 17 19 16 17 16 16 14 15 13 13
 12 12 11 11 10 10 11 11 10 11 10 10 12 11 12 12 12 12 11 11 10 10 10 10
 11 10 11 11 11 11 12 12 12 12 11 11 10 10 13 10 16 15 16 16 11 15 14 11
 15 15 15 15 18 17 20 20 20 20 20 20 19 19 27 22 35 33 35 36 40 37 41 41
 42 41 41 42 37 39 33 35 29 31 27 28 22 22 22 22 21 22 20 20 18 19 16 17
 13 14 11 12 14 11 17 16]"
2024-11-07 13:12:46.517515,"(-78.0, 16.66)","(2683, 2545)","[16  9 19 20 17 18 17 16 20 19 22 22 21 22 17 19 16 17 16 16 14 15 13 13
 12 12 11 11 10 10 11 11 10 11 10 10 12 11 12 12 12 12 11 11 10 10 10 10
 11 10 11 11 11 11 12 12 12 12 11 11 10 10 15 10 24 21 27 26 25 26 23 24
 20 22 18 19 17 17 19 19 14 18 13 14 18 13 33 26 41 39 41 42 47 44 50 50
 49 50 45 47 40 43 36 38 30 33 24 25 23 23 22 22 20 21 18 19 16 17 15 16
 13 14 11 12 11 10 16 15]"
2024-11-07 13:13:00.282281,"(-66.0, 16.66)","(2840, 2542)","[16 12 19 20 17 18 17 16 20 19 22 22 21 22 17 19 16 17 16 16 14 15 13 13
 12 12 11 11 10 10 11 11 10 11 10 10 12 11 12 12 12 12 11 11 10 10 10 10
 11 10 11 11 11 11 12 12 12 12 11 11 14 10 21 18 25 25 25 25 22 23 18 20
 16 17 11 11 12 11 13 12 14 15 13 14 15 13 29 23 36 35 49 40 57 54 57 57
 55 56 50 53 44 47 38 41 33 36 28 31 23 24 20 21 17 18 14 16 13 14 12 13
 10 11  9  9 15 12 20 18]"
2024-11-07 13:13:14.043499,"(-54.0, 16.66)","(3008, 2544)","[17 13 20 20 18 19 17 17 20 19 22 22 21 22 17 19 16 17 16 16 14 15 13 13
 12 12 11 11 10 10 11 11 10 11 10 10 12 11 12 12 12 12 11 11 10 10 10 10
 11 10 11 11 11 11 12 12 12 12 11 11 11 10 25 19 29 29 28 29 24 26 20 22
 18 19 16 17 12 15 13 12 14 15 13 14 14 13 31 23 39 37 43 41 46 45 47 45
 50 50 48 49 45 47 40 43 34 38 26 30 21 23 18 20 16 17 13 14 12 13 10 11
  9  9 16 14 19 18 19 19]"
2024-11-07 13:13:27.809094,"(-42.0, 16.66)","(3082, 2544)","[17 14 19 20 17 18 17 16 20 19 22 22 21 22 17 19 16 17 16 16 14 15 13 13
 12 12 11 11 10 10 11 11 10 11 10 10 12 11 12 12 12 12 11 11 10 10 10 10
 11 10 11 11 11 11 12 12 12 12 11 11 16 10 30 25 34 34 33 34 26 29 21 23
 18 19 16 17 12 12 13 12 14 15 13 14 12 13 19 16 24 21 39 30 48 45 46 47
 42 43 42 42 39 40 34 37 29 32 23 26 18 20 15 16 13 14 12 12 12 12 11 11
 15 10 23 19 25 24 24 25]"
2024-11-07 13:13:41.572863,"(-30.0, 16.66)","(3179, 2543)","[16 11 19 20 17 18 17 16 20 19 22 22 21 22 17 19 16 17 16 16 14 15 13 13
 12 12 11 11 10 10 11 11 10 11 10 10 12 11 12 12 12 12 11 11 10 10 10 10
 11 10 11 11 11 11 12 12 12 12 11 11 10 10  9 10 13  9 13 13 11 11 10 11
  9  9  9  9 12 11 13 12 14 15 13 14 15 13 17 16 17 17 23 19 37 30 42 41
 42 42 39 40 34 36 29 31 23 26 17 17 16 17 13 14 12 12 11 11 11 11 10 10
 10 10 10 10 10 10 10 10]"
2024-11-07 13:13:55.337080,"(-18.0, 16.66)","(3261, 2545)","[16  8 19 20 17 18 17 16 20 19 22 22 21 22 17 19 16 17 16 16 14 15 13 13
 12 12 11 11 10 10 11 11 10 11 10 10 12 11 12 12 12 12 11 11 10 10 10 10
 11 10 11 11 11 11 12 12 12 12 11 11 10 10  9 10 14  9 14 14 11 11 10 11
  9  9  9  9 12 11 13 12 14 15 13 14 12 13 11 11 15 10 29 20 43 37 49 47
 49 50 45 47 38 42 33 36 28 30 24 26 19 19 17 18 15 16 14 14 12 13 11 11
  9 10  8  8  9  9  9  9]"
2024-11-07 13:14:09.099481,"(-6.0, 16.66)","(3338, 2543)","[16  6 19 20 17 18 17 16 20 19 22 22 21 22 17 19 16 17 16 16 14 15 13 13
 12 12 11 11 10 10 11 11 10 11 10 10 12 11 12 12 12 12 11 11 10 10 10 10
 11 10 11 11 11 11 12 12 12 12 11 11 10 10  9 10  9  9 10  9 11 11 10 11
  9  9 14 13 12 15 13 12 14 15 13 14 12 13 11 11 14 10 29 19 44 37 50 48
 50 51 46 49 40 43 34 37 29 32 23 26 19 19 17 18 15 16 13 14 11 12  9 10
  9  9  9  9  9  9  9  9]"
2024-11-07 13:14:22.863817,"(6.0, 16.66)","(3417, 2542)","[16  9 19 20 17 18 17 16 20 19 22 22 21 22 17 19 16 17 16 16 14 15 13 13
 12 12 11 11 10 10 11 11 10 11 10 10 12 11 12 12 12 12 11 11 10 10 10 10
 11 10 11 11 11 11 12 12 12 12 11 11 10 10  9 10  9  9 10  9 11 11 10 11
 14  9 27 20 33 31 32 33 30 31 28 29 25 26 20 22 18 19 32 22 46 40 50 49
 49 50 41 46 36 39 31 34 26 28 21 22 19 20 16 17 14 15 12 13 11 11 10 10
  9  9  9  9  9  9  9  9]"
2024-11-07 13:14:36.629421,"(18.0, 16.66)","(3503, 2542)","[16  1 19 20 17 18 17 16 20 19 22 22 21 22 17 19 16 17 16 16 14 15 13 13
 12 12 11 11 10 10 11 11 10 11 10 10 12 11 12 12 12 12 11 11 10 10 10 10
 11 10 11 11 11 11 12 12 12 12 11 11 10 10  9 10  9  9 10  9 11 11 10 11
 22  9 36 30 42 40 41 42 38 40 35 37 31 34 25 28 21 23 26 22 36 31 39 39
 38 39 34 37 28 31 21 25 19 20 17 18 15 16 13 14 11 12 10 11  8  9  8  8
  8  8  8  8  9  9  9  9]"
2024-11-07 13:14:50.393447,"(30.0, 16.66)","(3599, 2543)","[16 11 19 20 17 18 17 16 20 19 22 22 21 22 17 19 16 17 16 16 14 15 13 13
 12 12 11 11 10 10 11 11 10 11 10 10 12 11 12 12 12 12 11 11 10 10 10 10
 11 10 11 11 11 11 12 12 12 12 11 11 10 10  9 10  9  9 10  9 11 11 10 11
 23  9 40 33 45 43 44 45 39 42 33 36 30 32 25 28 22 22 29 24 33 31 31 32
 29 29 28 29 25 27 19 22 17 18 15 16 15 15 14 15 13 14 12 13 11 12 10 10
  9 10  9  9  9  9  9  9]"
2024-11-07 13:15:04.155278,"(42.0, 16.66)","(3722, 2543)","[16  7 19 20 17 18 17 16 20 19 22 22 21 22 17 19 16 17 16 16 14 15 13 13
 12 12 11 11 10 10 11 11 10 11 10 10 12 11 12 12 12 12 11 11 10 10 10 10
 11 10 11 11 11 11 12 12 12 12 11 11 10 10  9 10  9  9 10  9 11 11 10 11
 18  9 33 25 38 36 36 38 31 32 29 30 26 28 23 25 21 22 22 21 26 24 26 26
 24 24 22 23 17 21 16 16 14 15 14 14 14 14 14 14 13 14 11 12 10 10  9  9
  9  9  9  9  9  9  9  9]"
2024-11-07 13:15:17.916327,"(54.0, 16.66)","(3867, 2544)","[16  8 19 20 17 18 17 16 20 19 22 22 21 22 17 19 16 17 16 16 14 15 13 13
 12 12 11 11 10 10 11 11 10 11 10 10 12 11 12 12 12 12 11 11 10 10 10 10
 11 10 11 11 11 11 12 12 12 12 11 11 10 10  9 10  9  9 10  9 11 11 10 11
 20  9 36 28 44 41 46 46 44 46 40 43 37 39 34 35 32 33 34 33 36 35 35 36
 34 35 31 33 23 29 21 22 19 20 17 18 15 16 13 14 12 13 11 12 10 11  8  9
  7  8  8  7  9  9  9  9]"
2024-11-07 13:15:31.678960,"(66.0, 16.66)","(4058, 2542)","[17 13 19 20 17 18 17 16 20 19 22 22 21 22 17 19 16 17 16 16 14 15 13 13
 12 12 11 11 10 10 11 11 10 11 10 10 12 11 12 12 12 12 11 11 10 10 10 10
 11 10 11 11 11 11 12 12 12 12 11 11 10 10  9 10  9  9 10  9 11 11 10 11
 15  9 26 19 34 30 36 35 34 36 29 32 27 28 23 25 22 22 30 24 35 33 35 36
 34 35 30 32 19 27 18 19 16 17 14 15 12 13 11 11 11 12 10 11  8  9  7  8
  7  7  8  7  9  9  9  9]"
2024-11-07 13:15:45.444540,"(78.0, 16.66)","(186, 2542)","[16  9 19 20 17 18 17 16 20 19 22 22 21 22 17 19 16 17 16 16 14 15 13 13
 12 12 11 11 10 10 11 11 10 11 10 10 12 11 12 12 12 12 11 11 10 10 10 10
 11 10 11 11 11 11 12 12 12 12 11 11 10 10  9 10  9  9 10  9 11 11 10 11
  9  9 15 13 12 15 13 12 14 15 13 14 16 13 15 16 14 14 20 16 28 25 31 30
 29 31 26 28 23 25 19 21 14 17 13 13 12 12 11 11 11 12 10 11  8  9  7  8
  7  7  8  7  9  9  9  9]"
2024-11-07 13:15:59.209833,"(90.0, 16.66)","(416, 2542)","[17 14 19 20 17 18 17 16 20 19 22 22 21 22 17 19 16 17 16 16 14 15 13 13
 12 12 11 11 10 10 11 11 10 11 10 10 12 11 12 12 12 12 11 11 10 10 10 10
 11 10 11 11 11 11 12 12 12 12 11 11 10 10  9 10  9  9 10  9 11 11 12 11
 25 17 35 31 36 36 34 36 31 31 39 33 44 42 42 43 38 41 33 35 32 32 33 33
 32 33 28 30 22 26 21 21 20 21 19 19 16 17 15 15 13 14 12 13 10 11  9 10
  7  8  8  7  9  9  9  9]"
2024-11-07 13:16:34.792533,"(-78.0, -16.66)","(2687, 2922)","[16  4 19 20 17 18 17 16 20 19 22 22 21 22 17 19 16 17 16 16 14 15 13 13
 12 12 11 11 10 10 11 11 10 11 10 10 12 11 12 12 12 12 11 11 21 16 23 23
 22 23 20 21 19 20 12 18 12 12 11 11 10 10  9 10  9  9 10  9 11 11 14 11
 16 17 34 21 45 40 46 46 45 46 42 43 41 41 45 44 44 45 41 43 37 39 40 38
 42 42 39 41 35 37 32 33 26 31 26 26 24 25 22 23 20 20 19 19 17 18 15 16
 13 14 12 12 12 12 11 12]"
2024-11-07 13:16:48.559248,"(-66.0, -16.66)","(2852, 2923)","[16  7 19 20 17 18 17 16 20 19 22 22 21 22 17 19 16 17 16 16 14 15 13 13
 12 12 11 11 10 10 11 11 10 11 10 10 12 11 12 12 12 12 11 11 20 16 23 22
 21 22 17 19 11 16 12 12 12 12 11 11 10 10  9 10  9  9 10  9 11 11 11 11
 22 14 35 29 38 37 37 38 34 36 29 31 30 29 34 33 33 34 30 32 28 28 34 31
 37 37 36 37 33 35 28 31 21 25 19 20 17 18 14 16 13 13 11 12 10 11  9 10
  8  9  8  8  9  9  9  9]"
2024-11-07 13:17:02.323945,"(-54.0, -16.66)","(2983, 2922)","[16  9 19 20 17 18 17 16 20 19 22 22 21 22 17 19 16 17 16 16 14 15 13 13
 12 12 11 11 10 10 11 11 10 11 10 10 12 11 12 12 12 12 11 11 10 10 10 10
 11 10 11 11 11 11 12 12 12 12 11 11 10 10  9 10  9  9 10  9 11 11 10 11
  9  9  9  9 12 11 13 12 14 15 23 19 28 26 26 27 22 23 21 22 32 26 38 36
 37 38 32 35 27 30 23 25 17 21 16 17 14 15 12 13 11 12 10 11  9 10  8  9
  8  8  8  8  9  9  9  9]"
2024-11-07 13:17:16.087504,"(-42.0, -16.66)","(3089, 2922)","[16 10 19 20 17 18 17 16 20 19 22 22 21 22 17 19 16 17 16 16 14 15 13 13
 12 12 11 11 10 10 11 11 10 11 10 10 12 11 12 12 12 12 11 11 10 10 10 10
 11 10 11 11 11 11 12 12 12 12 11 11 10 10  9 10  9  9 10  9 11 11 10 11
  9  9  9  9 12 11 13 12 14 15 13 14 17 15 21 18 26 24 27 27 31 29 32 31
 32 32 28 31 25 26 21 23 15 19 14 15 13 14 12 12 11 12 10 11 10 10  8  9
  7  8  8  7  9  9  9  9]"
2024-11-07 13:17:29.851951,"(-30.0, -16.66)","(3178, 2923)","[16 10 19 20 17 18 17 16 20 19 22 22 21 22 17 19 16 17 16 16 14 15 13 13
 12 12 11 11 10 10 11 11 10 11 10 10 12 11 12 12 12 12 11 11 10 10 10 10
 11 10 11 11 11 11 12 12 12 12 11 11 10 10  9 10  9  9 10  9 11 11 10 11
 12  9 18 16 19 19 17 18 14 16 13 14 13 13 20 16 27 25 29 29 30 29 36 33
 37 37 34 36 30 32 27 28 26 26 24 25 18 23 17 18 16 17 14 15 13 13 12 12
 11 11 10 10  9 10  9  9]"
2024-11-07 13:17:43.615842,"(-18.0, -16.66)","(3238, 2920)","[17 14 19 20 17 18 17 16 20 19 22 22 21 22 17 19 16 17 16 16 14 15 13 13
 12 12 11 11 10 10 11 11 10 11 10 10 12 11 12 12 12 12 11 11 10 10 10 10
 11 10 11 11 11 11 12 12 12 12 11 11 10 10  9 10  9  9 10  9 11 11 10 11
  9  9  9  9 12 11 13 12 14 15 13 14 14 13 20 18 23 21 28 25 27 28 27 26
 34 29 36 37 30 34 26 28 23 24 22 23 16 20 15 15 14 14 14 14 12 13 11 12
 10 10  9  9  9  9  9  9]"
2024-11-07 13:17:57.380567,"(-6.0, -16.66)","(3309, 2921)","[16 13 19 20 17 18 17 16 20 19 22 22 21 22 17 19 16 17 16 16 14 15 13 13
 12 12 11 11 10 10 11 11 10 11 10 10 12 11 12 12 12 12 11 11 10 10 10 10
 11 10 11 11 11 11 12 12 12 12 11 11 10 10  9 10  9  9 10  9 14 11 18 17
 17 18 16 17 12 15 13 12 17 15 24 21 26 25 26 26 27 26 27 27 28 26 41 36
 46 45 45 46 40 42 36 38 33 35 31 32 27 29 21 25 18 20 16 17 14 15 12 13
 11 11  9 10  9  9  9  9]"
2024-11-07 13:18:11.145475,"(6.0, -16.66)","(3390, 2922)","[16  9 19 20 17 18 17 16 20 19 22 22 21 22 17 19 16 17 16 16 14 15 13 13
 12 12 11 11 10 10 11 11 10 11 10 10 12 11 12 12 12 12 11 11 10 10 10 10
 11 10 11 11 11 11 12 12 12 12 11 11 10 10  9 10  9  9 10  9 22 16 27 25
 27 27 28 27 32 30 38 35 44 42 45 45 44 45 43 44 39 41 33 36 31 32 36 33
 39 38 38 39 34 36 31 33 25 30 24 25 24 24 23 23 21 23 19 20 17 18 17 17
 23 17 25 24 24 25 18 23]"
2024-11-07 13:18:24.906354,"(18.0, -16.66)","(3473, 2922)","[16 11 19 20 17 18 17 16 20 19 22 22 21 22 17 19 16 17 16 16 14 15 13 13
 12 12 11 11 10 10 11 11 10 11 10 10 12 11 12 12 12 12 11 11 10 10 10 10
 11 10 11 11 11 11 12 12 12 12 11 11 10 10  9 10  9  9 10  9 11 11 10 11
  9  9 21 15 34 27 45 40 48 49 46 48 43 44 41 42 36 39 32 34 32 32 32 32
 31 30 31 31 28 30 22 27 22 22 20 21 19 19 23 19 24 24 19 19 24 19 26 25
 29 27 36 32 36 37 33 35]"
2024-11-07 13:18:38.667875,"(30.0, -16.66)","(3568, 2922)","[16 11 19 20 17 18 17 16 20 19 22 22 21 22 17 19 16 17 16 16 14 15 13 13
 12 12 11 11 10 10 11 11 10 11 10 10 12 11 12 12 12 12 11 11 10 10 10 10
 11 10 11 11 11 11 12 12 12 12 11 11 10 10  9 10  9  9 10  9 11 11 10 11
  9  9 20 15 23 22 26 22 37 31 44 42 44 45 42 44 37 39 35 35 33 34 31 33
 31 28 35 33 33 34 30 31 26 28 22 22 22 22 22 22 22 22 22 22 22 22 21 21
 20 20 30 26 30 31 26 28]"
2024-11-07 13:18:52.433699,"(42.0, -16.66)","(3677, 2923)","[16  6 19 20 17 18 17 16 20 19 22 22 21 22 17 19 16 17 16 16 14 15 13 13
 12 12 11 11 10 10 11 11 10 11 10 10 12 11 12 12 12 12 11 11 10 10 10 10
 11 10 11 11 11 11 12 12 12 12 11 11 10 10  9 10  9  9 10  9 11 11 10 11
 15  9 21 17 24 23 26 24 36 31 43 40 44 44 43 43 41 42 38 39 37 37 36 37
 34 34 35 34 32 33 30 31 28 30 23 23 22 23 22 22 21 22 21 21 21 21 21 21
 21 21 20 21 19 20 19 19]"
2024-11-07 13:19:06.199147,"(54.0, -16.66)","(3819, 2923)","[16 11 19 20 17 18 17 16 20 19 22 22 21 22 17 19 16 17 16 16 14 15 13 13
 12 12 11 11 10 10 11 11 10 11 10 10 12 11 12 12 12 12 11 11 10 10 10 10
 11 10 11 11 11 11 12 12 12 12 11 11 10 10  9 10  9  9 10  9 11 11 13 11
 17 15 20 18 21 21 19 20 14 17 24 18 31 28 32 32 31 32 30 30 35 33 34 35
 35 32 39 37 39 39 37 38 34 35 31 32 29 30 27 28 22 26 21 22 21 21 21 21
 20 20 18 19 16 17 15 16]"
2024-11-07 13:19:19.967165,"(66.0, -16.66)","(4001, 2921)","[16  6 19 20 17 18 17 16 20 19 22 22 21 22 17 19 16 17 16 16 14 15 13 13
 12 12 11 11 10 10 11 11 10 11 10 10 12 11 12 12 12 12 11 11 10 10 10 10
 11 10 11 11 11 11 12 12 12 12 11 11 10 10  9 10  9  9 10  9 11 11 14 11
 20 16 22 23 19 21 18 19 14 18 13 14 12 13 16 11 24 19 30 27 30 31 33 29
 43 39 46 46 44 45 40 42 35 37 32 34 29 30 27 28 22 26 27 26 27 27 22 27
 21 22 18 20 15 17 14 15]"
2024-11-07 13:19:33.729175,"(78.0, -16.66)","(118, 2922)","[17 13 19 20 17 18 17 16 20 19 22 22 21 22 17 19 16 17 16 16 14 15 13 13
 12 12 11 11 10 10 11 11 10 11 10 10 12 11 12 12 12 12 11 11 10 10 10 10
 11 10 11 11 11 11 12 12 12 12 11 11 10 10  9 10  9  9 10  9 11 11 14 11
 24 20 27 27 26 27 23 24 22 22 22 22 22 22 22 22 20 21 22 20 26 24 33 29
 42 39 43 43 41 42 37 39 33 35 29 31 27 28 26 26 27 27 22 22 22 22 21 22
 19 21 16 18 14 15 13 14]"
2024-11-07 13:20:09.314373,"(-90.0, 20.0)","(2422, 2506)","[16 12 19 20 17 18 17 16 20 19 22 22 21 22 17 19 16 17 16 16 14 15 13 13
 12 12 11 11 10 10 11 11 10 11 10 10 12 11 12 12 12 12 11 11 10 10 10 10
 11 10 11 11 11 11 12 12 12 12 11 11 10 10 13 10 26 21 31 29 30 31 26 29
 22 24 25 22 34 30 35 35 32 34 28 30 26 27 25 25 29 27 30 30 27 28 32 30
 34 34 33 34 30 32 28 29 21 26 21 21 20 20 17 18 14 16 12 13 10 11  9 10
  8  9  8  8  9  9  9  9]"
2024-11-07 13:20:22.878831,"(-80.0, 20.0)","(2594, 2509)","[16  9 19 20 17 18 17 16 20 19 22 22 21 22 17 19 16 17 16 16 14 15 13 13
 12 12 11 11 10 10 11 11 10 11 10 10 12 11 12 12 12 12 11 11 10 10 10 10
 11 10 11 11 11 11 12 12 12 12 11 11 10 10 19 14 31 27 33 33 31 33 27 29
 24 25 24 24 29 26 30 30 29 29 27 28 24 26 25 24 27 26 31 29 41 36 43 42
 39 42 37 38 34 35 28 31 22 25 19 21 17 18 14 15 12 13 10 11  9 10  9  9
  9  9  8  8  9  9  9  9]"
2024-11-07 13:20:36.439065,"(-70.0, 20.0)","(2741, 2508)","[18 18 19 20 17 18 16 16 20 19 22 22 21 22 17 19 16 17 16 16 14 15 13 13
 12 12 11 11 10 10 11 11 10 11 10 10 12 11 12 12 12 12 11 11 10 10 10 10
 11 10 11 11 11 11 12 12 12 12 11 11 12 10 21 16 33 28 36 36 35 36 29 32
 26 27 25 26 25 25 26 26 26 26 25 26 24 25 29 26 33 33 40 35 52 46 54 53
 52 53 46 49 41 43 35 38 30 33 25 26 22 23 18 20 16 17 13 14 11 12 10 11
  9  9  9  9 12  9 15 15]"
2024-11-07 13:20:50.000089,"(-60.0, 20.0)","(2873, 2507)","[19 19 20 20 18 19 17 17 20 19 22 22 21 22 17 19 16 17 16 16 14 15 13 13
 12 12 11 11 10 10 11 11 10 11 10 10 12 11 12 12 12 12 11 11 10 10 10 10
 11 10 11 11 11 11 12 12 12 12 11 11 12 10 23 18 27 26 25 26 24 25 22 24
 20 21 17 18 12 16 13 12 14 15 19 17 25 22 31 28 40 36 45 43 54 50 55 55
 52 54 47 49 41 44 35 37 29 32 24 25 21 22 18 19 15 17 14 15 13 13 12 12
 11 12 10 11 14 10 17 16]"
2024-11-07 13:21:03.562254,"(-50.0, 20.0)","(2977, 2507)","[16  8 19 20 17 18 17 16 20 19 22 22 21 22 17 19 16 17 16 16 14 15 13 13
 12 12 11 11 10 10 11 11 10 11 10 10 12 11 12 12 12 12 11 11 10 10 10 10
 11 10 11 11 11 11 12 12 12 12 11 11 11 10 25 19 32 30 35 33 34 35 32 33
 26 29 21 23 13 19 14 13 20 15 28 24 29 29 28 28 33 29 37 36 36 37 39 36
 45 45 43 44 39 41 33 35 28 31 22 23 18 20 16 17 14 15 13 14 11 12 10 10
 10 10 10 10 10 10  9  9]"
2024-11-07 13:21:17.125720,"(-40.0, 20.0)","(3070, 2507)","[16  5 19 20 17 18 16 16 20 19 22 22 21 22 17 19 16 17 16 16 14 15 13 13
 12 12 11 11 10 10 11 11 10 11 10 10 12 11 12 12 12 12 11 11 10 10 10 10
 11 10 11 11 11 11 12 12 12 12 11 11 28 18 41 36 45 45 44 45 39 42 33 36
 27 30 22 24 16 16 15 15 14 15 14 14 14 14 21 14 28 26 28 29 37 32 39 39
 39 39 37 38 33 35 27 30 20 24 19 20 17 18 14 15 12 13 11 12 10 10  9  9
  9  9  9  9 15  9 15 15]"
2024-11-07 13:21:30.686074,"(-30.0, 20.0)","(3136, 2508)","[16  5 19 20 17 18 16 16 20 19 22 22 21 22 17 19 16 17 16 16 14 15 13 13
 12 12 11 11 10 10 11 11 10 11 10 10 12 11 12 12 12 12 11 11 10 10 10 10
 11 10 11 11 11 11 12 12 12 12 11 11 24 17 37 32 41 41 39 40 34 37 28 31
 23 25 18 20 14 14 13 13 14 15 13 14 12 13 11 11 16 10 30 21 43 37 46 45
 45 45 41 43 35 38 29 32 23 26 18 19 17 17 15 16 14 14 12 13 11 12 10 11
  9  9  9  9 16 15 16 16]"
2024-11-07 13:21:44.249145,"(-20.0, 20.0)","(3201, 2510)","[16  6 19 20 17 18 16 16 20 19 22 22 21 22 17 19 16 17 16 16 14 15 13 13
 12 12 11 11 10 10 11 11 10 11 10 10 12 11 12 12 12 12 11 11 10 10 10 10
 11 10 11 11 11 11 12 12 12 12 11 11 11 10 20 15 25 24 25 26 24 25 21 23
 18 20 16 17 12 16 13 12 14 15 13 14 16 13 18 17 17 17 29 20 43 37 49 47
 48 49 44 47 35 40 28 32 20 25 18 19 15 16 13 14 11 12 10 11 10 10 10 10
  9 10  9  9 12  9 18 16]"
2024-11-07 13:21:58.826334,"(-10.0, 20.0)","(3264, 2508)","[16  7 19 20 17 18 16 16 20 19 22 22 21 22 17 19 16 17 16 16 14 15 13 13
 12 12 11 11 10 10 11 11 10 11 10 10 12 11 12 12 12 12 11 11 10 10 10 10
 11 10 11 11 11 11 12 12 12 12 11 11 10 10 13 10 15 15 16 15 11 16 10 11
  9  9  9  9 12 11 13 12 14 15 13 14 12 13 16 11 17 17 27 20 44 36 51 49
 52 53 49 51 41 45 33 36 27 30 20 20 17 19 15 16 14 14 12 13 11 12 10 11
  9 10  9  9  9  9  9  9]"
2024-11-07 13:22:12.387528,"(0.0, 20.0)","(3328, 2507)","[16  7 19 20 17 18 16 16 20 19 22 22 21 22 17 19 16 17 16 16 14 15 13 13
 12 12 11 11 10 10 11 11 10 11 10 10 12 11 12 12 12 12 11 11 10 10 10 10
 11 10 11 11 11 11 12 12 12 12 11 11 10 10  9 10  9  9 10  9 11 11 10 11
  9  9  9  9 12 11 13 12 14 15 13 14 12 13 11 11 10 10 23 16 38 31 46 43
 48 48 46 47 40 43 35 37 30 33 25 27 19 23 17 18 15 16 13 14 11 12  9 10
  8  8  8  8  9  9  9  9]"
2024-11-07 13:22:25.947794,"(10.0, 20.0)","(3394, 2506)","[16  6 19 20 17 18 16 16 20 19 22 22 21 22 17 19 16 17 16 16 14 15 13 13
 12 12 11 11 10 10 11 11 10 11 10 10 12 11 12 12 12 12 11 11 10 10 10 10
 11 10 11 11 11 11 12 12 12 12 11 11 10 10  9 10  9  9 10  9 11 11 10 11
  9  9  9  9 12 11 13 12 14 15 13 14 12 13 11 11 10 10 21 15 36 28 47 43
 50 50 49 50 42 45 36 39 30 33 25 27 19 19 17 18 15 17 13 14 11 12 10 10
  9  9  8  8  9  9  9  9]"
2024-11-07 13:22:39.509414,"(20.0, 20.0)","(3458, 2508)","[16  9 19 20 17 18 16 15 20 19 22 22 21 22 17 19 16 17 16 16 14 15 13 13
 12 12 11 11 10 10 11 11 10 11 10 10 12 11 12 12 12 12 11 11 10 10 10 10
 11 10 11 11 11 11 12 12 12 12 11 11 10 10  9 10  9  9 10  9 11 11 10 11
 13  9 14 14 21 17 25 24 25 25 23 24 21 22 17 19 16 16 21 17 34 28 43 40
 44 44 42 43 36 39 30 32 25 27 18 19 16 17 14 15 12 13 10 11  9  9  8  8
  8  8  8  8  9  9  9  9]"
2024-11-07 13:22:53.572312,"(30.0, 20.0)","(3533, 2507)","[16  7 19 20 17 18 16 15 20 19 22 22 21 22 17 19 16 17 16 16 14 15 13 13
 12 12 11 11 10 10 11 11 10 11 10 10 12 11 12 12 12 12 11 11 10 10 10 10
 11 10 11 11 11 11 12 12 12 12 11 11 10 10  9 10  9  9 10  9 11 11 10 11
 14  9 24 18 35 30 38 37 36 37 29 33 24 26 20 22 14 18 14 14 18 14 29 24
 35 35 33 34 29 31 24 27 17 21 15 16 13 14 12 12 11 12 11 11 11 11 10 11
 10 10  9  9  9  9  9  9]"
2024-11-07 13:23:07.136896,"(40.0, 20.0)","(3618, 2507)","[16  4 19 20 17 18 16 15 20 19 22 22 21 22 17 19 16 17 16 16 14 15 13 13
 12 12 11 11 10 10 11 11 10 11 10 10 12 11 12 12 12 12 11 11 10 10 10 10
 11 10 11 11 11 11 12 12 12 12 11 11 10 10  9 10  9  9 10  9 11 11 10 11
 12  9 15 14 34 25 39 38 37 39 32 35 27 29 24 26 20 22 14 14 23 20 26 25
 25 26 23 24 21 22 16 20 14 15 12 13 11 11 11 11 11 12 10 11  8  9  8  8
  8  8  8  8  9  9  9  9]"
2024-11-07 13:23:20.696348,"(50.0, 20.0)","(3719, 2507)","[16 11 19 20 17 18 16 15 20 19 22 22 21 22 17 19 16 17 16 16 14 15 13 13
 12 12 11 11 10 10 11 11 10 11 10 10 12 11 12 12 12 12 11 11 10 10 10 10
 11 10 11 11 11 11 12 12 12 12 11 11 10 10  9 10  9  9 10  9 11 11 10 11
 15  9 21 18 21 21 20 21 21 20 20 21 19 20 20 20 19 19 23 20 24 24 24 24
 22 23 20 21 14 18 14 14 13 14 12 13 11 11 11 11 11 12 10 11  8  9  8  8
  7  7  8  7  9  9  9  9]"
2024-11-07 13:23:34.259766,"(60.0, 20.0)","(3841, 2508)","[16  9 19 20 17 18 16 15 20 19 22 22 21 22 17 19 16 17 16 16 14 15 13 13
 12 12 11 11 10 10 11 11 10 11 10 10 12 11 12 12 12 12 11 11 10 10 10 10
 11 10 11 11 11 11 12 12 12 12 11 11 10 10  9 10  9  9 10  9 11 11 10 11
  9  9 19 14 30 25 34 32 35 35 35 36 33 35 28 31 24 25 21 23 28 24 34 32
 35 35 32 34 27 29 19 24 18 19 16 17 14 15 12 12 11 12 10 11  8  9  7  8
  7  7  8  7  9  9  9  9]"
2024-11-07 13:23:47.820920,"(70.0, 20.0)","(3987, 2508)","[17 13 19 20 17 18 16 15 20 19 22 22 21 22 17 19 16 17 16 16 14 15 13 13
 12 12 11 11 10 10 11 11 10 11 10 10 12 11 12 12 12 12 11 11 10 10 10 10
 11 10 11 11 11 11 12 12 12 12 11 11 10 10  9 10  9  9 10  9 11 11 10 11
  9  9 14 12 19 17 18 19 20 17 21 21 20 20 17 18 16 16 18 16 23 21 29 26
 31 31 30 31 26 29 22 24 19 20 15 15 13 14 12 13 11 12 10 11  9 10  8  8
  7  7  8  7  9  9  9  9]"
2024-11-07 13:24:01.380992,"(80.0, 20.0)","(61, 2507)","[17 13 19 20 17 18 16 15 20 19 22 22 21 22 17 19 16 17 16 16 14 15 13 13
 12 12 11 11 10 10 11 11 10 11 10 10 12 11 12 12 12 12 11 11 10 10 10 10
 11 10 11 11 11 11 12 12 12 12 11 11 10 10  9 10  9  9 10  9 11 11 10 11
  9  9 18 13 26 22 27 27 25 27 21 24 19 20 16 17 11 15 18 15 18 17 32 27
 35 35 33 34 26 29 21 23 15 19 13 14 11 12 11 11 11 12 10 11  9  9  8  9
  7  8  8  8  9  9  9  9]"
2024-11-07 13:24:14.940366,"(90.0, 20.0)","(252, 2509)","[16  9 19 20 16 18 16 15 20 19 22 22 21 22 17 19 16 17 16 16 14 15 13 13
 12 12 11 11 10 10 11 11 10 11 10 10 12 11 12 12 12 12 11 11 10 10 10 10
 11 10 11 11 11 11 12 12 12 12 11 11 10 10  9 10  9  9 10  9 11 11 10 11
  9  9  9  9 12 11 13 12 14 15 13 14 12 13 11 11 15 10 18 17 19 18 26 23
 28 29 27 28 23 25 19 21 13 18 12 13 11 12 11 11 11 12 10 11  8  9  7  8
  7  7  8  8  9  9  9  9]"
2024-11-07 13:24:51.740948,"(-80.0, -20.0)","(2510, 2963)","[16  7 19 20 16 18 16 15 20 19 22 22 21 22 17 19 16 17 16 16 14 15 13 13
 12 12 11 11 10 10 11 11 10 11 10 10 12 11 12 12 12 12 11 11 10 10 10 10
 11 10 11 11 11 11 12 12 12 12 11 11 10 10  9 10  9  9 10  9 11 11 10 11
 19  9 34 27 42 38 43 43 42 43 40 41 38 39 38 38 38 38 36 37 34 35 31 33
 29 30 27 28 22 26 22 22 26 22 28 28 22 27 22 22 19 20 16 17 14 15 13 13
 12 12 10 11 10 10  9  9]"
2024-11-07 13:25:05.301126,"(-70.0, -20.0)","(2677, 2964)","[16  4 19 20 16 18 16 15 20 19 22 22 21 22 17 19 16 17 16 16 14 15 13 13
 12 12 11 11 10 10 11 11 10 11 10 10 12 11 12 12 12 12 11 11 23 18 26 25
 26 26 23 25 20 22 17 18 12 15 11 11 10 10  9 10  9  9 10  9 11 11 10 11
 15  9 30 22 40 35 43 42 41 43 38 40 43 40 49 47 49 49 46 48 41 44 35 37
 37 35 39 39 37 38 35 36 33 34 33 33 27 32 27 27 25 26 23 24 20 21 18 19
 15 16 12 14 11 12  9 10]"
2024-11-07 13:25:18.862783,"(-60.0, -20.0)","(2817, 2963)","[16  8 19 20 16 18 16 15 20 19 22 22 21 22 17 19 16 17 16 16 14 15 13 13
 12 12 11 11 10 10 11 11 10 11 10 10 12 11 12 12 12 12 11 11 24 19 27 26
 26 27 22 24 18 20 12 16 12 12 11 11 10 10  9 10  9  9 10  9 11 11 10 11
  9  9 18 12 29 23 36 33 36 36 32 34 30 31 34 32 35 36 30 33 27 28 30 27
 38 36 39 39 36 37 30 33 26 28 22 22 20 21 18 19 16 17 14 15 12 13 11 12
  9 10  9  9  9  9  9  9]"
2024-11-07 13:25:32.424075,"(-50.0, -20.0)","(2930, 2964)","[16  6 19 20 16 18 16 15 20 19 22 22 21 22 17 19 16 17 16 16 14 15 13 13
 12 12 11 11 10 10 11 11 10 11 10 10 12 11 12 12 12 12 11 11 14 10 16 16
 16 16 11 11 11 11 12 12 12 12 11 11 10 10  9 10  9  9 10  9 11 11 10 11
  9  9  9  9 17 16 19 18 19 20 18 19 26 22 32 30 32 33 30 32 28 29 28 27
 33 31 35 35 33 34 29 31 23 26 18 18 16 17 14 15 12 13 11 11 10 10 10 10
  9 10  9  9  9  9  9  9]"
2024-11-07 13:25:45.983826,"(-40.0, -20.0)","(3026, 2964)","[16  4 19 20 16 18 16 15 20 19 22 22 21 22 17 19 16 17 16 16 14 15 13 13
 12 12 11 11 10 10 11 11 10 11 10 10 12 11 12 12 12 12 11 11 10 10 10 10
 11 10 11 11 11 11 12 12 12 12 11 11 10 10  9 10  9  9 10  9 11 11 10 11
  9  9  9  9 12 11 13 12 14 15 13 14 12 13 16 11 19 17 19 20 18 19 24 19
 35 32 36 36 33 35 27 30 23 25 18 20 14 15 12 12 11 12 10 11  9  9  9  9
  9  9  9  9  9  9  9  9]"
2024-11-07 13:26:00.044851,"(-30.0, -20.0)","(3107, 2964)","[16  5 19 20 16 18 16 15 20 19 22 22 21 22 17 19 16 17 16 16 14 15 13 13
 12 12 11 11 10 10 11 11 10 11 10 10 12 11 12 12 12 12 11 11 10 10 10 10
 11 10 11 11 11 11 12 12 12 12 11 11 10 10  9 10  9  9 10  9 11 11 10 11
  9  9  9  9 12 11 13 12 14 15 13 14 12 13 11 11 10 10 10 10 15 10 29 22
 39 35 41 41 40 41 34 37 28 31 23 25 16 21 15 16 14 14 13 13 13 13 12 12
 11 11  9 10  9  9  9  9]"
2024-11-07 13:26:13.605808,"(-20.0, -20.0)","(3173, 2962)","[16  9 19 20 16 18 16 15 20 19 22 22 21 22 17 19 16 17 16 16 14 15 13 13
 12 12 11 11 10 10 11 11 10 11 10 10 12 11 12 12 12 12 11 11 10 10 10 10
 11 10 11 11 11 11 12 12 12 12 11 11 10 10  9 10  9  9 10  9 11 11 10 11
 13  9 19 16 20 20 18 19 14 17 13 14 12 13 11 11 18 10 26 22 30 29 32 31
 36 34 38 38 35 37 28 31 23 26 17 17 15 16 13 14 11 12 10 11 10 10  9  9
  8  9  8  8  9  9  9  9]"
2024-11-07 13:26:27.167389,"(-10.0, -20.0)","(3229, 2965)","[16  8 19 20 16 18 16 15 20 19 22 22 21 22 17 19 16 17 16 16 14 15 13 13
 12 12 11 11 10 10 11 11 10 11 10 10 12 11 12 12 12 12 11 11 10 10 10 10
 11 10 11 11 11 11 12 12 12 12 11 11 10 10  9 10  9  9 10  9 11 11 10 11
  9  9 18 15 18 18 13 16 14 15 13 14 12 13 16 11 22 20 29 24 35 32 40 37
 45 44 45 46 41 44 35 38 30 32 26 28 20 24 19 19 16 18 14 15 12 13 10 11
  8  9  8  8  9  9  9  9]"
2024-11-07 13:26:40.728255,"(0.0, -20.0)","(3292, 2965)","[16  9 19 20 16 18 16 15 20 19 22 22 21 22 17 19 16 17 16 16 14 15 13 13
 12 12 11 11 10 10 11 11 10 11 10 10 12 11 12 12 12 12 11 11 10 10 10 10
 11 10 11 11 11 11 12 12 12 12 11 11 10 10  9 10  9  9 10  9 11 11 10 11
  9  9  9  9 12 11 13 12 14 15 13 14 12 13 15 11 18 17 18 18 24 21 28 27
 29 27 34 31 34 34 30 32 25 28 20 23 15 15 14 15 12 13 11 12  9 10  8  8
  7  7  8  7  9  9  9  9]"
2024-11-07 13:26:54.287842,"(10.0, -20.0)","(3357, 2965)","[16 10 19 20 16 18 16 15 20 19 22 22 21 22 17 19 16 17 16 16 14 15 13 13
 12 12 11 11 10 10 11 11 10 11 10 10 12 11 12 12 12 12 11 11 10 10 10 10
 11 10 11 11 11 11 12 12 12 12 11 11 10 10  9 10  9  9 10  9 19 16 22 20
 24 23 26 25 26 26 26 26 26 27 26 26 22 24 22 22 22 22 22 22 20 21 24 21
 33 28 37 36 36 37 31 33 26 29 19 19 17 18 16 17 15 16 13 14 12 13 11 12
 10 11  9  9  9  9  9  9]"
2024-11-07 13:27:07.848970,"(20.0, -20.0)","(3425, 2965)","[16 10 19 20 16 18 16 15 20 19 22 22 21 22 17 19 16 17 16 16 14 15 13 13
 12 12 11 11 10 10 11 11 10 11 10 10 12 11 12 12 12 12 11 11 10 10 10 10
 16 10 20 19 20 20 18 19 12 17 11 11 10 10  9 10  9  9 10  9 21 15 27 25
 26 27 31 27 44 37 52 49 55 55 55 55 51 53 44 47 42 43 40 41 37 38 35 36
 34 35 33 33 33 33 27 32 26 27 24 25 21 22 21 21 19 20 17 18 15 16 15 15
 15 15 15 15 16 14 24 20]"
2024-11-07 13:27:21.408974,"(30.0, -20.0)","(3497, 2965)","[16 10 19 20 16 18 16 15 20 19 22 22 21 22 17 19 16 17 16 16 14 15 13 13
 12 12 11 11 10 10 11 11 10 11 10 10 12 11 12 12 12 12 11 11 10 10 10 10
 18 10 22 21 20 21 17 19 12 16 11 11 10 10  9 10  9  9 10  9 11 11 15 11
 17 17 19 17 35 26 48 42 53 52 52 53 48 51 42 45 37 40 32 34 30 30 31 30
 34 33 36 36 36 36 34 35 29 31 25 25 24 25 23 24 21 22 19 20 17 18 16 17
 16 16 21 18 22 22 24 23]"
2024-11-07 13:27:35.986640,"(40.0, -20.0)","(3577, 2963)","[16 12 19 20 16 18 16 15 20 19 22 22 21 22 17 19 16 17 16 16 14 15 13 13
 12 12 11 11 10 10 11 11 10 11 10 10 12 11 12 12 12 12 11 11 10 10 10 10
 11 10 18 17 17 18 12 15 12 12 11 11 10 10  9 10  9  9 10  9 11 11 15 11
 14 14 15 14 20 17 40 32 49 47 51 51 49 50 44 47 37 42 33 34 31 32 31 31
 31 31 31 31 32 32 31 32 28 30 24 24 22 23 20 21 17 19 15 16 14 14 14 14
 14 14 14 14 14 14 17 13]"
2024-11-07 13:27:49.546441,"(50.0, -20.0)","(3670, 2964)","[16  7 19 20 16 18 16 15 20 19 22 22 21 22 17 19 16 17 16 16 14 15 13 13
 12 12 11 11 10 10 11 11 10 11 10 10 12 11 12 12 12 12 11 11 10 10 10 10
 11 10 11 11 11 11 12 12 12 12 11 11 10 10  9 10  9  9 10  9 11 11 17 11
 28 21 39 34 43 41 42 42 41 41 39 40 35 37 32 33 31 31 30 30 30 30 29 29
 29 29 31 30 34 33 34 34 34 34 34 35 33 34 32 33 30 31 25 25 25 25 25 25
 25 25 25 25 24 25 23 24]"
2024-11-07 13:28:03.104962,"(60.0, -20.0)","(3781, 2965)","[16  7 19 20 16 18 16 15 20 19 22 22 21 22 17 19 16 17 16 16 14 15 13 13
 12 12 11 11 10 10 11 11 10 11 10 10 12 11 12 12 12 12 11 11 10 10 10 10
 11 10 11 11 11 11 12 12 12 12 11 11 10 10  9 10  9  9 10  9 20 14 25 23
 31 27 40 35 43 42 41 42 38 40 31 35 26 28 23 24 17 21 17 17 22 17 31 25
 41 37 44 43 44 44 43 44 41 42 36 39 31 33 25 29 25 25 23 24 21 22 19 20
 19 19 18 18 16 17 16 16]"
2024-11-07 13:28:16.663011,"(70.0, -20.0)","(3917, 2963)","[16  4 19 20 16 18 16 15 20 19 22 22 21 22 17 19 16 17 16 16 14 15 13 13
 12 12 11 11 10 10 11 11 10 11 10 10 12 11 12 12 12 12 11 11 10 10 10 10
 11 10 11 11 11 11 12 12 12 12 11 11 10 10  9 10  9  9 10  9 11 11 10 11
  9  9  9  9 12 11 13 12 20 15 23 23 23 23 21 22 20 20 27 22 32 30 37 34
 46 42 50 48 49 49 45 47 37 42 29 33 22 27 22 22 22 22 21 22 20 21 18 19
 15 17 13 14 13 13 13 13]"
2024-11-07 13:28:30.221399,"(80.0, -20.0)","(4081, 2963)","[16 10 19 20 16 18 16 15 20 19 22 22 21 22 17 19 16 17 16 16 14 15 13 13
 12 12 11 11 10 10 11 11 10 11 10 10 12 11 12 12 12 12 11 11 10 10 10 10
 11 10 11 11 11 11 12 12 12 12 11 11 10 10  9 10  9  9 10  9 11 11 16 11
 25 21 28 27 28 28 25 27 24 24 30 25 36 34 36 36 35 35 37 35 36 37 34 34
 36 35 40 38 40 40 37 39 32 35 28 29 23 24 23 23 22 22 21 22 20 21 19 20
 16 18 14 15 11 13  9 10]"
2024-11-07 13:29:06.006564,"(-90.0, 23.33)","(2264, 2476)","[16 10 19 20 16 18 16 15 20 19 22 22 21 22 17 19 16 17 16 16 14 15 13 13
 12 12 11 11 10 10 11 11 10 11 10 10 12 11 12 12 12 12 11 11 10 10 10 10
 11 10 11 11 11 11 12 12 12 12 11 11 10 10  9 10 16  9 23 21 23 24 21 22
 18 19 21 19 28 25 32 31 31 32 29 30 26 27 28 25 36 32 39 38 38 39 36 37
 34 34 32 33 29 31 27 28 22 25 21 21 19 20 17 18 15 16 13 14 12 13 11 11
 10 10  9  9  9  9  9  9]"
2024-11-07 13:29:19.365439,"(-81.42, 23.33)","(2420, 2476)","[16 10 19 20 16 18 16 15 20 19 22 22 21 22 17 19 16 17 16 16 14 15 13 13
 12 12 11 11 10 10 11 11 10 11 10 10 12 11 12 12 12 12 11 11 10 10 10 10
 11 10 11 11 11 11 12 12 12 12 11 11 10 10 15 10 22 19 23 24 22 23 22 22
 21 22 29 23 38 34 40 40 38 39 33 36 29 31 28 28 29 28 31 30 30 31 28 29
 28 28 27 28 20 26 20 20 20 20 20 20 18 19 16 17 14 15 13 13 12 12 11 12
 10 11  9 10  9  9  9  9]"
2024-11-07 13:29:32.723860,"(-72.85, 23.33)","(2570, 2479)","[16  7 19 20 16 18 16 15 20 19 22 22 21 22 17 19 16 17 16 16 14 15 13 13
 12 12 11 11 10 10 11 11 10 11 10 10 12 11 12 12 12 12 11 11 10 10 10 10
 11 10 11 11 11 11 12 12 12 12 11 11 10 10 17 10 29 24 33 32 33 33 30 31
 29 29 28 28 36 32 37 37 34 36 29 32 24 26 29 26 33 33 32 33 31 31 30 31
 30 29 30 31 22 28 21 21 18 20 16 17 14 15 13 13 11 12 10 11 10 10  9 10
  9  9  9  9  9  9  9  9]"
2024-11-07 13:29:46.079439,"(-64.28, 23.33)","(2700, 2476)","[16  7 19 20 16 18 16 15 20 19 22 22 21 22 17 19 16 17 16 16 14 15 13 13
 12 12 11 11 10 10 11 11 10 11 10 10 12 11 12 12 12 12 11 11 10 10 10 10
 11 10 11 11 11 11 12 12 12 12 11 11 11 10 26 18 38 34 42 41 41 42 37 39
 36 37 35 36 37 36 39 39 36 38 31 34 26 29 20 23 24 20 36 29 44 41 44 44
 42 43 40 41 37 39 33 35 26 30 24 25 21 22 18 19 15 16 13 14 11 12 10 11
 10 10  9  9  9  9  9  9]"
2024-11-07 13:29:59.441417,"(-55.71, 23.33)","(2815, 2476)","[16  5 19 20 16 18 16 15 20 19 22 22 21 22 17 19 16 17 16 16 14 15 13 13
 12 12 11 11 10 10 11 11 10 11 10 10 12 11 12 12 12 12 11 11 10 10 10 10
 11 10 11 11 11 11 12 12 12 12 11 11 18 13 32 26 36 36 35 36 33 34 29 31
 26 27 22 24 22 22 20 21 20 20 18 19 14 15 14 14 23 13 40 32 48 45 47 48
 43 46 38 40 35 37 31 33 26 29 21 22 17 19 14 16 12 13 10 11 10 10 10 10
 10 10 10 10  9 10 10  9]"
2024-11-07 13:30:12.798153,"(-47.14, 23.33)","(2915, 2477)","[16  6 19 20 16 18 16 15 20 19 22 22 21 22 17 19 16 17 16 16 14 15 13 13
 12 12 11 11 10 10 11 11 10 11 10 10 12 11 12 12 12 12 11 11 10 10 10 10
 11 10 11 11 11 11 12 12 12 12 11 11 17 12 30 24 35 34 35 36 33 34 30 31
 29 29 28 28 27 28 26 26 25 25 24 25 24 24 23 24 27 23 35 31 38 37 37 37
 39 38 38 39 36 37 33 35 28 31 22 23 20 21 17 19 15 16 13 14 12 12 10 11
  8  9  8  8  9  9  9  9]"
2024-11-07 13:30:27.174416,"(-38.57, 23.33)","(2994, 2476)","[16  8 19 20 16 18 16 15 20 19 22 22 21 22 17 19 16 17 16 16 14 15 13 13
 12 12 11 11 10 10 11 11 10 11 10 10 12 11 12 12 12 12 11 11 10 10 10 10
 11 10 11 11 11 11 12 12 12 12 11 11 18 12 32 26 37 36 36 37 33 34 30 31
 27 28 26 26 24 25 23 23 26 22 31 28 31 31 28 29 28 27 29 29 28 28 27 27
 32 27 37 36 37 37 34 36 28 31 21 22 19 20 17 18 15 16 14 15 14 14 14 14
 13 14 12 13 11 12 10 10]"
2024-11-07 13:30:40.538271,"(-30.0, 23.33)","(3072, 2478)","[16 10 19 20 16 18 16 15 20 19 22 22 21 22 17 19 16 17 16 16 14 15 13 13
 12 12 11 11 10 10 11 11 10 11 10 10 12 11 12 12 12 12 11 11 10 10 10 10
 11 10 11 11 11 11 12 12 12 12 11 11 20 14 33 28 38 37 36 37 31 34 27 29
 23 25 20 21 20 20 19 19 22 19 27 24 28 28 26 27 23 24 27 23 36 32 40 38
 42 42 42 42 38 40 30 34 23 28 21 22 20 21 19 19 17 18 16 17 16 16 16 16
 16 16 17 17 15 16 14 15]"
2024-11-07 13:30:53.897572,"(-21.42, 23.33)","(3125, 2477)","[16 12 19 20 16 18 16 15 20 19 22 22 21 22 17 19 16 17 16 16 14 15 13 13
 12 12 11 11 10 10 11 11 10 11 10 10 12 11 12 12 12 12 11 11 10 10 10 10
 11 10 11 11 11 11 12 12 12 12 11 11 18 13 31 26 36 36 35 36 29 32 24 27
 20 22 17 19 13 13 14 13 14 15 13 14 22 19 22 22 21 21 32 24 43 38 45 44
 43 44 41 42 36 39 29 32 21 25 19 20 17 18 15 16 13 14 11 12 11 11 11 11
 11 11 11 11 11 11 10 11]"
2024-11-07 13:31:08.271826,"(-12.85, 23.33)","(3177, 2475)","[16 11 19 20 16 18 16 15 20 19 22 22 21 22 17 19 16 17 16 16 14 15 13 13
 12 12 11 11 10 10 11 11 10 11 10 10 12 11 12 12 12 12 11 11 10 10 10 10
 11 10 11 11 11 11 12 12 12 12 11 11 12 10 22 17 30 28 30 31 28 29 23 26
 19 21 17 18 12 12 13 12 14 15 13 14 27 22 29 28 26 28 27 26 38 32 43 41
 43 43 39 42 34 37 29 31 24 27 19 20 17 18 14 16 12 13 10 11  9  9  8  8
  8  8 13 11 16 15 17 17]"
2024-11-07 13:31:21.634319,"(-4.28, 23.33)","(3235, 2474)","[16 10 19 20 16 18 16 15 20 19 22 22 21 22 17 19 16 17 16 16 14 15 13 13
 12 12 11 11 10 10 11 11 10 11 10 10 12 11 12 12 12 12 11 11 10 10 10 10
 11 10 11 11 11 11 12 12 12 12 11 11 10 10 15 10 27 23 30 29 28 29 24 26
 19 21 15 17 12 11 13 12 14 15 19 14 28 24 30 29 27 29 25 25 35 29 43 40
 44 45 41 43 36 38 31 33 26 28 20 21 17 18 14 15 12 13 10 11  9  9  8  9
  7  8  8  7 19 14 22 21]"
2024-11-07 13:31:34.993026,"(4.28, 23.33)","(3286, 2477)","[17 13 19 20 16 18 16 15 20 19 22 22 21 22 17 19 16 17 16 16 14 15 13 13
 12 12 11 11 10 10 11 11 10 11 10 10 12 11 12 12 12 12 11 11 10 10 10 10
 11 10 11 11 11 11 12 12 12 12 11 11 10 10 13 10 22 19 22 23 20 22 18 19
 15 17 13 14 12 11 13 12 14 15 13 14 12 13 11 11 10 10 10 10 21 16 32 27
 39 37 39 39 35 37 31 33 26 29 21 24 15 16 14 15 12 13 11 12 11 11 10 10
  9  9  8  8 12  9 16 15]"
2024-11-07 13:31:49.367302,"(12.85, 23.33)","(3341, 2476)","[16 11 19 20 16 18 16 15 20 19 22 22 21 22 17 19 16 17 16 16 14 15 13 13
 12 12 11 11 10 10 11 11 10 11 10 10 12 11 12 12 12 12 11 11 10 10 10 10
 11 10 11 11 11 11 12 12 12 12 11 11 10 10  9 10  9  9 10  9 11 11 10 11
  9  9  9  9 12 11 13 12 14 15 13 14 12 13 11 11 10 10 10 10 21 17 31 26
 41 36 44 43 42 43 36 39 32 34 26 29 17 23 16 17 14 15 12 13 10 11  9  9
  8  8  8  8  9  9  9  9]"
2024-11-07 13:32:02.724246,"(21.42, 23.33)","(3397, 2476)","[16  9 19 20 16 18 16 15 20 19 22 22 21 22 17 19 16 17 16 16 14 15 13 13
 12 12 11 11 10 10 11 11 10 11 10 10 12 11 12 12 12 12 11 11 10 10 10 10
 11 10 11 11 11 11 12 12 12 12 11 11 10 10  9 10  9  9 10  9 11 11 10 11
  9  9  9  9 12 11 13 12 14 15 13 14 12 13 11 11 10 10 17 14 26 21 30 30
 38 29 46 44 44 45 39 42 33 36 26 29 18 23 16 17 14 15 12 13 10 11  9  9
  7  8  8  7  9  9  9  9]"
2024-11-07 13:32:16.079686,"(30.0, 23.33)","(3457, 2476)","[16  9 19 20 16 18 16 15 20 19 22 22 21 22 17 19 16 17 16 16 14 15 13 13
 12 12 11 11 10 10 11 11 10 11 10 10 12 11 12 12 12 12 11 11 10 10 10 10
 11 10 11 11 11 11 12 12 12 12 11 11 10 10  9 10  9  9 10  9 11 11 10 11
  9  9 15 12 23 19 27 26 26 27 21 24 19 20 17 18 16 17 11 11 27 20 40 35
 44 43 44 45 41 43 34 37 27 30 22 25 17 19 14 16 12 13 11 11 10 10  9 10
  9  9  8  8  9  9  9  9]"
2024-11-07 13:32:30.454070,"(38.57, 23.33)","(3518, 2476)","[16  9 19 20 16 18 16 15 20 19 22 22 21 22 17 19 16 17 16 16 14 15 13 13
 12 12 11 11 10 10 11 11 10 11 10 10 12 11 12 12 12 12 11 11 10 10 10 10
 11 10 11 11 11 11 12 12 12 12 11 11 10 10  9 10  9  9 10  9 11 11 10 11
 13  9 26 18 38 33 41 41 40 41 34 37 29 31 25 27 23 24 21 22 22 21 31 26
 38 36 38 38 34 36 29 32 24 27 19 20 16 18 14 15 13 14 12 12 11 11 10 10
  9  9  8  8  9  9  9  9]"
2024-11-07 13:32:44.315396,"(47.14, 23.33)","(3593, 2477)","[16  8 19 20 16 18 16 15 20 19 22 22 21 22 17 19 16 17 16 16 14 15 13 13
 12 12 11 11 10 10 11 11 10 11 10 10 12 11 12 12 12 12 11 11 10 10 10 10
 11 10 11 11 11 11 12 12 12 12 11 11 10 10  9 10  9  9 10  9 11 11 10 11
 12  9 28 19 40 35 43 42 41 42 35 39 30 32 26 28 23 25 22 22 24 23 28 25
 33 32 34 34 31 33 26 29 19 24 18 19 16 17 14 15 12 13 10 11  9 10  8  9
  7  8  8  7  9  9  9  9]"
2024-11-07 13:32:57.674362,"(55.71, 23.33)","(3675, 2476)","[16  9 19 20 16 18 16 15 20 19 22 22 21 22 17 19 16 17 16 16 14 15 13 13
 12 12 11 11 10 10 11 11 10 11 10 10 12 11 12 12 12 12 11 11 10 10 10 10
 11 10 11 11 11 11 12 12 12 12 11 11 10 10  9 10  9  9 10  9 11 11 10 11
  9  9  9  9 29 20 38 34 39 40 38 39 32 35 27 29 24 24 23 23 21 21 28 23
 34 33 35 35 31 33 25 28 19 23 17 18 14 15 12 12 11 12 10 11  8  9  8  8
  7  8  8  7  9  9  9  9]"
2024-11-07 13:33:11.032925,"(64.28, 23.33)","(3769, 2477)","[16  2 19 20 16 18 16 15 20 19 22 22 21 22 17 19 16 17 16 16 14 15 13 13
 12 12 11 11 10 10 11 11 10 11 10 10 12 11 12 12 12 12 11 11 10 10 10 10
 11 10 11 11 11 11 12 12 12 12 11 11 10 10  9 10  9  9 10  9 11 11 10 11
  9  9 20 15 29 25 34 31 38 36 38 39 35 36 30 33 27 28 27 27 28 27 33 30
 37 36 36 37 32 34 25 28 19 22 17 18 15 16 13 14 11 12 10 11  9  9  8  8
  8  8  8  8  9  9  9  9]"
2024-11-07 13:33:24.393459,"(72.85, 23.33)","(3883, 2476)","[17 14 19 20 16 18 16 15 20 19 22 22 21 22 17 19 16 17 16 16 14 15 13 13
 12 12 11 11 10 10 11 11 10 11 10 10 12 11 12 12 12 12 11 11 10 10 10 10
 11 10 11 11 11 11 12 12 12 12 11 11 10 10  9 10  9  9 10  9 11 11 10 11
  9  9  9  9 20 17 23 22 22 22 20 21 17 19 16 17 15 15 23 17 30 27 35 33
 38 37 37 38 34 36 29 32 24 27 17 17 16 17 15 15 13 14 12 12 11 11  9 10
  8  8  8  8  9  9  9  9]"
2024-11-07 13:33:37.750029,"(81.42, 23.33)","(4011, 2477)","[17 15 19 20 16 18 16 15 20 19 22 22 21 22 17 19 16 17 16 16 14 15 13 13
 12 12 11 11 10 10 11 11 10 11 10 10 12 11 12 12 12 12 11 11 17 14 17 17
 15 16 11 11 11 11 12 12 12 12 11 11 10 10  9 10  9  9 10  9 11 11 10 11
  9  9  9  9 12 11 13 12 14 15 13 14 12 13 11 11 10 10 19 14 21 20 32 27
 37 37 36 37 30 33 24 27 19 21 15 15 13 14 12 12 11 12 10 11  9  9  9  9
  8  8  8  8  9  9  9  9]"
2024-11-07 13:33:51.109052,"(90.0, 23.33)","(64, 2479)","[16  7 19 20 16 18 16 15 20 19 22 22 21 22 17 19 16 17 16 16 14 15 13 13
 12 12 11 11 10 10 11 11 10 11 10 10 12 11 12 12 12 12 11 11 19 15 19 19
 16 18 11 11 11 11 12 12 12 12 11 11 10 10  9 10  9  9 10  9 11 11 10 11
  9  9  9  9 12 11 13 12 14 15 13 14 12 13 11 11 10 10 10 10 15 10 31 25
 36 36 35 36 31 33 26 28 21 23 17 19 13 14 12 12 11 12 10 11  9  9  8  9
  8  8  8  8  9  9  9  9]"
2024-11-07 13:34:27.093727,"(-81.42, -23.33)","(2308, 3006)","[16 11 19 20 16 18 16 15 20 19 22 22 21 22 17 19 16 17 16 16 14 15 13 13
 12 12 11 11 10 10 11 11 10 11 10 10 12 11 12 12 12 12 11 11 10 10 10 10
 11 10 11 11 11 11 12 12 12 12 11 11 10 10  9 10  9  9 10  9 11 11 10 11
  9  9  9  9 12 11 13 12 14 15 13 14 12 13 11 11 10 10 10 10 16 14 20 18
 26 22 31 29 32 32 30 31 25 28 20 22 14 18 13 13 11 12 10 11  9  9  9  9
  8  8  8  8  9  9  9  9]"
2024-11-07 13:34:40.449647,"(-72.85, -23.33)","(2460, 3004)","[16  9 19 20 16 18 16 15 20 19 22 22 21 22 17 19 16 17 16 16 14 15 13 13
 12 12 11 11 10 10 11 11 10 11 10 10 12 11 12 12 12 12 11 11 10 10 10 10
 11 10 11 11 11 11 12 12 12 12 11 11 10 10  9 10  9  9 10  9 11 11 10 11
  9  9 18 13 28 23 34 32 34 35 31 33 24 28 20 22 17 18 13 13 16 13 23 19
 31 28 35 34 34 35 29 32 23 25 17 17 16 17 14 15 13 14 10 11  9 10  8  8
  7  7  8  8  9  9  9  9]"
2024-11-07 13:34:53.807806,"(-64.28, -23.33)","(2598, 3008)","[16  6 19 20 16 18 16 15 20 19 22 22 21 22 17 19 16 17 16 16 14 15 13 13
 12 12 11 11 10 10 11 11 10 11 10 10 12 11 12 12 12 12 11 11 10 10 17 14
 18 19 16 18 11 11 12 12 12 12 11 11 10 10  9 10  9  9 10  9 11 11 10 11
 13  9 24 18 38 31 44 42 43 44 38 41 30 34 29 30 36 29 41 40 39 41 35 37
 33 34 31 32 34 33 33 34 29 32 22 23 20 21 17 18 15 16 13 14 13 13 11 12
 10 11  9  9  9  9  9  9]"
2024-11-07 13:35:07.167439,"(-55.71, -23.33)","(2731, 3006)","[16 11 19 20 16 18 16 15 20 19 22 22 21 22 17 19 16 17 16 16 14 15 13 13
 12 12 11 11 10 10 11 11 10 11 10 10 12 11 12 12 12 12 11 11 10 10 10 10
 11 10 11 11 11 11 12 12 12 12 11 11 10 10  9 10  9  9 10  9 11 11 10 11
  9  9  9  9 22 17 32 28 34 34 34 34 32 32 42 37 50 46 51 51 50 51 45 48
 42 43 39 40 37 38 34 36 30 33 24 25 23 24 21 22 19 20 17 18 15 16 13 14
 12 13 10 11  9 10  9  9]"
2024-11-07 13:35:20.526916,"(-47.14, -23.33)","(2844, 3007)","[16  9 19 20 16 18 16 15 20 19 22 22 21 22 17 19 16 17 16 16 14 15 13 13
 12 12 11 11 10 10 11 11 10 11 10 10 12 11 12 12 12 12 11 11 13 10 15 15
 15 15 11 11 11 11 12 12 12 12 11 11 10 10  9 10  9  9 10  9 11 11 10 11
  9  9  9  9 15 11 22 18 30 25 34 33 31 33 25 28 26 24 28 27 28 28 26 27
 27 25 32 29 35 34 34 35 30 33 24 27 18 19 16 17 14 15 13 13 13 13 12 12
 11 11 10 10  9  9  9  9]"
2024-11-07 13:35:33.885314,"(-38.57, -23.33)","(2937, 3007)","[16  8 19 20 16 18 16 15 20 19 22 22 21 22 17 19 16 17 16 16 14 15 13 13
 12 12 11 11 10 10 11 11 10 11 10 10 12 11 12 12 12 12 11 11 10 10 10 10
 11 10 11 11 11 11 12 12 12 12 11 11 10 10  9 10  9  9 10  9 11 11 10 11
  9  9  9  9 12 11 13 12 20 15 22 22 20 21 21 19 29 26 32 32 31 32 28 29
 26 26 27 26 30 29 29 29 24 27 20 22 16 16 13 15 11 12 10 11 10 10  9 10
  8  9  8  8  9  9  9  9]"
2024-11-07 13:35:47.242248,"(-30.0, -23.33)","(3022, 3005)","[16  5 19 20 16 18 16 15 20 19 22 22 21 22 17 19 16 17 16 16 14 15 13 13
 12 12 11 11 10 10 11 11 10 11 10 10 12 11 12 12 12 12 11 11 10 10 10 10
 11 10 11 11 11 11 12 12 12 12 11 11 10 10  9 10  9  9 10  9 11 11 10 11
  9  9  9  9 12 11 13 12 14 15 13 14 12 13 15 11 19 17 20 20 18 19 16 16
 17 16 26 20 34 30 35 35 33 34 27 30 22 25 15 20 14 15 12 13 11 12 10 10
  8  9  8  8  9  9  9  9]"
2024-11-07 13:36:01.618393,"(-21.42, -23.33)","(3081, 3007)","[16  7 19 20 16 18 16 15 20 19 22 22 21 22 17 19 16 17 16 16 14 15 13 13
 12 12 11 11 10 10 11 11 10 11 10 10 12 11 12 12 12 12 11 11 10 10 10 10
 11 10 11 11 11 11 12 12 12 12 11 11 10 10  9 10  9  9 10  9 11 11 10 11
  9  9  9  9 12 11 13 12 14 15 13 14 12 13 11 11 10 10 10 10  9 10 15  9
 25 19 35 31 39 37 38 38 34 37 28 32 22 25 15 20 14 15 13 14 11 12 10 10
  9  9  8  8  9  9  9  9]"
2024-11-07 13:36:14.977921,"(-12.85, -23.33)","(3146, 3007)","[16 10 19 20 16 18 16 14 20 19 22 22 21 22 17 19 16 17 16 16 14 15 13 13
 12 12 11 11 10 10 11 11 10 11 10 10 12 11 12 12 12 12 11 11 10 10 10 10
 11 10 11 11 11 11 12 12 12 12 11 11 10 10  9 10  9  9 10  9 11 11 10 11
  9  9  9  9 12 11 13 12 14 15 13 14 12 13 11 11 13 10 18 16 19 19 18 18
 22 17 28 26 28 28 27 27 25 27 20 23 13 18 13 13 11 12 10 11  9 10  9  9
  9  9  9  9  9  9  9  9]"
2024-11-07 13:36:28.336102,"(-4.28, -23.33)","(3198, 3008)","[16 12 19 20 16 18 16 14 20 19 22 22 21 22 17 19 16 17 16 16 14 15 13 13
 12 12 11 11 10 10 11 11 10 11 10 10 12 11 12 12 12 12 11 11 10 10 10 10
 11 10 11 11 11 11 12 12 12 12 11 11 10 10  9 10  9  9 10  9 11 11 10 11
  9  9  9  9 12 11 13 12 14 15 13 14 12 13 11 11 10 10 17 14 19 18 18 18
 19 17 28 22 36 33 38 38 36 38 30 34 23 26 15 20 14 15 12 13 11 11  9 10
  8  9  8  8  9  9  9  9]"
2024-11-07 13:36:42.715002,"(4.28, -23.33)","(3257, 3005)","[16 10 19 20 16 18 16 14 20 19 22 22 21 22 17 19 16 17 16 16 14 15 13 13
 12 12 11 11 10 10 11 11 10 11 10 10 12 11 12 12 12 12 11 11 10 10 10 10
 11 10 11 11 11 11 12 12 12 12 11 11 10 10  9 10  9  9 10  9 11 11 10 11
  9  9  9  9 12 11 13 12 14 15 13 14 12 13 11 11 10 10 18 15 21 20 21 21
 22 21 30 24 39 35 41 40 39 40 34 37 28 31 23 25 17 21 15 16 12 14 10 11
  8  9  8  8  9  9  9  9]"
2024-11-07 13:36:56.073407,"(12.85, -23.33)","(3305, 3005)","[16 10 19 20 16 18 16 14 20 19 22 22 21 22 17 19 16 17 16 16 14 15 13 13
 12 12 11 11 10 10 11 11 10 11 10 10 12 11 12 12 12 12 11 11 10 10 10 10
 11 10 11 11 11 11 12 12 12 12 11 11 10 10  9 10  9  9 10  9 11 11 10 11
  9  9  9  9 12 11 13 12 14 15 13 14 12 13 11 11 10 10 10 10  9 10  9  9
 18 10 30 24 36 34 36 36 34 35 31 33 24 27 20 22 15 18 12 13 10 11  8  9
  7  8  8  7  9  9  9  9]"
2024-11-07 13:37:09.429940,"(21.42, -23.33)","(3358, 3007)","[17 13 19 20 16 18 16 14 20 19 22 22 21 22 17 19 16 17 16 16 14 15 13 13
 12 12 11 11 10 10 11 11 10 11 10 10 12 11 12 12 12 12 11 11 10 10 10 10
 14 10 18 17 17 18 12 16 12 12 11 11 10 10  9 10  9  9 15 12 18 17 17 17
 16 16 16 16 17 16 13 16 21 15 23 23 21 22 18 19 17 18 12 12 12 12 12 12
 12 12 21 17 27 24 31 30 30 31 26 29 21 24 16 19 14 15 13 13 13 13 12 12
 10 11  9 10  9  9  9  9]"
2024-11-07 13:37:23.802280,"(30.0, -23.33)","(3415, 3005)","[21 22 21 22 16 19 16 15 20 19 22 22 21 22 17 19 16 17 16 16 14 15 13 13
 12 12 11 11 10 10 11 11 10 11 10 10 12 11 12 12 12 12 11 11 10 10 12 10
 22 18 26 25 25 26 20 22 17 18 11 11 10 10 16 10 30 23 40 36 40 40 37 38
 35 35 33 34 36 34 40 36 46 45 45 46 42 44 37 40 33 34 30 31 29 25 34 33
 34 34 31 32 25 26 24 25 24 24 24 24 22 23 20 21 17 18 15 16 15 14 19 18
 19 19 14 14 14 14 13 13]"
2024-11-07 13:37:37.159102,"(38.57, -23.33)","(3477, 3007)","[24 27 22 23 18 20 16 16 20 19 22 22 21 22 17 19 16 17 16 16 14 15 13 13
 12 12 11 11 10 10 11 11 10 11 10 10 12 11 12 12 12 12 11 11 10 10 17 10
 32 27 37 36 36 37 31 34 26 28 21 23 18 20 13 16 12 12 13 12 20 18 19 19
 17 18 25 19 39 32 48 44 52 50 52 52 50 51 44 47 40 42 36 38 33 35 31 32
 26 29 26 26 26 26 25 26 25 25 24 24 24 24 24 24 24 24 23 24 20 21 18 19
 18 18 18 18 18 18 16 17]"
2024-11-07 13:37:50.515682,"(47.14, -23.33)","(3542, 3006)","[22 24 20 21 16 18 16 15 20 19 22 22 21 22 17 19 16 17 16 16 14 15 13 13
 12 12 11 11 10 10 11 11 10 11 10 10 12 11 12 12 12 12 11 11 10 10 14 10
 28 23 32 31 31 32 27 29 22 24 19 20 16 17 11 15 17 11 24 20 24 24 22 23
 19 20 14 14 39 28 51 46 55 55 54 54 49 52 43 46 39 41 34 37 31 32 26 29
 25 25 25 25 30 29 30 30 25 29 25 25 24 25 24 24 23 24 23 23 22 22 21 22
 21 21 20 20 19 20 17 18]"
2024-11-07 13:38:04.891908,"(55.71, -23.33)","(3615, 3006)","[17  8 19 20 16 18 16 14 20 19 22 22 21 22 17 19 16 17 16 16 14 15 13 13
 12 12 11 11 10 10 11 11 10 11 10 10 12 11 12 12 12 12 11 11 10 10 10 10
 14 10 18 17 18 18 12 17 12 12 11 11 10 10  9 10  9  9 16 13 11 17 10 11
  9  9 18 15 31 25 45 39 51 50 51 51 48 50 45 46 41 43 37 39 36 37 34 35
 30 32 24 24 30 29 32 32 30 32 25 25 25 25 25 25 22 24 21 21 20 20 19 19
 19 19 17 18 17 17 17 17]"
2024-11-07 13:38:18.251124,"(64.28, -23.33)","(3699, 3005)","[17  8 19 20 16 18 16 14 20 19 22 22 21 22 17 19 16 17 16 16 14 15 13 13
 12 12 11 11 10 10 11 11 10 11 10 10 12 11 12 12 12 12 11 11 10 10 10 10
 11 10 11 11 11 11 12 12 12 12 11 11 10 10  9 10  9  9 10  9 18 16 23 21
 24 25 23 24 25 23 35 30 39 38 39 39 39 39 37 38 37 37 39 38 39 39 38 39
 35 36 34 34 41 37 45 44 45 46 43 45 39 41 36 37 32 34 27 28 24 26 22 23
 20 21 19 20 19 19 18 18]"
2024-11-07 13:38:31.607881,"(72.85, -23.33)","(3801, 3005)","[17 11 19 20 16 18 16 14 20 19 22 22 21 22 17 19 16 17 16 16 14 15 13 13
 12 12 11 11 10 10 11 11 10 11 10 10 12 11 12 12 12 12 11 11 10 10 10 10
 11 10 11 11 11 11 12 12 12 12 11 11 10 10  9 10  9  9 10  9 11 11 10 11
  9  9  9  9 17 11 19 18 14 19 13 14 18 18 22 19 32 27 38 35 38 38 37 38
 34 35 35 33 45 39 49 48 48 49 45 47 35 40 29 32 24 27 23 23 21 22 20 20
 20 20 19 20 17 18 15 16]"
2024-11-07 13:38:45.983655,"(81.42, -23.33)","(3922, 3005)","[17  9 19 20 16 18 16 14 20 19 22 22 21 22 17 19 16 17 16 16 14 15 13 13
 12 12 11 11 10 10 11 11 10 11 10 10 12 11 12 12 12 12 11 11 10 10 10 10
 11 10 11 11 11 11 12 12 12 12 11 11 10 10  9 10  9  9 10  9 11 11 16 11
 26 22 28 28 25 27 22 24 19 20 13 14 12 13 17 11 30 25 37 35 37 37 36 37
 35 36 32 34 38 35 42 41 39 41 35 37 32 34 27 30 22 24 20 21 17 18 15 16
 14 15 12 13 11 11 10 11]"
2024-11-07 13:39:21.977824,"(-90.0, 26.66)","(2076, 2436)","[17 11 19 20 16 18 16 14 20 19 22 22 21 22 17 19 16 17 16 16 14 15 13 13
 12 12 11 11 10 10 11 11 10 11 10 10 12 11 12 12 12 12 11 11 10 10 10 10
 11 10 11 11 11 11 12 12 12 12 11 11 10 10  9 10 13  9 20 16 24 22 25 24
 27 28 28 27 36 32 36 36 35 35 36 35 38 37 36 37 33 35 29 31 25 27 20 24
 28 20 30 30 29 30 27 28 21 26 21 21 19 20 17 18 14 15 14 14 14 14 14 14
 14 14 13 14 12 12 10 11]"
2024-11-07 13:39:35.135424,"(-82.5, 26.66)","(2211, 2438)","[17  9 19 20 16 18 16 14 20 19 22 22 21 22 17 19 16 17 16 16 14 15 13 13
 12 12 11 11 10 10 11 11 10 11 10 10 12 11 12 12 12 12 11 11 10 10 10 10
 11 10 11 11 11 11 12 12 12 12 11 11 10 10 11 10 18 16 27 21 35 31 35 35
 34 35 33 33 35 34 34 34 34 34 31 33 29 30 31 29 37 34 40 39 38 39 34 36
 32 33 31 32 29 30 24 27 23 24 22 22 19 21 16 18 14 15 13 14 12 12 11 11
  9 10  9  9  9  9  9  9]"
2024-11-07 13:39:48.291457,"(-75.0, 26.66)","(2339, 2438)","[17  9 19 20 16 18 16 14 20 19 22 22 21 22 17 19 16 17 16 16 14 15 13 13
 12 12 11 11 10 10 11 11 10 11 10 10 12 11 12 12 12 12 11 11 10 10 10 10
 11 10 11 11 11 11 12 12 12 12 11 11 18 15 25 22 26 26 28 26 27 27 29 28
 27 28 25 26 25 24 30 28 30 30 28 29 26 27 30 26 41 37 44 44 42 43 37 40
 32 33 28 30 22 26 22 22 22 22 22 22 23 22 22 22 20 22 18 19 15 16 13 14
 11 12  9 10  9  9  9  9]"
2024-11-07 13:40:02.465529,"(-67.5, 26.66)","(2469, 2436)","[17  9 19 20 16 18 16 14 20 19 22 22 21 22 17 19 16 17 16 16 14 15 13 13
 12 12 11 11 10 10 11 11 10 11 10 10 12 11 12 12 12 12 11 11 10 10 10 10
 11 10 11 11 11 11 12 12 12 12 11 11 13 10 24 18 37 31 46 42 46 47 44 46
 37 42 31 34 30 30 29 29 27 29 22 24 17 18 19 17 25 22 27 26 28 28 28 28
 27 27 25 26 19 23 19 19 19 19 19 19 18 18 18 18 18 18 17 18 16 17 15 15
 13 14 12 13 10 11  9  9]"
2024-11-07 13:40:15.623276,"(-60.0, 26.66)","(2590, 2435)","[17 13 19 20 16 18 16 14 20 19 22 22 21 22 17 19 16 17 16 16 14 15 13 13
 12 12 11 11 10 10 11 11 10 11 10 10 12 11 12 12 12 12 11 11 10 10 10 10
 11 10 11 11 11 11 12 12 12 12 11 11 22 15 30 27 31 32 40 33 43 42 41 42
 34 38 27 30 26 26 28 28 27 28 22 25 17 17 16 16 19 15 20 20 27 23 33 31
 35 35 34 34 32 32 31 31 30 30 28 29 27 27 26 26 21 25 20 21 18 19 15 17
 13 14 11 12 10 10 10 10]"
2024-11-07 13:40:28.778664,"(-52.5, 26.66)","(2706, 2438)","[17  7 19 20 16 18 16 14 20 19 22 22 21 22 17 19 16 17 16 16 14 15 13 13
 12 12 11 11 10 10 11 11 10 11 10 10 12 11 12 12 12 12 11 11 10 10 10 10
 11 10 11 11 11 11 12 12 15 12 23 18 32 27 42 37 51 48 55 54 54 55 48 52
 38 43 30 33 21 27 20 21 18 19 15 17 13 14 12 12 16 11 22 19 28 25 31 30
 32 32 33 33 33 33 32 33 30 32 27 28 24 26 19 23 18 19 16 17 14 15 13 14
 12 13 12 12 11 12 11 11]"
2024-11-07 13:40:41.935084,"(-45.0, 26.66)","(2798, 2436)","[16  7 19 20 16 18 15 14 20 19 22 22 21 22 17 19 16 17 16 16 14 15 13 13
 12 12 11 11 10 10 11 11 10 11 10 10 12 11 12 12 12 12 11 11 10 10 10 10
 11 10 11 11 11 11 12 12 12 12 20 17 25 22 34 27 50 44 55 53 53 54 47 51
 39 43 31 34 20 27 19 20 17 18 16 16 14 15 13 14 12 13 12 12 19 16 23 21
 27 26 29 28 31 30 32 32 30 32 27 29 23 25 17 20 15 16 15 15 20 15 20 20
 15 20 16 16 16 16 15 15]"
2024-11-07 13:40:56.111857,"(-37.5, 26.66)","(2889, 2436)","[18 17 19 20 16 18 15 14 20 19 22 22 21 22 17 19 16 17 16 16 14 15 13 13
 12 12 11 11 10 10 11 11 10 11 10 10 12 11 12 12 12 12 11 11 10 10 10 10
 11 10 11 11 11 11 12 12 12 12 18 14 36 27 49 44 55 54 54 55 48 51 43 45
 38 40 33 35 27 30 21 24 18 20 16 17 14 15 13 14 18 13 22 20 22 22 32 27
 37 36 36 37 30 33 29 29 28 28 26 27 19 25 18 19 16 17 15 15 15 15 15 15
 15 15 14 15 13 14 17 13]"
2024-11-07 13:41:09.268995,"(-30.0, 26.66)","(2948, 2438)","[19 20 19 20 17 18 16 15 20 19 22 22 21 22 17 19 16 17 16 16 14 15 13 13
 12 12 11 11 10 10 11 11 10 11 10 10 12 11 12 12 12 12 11 11 10 10 10 10
 11 10 11 11 11 11 12 12 12 12 18 12 35 27 47 42 51 51 51 52 50 51 46 48
 41 43 37 38 31 34 25 28 20 22 17 19 15 16 13 14 12 12 19 17 21 20 32 27
 38 37 38 38 36 37 32 35 28 29 25 26 19 24 25 19 27 27 26 27 20 25 19 19
 16 17 14 15 13 13 12 12]"
2024-11-07 13:41:22.425060,"(-22.5, 26.66)","(3035, 2436)","[17  7 19 20 16 18 16 14 20 19 22 22 21 22 17 19 16 17 16 16 14 15 13 13
 12 12 11 11 10 10 11 11 10 11 10 10 12 11 12 12 12 12 11 11 10 10 10 10
 11 10 11 11 11 11 12 12 12 12 11 11 14 10 28 22 35 33 36 36 32 34 30 31
 26 28 24 25 20 22 14 19 14 15 25 18 30 28 30 30 27 28 24 25 24 24 30 27
 30 31 27 29 25 26 24 25 19 23 18 19 17 18 24 17 28 28 28 29 24 26 18 21
 15 17 13 14 10 11  9  9]"
2024-11-07 13:41:35.581796,"(-15.0, 26.66)","(3062, 2438)","[17 11 19 20 16 18 15 14 20 19 22 22 21 22 17 19 16 17 16 16 14 15 13 13
 12 12 11 11 10 10 11 11 10 11 10 10 12 11 12 12 12 12 11 11 10 10 10 10
 11 10 11 11 11 11 12 12 12 12 11 11 12 10 25 19 32 30 34 34 33 34 32 33
 29 31 25 27 22 23 19 20 14 17 28 20 35 32 34 35 31 33 27 29 25 26 24 25
 24 24 19 19 25 25 25 25 20 24 19 19 17 18 15 16 15 15 16 16 15 16 14 15
 12 13 11 12 10 10  9 10]"
2024-11-07 13:41:48.738982,"(-7.5, 26.66)","(3120, 2437)","[17  5 19 20 16 18 15 14 20 19 22 22 21 22 17 19 16 17 16 16 14 15 13 13
 12 12 11 11 10 10 11 11 10 11 10 10 12 11 12 12 12 12 11 11 10 10 10 10
 11 10 11 11 11 11 12 12 12 12 11 11 13 10 23 18 31 28 33 33 33 33 31 32
 28 30 23 26 19 21 14 18 20 15 37 27 48 43 50 50 48 50 42 46 36 39 34 35
 33 33 32 33 30 31 24 29 23 24 21 22 19 20 16 17 14 15 13 13 12 12 11 11
 10 10 10 10  9 10  9  9]"
2024-11-07 13:42:01.895663,"(0.0, 26.66)","(3174, 2437)","[17 10 19 20 16 18 15 14 20 19 22 22 21 22 17 19 16 17 16 16 14 15 13 13
 12 12 11 11 10 10 11 11 10 11 10 10 12 11 12 12 12 12 11 11 10 10 10 10
 11 10 11 11 11 11 12 12 12 12 11 11 10 10 12 10 21 18 25 24 25 25 23 24
 21 23 18 19 12 17 13 12 14 15 26 17 37 33 39 39 36 38 31 34 27 29 29 26
 37 33 41 40 40 41 35 38 29 32 25 27 20 21 18 19 15 17 13 14 11 12 10 11
  9  9  8  8  9  9 13  9]"
2024-11-07 13:42:15.050091,"(7.5, 26.66)","(3228, 2436)","[17 10 19 20 16 18 15 14 20 19 22 22 21 22 17 19 16 17 16 16 14 15 13 13
 12 12 11 11 10 10 11 11 10 11 10 10 12 11 12 12 12 12 11 11 10 10 10 10
 11 10 11 11 11 11 12 12 12 12 11 11 10 10 17 10 27 24 31 29 31 31 28 30
 23 26 19 21 12 17 13 12 14 15 13 14 29 23 31 31 28 31 24 26 22 22 23 21
 32 26 40 37 40 41 37 39 31 34 27 29 20 25 20 20 20 20 18 19 17 18 15 16
 13 14 11 12 10 10 15 10]"
2024-11-07 13:42:28.205251,"(15.0, 26.66)","(3277, 2439)","[17 12 19 20 16 18 15 14 20 19 22 22 21 22 17 19 16 17 16 16 14 15 13 13
 12 12 11 11 10 10 11 11 10 11 10 10 12 11 12 12 12 12 11 11 10 10 10 10
 11 10 11 11 11 11 12 12 12 12 11 11 10 10 13 10 26 19 35 32 36 36 32 35
 26 29 21 24 17 19 13 15 14 15 13 14 14 13 17 16 16 17 14 15 20 17 28 24
 35 32 38 37 38 38 37 37 34 36 30 32 25 28 19 23 18 19 17 18 15 16 13 14
 11 12 10 10  9 10  9  9]"
2024-11-07 13:42:41.858566,"(22.5, 26.66)","(3325, 2439)","[17 12 19 20 16 18 15 14 20 19 22 22 21 22 17 19 16 17 16 16 14 15 13 13
 12 12 11 11 10 10 11 11 10 11 10 10 12 11 12 12 12 12 11 11 10 10 10 10
 11 10 11 11 11 11 12 12 12 12 11 11 10 10  9 10 16  9 19 18 19 19 17 18
 15 16 14 14 12 11 13 12 14 15 13 14 12 13 11 11 10 10 10 10 22 17 34 28
 43 40 46 46 46 46 44 45 40 42 33 37 25 29 18 22 16 17 13 15 11 12 10 11
  8  9  8  8  9  9  9  9]"
2024-11-07 13:42:55.014651,"(30.0, 26.66)","(3373, 2438)","[17 12 19 20 16 18 15 14 20 19 22 22 21 22 17 19 16 17 16 16 14 15 13 13
 12 12 11 11 10 10 11 11 10 11 10 10 12 11 12 12 12 12 11 11 10 10 10 10
 11 10 11 11 11 11 12 12 12 12 11 11 10 10  9 10  9  9 10  9 11 11 10 11
  9  9  9  9 12 11 13 12 14 15 13 14 12 13 11 11 10 10 15 11 22 18 31 27
 38 36 38 38 36 37 34 35 30 32 24 27 16 22 15 16 13 14 12 13 10 11  9 10
  8  9  8  8  9  9  9  9]"
2024-11-07 13:43:09.188070,"(37.5, 26.66)","(3421, 2437)","[17 11 19 20 16 18 15 14 20 19 22 22 21 22 17 19 16 17 16 16 14 15 13 13
 12 12 11 11 10 10 11 11 10 11 10 10 12 11 12 12 12 12 11 11 10 10 10 10
 11 10 11 11 11 11 12 12 12 12 11 11 10 10  9 10  9  9 10  9 11 11 10 11
  9  9  9  9 12 11 13 12 14 15 13 14 12 13 11 11 10 10 10 10 16 12 27 22
 36 33 36 37 34 35 33 34 29 31 23 26 15 21 14 15 12 13 11 11 10 10  9  9
  8  8  8  8  9  9  9  9]"
2024-11-07 13:43:22.342045,"(45.0, 26.66)","(3474, 2437)","[17  9 19 20 16 18 15 14 20 19 22 22 21 22 17 19 16 17 16 16 14 15 13 13
 12 12 11 11 10 10 11 11 10 11 10 10 12 11 12 12 12 12 11 11 10 10 10 10
 11 10 11 11 11 11 12 12 12 12 11 11 10 10  9 10  9  9 10  9 11 11 10 11
  9  9  9  9 12 11 13 12 14 15 13 14 12 13 11 11 10 10 10 10  9 10 17  9
 29 24 35 33 35 35 31 33 26 28 22 24 19 20 13 17 12 13 10 11  8  9  7  8
  7  7  8  7  9  9  9  9]"
2024-11-07 13:43:36.518892,"(52.5, 26.66)","(3531, 2438)","[17  9 19 20 16 18 15 14 20 19 22 22 21 22 17 19 16 17 16 16 14 15 13 13
 12 12 11 11 10 10 11 11 10 11 10 10 12 11 12 12 12 12 11 11 10 10 10 10
 11 10 11 11 11 11 12 12 12 12 11 11 10 10  9 10  9  9 10  9 11 11 10 11
  9  9  9  9 12 11 13 12 14 15 13 14 12 13 11 11 10 10 10 10 17 16 20 17
 32 26 40 37 40 41 38 40 31 36 25 28 16 22 15 16 14 15 13 13 12 12 11 11
 10 10  9 10  9  9  9  9]"
2024-11-07 13:43:49.677604,"(60.0, 26.66)","(3595, 2438)","[17  7 19 20 16 18 15 14 20 19 22 22 21 22 17 19 16 17 16 16 14 15 13 13
 12 12 11 11 10 10 11 11 10 11 10 10 12 11 12 12 12 12 11 11 10 10 10 10
 11 10 11 11 11 11 12 12 12 12 11 11 10 10  9 10  9  9 10  9 11 11 10 11
  9  9  9  9 17 15 13 17 14 15 13 14 15 13 18 17 17 18 15 16 14 15 18 15
 27 23 31 30 30 31 25 28 20 22 14 14 13 13 11 12 11 12 10 11 10 10 10 10
 10 10 10 10 10 10  9 10]"
2024-11-07 13:44:02.833175,"(67.5, 26.66)","(3663, 2438)","[17  8 19 20 16 18 15 14 20 19 22 22 21 22 17 19 16 17 16 16 14 15 13 13
 12 12 11 11 10 10 11 11 10 11 10 10 12 11 12 12 12 12 11 11 10 10 10 10
 11 10 11 11 11 11 12 12 12 12 11 11 10 10  9 10  9  9 10  9 11 11 10 11
  9  9  9  9 21 17 24 23 23 24 21 22 17 19 11 15 10 10 10 10 13 10 21 15
 33 29 37 36 35 36 31 33 26 29 21 24 15 16 13 14 12 12 10 11  9  9  8  9
  7  8  8  8  9  9  9  9]"
2024-11-07 13:44:15.989235,"(75.0, 26.66)","(3745, 2438)","[17 12 19 20 16 18 15 14 20 19 22 22 21 22 17 19 16 17 16 16 14 15 13 13
 12 12 11 11 10 10 11 11 10 11 10 10 12 11 12 12 12 12 11 11 10 10 10 10
 11 10 11 11 11 11 12 12 12 12 11 11 10 10  9 10  9  9 10  9 11 11 10 11
  9  9  9  9 15 11 20 18 22 22 21 22 19 20 16 17 15 16 15 15 19 17 20 19
 27 22 32 30 32 32 28 30 22 25 18 20 14 14 12 13 11 12 10 11  9  9  8  8
  8  8  8  8  9  9  9  9]"
2024-11-07 13:44:30.163179,"(82.5, 26.66)","(3836, 2438)","[17 11 19 20 16 18 15 14 20 19 22 22 21 22 17 19 16 17 16 16 14 15 13 13
 12 12 11 11 10 10 11 11 10 11 10 10 12 11 12 12 12 12 11 11 10 10 10 10
 11 10 11 11 11 11 12 12 12 12 11 11 10 10  9 10  9  9 10  9 11 11 10 11
  9  9  9  9 12 11 13 12 14 15 13 14 12 13 11 11 10 10 21 16 24 23 24 24
 30 25 36 34 36 36 32 34 25 28 19 22 14 15 13 14 12 12 11 11 11 11 11 11
 10 10  9  9  9  9  9  9]"
2024-11-07 13:44:43.321076,"(90.0, 26.66)","(3944, 2439)","[17 11 19 20 16 18 15 14 20 19 22 22 21 22 17 19 16 17 16 16 14 15 13 13
 12 12 11 11 10 10 11 11 10 11 10 10 12 11 12 12 12 12 11 11 15 10 16 16
 14 15 11 11 11 11 12 12 12 12 11 11 10 10  9 10  9  9 10  9 11 11 10 11
  9  9  9  9 12 11 13 12 14 15 13 14 12 13 11 11 13 10 21 16 24 23 25 23
 33 27 40 38 39 40 36 38 29 33 22 25 16 16 14 15 13 13 11 12 11 11  9 10
  8  9  8  8  9  9  9  9]"
2024-11-07 13:45:20.530940,"(-82.5, -26.66)","(2081, 3048)","[17 13 19 20 16 18 15 14 20 19 22 22 21 22 17 19 16 17 16 16 14 15 13 13
 12 12 11 11 10 10 11 11 10 11 10 10 12 11 12 12 12 12 11 11 10 10 10 10
 11 10 11 11 11 11 12 12 12 12 11 11 10 10  9 10  9  9 10  9 11 11 10 11
  9  9  9  9 12 11 13 12 14 15 13 14 12 13 11 11 10 10 10 10  9 10  9  9
 16 10 27 21 34 31 35 35 32 34 26 29 21 23 14 19 12 13 10 11  9 10  8  9
  7  8  8  7  9  9  9  9]"
2024-11-07 13:45:33.687263,"(-75.0, -26.66)","(2209, 3047)","[17 10 19 20 16 18 15 14 20 19 22 22 21 22 17 19 16 17 16 16 14 15 13 13
 12 12 11 11 10 10 11 11 10 11 10 10 12 11 12 12 12 12 11 11 17 15 17 17
 15 16 11 11 11 11 12 12 12 12 11 11 10 10  9 10  9  9 10  9 11 11 10 11
  9  9  9  9 12 11 13 12 14 15 13 14 12 13 11 11 10 10 10 10  9 10  9  9
 18 10 28 23 33 31 36 35 35 36 31 34 25 28 20 23 14 18 13 14 13 13 12 12
 11 11 10 11  9 10  9  9]"
2024-11-07 13:45:46.842817,"(-67.5, -26.66)","(2334, 3045)","[17 12 19 20 16 18 16 14 20 19 22 22 21 22 17 19 16 17 16 16 15 16 14 15
 12 13 11 11 10 10 11 11 10 11 10 10 12 11 12 12 12 12 11 11 10 10 10 10
 11 10 11 11 11 11 12 12 12 12 11 11 10 10  9 10  9  9 10  9 11 11 10 11
  9  9  9  9 12 11 13 12 14 15 13 14 12 13 11 11 10 10 10 10  9 10  9  9
 18 10 31 26 35 33 37 36 36 37 33 35 27 30 21 24 15 19 14 15 13 14 12 12
 10 11  9  9  9  9  9  9]"
2024-11-07 13:45:59.998008,"(-60.0, -26.66)","(2467, 3047)","[17  8 19 20 16 18 16 15 20 19 22 22 21 22 18 19 18 18 19 19 17 18 15 16
 12 13 11 11 10 10 11 11 10 11 10 10 12 11 12 12 12 12 11 11 10 10 10 10
 11 10 11 11 11 11 12 12 12 12 11 11 10 10  9 10  9  9 10  9 11 11 10 11
  9  9  9  9 12 11 13 12 20 15 20 21 19 20 17 18 15 16 10 10 10 10 10 10
 16 10 17 17 29 23 34 33 33 34 29 32 24 26 15 21 14 15 12 13 12 12 12 12
 12 12 11 12  9 10  9  9]"
2024-11-07 13:46:14.171691,"(-52.5, -26.66)","(2589, 3047)","[17  9 19 20 16 18 15 14 20 19 22 22 21 22 17 19 16 17 16 16 14 15 13 13
 12 12 11 11 10 10 11 11 10 11 10 10 12 11 12 12 12 12 11 11 10 10 10 10
 11 10 11 11 11 11 12 12 12 12 11 11 10 10  9 10  9  9 10  9 11 11 10 11
  9  9  9  9 17 11 36 27 45 42 47 47 44 46 37 40 32 34 30 31 28 29 24 26
 18 23 18 18 36 30 41 40 40 41 34 38 28 31 22 26 19 21 16 18 14 15 13 13
 12 12 11 11  9 10  9  9]"
2024-11-07 13:46:27.828918,"(-45.0, -26.66)","(2706, 3045)","[17  6 19 20 16 18 15 14 20 19 22 22 21 22 17 19 16 17 16 16 14 15 13 13
 12 12 11 11 10 10 11 11 10 11 10 10 12 11 12 12 12 12 11 11 10 10 10 10
 11 10 11 11 11 11 12 12 12 12 11 11 10 10  9 10  9  9 10  9 11 11 10 11
  9  9  9  9 18 11 39 30 49 46 51 51 49 50 43 46 39 41 38 38 36 37 32 34
 28 29 27 27 35 31 39 37 38 39 33 36 24 30 22 23 18 20 15 17 13 14 12 12
 10 11  9 10  9  9  9  9]"
2024-11-07 13:46:40.985060,"(-37.5, -26.66)","(2803, 3047)","[17  8 19 20 16 17 15 14 20 19 22 22 21 22 17 19 16 17 16 16 14 15 13 13
 12 12 11 11 10 10 11 11 10 11 10 10 12 11 12 12 12 12 11 11 10 10 10 10
 11 10 11 11 11 11 12 12 12 12 11 11 10 10  9 10  9  9 10  9 11 11 10 11
  9  9  9  9 12 11 20 12 32 29 34 34 32 33 28 30 28 27 29 28 28 29 24 26
 20 22 23 20 29 26 29 29 27 28 24 25 18 23 17 17 15 16 13 14 11 12 10 10
  8  9  8  8  9  9  9  9]"
2024-11-07 13:46:54.141427,"(-30.0, -26.66)","(2891, 3047)","[16  5 19 20 16 17 15 14 20 19 22 22 21 22 17 19 16 17 16 16 14 15 13 13
 12 12 11 11 10 10 11 11 10 11 10 10 12 11 12 12 12 12 11 11 10 10 10 10
 11 10 11 11 11 11 12 12 12 12 11 11 10 10  9 10  9  9 10  9 11 11 10 11
  9  9  9  9 12 11 14 12 23 20 24 24 21 23 18 19 16 17 15 16 10 15 10 10
 10 10 23 15 34 29 37 36 37 37 35 36 32 34 26 29 20 22 16 17 14 15 12 13
 11 12 10 10  9 10  9  9]"
2024-11-07 13:47:07.298444,"(-22.5, -26.66)","(2971, 3046)","[16  9 19 20 16 17 15 14 20 19 22 22 21 22 17 19 16 17 16 16 14 15 13 13
 12 12 11 11 10 10 11 11 10 11 10 10 12 11 12 12 12 12 11 11 10 10 10 10
 11 10 11 11 11 11 12 12 12 12 11 11 10 10  9 10  9  9 10  9 11 11 10 11
  9  9  9  9 12 11 13 12 14 15 13 14 12 13 11 11 10 10 15 14 15 15  9 14
 10 10 14 13 23 19 24 24 26 24 27 27 24 26 21 23 18 19 13 13 13 13 12 12
 10 11  9  9  9  9  9  9]"
2024-11-07 13:47:20.453809,"(-15.0, -26.66)","(3045, 3046)","[16  9 19 20 16 17 15 14 20 19 22 22 21 22 17 19 16 17 16 16 14 15 13 13
 12 12 11 11 10 10 11 11 10 11 10 10 12 11 12 12 12 12 11 11 10 10 10 10
 11 10 11 11 11 11 12 12 12 12 11 11 10 10  9 10  9  9 10  9 11 11 10 11
  9  9  9  9 12 11 13 12 14 15 13 14 12 13 11 11 10 10 10 10  9 10  9  9
 10 10 20 15 33 27 36 35 36 36 33 35 27 30 22 25 19 21 14 15 13 14 11 12
 10 11 10 10 10 10  9  9]"
2024-11-07 13:47:33.608323,"(-7.5, -26.66)","(3106, 3049)","[16  9 19 20 16 17 15 14 20 19 22 22 21 22 17 19 16 17 16 16 14 15 13 13
 12 12 11 11 10 10 11 11 10 11 10 10 12 11 12 12 12 12 11 11 10 10 10 10
 11 10 11 11 11 11 12 12 12 12 11 11 10 10  9 10  9  9 10  9 11 11 10 11
  9  9  9  9 12 11 13 12 14 15 13 14 12 13 11 11 10 10 10 10  9 10  9  9
 10 10 14 13 21 17 28 25 30 30 29 30 25 28 20 23 17 18 13 13 12 12 11 12
 10 11  9  9  9  9  9  9]"
2024-11-07 13:47:46.763417,"(0.0, -26.66)","(3142, 3047)","[16  8 19 20 16 17 15 14 20 19 22 22 21 22 17 19 16 17 16 16 14 15 13 13
 12 12 11 11 10 10 11 11 10 11 10 10 12 11 12 12 12 12 11 11 10 10 10 10
 11 10 11 11 11 11 12 12 12 12 11 11 10 10  9 10  9  9 10  9 11 11 10 11
  9  9  9  9 12 11 13 12 14 15 13 14 12 13 11 11 10 10 10 10  9 10  9  9
 10 10 19 15 28 24 33 31 33 34 31 32 27 29 22 24 18 20 13 14 12 13 10 11
  9 10  9  9  9  9  9  9]"
2024-11-07 13:47:59.921159,"(7.5, -26.66)","(3188, 3047)","[16  7 19 20 16 17 15 14 20 19 22 22 21 22 17 19 16 17 16 16 14 15 13 13
 12 12 11 11 10 10 11 11 10 11 10 10 12 11 12 12 12 12 11 11 10 10 10 10
 11 10 11 11 11 11 12 12 12 12 11 11 10 10  9 10  9  9 10  9 11 11 10 11
  9  9  9  9 12 11 13 12 14 15 13 14 12 13 11 11 10 10 10 10  9 10  9  9
 10 10 18 13 29 24 30 30 27 29 23 25 20 22 17 18 12 15 12 12 11 11 11 11
  9 10  9  9  9  9  9  9]"
2024-11-07 13:48:13.076572,"(15.0, -26.66)","(3237, 3045)","[18 15 19 20 16 17 15 14 20 19 22 22 21 22 17 19 16 17 16 16 14 15 13 13
 12 12 11 11 10 10 11 11 10 11 10 10 12 11 12 12 12 12 11 11 10 10 10 10
 11 10 11 11 11 11 12 12 12 12 11 11 10 10  9 10  9  9 10  9 11 11 10 11
  9  9  9  9 12 11 13 12 14 15 13 14 12 13 11 11 10 10 10 10 18 15 19 19
 19 19 20 19 27 23 31 29 32 32 31 31 26 29 22 24 18 20 14 14 14 14 13 13
 12 12 11 11 10 10  9  9]"
2024-11-07 13:48:26.231220,"(22.5, -26.66)","(3286, 3047)","[16 10 19 20 16 17 15 14 20 19 22 22 21 22 17 19 16 17 16 16 14 15 13 13
 12 12 11 11 10 10 11 11 10 11 10 10 12 11 12 12 12 12 11 11 10 10 10 10
 11 10 11 11 11 11 12 12 12 12 11 11 10 10  9 10  9  9 10  9 11 11 10 11
  9  9  9  9 12 11 13 12 14 15 13 14 12 13 11 11 10 10 10 10 18 15 20 19
 18 19 18 18 28 22 36 33 39 39 38 39 34 36 28 31 24 26 21 22 16 16 14 15
 12 13 11 11 10 10  9 10]"
2024-11-07 13:48:39.385171,"(30.0, -26.66)","(3335, 3047)","[17  9 19 20 16 17 15 14 20 19 22 22 21 22 17 19 16 17 16 16 14 15 13 13
 12 12 11 11 10 10 11 11 10 11 10 10 12 11 12 12 12 12 11 11 10 10 10 10
 11 10 11 11 11 11 12 12 12 12 11 11 10 10  9 10 13  9 18 16 18 18 16 17
 14 15 16 14 12 16 13 12 14 15 13 14 12 13 11 11 10 10 10 10 16 15 15 16
 11 15 11 11 18 15 33 27 38 37 37 38 32 35 27 29 21 24 16 16 14 15 12 13
 10 11  9 10  9  9  9  9]"
2024-11-07 13:48:52.538532,"(37.5, -26.66)","(3382, 3046)","[16  7 19 20 16 17 15 14 20 19 22 22 21 22 17 19 16 17 16 16 14 15 13 13
 12 12 11 11 10 10 11 11 10 11 10 10 12 11 12 12 12 12 11 11 10 10 10 10
 11 10 11 11 11 11 12 12 12 12 11 11 10 10 15 10 29 22 38 35 38 39 34 37
 28 30 25 26 24 24 27 25 27 28 24 26 22 23 22 22 17 21 16 17 15 16 13 14
 12 13 12 12 19 16 27 24 29 29 29 29 29 29 27 29 23 25 17 17 16 16 16 16
 15 15 13 14 12 12 10 11]"
2024-11-07 13:49:05.692171,"(45.0, -26.66)","(3434, 3047)","[16  9 19 20 16 17 15 14 20 19 22 22 21 22 17 19 16 17 16 16 14 15 13 13
 12 12 11 11 10 10 11 11 10 11 10 10 12 11 12 12 12 12 11 11 10 10 10 10
 19 10 23 22 22 23 18 20 12 17 11 11 14 10 22 15 39 31 48 45 49 49 46 48
 40 43 38 38 45 41 50 48 50 51 48 50 41 44 38 39 37 37 35 36 29 34 27 28
 26 27 25 26 24 24 24 24 24 24 24 24 24 24 23 24 22 23 21 21 23 21 27 25
 27 27 25 26 21 21 18 20]"
2024-11-07 13:49:19.866393,"(52.5, -26.66)","(3488, 3044)","[16  3 19 20 16 17 15 14 20 19 22 22 21 22 17 19 16 17 16 16 14 15 13 13
 12 12 12 12 13 13 12 13 11 12 11 11 12 12 12 12 12 12 11 11 10 10 14 10
 25 19 31 29 30 31 25 28 20 22 17 19 11 16 12 12 17 12 21 19 21 21 19 20
 20 18 22 21 44 32 53 50 56 56 54 55 50 52 43 46 39 41 35 37 26 32 25 25
 23 24 21 22 20 20 24 20 30 26 37 34 41 39 40 40 37 38 34 35 32 33 31 31
 30 31 25 25 23 24 20 22]"
2024-11-07 13:49:33.122783,"(60.0, -26.66)","(3546, 3046)","[18 17 19 20 16 17 15 14 20 19 22 22 21 22 17 19 16 17 16 16 14 15 13 13
 12 12 11 11 10 10 11 11 10 11 10 10 12 11 12 12 12 12 11 11 10 10 10 10
 17 10 19 19 17 18 12 16 12 12 11 11 10 10  9 10 17  9 25 22 25 26 23 24
 24 23 29 26 41 35 49 45 51 51 49 50 42 45 37 39 32 34 30 31 23 28 22 23
 19 20 16 17 18 16 24 20 30 27 37 33 41 39 41 41 38 40 33 36 30 31 28 29
 23 27 23 23 22 22 20 21]"
2024-11-07 13:49:46.278640,"(67.5, -26.66)","(3606, 3046)","[16 10 19 20 16 17 15 14 20 19 22 22 21 22 17 19 16 17 16 16 14 15 13 13
 12 12 11 11 10 10 11 11 10 11 10 10 12 11 12 12 12 12 11 11 10 10 10 10
 11 10 11 11 11 11 12 12 12 12 11 11 10 10  9 10  9  9 17 13 19 19 20 19
 22 21 32 25 44 38 49 47 49 49 46 48 43 44 42 42 40 41 39 40 36 37 29 32
 23 26 23 23 22 23 21 21 26 21 25 26 28 26 29 29 28 28 27 28 22 22 21 21
 19 20 17 18 17 17 17 17]"
2024-11-07 13:49:59.431670,"(75.0, -26.66)","(3678, 3047)","[16  6 19 20 16 17 15 14 20 19 22 22 21 22 17 19 16 17 16 16 14 15 13 13
 12 12 11 11 10 10 11 11 10 11 10 10 12 11 12 12 12 12 11 11 10 10 10 10
 11 10 11 11 11 11 12 12 12 12 11 11 10 10  9 10  9  9 10  9 14 11 27 21
 34 33 32 34 38 35 40 40 40 40 40 40 39 40 38 39 37 38 37 37 33 35 31 32
 30 31 29 29 32 30 35 33 40 38 40 41 38 40 35 36 32 34 26 27 24 25 23 23
 21 22 20 21 20 20 19 19]"
2024-11-07 13:50:13.588306,"(82.5, -26.66)","(3763, 3047)","[16  6 19 20 16 17 15 14 20 19 22 22 21 22 17 19 16 17 16 16 14 15 13 13
 12 12 11 11 10 10 11 11 10 11 10 10 12 11 12 12 12 12 11 11 10 10 10 10
 11 10 11 11 11 11 12 12 12 12 11 11 10 10  9 10  9  9 10  9 11 11 10 11
  9  9  9  9 12 11 13 12 14 15 13 14 17 18 17 17 16 16 24 19 29 27 31 31
 32 32 32 32 31 31 44 39 50 49 50 51 48 49 43 46 38 41 33 35 25 30 23 24
 22 22 20 21 18 19 16 17]"
2024-11-07 13:50:49.778746,"(-90.0, 30.0)","(1889, 2357)","[16  6 19 20 20 19 20 21 20 19 22 22 21 22 17 19 16 17 16 16 14 15 13 13
 12 12 11 11 10 10 11 11 10 11 10 10 12 11 12 12 12 12 11 11 10 10 10 10
 11 10 11 11 11 11 12 12 12 12 11 11 10 10  9 10  9  9 17 13 24 21 23 24
 21 21 20 20 28 24 31 30 29 30 25 27 24 24 27 26 25 27 22 24 16 20 16 16
 16 16 16 16 16 16 16 16 23 16 26 25 25 25 23 24 17 21 15 16 15 15 13 14
 12 13 10 11  9 10  9  9]"
2024-11-07 13:51:02.729891,"(-83.33, 30.0)","(1977, 2355)","[16  6 19 20 16 17 17 16 20 19 22 22 21 22 17 19 16 17 17 17 17 17 14 16
 12 13 11 11 10 10 11 11 10 11 10 10 12 11 12 12 12 12 11 11 10 10 10 10
 11 10 11 11 11 11 12 12 12 12 11 11 11 10 17 14 23 20 24 24 24 24 28 25
 30 30 28 29 24 26 23 23 22 23 21 22 20 20 14 19 21 14 26 23 27 27 26 27
 25 26 25 25 24 25 18 22 24 18 27 26 26 27 23 25 18 21 17 18 15 16 13 14
 11 12 10 10  9 10  9  9]"
2024-11-07 13:51:15.681941,"(-76.66, 30.0)","(2078, 2355)","[16  8 19 20 16 17 15 14 20 19 22 22 21 22 17 19 16 17 16 16 14 15 13 13
 12 12 11 11 10 10 11 11 10 11 10 10 12 11 12 12 12 12 11 11 10 10 10 10
 11 10 11 11 11 11 12 12 12 12 20 15 27 24 30 29 30 30 27 29 22 24 20 21
 20 20 22 21 22 22 20 21 14 18 13 14 12 13 19 12 34 28 41 39 42 42 40 41
 37 38 32 35 28 30 25 26 19 23 17 18 16 17 15 15 15 15 15 15 15 15 13 14
 11 12  9 10  9  9  9  9]"
2024-11-07 13:51:28.635158,"(-70.0, 30.0)","(2192, 2356)","[16 10 19 20 16 17 15 14 20 19 22 22 21 22 17 19 16 17 16 16 14 15 13 13
 12 12 11 11 10 10 11 11 10 11 10 10 12 11 12 12 12 12 11 11 10 10 10 10
 11 10 11 11 11 11 18 12 25 22 32 28 34 33 32 34 28 30 22 25 18 20 12 16
 12 12 11 11 12 11 13 12 14 15 23 19 30 27 33 32 33 33 36 34 36 36 35 36
 33 34 31 32 28 29 19 25 19 19 18 18 16 17 16 16 16 16 15 16 14 14 12 13
 10 11  9  9  9  9  9  9]"
2024-11-07 13:51:41.589011,"(-63.33, 30.0)","(2310, 2355)","[16 11 19 20 16 17 15 14 20 19 22 22 21 22 17 19 16 17 16 16 14 15 13 13
 12 12 11 11 10 10 11 11 10 11 10 10 12 11 12 12 12 12 11 11 10 10 10 10
 11 10 22 17 29 26 31 30 34 32 36 35 36 36 32 34 26 29 21 23 16 16 14 15
 13 13 12 12 12 12 13 12 14 15 25 19 33 29 36 35 34 35 36 34 35 36 31 32
 30 31 29 30 26 27 25 26 24 25 20 20 27 25 26 27 24 26 19 20 17 18 15 16
 13 14 11 12  9 10  9  9]"
2024-11-07 13:51:55.560322,"(-56.66, 30.0)","(2426, 2355)","[16  8 19 20 16 17 15 14 20 19 22 22 21 22 17 19 16 17 16 16 14 15 13 13
 12 12 11 11 10 10 11 11 10 11 10 10 12 11 12 12 12 12 11 11 10 10 10 10
 19 10 22 22 30 25 34 33 33 34 31 32 30 31 25 28 20 22 18 19 14 14 13 13
 11 12 10 10 12 11 13 12 14 15 26 21 32 30 34 34 33 34 33 33 33 33 30 31
 27 28 26 26 25 26 24 24 22 23 18 18 28 25 28 28 26 27 22 24 18 19 16 17
 14 15 13 13 11 12 10 11]"
2024-11-07 13:52:08.512001,"(-50.0, 30.0)","(2541, 2356)","[16  9 19 20 16 17 15 14 20 19 22 22 21 22 17 19 16 17 16 16 14 15 13 13
 12 12 11 11 10 10 11 11 10 11 10 10 12 11 12 12 12 12 11 11 10 10 13 10
 19 19 27 21 36 32 37 37 35 36 31 33 25 28 21 23 18 19 13 13 13 13 11 12
 10 11 10 10 12 11 13 12 14 15 13 14 21 19 21 22 24 19 30 28 31 31 29 30
 28 29 26 27 24 25 22 23 21 22 16 16 22 21 21 22 16 20 15 16 13 14 11 12
 10 10 10 10 10 10  9 10]"
2024-11-07 13:52:21.463947,"(-43.33, 30.0)","(2643, 2354)","[16  9 19 20 16 17 15 14 20 19 22 22 21 22 17 19 16 17 16 16 14 15 13 13
 12 12 11 11 10 10 11 11 10 11 10 10 12 11 12 12 12 12 11 11 10 10 15 10
 30 24 40 35 43 42 41 42 37 39 31 35 25 28 19 21 14 17 13 13 12 12 10 11
  9  9  9  9 12 11 13 12 14 15 13 14 12 13 11 11 10 10 15 14 17 15 18 18
 17 18 15 16 10 14 14 10 18 15 24 21 26 25 24 25 23 23 22 22 20 21 14 19
 14 14 13 13 11 12 10 11]"
2024-11-07 13:52:34.415279,"(-36.66, 30.0)","(2735, 2354)","[16  7 19 20 16 17 15 14 20 19 22 22 21 22 17 19 16 17 16 16 14 15 13 13
 12 12 11 11 10 10 11 11 10 11 10 10 12 11 12 12 12 12 11 11 10 10 17 10
 30 26 34 33 34 34 32 33 27 30 21 24 12 19 12 12 11 11 11 11 11 11 10 11
  9  9  9  9 12 11 13 12 14 15 13 14 12 13 11 11 10 10 15 13 18 17 18 18
 17 17 19 17 20 20 22 22 23 23 22 23 21 22 19 20 18 18 13 13 13 13 13 13
 13 13 12 12 11 11  9 10]"
2024-11-07 13:52:47.579115,"(-30.0, 30.0)","(2815, 2353)","[16  8 19 20 16 17 15 14 20 19 22 22 21 22 17 19 16 17 16 16 14 15 14 14
 13 14 11 12 10 10 11 11 10 11 10 10 12 11 12 12 12 12 11 11 10 10 20 14
 31 26 36 34 37 37 36 37 34 36 28 31 22 25 19 20 14 18 14 14 14 14 14 14
 13 13 11 12 12 11 13 12 14 15 13 14 12 13 11 11 10 10 10 10 17 15 18 18
 17 17 19 17 19 19 17 18 17 16 19 18 19 19 18 19 18 18 18 18 12 17 12 12
 12 12 11 11 10 10  9  9]"
2024-11-07 13:53:00.534425,"(-23.33, 30.0)","(2897, 2354)","[18 16 19 20 18 18 20 20 21 19 22 22 21 22 17 19 16 17 16 16 15 15 15 15
 14 15 11 12 10 10 11 11 10 11 10 10 12 11 12 12 12 12 11 11 10 10 10 10
 18 10 26 22 34 30 36 36 35 36 32 34 27 29 22 24 20 20 25 22 32 29 36 35
 35 36 33 34 27 30 19 24 17 18 15 16 13 14 12 12 10 11 10 10 18 16 20 19
 19 20 18 19 18 18 22 20 25 25 24 25 22 23 19 21 14 18 14 14 13 13 12 12
 11 11 10 10  9 10  9  9]"
2024-11-07 13:53:14.489692,"(-16.66, 30.0)","(2952, 2354)","[19 14 22 23 22 22 23 23 22 22 22 22 21 22 17 19 16 17 16 16 15 16 16 16
 14 15 12 14 11 12 11 11 10 11 10 10 12 11 12 12 12 12 11 11 10 10 15 10
 19 18 23 20 30 26 37 35 38 39 33 36 27 30 23 25 24 22 30 26 37 34 39 39
 38 39 35 37 29 32 21 27 19 20 17 18 15 16 13 14 12 13 11 11 16 11 19 18
 18 19 17 18 16 17 20 17 24 23 24 25 21 23 19 21 14 18 14 14 13 14 12 13
 12 12 11 11 10 10  9  9]"
2024-11-07 13:53:27.441568,"(-10.0, 30.0)","(2993, 2355)","[20 17 23 23 23 23 23 23 22 22 22 22 21 22 17 19 16 17 16 16 14 15 13 13
 12 12 11 11 10 10 11 11 10 11 10 10 12 11 12 12 12 12 11 11 10 10 10 10
 11 10 18 13 26 22 28 27 31 30 32 32 30 32 26 28 24 24 28 25 30 30 29 30
 28 29 26 27 17 23 16 17 15 15 13 14 12 13 11 12 11 11 11 11 15 11 23 20
 24 25 23 24 20 22 18 19 21 18 23 23 21 22 14 19 14 14 13 14 12 13 11 12
 10 11  9  9  9  9  9  9]"
2024-11-07 13:53:41.411660,"(-3.33, 30.0)","(3076, 2355)","[16 10 19 20 16 18 15 14 20 19 22 22 21 22 17 19 16 17 16 16 14 15 13 13
 12 12 11 11 10 10 11 11 10 11 10 10 12 11 12 12 12 12 11 11 10 10 10 10
 11 10 11 11 21 15 32 27 37 35 37 37 33 35 32 33 31 32 28 29 26 26 24 25
 24 24 22 23 17 17 15 16 14 15 13 14 12 13 11 11 10 10 16 15 16 16 16 16
 17 17 16 17 12 12 17 12 24 21 27 27 27 27 25 26 22 24 18 20 14 14 11 12
 10 10  9  9  9  9  9  9]"
2024-11-07 13:53:54.363677,"(3.33, 30.0)","(3118, 2355)","[16  5 19 20 16 18 15 14 20 19 22 22 21 22 17 19 16 17 16 16 14 15 13 13
 12 12 11 11 10 10 11 11 10 11 10 10 12 11 12 12 12 12 11 11 10 10 10 10
 11 10 11 11 11 11 12 12 12 12 26 19 33 30 34 34 33 34 32 33 31 32 28 29
 27 28 25 27 22 23 16 20 15 16 13 14 12 13 12 12 12 12 17 16 18 18 13 17
 13 13 13 13 12 12 11 12 12 12 12 12 16 12 18 18 16 18 12 12 11 11 10 11
 10 10  9  9  9  9  9  9]"
2024-11-07 13:54:07.314453,"(10.0, 30.0)","(3168, 2355)","[16  7 19 20 16 18 15 14 20 19 22 22 21 22 17 19 16 17 16 16 14 15 13 13
 12 12 11 11 10 10 11 11 10 11 10 10 12 11 12 12 12 12 11 11 10 10 10 10
 11 10 11 11 11 11 12 12 12 12 11 11 19 16 21 19 29 25 39 34 44 42 43 44
 41 42 36 39 29 32 25 27 18 22 16 17 16 15 22 19 26 25 26 26 23 24 16 21
 16 16 15 15 13 14 11 12 10 10 10 10 10 10 11 10 11 12 10 11  9 10  9  9
  8  9  8  8  9  9  9  9]"
2024-11-07 13:54:20.264353,"(16.66, 30.0)","(3199, 2355)","[16  4 19 20 16 18 15 14 20 19 22 22 21 22 17 19 16 17 16 16 14 15 13 13
 12 12 11 11 10 10 11 11 10 11 10 10 12 11 12 12 12 12 11 11 10 10 10 10
 11 10 11 11 11 11 12 12 12 12 11 11 10 10 14 10 24 19 34 29 40 38 41 41
 40 41 37 39 30 34 24 27 16 21 16 16 26 21 39 33 45 44 45 45 41 43 34 37
 28 30 22 23 21 22 20 21 19 20 18 19 16 17 13 14 12 12 11 11 10 11  9 10
  8  9  8  8  9  9  9  9]"
2024-11-07 13:54:33.214294,"(23.33, 30.0)","(3244, 2356)","[16  6 19 20 16 18 15 14 20 19 22 22 21 22 17 19 16 17 16 16 14 15 13 13
 12 12 11 11 10 10 11 11 10 11 10 10 12 11 12 12 12 12 11 11 10 10 10 10
 11 10 11 11 11 11 12 12 12 12 11 11 10 10  9 10 14  9 21 17 30 25 35 33
 36 36 34 35 29 31 24 26 22 23 28 24 33 31 39 36 43 42 43 43 39 41 32 35
 26 29 22 22 22 22 21 22 19 21 18 19 17 17 16 17 14 15 12 13 10 11  9 10
  8  8  8  8  9  9  9  9]"
2024-11-07 13:54:47.182479,"(30.0, 30.0)","(3290, 2353)","[16 12 19 20 16 18 15 14 20 19 22 22 21 22 17 19 16 17 16 16 14 15 13 13
 12 12 11 11 10 10 11 11 10 11 10 10 12 11 12 12 12 12 11 11 10 10 10 10
 11 10 11 11 11 11 12 12 12 12 11 11 10 10  9 10  9  9 18 15 27 22 31 30
 30 31 25 28 21 23 18 19 14 18 23 20 27 25 27 27 27 27 26 27 24 25 23 23
 24 24 23 24 21 22 16 20 16 16 14 15 14 14 14 14 13 13 11 12 10 10  9  9
  8  9  8  8  9  9  9  9]"
2024-11-07 13:55:00.133098,"(36.66, 30.0)","(3332, 2355)","[16  8 19 20 16 18 15 14 20 19 22 22 21 22 17 19 16 17 16 16 14 15 13 13
 12 12 11 11 10 10 11 11 10 11 10 10 12 11 12 12 12 12 11 11 10 10 10 10
 11 10 11 11 11 11 12 12 12 12 11 11 10 10  9 10  9  9 18 10 31 25 35 34
 33 35 29 31 23 26 20 21 14 19 13 14 13 13 12 12 18 13 19 19 18 18 13 17
 18 13 21 20 21 21 22 21 24 24 27 25 28 28 26 27 22 24 17 17 15 16 13 14
 11 12  9 10  9  9  9  9]"
2024-11-07 13:55:13.084350,"(43.33, 30.0)","(3374, 2355)","[16  9 19 20 16 18 15 14 20 19 22 22 21 22 17 19 16 17 16 16 14 15 13 13
 12 12 11 11 10 10 11 11 10 11 10 10 12 11 12 12 12 12 11 11 10 10 10 10
 11 10 11 11 11 11 12 12 12 12 11 11 10 10  9 10  9  9 10  9 11 11 10 11
 15  9 16 16 12 15 13 12 14 15 13 14 12 13 11 11 14 10 16 16 16 16 15 15
 10 14 10 10 14 10 21 17 31 26 37 35 37 37 33 36 27 31 22 24 16 20 14 15
 12 13 10 11  9 10  9  9]"
2024-11-07 13:55:26.035107,"(50.0, 30.0)","(3419, 2354)","[16  9 19 20 16 18 15 14 20 19 22 22 21 22 17 19 16 17 16 16 14 15 13 13
 12 12 11 11 10 10 11 11 10 11 10 10 12 11 12 12 12 12 11 11 10 10 10 10
 11 10 11 11 11 11 12 12 12 12 11 11 10 10  9 10  9  9 10  9 11 11 10 11
  9  9  9  9 12 11 13 12 14 15 13 14 12 13 11 11 10 10 15 12 17 16 16 17
 14 15  9  9 13  9 21 18 27 23 30 29 28 29 25 27 21 23 18 19 13 13 12 13
 10 11  9  9  9  9  9  9]"
2024-11-07 13:55:38.986647,"(56.66, 30.0)","(3465, 2353)","[16 10 19 20 17 18 19 18 20 19 22 22 21 22 17 19 16 17 16 16 14 15 13 13
 12 12 11 11 10 10 11 11 10 11 10 10 12 11 12 12 12 12 11 11 10 10 10 10
 11 10 11 11 11 11 12 12 12 12 11 11 10 10  9 10  9  9 10  9 11 11 10 11
  9  9  9  9 12 11 13 12 14 15 13 14 12 13 11 11 10 10 10 10 15 10 16 16
 16 16 18 17 28 23 35 32 37 37 36 37 32 34 26 29 20 23 15 15 13 14 12 12
 11 11 11 11 10 11 10 10]"
2024-11-07 13:55:51.936345,"(63.33, 30.0)","(3513, 2355)","[16  8 19 20 22 20 24 23 22 23 22 22 21 22 19 20 17 18 16 16 14 15 13 13
 12 12 11 11 10 10 11 11 10 11 10 10 12 11 12 12 12 12 11 11 10 10 10 10
 11 10 11 11 11 11 12 12 12 12 11 11 10 10  9 10  9  9 10  9 11 11 10 11
  9  9  9  9 12 11 13 12 14 15 13 14 12 13 11 11 10 10 10 10 15 13 15 15
 10 14 18 15 31 25 36 34 35 36 35 35 33 34 29 31 24 27 19 21 15 16 14 14
 13 13 13 13 12 12 11 12]"
2024-11-07 13:56:04.888330,"(70.0, 30.0)","(3569, 2354)","[16 12 19 20 20 19 22 21 21 21 22 22 21 22 17 19 16 17 16 16 14 15 13 13
 12 12 11 11 10 10 11 11 10 11 10 10 12 11 12 12 12 12 11 11 10 10 10 10
 11 10 11 11 11 11 12 12 12 12 11 11 10 10  9 10  9  9 10  9 11 11 10 11
  9  9  9  9 12 11 13 12 14 15 13 14 12 13 11 11 10 10 14 11 17 16 17 17
 17 17 26 20 35 31 36 36 34 34 33 33 32 32 28 30 23 25 16 17 15 15 13 14
 13 13 12 13 11 11 10 10]"
2024-11-07 13:56:18.857455,"(76.66, 30.0)","(3629, 2353)","[16  9 19 20 16 18 15 14 20 19 22 22 21 22 17 19 16 17 16 16 14 15 13 13
 12 12 11 11 10 10 11 11 10 11 10 10 12 11 12 12 12 12 11 11 10 10 10 10
 11 10 11 11 11 11 12 12 12 12 11 11 10 10  9 10  9  9 10  9 11 11 10 11
  9  9  9  9 12 11 13 12 14 15 13 14 12 13 11 11 10 10 10 10 18 16 19 19
 18 19 20 19 29 24 35 33 35 36 34 35 31 33 26 29 21 23 15 16 14 15 12 13
 11 12 10 10  9 10  9  9]"
2024-11-07 13:56:31.810674,"(83.33, 30.0)","(3692, 2356)","[16 11 19 20 16 18 15 14 20 19 22 22 21 22 17 19 16 17 16 16 14 15 13 13
 12 12 11 11 10 10 11 11 10 11 10 10 12 11 12 12 12 12 11 11 10 10 10 10
 11 10 11 11 11 11 12 12 12 12 11 11 10 10  9 10  9  9 10  9 11 11 10 11
  9  9  9  9 12 11 13 12 14 15 13 14 12 13 11 11 10 10 15 14 15 16 14 15
 10 14  9  9 17 15 26 22 31 30 31 32 29 30 23 26 19 21 13 14 13 13 11 12
 10 11  9  9  9  9  9  9]"
2024-11-07 13:56:45.262476,"(90.0, 30.0)","(3766, 2355)","[16  8 19 20 16 18 15 14 20 19 22 22 21 22 17 19 16 17 16 16 14 15 13 13
 12 12 11 11 10 10 11 11 10 11 10 10 12 11 12 12 12 12 11 11 10 10 10 10
 11 10 11 11 11 11 12 12 12 12 11 11 10 10  9 10  9  9 10  9 11 11 10 11
  9  9  9  9 12 11 13 12 14 15 13 14 12 13 11 11 10 10 10 10 15 13 17 17
 16 17 15 16 16 15 26 21 32 31 33 33 30 32 23 26 18 20 13 13 12 12 10 11
  9 10  8  8  9  9  9  9]"
2024-11-07 13:57:21.454601,"(-83.33, -30.0)","(1881, 3087)","[16  9 19 20 16 18 15 14 20 19 22 22 21 22 17 19 16 17 16 16 14 15 13 13
 12 12 11 11 10 10 11 11 10 11 10 10 12 11 12 12 12 12 11 11 10 10 10 10
 11 10 11 11 11 11 12 12 12 12 11 11 10 10  9 10  9  9 10  9 11 11 10 11
  9  9  9  9 12 11 13 12 14 15 13 14 12 13 11 11 10 10 10 10 15 14 14 15
 10 14 14 14 14 14 19 14 30 26 32 32 30 31 25 27 20 22 17 18 12 12 11 12
 10 10  9  9  9  9  9  9]"
2024-11-07 13:57:34.408274,"(-76.66, -30.0)","(1966, 3087)","[16 11 19 20 16 18 15 14 20 19 22 22 21 22 17 19 16 17 16 16 14 15 13 13
 12 12 11 11 10 10 11 11 10 11 10 10 12 11 12 12 12 12 11 11 10 10 10 10
 11 10 11 11 11 11 12 12 12 12 11 11 10 10  9 10  9  9 10  9 11 11 10 11
  9  9  9  9 12 11 13 12 14 15 13 14 12 13 11 11 10 10 10 10  9 10  9  9
 10 10  9  9 19 14 30 26 32 32 30 31 26 28 21 24 18 19 13 13 13 13 12 12
 11 11  9 10  9  9  9  9]"
2024-11-07 13:57:47.361428,"(-70.0, -30.0)","(2071, 3088)","[16  9 19 20 16 18 15 14 20 19 22 22 21 22 17 19 16 17 16 16 15 15 15 15
 14 15 13 14 11 12 11 11 10 11 10 10 12 11 12 12 12 12 11 11 10 10 10 10
 11 10 11 11 11 11 12 12 12 12 11 11 10 10  9 10  9  9 10  9 11 11 10 11
  9  9  9  9 12 11 13 12 14 15 13 14 12 13 11 11 10 10 10 10  9 10  9  9
 10 10 15 14 22 18 28 26 30 30 29 30 26 28 21 24 17 19 13 13 12 12 11 11
  9 10  9  9  9  9  9  9]"
2024-11-07 13:58:00.315236,"(-63.33, -30.0)","(2181, 3088)","[16 11 19 20 16 18 15 14 20 19 22 22 21 22 17 19 16 17 16 16 14 15 13 13
 12 12 11 11 10 10 11 11 10 11 10 10 12 11 12 12 12 12 11 11 10 10 10 10
 11 10 11 11 11 11 12 12 12 12 11 11 10 10  9 10  9  9 10  9 11 11 10 11
  9  9  9  9 12 11 13 12 14 15 13 14 12 13 11 11 10 10 10 10  9 10  9  9
 10 10 13 10 27 20 34 31 35 35 32 34 26 29 21 24 18 19 13 13 13 13 12 12
 11 11  9 10  9  9  9  9]"
2024-11-07 13:58:13.270169,"(-56.66, -30.0)","(2295, 3087)","[16 10 19 20 22 20 23 23 22 22 22 22 22 22 21 21 17 19 16 16 14 15 13 13
 12 12 11 11 10 10 11 11 10 11 10 10 12 11 12 12 12 12 11 11 10 10 10 10
 11 10 11 11 11 11 12 12 12 12 11 11 10 10  9 10  9  9 10  9 11 11 10 11
  9  9  9  9 12 11 13 12 14 15 13 14 12 13 11 11 10 10 10 10  9 10  9  9
 10 10 16 14 28 22 39 35 41 41 38 40 35 37 31 33 27 29 23 25 18 22 18 18
 17 18 16 17 14 15 12 13]"
2024-11-07 13:58:26.222965,"(-50.0, -30.0)","(2409, 3087)","[16  8 19 20 23 21 24 24 22 24 22 22 22 22 19 20 17 17 16 16 14 15 13 13
 12 12 11 11 10 10 11 11 10 11 10 10 12 11 12 12 12 12 11 11 10 10 10 10
 11 10 11 11 11 11 12 12 12 12 11 11 10 10  9 10  9  9 10  9 11 11 10 11
  9  9  9  9 12 11 13 12 14 15 13 14 12 13 11 11 10 10 10 10 15 14 15 15
 15 14 14 15 22 17 36 30 41 40 41 41 38 40 33 36 27 30 23 24 18 18 18 18
 17 18 16 17 14 15 12 13]"
2024-11-07 13:58:39.177696,"(-43.33, -30.0)","(2525, 3087)","[16  8 19 20 23 21 24 24 22 23 22 22 22 22 20 21 19 19 18 18 17 18 16 16
 14 15 13 13 11 12 11 11 10 11 10 10 12 11 12 12 12 12 11 11 10 10 10 10
 11 10 11 11 11 11 12 12 12 12 11 11 10 10  9 10  9  9 10  9 11 11 10 11
  9  9  9  9 12 11 13 12 14 15 13 14 12 13 11 11 10 10 10 10  9 10  9  9
 10 10 15 14 18 16 29 24 35 33 36 36 34 35 29 32 25 27 22 24 16 21 16 16
 15 16 14 15 14 14 12 13]"
2024-11-07 13:58:52.131299,"(-36.66, -30.0)","(2628, 3088)","[16  9 19 20 16 18 16 15 20 19 22 22 21 22 17 19 16 17 16 16 14 15 13 13
 12 12 11 11 10 10 11 11 10 11 10 10 12 11 12 12 12 12 11 11 10 10 10 10
 11 10 11 11 11 11 12 12 12 12 11 11 10 10  9 10  9  9 10  9 11 11 10 11
  9  9  9  9 12 11 13 12 14 15 13 14 12 13 11 11 10 10 10 10  9 10  9  9
 10 10  9  9 26 19 33 30 35 35 36 36 34 35 30 32 23 26 19 21 15 16 14 15
 13 14 11 12  9 10  9  9]"
2024-11-07 13:59:05.082107,"(-30.0, -30.0)","(2729, 3085)","[16  6 19 20 16 18 16 15 20 19 22 22 21 22 17 19 16 17 16 16 14 15 13 13
 12 12 11 11 10 10 11 11 10 11 10 10 12 11 12 12 12 12 11 11 10 10 10 10
 11 10 11 11 11 11 12 12 12 12 11 11 10 10  9 10  9  9 10  9 11 11 10 11
  9  9  9  9 12 11 13 12 14 15 13 14 12 13 11 11 10 10 10 10  9 10  9  9
 10 10  9  9 18 15 26 23 30 29 30 30 29 30 26 28 22 24 18 20 13 14 12 12
 10 11  9  9  9  9  9  9]"
2024-11-07 13:59:18.035147,"(-23.33, -30.0)","(2810, 3086)","[16 12 19 20 16 18 16 15 20 19 22 22 21 22 17 19 16 17 16 16 14 15 13 13
 12 12 11 11 10 10 11 11 10 11 10 10 12 11 12 12 12 12 11 11 10 10 10 10
 11 10 11 11 11 11 12 12 12 12 11 11 10 10  9 10  9  9 10  9 11 11 10 11
  9  9  9  9 12 11 13 12 14 15 13 14 12 13 11 11 10 10 10 10  9 10 14  9
 24 21 26 26 25 25 22 23 30 22 40 36 40 40 37 39 33 35 30 31 29 30 27 29
 22 24 18 18 16 17 13 14]"
2024-11-07 13:59:30.988427,"(-16.66, -30.0)","(2890, 3085)","[16  9 19 20 16 18 16 15 20 19 22 22 21 22 17 19 16 17 16 16 14 15 13 13
 12 12 11 11 10 10 11 11 10 11 10 10 12 11 12 12 12 12 11 11 10 10 10 10
 11 10 11 11 11 11 12 12 12 12 11 11 10 10  9 10  9  9 10  9 11 11 10 11
  9  9  9  9 12 11 13 12 14 15 13 14 12 13 11 11 10 10 10 10  9 10 14  9
 24 19 28 27 27 27 26 27 33 25 45 40 47 47 45 46 41 44 38 39 37 37 34 36
 31 32 28 29 23 23 21 22]"
2024-11-07 13:59:43.943188,"(-10.0, -30.0)","(2964, 3087)","[16  6 19 20 16 18 16 15 20 19 22 22 21 22 17 19 16 17 16 16 14 15 13 13
 12 12 11 11 10 10 11 11 10 11 10 10 12 11 12 12 12 12 11 11 10 10 10 10
 11 10 11 11 11 11 12 12 12 12 11 11 10 10  9 10  9  9 10  9 11 11 10 11
  9  9  9  9 12 11 13 12 14 15 13 14 12 13 11 11 10 10 10 10  9 10  9  9
 16 10 18 18 18 18 23 21 30 25 42 35 45 44 42 44 37 40 33 34 30 31 26 28
 26 26 24 25 19 19 16 17]"
2024-11-07 13:59:56.896300,"(-3.33, -30.0)","(2999, 3085)","[16  6 19 20 16 18 16 15 20 19 22 22 21 22 17 19 16 17 16 16 14 15 13 13
 12 12 11 11 10 10 11 11 10 11 10 10 12 11 12 12 12 12 11 11 10 10 10 10
 11 10 11 11 11 11 12 12 12 12 11 11 10 10  9 10  9  9 10  9 11 11 10 11
  9  9  9  9 12 11 13 12 14 15 13 14 12 13 11 11 10 10 10 10  9 10  9  9
 14 10 17 16 17 17 18 16 23 23 31 26 36 34 34 35 29 31 25 27 23 24 26 24
 28 28 26 27 22 24 17 20]"
2024-11-07 14:00:09.848519,"(3.33, -30.0)","(3083, 3088)","[16  4 19 20 16 18 16 15 20 19 22 22 21 22 17 19 16 17 16 16 14 15 13 13
 12 12 11 11 10 10 11 11 10 11 10 10 12 11 12 12 12 12 11 11 10 10 10 10
 11 10 11 11 11 11 12 12 12 12 11 11 10 10  9 10  9  9 10  9 11 11 10 11
  9  9  9  9 12 11 13 12 14 15 13 14 12 13 11 11 10 10 10 10 15 14 14 15
 10 14 14 14 15 14 22 18 30 27 32 31 32 32 31 32 27 30 22 24 20 21 15 19
 14 15 12 13 10 11  9  9]"
2024-11-07 14:00:22.799716,"(10.0, -30.0)","(3137, 3087)","[16 12 19 20 16 18 16 15 20 19 22 22 21 22 17 19 16 17 16 16 14 15 13 13
 12 12 11 11 10 10 11 11 10 11 10 10 12 11 12 12 12 12 11 11 10 10 10 10
 11 10 11 11 11 11 12 12 12 12 11 11 10 10  9 10  9  9 10  9 11 11 10 11
  9  9  9  9 12 11 13 12 14 15 13 14 12 13 11 11 10 10 10 10  9 10  9  9
 10 10 15 14 15 15 18 16 19 20 27 20 31 30 30 31 26 28 22 23 20 21 17 19
 13 16 12 12 12 12 12 12]"
2024-11-07 14:00:36.769818,"(16.66, -30.0)","(3179, 3087)","[16  9 19 20 16 18 16 15 20 19 22 22 21 22 17 19 16 17 16 16 14 15 13 13
 12 12 11 11 10 10 11 11 10 11 10 10 12 11 12 12 12 12 11 11 10 10 10 10
 11 10 11 11 11 11 12 12 12 12 11 11 10 10  9 10  9  9 10  9 11 11 10 11
  9  9  9  9 12 11 13 12 14 15 13 14 12 13 11 11 10 10 10 10  9 10  9  9
 10 10  9  9  8  8 12  7 20 13 33 27 35 34 32 34 27 29 23 24 20 21 13 19
 13 13 12 13 11 12 10 11]"
2024-11-07 14:00:49.723281,"(23.33, -30.0)","(3213, 3085)","[16  4 19 20 16 18 17 16 20 19 22 22 21 22 17 19 16 17 16 16 14 15 13 14
 12 13 11 11 10 10 11 11 10 11 10 10 12 11 12 12 12 12 11 11 10 10 10 10
 11 10 11 11 11 11 12 12 12 12 11 11 10 10  9 10  9  9 10  9 11 11 10 11
  9  9  9  9 12 11 13 12 14 15 13 14 12 13 11 11 10 10 10 10  9 10  9  9
 14 10 14 14 14 14 17 15 23 17 33 28 35 35 33 35 28 32 24 26 21 22 15 20
 14 14 13 13 12 12 10 11]"
2024-11-07 14:01:02.675717,"(30.0, -30.0)","(3251, 3086)","[16 11 19 20 22 21 23 23 22 22 22 22 21 22 18 19 16 17 16 16 14 15 13 13
 12 12 11 11 10 10 11 11 10 11 10 10 12 11 12 12 12 12 11 11 10 10 10 10
 11 10 11 11 11 11 12 12 12 12 11 11 10 10  9 10  9  9 10  9 11 11 10 11
  9  9  9  9 12 11 13 12 14 15 13 14 12 13 11 11 10 10 10 10 12 10 14 14
 10 14 16 15 19 18 19 19 25 21 32 28 35 34 33 34 29 31 25 27 21 23 15 19
 14 15 13 14 13 13 12 12]"
2024-11-07 14:01:15.627455,"(36.66, -30.0)","(3293, 3087)","[16  7 19 20 21 20 21 21 21 20 22 22 21 22 17 19 16 17 16 16 14 15 13 13
 12 12 11 11 10 10 11 11 10 11 10 10 12 11 12 12 12 12 11 11 10 10 10 10
 11 10 11 11 11 11 12 12 12 12 11 11 10 10  9 10  9  9 10  9 11 11 10 11
  9  9  9  9 12 11 13 12 14 15 13 14 12 13 11 11 10 10 10 10  9 10  9  9
 10 10  9  9  8  8 12  8 20 14 32 27 38 36 36 37 32 35 26 29 22 24 15 20
 15 15 14 15 14 14 13 13]"
2024-11-07 14:01:28.580981,"(43.33, -30.0)","(3334, 3088)","[16  9 19 20 16 18 16 15 20 19 22 22 21 22 17 19 16 17 16 16 14 15 13 13
 12 12 11 11 10 10 11 11 10 11 10 10 12 11 12 12 12 12 11 11 10 10 10 10
 11 10 11 11 11 11 12 12 12 12 11 11 10 10  9 10  9  9 10  9 11 11 10 11
  9  9  9  9 12 11 13 12 14 15 13 14 12 13 11 11 10 10 10 10 14 14  9 14
 10 10  9  9  8  9 14  8 19 16 27 23 31 29 33 33 32 33 30 31 25 27 20 23
 15 18 13 14 11 12  9 10]"
2024-11-07 14:01:42.551680,"(50.0, -30.0)","(3376, 3088)","[16 12 19 20 16 18 16 15 20 19 22 22 21 22 17 19 16 17 16 16 14 15 13 13
 12 12 11 11 10 10 11 11 10 11 10 10 12 11 12 12 12 12 11 11 10 10 10 10
 11 10 11 11 11 11 12 12 12 12 11 11 10 10  9 10 16  9 20 19 19 19 17 18
 17 16 25 20 29 28 28 29 24 27 22 23 20 21 19 20 13 18 14 14 14 14 14 14
 14 14 14 14 13 14 12 13 22 12 33 28 37 35 37 37 36 37 33 35 29 31 23 26
 18 21 17 17 15 16 14 15]"
2024-11-07 14:01:55.502971,"(56.66, -30.0)","(3419, 3087)","[16  6 19 20 16 18 16 15 20 19 22 22 21 22 17 19 16 17 16 16 14 15 13 13
 12 12 11 11 10 10 11 11 10 11 10 10 12 11 12 12 12 12 11 11 10 10 10 10
 18 10 23 22 22 23 19 21 12 16 11 11 12 10 20 15 30 27 31 31 31 31 31 31
 31 30 36 32 38 37 37 38 36 36 36 36 37 36 37 37 35 36 33 34 31 32 24 29
 24 24 22 23 20 21 19 19 26 19 36 31 41 39 42 42 39 41 35 37 31 33 24 29
 22 23 19 21 17 18 14 15]"
2024-11-07 14:02:08.454825,"(63.33, -30.0)","(3463, 3086)","[16 12 19 20 16 18 16 15 20 19 22 22 21 22 17 19 16 17 16 16 14 15 13 13
 12 12 11 11 11 10 13 12 14 14 13 14 12 13 12 12 12 12 11 11 10 10 10 10
 15 10 18 17 18 18 12 17 12 12 11 11 10 10 15 10 24 21 26 26 29 28 28 29
 33 27 47 40 54 51 52 53 50 51 49 49 46 47 44 45 41 43 37 40 33 35 28 32
 27 28 26 27 26 26 25 26 31 25 44 37 51 48 50 51 47 49 43 46 39 41 36 38
 30 34 27 28 23 25 21 22]"
2024-11-07 14:02:21.407168,"(70.0, -30.0)","(3512, 3087)","[16 11 19 20 16 18 16 15 20 19 22 22 21 22 17 19 16 17 16 16 14 15 13 13
 12 12 11 11 15 13 16 16 15 16 12 14 12 12 12 12 12 12 11 11 10 10 11 10
 20 15 25 24 24 25 19 21 12 17 11 11 10 10 13 10 22 18 24 24 22 23 21 22
 24 21 36 29 44 40 46 46 46 46 44 45 41 42 39 40 35 37 31 33 29 30 24 28
 24 24 24 24 24 24 24 24 30 24 45 36 53 50 53 53 50 52 45 48 39 42 30 35
 27 29 25 26 23 24 21 22]"
2024-11-07 14:02:34.358224,"(76.66, -30.0)","(3565, 3085)","[16  9 19 20 16 18 16 15 20 19 22 22 21 22 17 19 16 17 16 16 14 15 13 13
 12 12 12 11 12 12 11 12 10 11 10 10 12 11 12 12 12 12 11 11 10 10 10 10
 15 10 19 18 18 19 12 17 12 12 11 11 10 10 11 10 19 15 20 20 18 19 16 17
 10 15 26 18 40 33 48 45 49 50 49 49 46 48 42 44 37 39 33 35 28 31 22 26
 27 21 36 32 37 37 36 37 33 34 40 34 48 44 46 47 43 44 40 41 37 39 29 34
 26 28 24 25 22 23 21 21]"
2024-11-07 14:02:47.312233,"(83.33, -30.0)","(3620, 3086)","[19 20 19 20 16 18 17 16 20 19 22 22 21 22 17 19 16 17 16 16 14 15 13 13
 12 12 11 11 10 10 11 11 10 11 10 10 12 11 12 12 12 12 11 11 10 10 10 10
 11 10 11 11 11 11 12 12 12 12 11 11 10 10  9 10 17  9 21 20 19 20 19 18
 20 20 29 22 45 37 52 50 54 54 52 53 50 51 49 49 46 48 43 44 41 42 40 41
 37 39 33 35 28 33 28 28 28 28 35 33 39 37 38 39 36 37 36 36 30 34 28 29
 27 28 26 26 24 25 23 24]"
