Measure Time,Commanded trajectory,Real trajectory,Curve,az LS,5600,el LS,5600
2024-11-25 11:58:06.223229,"(0.0, 0.0)","(5600, 5600)","[22 25 19 21 17 18 19 17 25 24 26 26 25 25 24 24 23 23 22 22 20 21 19 19
 16 18 13 15 11 12 11 11 10 11 10 10 12 11 12 12 12 12 11 11 10 10 10 10
 11 10 11 11 11 11 12 12 12 12 11 11 10 10  9 10  9  9 10  9 11 11 15 11
 18 16 21 20 27 24 33 30 38 36 42 39 43 42 49 44 61 56 65 64 64 65 60 62
 55 58 48 52 42 45 37 39 30 34 27 29 24 26 21 23 18 19 16 17 14 15 14 14
 19 14 21 21 21 21 19 20]"
2024-11-25 11:58:44.210247,"(-90.0, 3.33)","(5600, 5600)","[17  9 18 18 21 19 23 23 21 21 22 22 21 22 19 20 18 19 17 18 16 16 14 15
 12 12 11 11 10 10 11 11 10 11 10 10 12 11 12 12 12 12 11 11 10 10 10 10
 11 10 11 11 11 11 12 12 12 12 11 11 10 10  9 10  9  9 10  9 11 11 10 11
  9  9  9  9 12 11 13 12 14 15 13 14 20 18 27 23 38 32 47 43 50 49 49 50
 47 48 43 45 38 41 32 35 26 29 21 22 19 20 16 18 14 15 12 13 10 11  9  9
  8  8  8  8  9  9  9  9]"
2024-11-25 11:59:13.981441,"(-30.0, 3.33)","(5600, 5600)","[17 10 18 18 22 20 26 25 25 26 23 24 22 23 21 21 20 20 19 20 15 17 13 14
 12 12 11 11 10 10 11 11 10 11 10 10 12 11 12 12 12 12 11 11 10 10 10 10
 11 10 11 11 11 11 12 12 12 12 11 11 10 10  9 10  9  9 10  9 11 11 10 11
  9  9  9  9 12 11 18 12 24 21 26 26 26 25 40 32 52 47 58 56 57 58 53 56
 48 51 43 45 37 40 32 35 25 29 23 24 20 21 17 18 14 15 12 13 10 11 10 10
 10 10 11 11 11 11 10 10]"
2024-11-25 11:59:43.759878,"(30.0, 3.33)","(5600, 5600)","[22 25 19 21 23 20 25 25 24 25 23 24 22 23 21 21 20 20 18 19 14 16 13 13
 12 12 11 11 10 10 11 11 10 11 10 10 12 11 12 12 12 12 11 11 10 10 10 10
 11 10 11 11 11 11 12 12 12 12 11 11 10 10  9 10  9  9 10  9 11 11 10 11
 14  9 20 17 20 20 29 25 33 32 33 34 40 36 53 46 64 60 67 66 64 66 57 60
 50 53 46 48 42 44 36 39 29 33 26 27 23 24 20 22 18 19 16 17 15 16 14 14
 13 14 12 12 11 11 10 10]"
2024-11-25 12:00:13.534455,"(90.0, 3.33)","(5600, 5600)","[17  4 18 18 22 20 24 24 22 23 22 22 21 22 18 19 17 18 16 17 14 15 13 13
 12 12 11 11 10 10 11 11 10 11 10 10 12 11 12 12 12 12 11 11 10 10 10 10
 11 10 11 11 11 11 12 12 12 12 11 11 10 10  9 10  9  9 10  9 11 11 14 11
 25 19 35 30 41 38 42 42 41 42 38 39 37 37 40 37 50 45 62 56 67 65 65 66
 58 63 49 53 44 46 41 42 38 39 36 37 31 32 29 30 25 27 22 23 19 20 17 18
 14 15 13 14 12 12 10 11]"
2024-11-25 12:01:01.061255,"(-30.0, -3.33)","(5600, 5600)","[22 15 25 26 23 24 27 25 28 29 26 27 25 26 26 25 26 27 25 26 25 25 24 24
 22 23 20 21 19 19 16 17 12 14 10 11 12 11 12 12 12 12 11 11 10 10 10 10
 11 10 11 11 11 11 12 12 12 12 11 11 10 10  9 10  9  9 10  9 11 11 14 11
 15 15 18 16 22 20 25 23 28 26 30 29 34 32 37 34 47 42 54 52 54 55 52 53
 49 50 45 47 41 43 34 37 27 31 25 26 23 24 22 23 22 22 21 22 20 21 26 20
 32 30 33 33 31 32 28 30]"
2024-11-25 12:01:30.834606,"(30.0, -3.33)","(5600, 5600)","[17  6 18 18 19 18 24 22 26 26 24 25 23 24 21 22 20 20 17 19 14 16 13 13
 12 12 11 11 11 11 11 11 10 11 10 10 12 11 12 12 12 12 11 11 10 10 10 10
 11 10 11 11 11 11 12 12 12 12 11 11 10 10  9 10  9  9 10  9 11 11 16 11
 16 16 15 15 16 15 22 19 26 25 27 27 32 30 35 33 43 38 52 48 53 52 51 52
 47 49 43 45 39 41 35 37 30 32 25 25 23 24 21 22 20 20 19 20 19 19 24 19
 27 25 28 28 26 27 20 24]"
2024-11-25 12:02:17.331060,"(-90.0, 6.66)","(5600, 5600)","[17  5 18 19 18 18 18 18 20 19 22 22 22 22 20 21 20 20 18 19 15 16 13 13
 13 12 13 13 12 12 11 12 10 11 10 10 12 11 12 12 12 12 11 11 10 10 10 10
 11 10 11 11 11 11 12 12 12 12 11 11 10 10  9 10  9  9 10  9 17 16 17 17
 15 17 13 14 12 11 13 12 14 15 13 14 12 13 16 11 30 21 43 37 49 47 48 49
 43 47 36 39 32 34 28 30 23 25 19 20 18 19 15 16 13 14 11 12 10 11  9  9
  8  9  8  8 14  9 15 15]"
2024-11-25 12:02:38.585488,"(-60.0, 6.66)","(5600, 5600)","[22 23 22 22 20 21 18 18 20 19 22 22 22 22 20 20 19 19 17 18 14 16 13 13
 13 13 12 13 11 11 11 11 10 11 10 10 12 11 12 12 12 12 11 11 10 10 10 10
 11 10 11 11 11 11 12 12 12 12 11 11 10 10  9 10  9  9 10  9 11 11 10 11
  9  9  9  9 12 11 13 12 14 15 13 14 13 13 28 19 44 37 52 49 55 54 54 55
 50 53 42 46 35 39 30 33 22 28 20 22 18 19 15 16 13 14 11 12 10 10  8  9
  8  8 15 11 18 17 17 18]"
2024-11-25 12:02:59.830362,"(-30.0, 6.66)","(5600, 5600)","[18 19 19 19 18 18 18 18 20 19 22 22 22 22 22 22 21 21 19 20 15 17 13 14
 12 12 12 12 11 11 11 11 10 11 10 10 12 11 12 12 12 12 11 11 10 10 10 10
 11 10 11 11 11 11 12 12 12 12 11 11 10 10  9 10  9  9 10  9 11 11 10 11
  9  9 15 10 27 21 31 30 30 31 27 29 25 25 33 26 49 43 55 53 54 55 51 53
 45 48 38 41 31 35 23 28 21 22 19 20 18 18 16 17 14 15 13 14 11 12 10 11
 10 10 10 10 10 10 10 10]"
2024-11-25 12:03:21.584301,"(0.0, 6.66)","(5600, 5600)","[21 23 20 21 18 19 18 18 20 19 22 22 22 22 22 22 21 21 20 20 16 18 13 14
 12 12 12 12 11 11 11 11 10 11 10 10 12 11 12 12 12 12 11 11 10 10 10 10
 11 10 11 11 11 11 12 12 12 12 11 11 10 10  9 10  9  9 10  9 11 11 10 11
  9  9 16 13 22 18 31 28 31 32 31 31 34 33 38 34 52 45 60 57 60 60 56 58
 50 53 45 48 39 42 34 36 27 32 26 27 24 25 22 23 19 20 16 18 14 15 12 12
 10 11  9  9  9  9  9  9]"
2024-11-25 12:03:42.845421,"(30.0, 6.66)","(5600, 5600)","[21 24 20 21 18 19 18 18 20 19 22 22 22 22 21 21 20 20 19 19 16 18 13 14
 12 12 12 12 11 12 11 11 10 11 10 10 12 11 12 12 12 12 11 11 10 10 10 10
 11 10 11 11 11 11 12 12 12 12 11 11 10 10  9 10  9  9 10  9 11 11 10 11
 21  9 38 29 47 43 48 48 46 48 42 44 39 41 42 38 54 49 59 58 59 59 55 57
 46 51 39 42 35 37 29 33 28 28 26 27 25 25 22 23 19 20 15 17 13 14 11 12
 10 10 10 10 10 10  9 10]"
2024-11-25 12:04:04.106253,"(60.0, 6.66)","(5600, 5600)","[18 16 19 19 18 19 18 18 20 19 23 22 25 24 24 25 23 24 20 22 15 18 14 14
 15 14 14 15 13 14 11 12 10 11 10 10 12 11 12 12 12 12 11 11 10 10 10 10
 11 10 11 11 11 11 12 12 12 12 11 11 10 10  9 10  9  9 10  9 11 11 14 11
 30 19 45 39 52 49 52 52 50 51 45 48 43 43 50 46 55 54 55 55 53 54 50 52
 44 47 36 41 30 30 28 29 26 26 25 25 25 25 24 25 21 22 19 20 17 18 15 16
 13 14 11 12 10 11  9 10]"
2024-11-25 12:04:25.361422,"(90.0, 6.66)","(5600, 5600)","[18 15 19 19 18 19 18 18 20 19 22 22 21 22 18 19 17 18 16 17 14 15 13 13
 12 12 12 12 11 11 11 11 10 11 10 10 12 11 12 12 12 12 11 11 10 10 10 10
 11 10 11 11 11 11 12 12 12 12 11 11 10 10  9 10  9  9 10  9 11 11 10 11
 20  9 35 27 43 40 44 44 41 43 35 38 30 32 34 30 46 41 55 51 57 57 56 57
 51 54 45 48 39 42 35 37 28 33 27 28 25 26 22 23 19 20 16 17 14 15 12 13
 11 11 10 11  9 10  9  9]"
2024-11-25 12:05:20.113703,"(-60.0, -6.66)","(5600, 5600)","[18  9 19 19 20 19 22 22 21 21 22 22 21 22 18 19 16 17 16 16 14 15 13 13
 12 12 11 11 10 10 11 11 10 11 10 10 12 11 12 12 12 12 11 11 10 10 10 10
 11 10 11 11 11 11 12 12 12 12 11 11 10 10  9 10  9  9 10  9 11 11 10 11
 15  9 23 17 30 27 32 31 31 31 30 30 28 29 28 27 40 31 51 47 54 53 51 53
 45 49 39 42 34 37 31 32 25 29 23 24 20 22 17 19 15 16 14 14 29 23 32 31
 30 31 26 29 17 24 17 17]"
2024-11-25 12:05:41.374348,"(-30.0, -6.66)","(5600, 5600)","[18  8 19 19 19 19 21 21 21 20 22 22 21 22 17 19 16 17 16 16 14 15 13 13
 12 12 11 11 10 10 11 11 10 11 10 10 12 11 12 12 12 12 11 11 10 10 10 10
 11 10 11 11 11 11 12 12 12 12 11 11 14 10 14 14  9 13 10  9 11 11 15 11
 13 14  9  9 12 11 13 12 14 15 13 14 19 17 23 21 30 23 42 36 46 45 45 46
 41 43 36 38 31 34 28 29 25 26 20 21 19 20 18 18 18 18 18 18 33 27 36 35
 35 36 31 33 27 29 21 25]"
2024-11-25 12:06:02.635117,"(0.0, -6.66)","(5600, 5600)","[18  9 19 19 19 19 20 20 21 19 22 22 21 22 17 19 16 17 16 16 14 15 13 13
 12 12 11 11 10 10 11 11 10 11 10 10 12 11 12 12 12 12 11 11 10 10 10 10
 11 10 11 11 11 11 12 12 12 12 11 11 10 10  9 10  9  9 10  9 11 11 10 11
  9  9  9  9 12 11 13 12 21 15 22 22 22 22 26 24 28 29 33 30 42 38 41 42
 37 40 35 36 32 33 27 29 23 25 19 19 17 18 19 16 24 24 23 24 22 22 22 22
 17 21 16 17 15 16 14 14]"
2024-11-25 12:06:23.899471,"(30.0, -6.66)","(5600, 5600)","[18 10 19 19 19 19 23 22 22 22 22 22 22 22 19 21 17 18 16 17 14 15 13 13
 12 12 11 11 10 10 11 11 10 11 10 10 12 11 12 12 12 12 11 11 10 10 10 10
 11 10 11 11 11 11 12 12 12 12 11 11 10 10  9 10 14  9 13 13 11 11 10 11
  9  9  9  9 14 11 21 18 25 24 26 26 25 25 27 24 37 33 42 40 45 44 46 46
 44 46 40 43 36 38 32 34 27 30 22 23 21 22 20 21 20 20 20 20 18 19 16 17
 15 15 13 14 13 13 13 13]"
2024-11-25 12:06:45.171578,"(60.0, -6.66)","(5600, 5600)","[18 11 19 19 22 20 25 24 24 24 23 23 23 23 21 22 18 19 16 17 14 15 13 13
 12 12 11 11 10 10 11 11 10 11 10 10 12 11 12 12 12 12 11 11 10 10 10 10
 11 10 11 11 11 11 12 12 12 12 11 11 10 10  9 10  9  9 10  9 11 11 10 11
  9  9 15 13 16 15 22 19 24 24 23 24 22 23 24 22 35 29 43 39 46 45 46 46
 44 45 41 43 36 39 30 33 27 28 22 22 21 21 19 20 17 18 14 16 12 13 11 12
 11 11 12 11 12 12 11 11]"
2024-11-25 12:07:39.909522,"(-90.0, 10.0)","(5600, 5600)","[18 12 19 19 19 19 18 19 20 19 22 22 21 22 17 19 16 17 16 16 14 15 13 13
 12 12 11 11 10 10 11 11 10 11 10 10 12 11 12 12 12 12 11 11 10 10 10 10
 11 10 11 11 11 11 12 12 12 12 11 11 10 10  9 10  9  9 10  9 11 11 14 11
 15 15 15 15 12 11 13 12 14 15 13 14 14 13 19 16 26 23 41 32 57 49 62 61
 61 62 56 59 51 53 46 48 40 43 34 38 26 31 23 24 19 21 17 18 14 15 13 13
 11 12 11 11 22 17 27 26]"
2024-11-25 12:07:59.030607,"(-70.0, 10.0)","(5600, 5600)","[18  8 19 19 19 19 18 18 20 19 22 22 21 22 17 19 16 17 16 16 14 15 13 13
 12 12 11 11 10 10 11 11 10 11 10 10 12 11 12 12 12 12 11 11 10 10 10 10
 11 10 11 11 11 11 12 12 12 12 11 11 10 10  9 10 13  9 15 14 11 11 10 11
  9  9  9  9 12 11 13 12 14 15 13 14 13 13 23 17 34 30 38 37 42 39 48 46
 47 48 44 46 41 42 37 39 33 35 28 30 21 25 18 20 16 17 14 15 13 14 12 13
 12 12 19 16 26 23 30 29]"
2024-11-25 12:08:17.653706,"(-50.0, 10.0)","(5600, 5600)","[18  6 19 19 19 19 18 18 20 19 22 22 21 22 17 19 16 17 16 16 14 15 13 13
 12 12 11 11 10 10 11 11 10 11 10 10 12 11 12 12 12 12 11 11 10 10 10 10
 11 10 11 11 11 11 12 12 12 12 11 11 10 10  9 10  9  9 10  9 14 11 21 17
 29 26 30 30 30 30 28 29 27 27 24 26 22 23 28 24 35 33 42 38 49 46 50 50
 47 49 42 45 36 39 30 33 23 28 20 22 17 19 15 16 13 14 12 12 12 12 13 13
 13 13 13 13 21 19 24 23]"
2024-11-25 12:08:36.278708,"(-30.0, 10.0)","(5600, 5600)","[18 13 19 19 19 19 18 18 20 19 22 22 21 22 17 19 16 17 16 16 14 15 13 13
 12 12 11 11 10 10 11 11 10 11 10 10 12 11 12 12 12 12 11 11 10 10 10 10
 11 10 11 11 11 11 12 12 12 12 11 11 10 10  9 10  9  9 10  9 11 11 10 11
  9  9 22 16 32 27 35 34 35 35 39 36 40 40 38 39 36 36 37 36 40 38 44 43
 42 43 39 40 34 37 28 31 23 26 21 22 20 21 19 20 17 18 15 16 14 14 13 13
 11 12 11 11 11 11 11 11]"
2024-11-25 12:08:54.903324,"(-10.0, 10.0)","(5600, 5600)","[21 23 19 20 19 19 18 18 20 19 22 22 21 22 17 19 16 17 16 16 14 15 13 13
 12 12 11 11 10 10 11 11 10 11 10 10 12 11 12 12 12 12 11 11 10 10 10 10
 11 10 11 11 11 11 12 12 12 12 11 11 10 10  9 10  9  9 10  9 11 11 15 11
 21 18 39 28 54 48 59 58 58 59 54 56 49 52 47 48 46 46 45 45 44 45 41 43
 39 40 36 38 28 34 26 27 25 25 25 25 32 31 31 32 25 30 26 25 26 26 24 25
 21 23 17 19 15 16 13 14]"
2024-11-25 12:09:13.528242,"(10.0, 10.0)","(5600, 5600)","[18  9 19 19 19 19 18 18 20 19 22 22 21 22 17 19 16 17 16 16 14 15 13 13
 12 12 11 11 10 10 11 11 10 11 10 10 12 11 12 12 12 12 11 11 10 10 10 10
 11 10 11 11 11 11 12 12 12 12 11 11 10 10  9 10  9  9 10  9 16 11 22 19
 30 26 41 35 52 47 57 56 57 58 53 55 50 51 52 51 53 53 52 53 47 49 45 46
 42 44 39 41 30 36 27 29 24 26 21 22 19 20 17 18 15 16 14 14 13 13 12 12
 11 12 10 11  9 10  9  9]"
2024-11-25 12:09:33.168952,"(30.0, 10.0)","(5600, 5600)","[18  8 19 19 18 19 18 18 20 19 22 22 21 22 17 19 16 17 16 16 14 15 13 13
 12 12 11 11 10 10 11 11 10 11 10 10 12 11 12 12 12 12 11 11 10 10 10 10
 11 10 11 11 11 11 12 12 12 12 11 11 10 10  9 10  9  9 10  9 11 11 13 11
 27 18 44 36 54 50 56 56 53 55 48 51 45 46 41 43 40 38 44 42 45 45 44 45
 40 43 34 37 27 32 24 26 21 23 18 20 16 17 15 16 12 14 11 12 10 10  9 10
  9  9  9  9  9  9  9  9]"
2024-11-25 12:09:52.294899,"(50.0, 10.0)","(5600, 5600)","[18  4 19 19 18 18 18 18 20 19 22 22 21 22 17 19 16 17 16 16 14 15 13 13
 12 12 11 11 10 10 11 11 10 11 10 10 12 11 12 12 12 12 11 11 10 10 10 10
 11 10 11 11 11 11 12 12 12 12 11 11 10 10  9 10  9  9 10  9 11 11 10 11
 19  9 37 29 47 43 49 48 47 49 43 46 37 40 36 36 41 37 47 44 50 49 49 50
 44 48 38 41 33 35 26 30 24 25 20 22 17 18 15 16 13 14 12 12 12 12 12 12
 11 11 10 10  9 10  9  9]"
2024-11-25 12:10:10.920363,"(70.0, 10.0)","(5600, 5600)","[17 11 18 19 18 18 18 18 20 19 23 22 22 23 20 21 18 19 16 17 15 15 16 15
 16 16 13 15 11 12 11 11 10 11 10 10 12 11 12 12 12 12 11 11 10 10 10 10
 11 10 11 11 11 11 12 12 12 12 11 11 10 10  9 10  9  9 10  9 11 11 13 11
 26 15 44 36 53 50 53 54 50 52 44 47 39 41 46 41 53 51 54 54 51 53 45 48
 40 43 35 37 29 34 28 29 27 28 24 25 20 22 17 19 15 16 15 15 15 15 15 15
 15 15 14 15 14 14 12 13]"
2024-11-25 12:10:29.544716,"(90.0, 10.0)","(5600, 5600)","[19 20 18 19 18 18 18 18 20 19 22 22 21 22 17 19 16 17 16 16 14 15 13 13
 12 12 11 11 10 10 11 11 10 11 10 10 12 11 12 12 12 12 11 11 10 10 10 10
 11 10 11 11 11 11 12 12 12 12 11 11 10 10  9 10  9  9 10  9 11 11 10 11
  9  9 20 13 26 24 25 25 27 26 27 27 27 26 44 36 55 51 58 58 55 57 51 53
 48 50 39 44 35 36 34 34 32 33 29 31 25 26 22 24 19 21 17 18 16 16 14 15
 13 14 12 12 10 11  9  9]"
2024-11-25 12:11:27.123297,"(-70.0, -10.0)","(5600, 5600)","[17  7 18 19 18 18 18 18 20 19 22 22 21 22 17 19 16 17 16 16 14 15 13 13
 12 12 11 11 10 10 11 11 10 11 10 10 12 11 12 12 12 12 11 11 10 10 10 10
 11 10 11 11 11 11 12 12 12 12 11 11 10 10  9 10  9  9 10  9 11 11 10 11
  9  9 19 13 27 24 28 28 27 28 24 26 19 22 12 17 21 12 32 27 36 34 36 36
 34 35 30 32 26 28 18 24 17 18 15 16 13 14 12 13 11 12 10 11 10 10  8  9
  8  8  8  8  9  9  9  9]"
2024-11-25 12:11:45.746394,"(-50.0, -10.0)","(5600, 5600)","[17  7 18 19 18 18 18 18 20 19 22 22 21 22 17 19 16 17 16 16 14 15 13 13
 12 12 11 11 10 10 11 11 10 11 10 10 12 11 12 12 12 12 11 11 10 10 10 10
 11 10 11 11 11 11 12 12 12 12 11 11 10 10  9 10  9  9 10  9 11 11 10 11
 13  9 16 14 16 16 18 17 14 18 13 14 12 13 11 11 21 10 33 27 37 35 36 37
 34 36 31 33 28 29 23 26 17 21 15 16 13 14 12 13 13 12 13 13 13 13 12 12
 12 12 11 11 10 10  9  9]"
2024-11-25 12:12:04.369566,"(-30.0, -10.0)","(5600, 5600)","[17  5 18 19 18 18 18 18 20 19 22 22 21 22 17 19 16 17 16 16 14 15 13 13
 12 12 11 11 10 10 11 11 10 11 10 10 12 11 12 12 12 12 11 11 10 10 10 10
 11 10 11 11 11 11 12 12 12 12 11 11 10 10  9 10  9  9 10  9 11 11 12 11
 21 15 29 26 31 30 29 30 27 28 23 25 21 22 24 22 26 26 32 28 38 35 37 38
 34 36 30 32 27 29 19 25 17 19 15 16 14 14 12 13 11 12 11 11 18 16 20 19
 18 20 15 17 11 12 10 11]"
2024-11-25 12:12:23.485966,"(-10.0, -10.0)","(5600, 5600)","[17  6 18 19 18 18 18 18 20 19 22 22 21 22 17 19 16 17 16 16 14 15 13 13
 12 12 11 11 10 10 11 11 10 11 10 10 12 11 12 12 12 12 11 11 10 10 10 10
 11 10 11 11 11 11 12 12 12 12 11 11 10 10  9 10  9  9 10  9 11 11 10 11
 17  9 25 21 28 27 28 28 27 27 28 27 33 30 35 35 34 35 31 33 33 32 35 34
 33 35 28 31 26 27 19 25 19 20 17 18 15 16 13 14 12 13 10 11 10 10 14 10
 15 15 10 10 11 10 10 10]"
2024-11-25 12:12:42.111575,"(10.0, -10.0)","(5600, 5600)","[17  6 18 19 18 18 18 18 20 19 22 22 21 22 17 19 16 17 16 16 14 15 13 13
 12 12 11 11 10 10 11 11 10 11 10 10 12 11 12 12 12 12 11 11 10 10 10 10
 11 10 11 11 11 11 12 12 12 12 11 11 10 10  9 10  9  9 10  9 11 11 10 11
  9  9  9  9 12 11 13 12 14 15 22 18 32 27 37 35 37 38 37 37 36 36 36 36
 35 36 33 34 30 31 27 28 23 25 18 19 16 17 14 15 13 14 12 12 11 11 10 11
 10 10  9  9  9  9  9  9]"
2024-11-25 12:13:00.732955,"(30.0, -10.0)","(5600, 5600)","[17  6 18 19 18 18 18 18 20 19 22 22 21 22 17 19 16 17 16 16 14 15 13 13
 12 12 11 11 10 10 11 11 10 11 10 10 12 11 12 12 12 12 11 11 10 10 10 10
 11 10 11 11 11 11 12 12 12 12 11 11 10 10  9 10  9  9 10  9 11 11 10 11
  9  9  9  9 12 11 13 12 14 15 23 19 29 26 33 30 40 36 43 42 47 45 49 48
 47 49 43 45 40 42 38 39 35 36 31 33 24 29 24 24 23 24 21 22 19 20 17 18
 15 16 13 14 11 12 11 11]"
2024-11-25 12:13:19.358965,"(50.0, -10.0)","(5600, 5600)","[17 10 18 19 18 18 18 17 20 19 22 22 21 22 17 19 16 17 16 16 14 15 13 13
 12 12 11 11 10 10 11 11 10 11 10 10 12 11 12 12 12 12 11 11 10 10 10 10
 11 10 11 11 11 11 12 12 12 12 11 11 10 10  9 10  9  9 10  9 11 11 10 11
  9  9  9  9 12 11 13 12 14 15 13 14 17 13 27 21 38 34 40 40 39 40 38 38
 35 37 33 34 31 32 29 30 28 29 26 27 25 26 19 24 19 19 17 18 15 16 13 14
 12 12 11 11 11 11 10 10]"
2024-11-25 12:13:38.487126,"(70.0, -10.0)","(5600, 5600)","[17  9 18 19 18 18 18 17 20 19 22 22 21 22 17 19 16 17 16 16 14 15 13 13
 12 12 11 11 10 10 11 11 10 11 10 10 12 11 12 12 12 12 11 11 10 10 10 10
 11 10 11 11 11 11 12 12 12 12 11 11 10 10  9 10  9  9 10  9 11 11 10 11
  9  9  9  9 12 11 13 12 14 15 13 14 12 13 15 11 25 20 31 28 36 34 38 38
 37 38 34 36 31 33 27 29 23 25 17 17 16 17 14 15 12 13 10 11  9  9  8  9
  8  8  8  8 19 14 21 20]"
2024-11-25 12:14:36.048461,"(-90.0, 13.33)","(5600, 5600)","[17  7 18 19 18 18 18 17 20 19 22 22 21 22 17 19 16 17 16 16 14 15 13 13
 12 12 11 11 10 10 11 11 10 11 10 10 12 11 12 12 12 12 11 11 10 10 10 10
 11 10 11 11 11 11 12 12 12 12 11 11 10 10  9 10 14  9 16 15 11 16 15 11
 14 15 13 14 18 15 21 20 20 21 19 20 18 18 21 17 27 26 44 32 58 52 62 61
 60 62 54 57 49 51 44 47 38 41 33 36 27 31 25 26 22 23 20 21 17 19 15 16
 13 14 13 13 22 19 26 25]"
2024-11-25 12:14:53.253454,"(-75.0, 13.33)","(5600, 5600)","[21 23 20 21 18 19 18 17 20 19 22 22 21 22 17 19 16 17 16 16 14 15 13 13
 12 12 11 11 10 10 11 11 10 11 10 10 12 11 12 12 12 12 11 11 10 10 10 10
 11 10 11 11 11 11 12 12 12 12 11 11 10 10  9 10  9  9 10  9 11 11 15 11
 15 15 14 15 12 11 13 12 14 15 13 14 12 13 29 21 39 37 45 42 52 49 55 55
 53 55 49 51 44 47 41 42 36 39 31 33 24 28 22 23 19 21 16 18 13 15 11 12
 10 10  9  9 18 14 25 23]"
2024-11-25 12:15:10.448925,"(-60.0, 13.33)","(5600, 5600)","[17  7 18 19 18 18 18 17 20 19 22 22 21 22 17 19 16 17 16 16 14 15 13 13
 12 12 11 11 10 10 11 11 10 11 10 10 12 11 12 12 12 12 11 11 10 10 10 10
 11 10 11 11 11 11 12 12 12 12 11 11 12 10 16 14 19 19 19 19 18 18 17 18
 16 16 15 16 15 15 18 17 14 17 13 14 16 13 31 23 43 39 47 46 52 50 53 53
 51 53 47 49 43 45 38 41 31 35 24 25 22 23 19 20 16 17 14 15 12 13 11 12
 10 10 10 10 17 14 19 19]"
2024-11-25 12:15:27.657051,"(-45.0, 13.33)","(5600, 5600)","[17 10 18 19 18 18 18 17 20 19 22 22 21 22 17 19 16 17 16 16 14 15 13 13
 12 12 11 11 10 10 11 11 10 11 10 10 12 11 12 12 12 12 11 11 10 10 10 10
 11 10 11 11 11 11 12 12 12 12 11 11 13 10 22 18 27 26 27 27 23 25 20 21
 18 19 17 17 12 16 13 12 14 15 13 14 12 13 17 11 24 23 31 27 44 38 46 45
 43 45 37 40 34 35 30 32 24 27 19 20 16 17 14 15 12 13 10 11  9  9  8  8
  7  7  8  7 16 13 16 16]"
2024-11-25 12:15:44.858383,"(-30.0, 13.33)","(5600, 5600)","[17  7 18 19 18 18 18 17 20 19 22 22 21 22 17 19 16 17 16 16 14 15 13 13
 12 12 11 11 10 10 11 11 10 11 10 10 12 11 12 12 12 12 11 11 10 10 10 10
 11 10 11 11 11 11 12 12 12 12 11 11 10 10  9 10  9  9 10  9 11 11 10 11
  9  9 16 14 27 21 32 30 32 32 33 32 33 33 30 31 27 29 30 27 46 38 51 50
 50 51 46 49 39 43 32 35 28 30 23 24 22 22 20 21 18 19 16 17 15 16 13 14
 11 12 10 10  9 10 13  9]"
2024-11-25 12:16:02.064711,"(-15.0, 13.33)","(5600, 5600)","[17 12 18 19 17 18 17 17 20 19 22 22 21 22 17 19 16 17 16 16 14 15 13 13
 12 12 11 11 10 10 11 11 10 11 10 10 12 11 12 12 12 12 11 11 10 10 10 10
 11 10 11 11 11 11 12 12 12 12 11 11 10 10  9 10  9  9 10  9 11 11 15 11
 24 20 42 30 57 50 61 60 60 61 56 58 52 54 48 50 46 47 43 44 38 40 39 38
 40 41 36 39 29 34 28 29 26 27 25 25 36 32 35 36 34 35 32 33 27 31 25 26
 22 23 19 20 16 17 14 15]"
2024-11-25 12:16:19.268547,"(0.0, 13.33)","(5600, 5600)","[17 11 18 19 17 18 17 17 20 19 22 22 21 22 17 19 16 17 16 16 14 15 13 13
 12 12 11 11 10 10 11 11 10 11 10 10 12 11 12 12 12 12 11 11 10 10 10 10
 11 10 11 11 11 11 12 12 12 12 11 11 10 10  9 10  9  9 10  9 11 11 14 11
 23 17 41 31 55 48 60 58 58 60 53 56 50 51 50 50 48 49 45 47 42 43 40 41
 37 38 35 36 33 34 28 32 28 28 26 27 26 26 25 26 24 24 22 23 21 22 20 21
 20 20 18 19 16 17 15 15]"
2024-11-25 12:16:36.478693,"(15.0, 13.33)","(5600, 5600)","[18 19 18 19 17 18 17 17 20 19 22 22 21 22 17 19 16 17 16 16 14 15 13 13
 12 12 11 11 10 10 11 11 10 11 10 10 12 11 12 12 12 12 11 11 10 10 10 10
 11 10 11 11 11 11 12 12 12 12 11 11 10 10  9 10  9  9 10  9 17 16 16 16
 19 16 39 26 55 48 61 59 62 62 59 61 56 57 54 55 53 54 50 52 45 48 43 44
 39 41 34 36 29 29 27 28 24 25 22 23 19 20 17 18 15 16 15 15 13 14 11 12
 10 11  9 10  9  9  9  9]"
2024-11-25 12:16:54.703830,"(30.0, 13.33)","(5600, 5600)","[17 11 18 19 17 18 17 17 20 19 22 22 21 22 17 19 16 17 16 16 14 15 13 13
 12 12 11 11 10 10 11 11 10 11 10 10 12 11 12 12 12 12 11 11 10 10 10 10
 11 10 11 11 11 11 12 12 12 12 11 11 10 10  9 10  9  9 10  9 11 11 10 11
  9  9 17 12 27 22 34 30 43 40 45 45 42 44 39 41 35 37 33 34 40 36 43 43
 40 43 34 37 29 31 23 27 22 22 19 20 16 17 13 14 11 12 10 11  8  9  8  8
  7  8  8  8  9  9  9  9]"
2024-11-25 12:17:11.911284,"(45.0, 13.33)","(5600, 5600)","[17  7 18 19 17 18 17 17 20 19 22 22 21 22 17 19 16 17 16 16 14 15 13 13
 12 12 11 11 10 10 11 11 10 11 10 10 12 11 12 12 12 12 11 11 10 10 10 10
 11 10 11 11 11 11 12 12 12 12 11 11 10 10  9 10  9  9 10  9 11 11 10 11
  9  9 22 13 34 29 38 37 36 38 33 35 30 31 30 30 32 32 31 32 28 30 28 28
 27 28 26 26 24 25 18 22 16 17 15 15 13 14 12 12 11 12 10 11  9 10  9  9
  9  9  9  9  9  9  9  9]"
2024-11-25 12:17:29.114981,"(60.0, 13.33)","(5600, 5600)","[17  4 18 19 17 18 17 17 20 19 22 22 21 22 17 19 16 17 16 16 14 15 13 13
 12 12 11 11 10 10 11 11 10 11 10 10 12 11 12 12 12 12 11 11 10 10 10 10
 11 10 11 11 11 11 12 12 12 12 11 11 10 10  9 10  9  9 10  9 11 11 10 11
 15  9 31 23 44 38 48 47 47 48 44 46 38 41 34 35 34 33 37 35 39 38 38 38
 33 37 28 30 23 27 21 22 20 21 18 19 15 16 12 13 11 12 10 11  8  9  7  8
  7  7  8  7  9  9  9  9]"
2024-11-25 12:17:46.318653,"(75.0, 13.33)","(5600, 5600)","[17  9 18 19 17 18 17 17 20 19 22 22 21 22 17 19 16 17 16 16 14 15 13 13
 12 12 11 11 10 10 11 11 10 11 10 10 12 11 12 12 12 12 11 11 10 10 10 10
 11 10 11 11 11 11 12 12 12 12 11 11 10 10  9 10  9  9 10  9 11 11 10 11
 20  9 39 29 49 45 51 51 49 51 42 46 37 39 36 35 42 38 46 45 45 46 42 43
 38 40 33 35 25 31 25 25 24 24 23 24 22 23 20 21 17 18 15 16 12 13 10 11
  8  9  8  8  9  9  9  9]"
2024-11-25 12:18:04.545692,"(90.0, 13.33)","(5600, 5600)","[17  4 18 19 17 18 17 17 20 19 22 22 21 22 17 19 16 17 16 16 14 15 13 13
 12 12 11 11 10 10 11 11 10 11 10 10 12 11 12 12 12 12 11 11 11 10 17 15
 16 17 11 11 11 11 12 12 12 12 11 11 10 10  9 10  9  9 10  9 11 11 10 11
 14  9 19 16 21 20 28 23 35 34 34 35 31 32 38 32 53 48 60 58 60 60 56 58
 50 53 45 47 39 42 33 36 28 30 27 27 27 27 25 26 22 24 19 21 17 18 14 15
 12 13 10 11  9 10  9  9]"
2024-11-25 12:19:03.526325,"(-75.0, -13.33)","(5600, 5600)","[17  7 18 19 17 18 19 17 25 24 24 25 21 23 17 19 16 17 16 16 14 15 13 13
 12 12 11 11 10 10 11 11 10 11 10 10 12 11 12 12 12 12 11 11 10 10 10 10
 11 10 11 11 11 11 12 12 12 12 11 11 10 10  9 10  9  9 10  9 11 11 10 11
  9  9 15 12 22 19 23 23 21 23 18 20 12 13 17 11 28 23 33 32 36 34 42 40
 41 42 37 39 32 34 26 28 23 24 19 19 18 18 17 18 15 16 12 14 11 12  9 10
  9  9  8  8  9  9  9  9]"
2024-11-25 12:19:21.228958,"(-60.0, -13.33)","(5600, 5600)","[17  7 18 19 17 18 18 17 22 21 23 23 21 22 17 19 16 17 16 16 14 15 13 13
 12 12 11 11 10 10 11 11 10 11 10 10 12 11 12 12 12 12 11 11 10 10 10 10
 11 10 11 11 11 11 12 12 12 12 11 11 10 10  9 10  9  9 10  9 11 11 10 11
  9  9  9  9 12 11 13 12 14 15 13 14 12 13 11 11 16 10 28 20 38 34 42 41
 40 42 36 39 32 34 28 30 23 25 18 18 17 18 16 16 14 15 11 12 10 11  8  9
  7  8  8  7  9  9  9  9]"
2024-11-25 12:19:41.961227,"(-45.0, -13.33)","(5600, 5600)","[17 10 18 19 17 18 17 17 20 19 22 22 21 22 17 19 16 17 16 16 14 15 13 13
 12 12 11 11 10 10 11 11 10 11 10 10 12 11 12 12 12 12 11 11 10 10 10 10
 11 10 11 11 11 11 12 12 12 12 11 11 10 10  9 10  9  9 10  9 11 11 10 11
 14  9 14 14 12 11 13 12 14 15 13 14 12 13 11 11 18 10 23 22 29 26 35 33
 34 35 31 33 27 30 23 25 19 21 14 15 13 14 12 13 12 12 12 12 11 12 10 11
  9  9  9  9  9  9  9  9]"
2024-11-25 12:19:59.165219,"(-30.0, -13.33)","(5600, 5600)","[17 10 18 19 17 18 18 17 21 20 22 22 21 22 17 19 16 17 16 16 14 15 13 13
 12 12 11 11 10 10 11 11 10 11 10 10 12 11 12 12 12 12 11 11 10 10 10 10
 11 10 11 11 11 11 12 12 12 12 11 11 10 10  9 10  9  9 10  9 15 11 16 16
 16 16 15 15 12 15 13 12 14 15 13 14 12 13 11 11 18 10 20 20 30 24 34 33
 32 34 27 29 23 25 20 21 15 19 15 15 14 14 13 14 13 13 13 13 12 12 12 12
 10 11  9 10  9  9  9  9]"
2024-11-25 12:20:16.364270,"(-15.0, -13.33)","(5600, 5600)","[17 11 18 19 17 18 17 17 20 19 22 22 21 22 17 19 16 17 16 16 14 15 13 13
 12 12 11 11 10 10 11 11 10 11 10 10 12 11 12 12 12 12 11 11 10 10 10 10
 11 10 11 11 11 11 12 12 12 12 11 11 10 10  9 10  9  9 10  9 18 15 20 19
 19 20 19 18 18 18 13 17 14 15 24 20 29 27 33 32 33 34 28 31 33 30 38 37
 37 38 35 36 31 33 27 29 25 26 20 20 18 19 16 17 15 16 15 15 13 14 13 13
 12 12 10 11  9 10  9  9]"
2024-11-25 12:20:33.567278,"(0.0, -13.33)","(5600, 5600)","[17 12 18 19 17 18 17 17 21 19 22 22 21 22 17 19 16 17 16 16 14 15 13 13
 12 12 11 11 10 10 11 11 10 11 10 10 12 11 12 12 12 12 11 11 10 10 10 10
 11 10 11 11 11 11 12 12 12 12 11 11 10 10  9 10  9  9 10  9 11 11 10 11
  9  9  9  9 18 15 25 22 33 29 40 37 42 41 41 42 39 41 34 37 33 32 38 36
 38 39 36 38 31 34 27 29 22 26 21 22 18 20 15 17 13 14 11 12 10 10 10 10
 10 10  9 10  9  9  9  9]"
2024-11-25 12:20:50.767975,"(15.0, -13.33)","(5600, 5600)","[17  8 18 19 17 18 17 16 20 19 22 22 21 22 17 19 16 17 16 16 14 15 13 13
 12 12 11 11 10 10 11 11 10 11 10 10 12 11 12 12 12 12 11 11 10 10 10 10
 11 10 11 11 11 11 12 12 12 12 11 11 10 10  9 10  9  9 10  9 11 11 10 11
  9  9 14 11 18 16 21 18 30 25 39 35 39 39 38 38 36 37 31 34 30 30 36 34
 37 38 32 35 29 30 27 28 20 25 19 20 17 18 15 16 14 14 20 19 14 19 14 15
 14 14 13 13 12 13 11 12]"
2024-11-25 12:21:07.976115,"(30.0, -13.33)","(5600, 5600)","[17 14 18 19 17 18 18 16 22 21 22 22 21 22 17 19 16 17 16 16 14 15 13 13
 12 12 11 11 10 10 11 11 10 11 10 10 12 11 12 12 12 12 11 11 10 10 10 10
 11 10 11 11 11 11 12 12 12 12 11 11 10 10  9 10  9  9 10  9 11 11 10 11
  9  9 14 12 17 16 19 16 31 23 40 37 43 42 42 42 41 42 38 39 37 37 36 36
 35 36 34 35 33 33 30 32 22 27 21 22 20 21 19 20 18 18 18 18 18 18 18 18
 17 17 16 16 14 15 12 13]"
2024-11-25 12:21:25.184471,"(45.0, -13.33)","(5600, 5600)","[17  4 18 19 17 18 18 17 21 20 22 22 21 22 17 19 16 17 16 16 14 15 13 13
 12 12 11 11 10 10 11 11 10 11 10 10 12 11 12 12 12 12 11 11 10 10 10 10
 11 10 11 11 11 11 12 12 12 12 11 11 10 10  9 10  9  9 10  9 11 11 10 11
 14  9 15 14 15 15 24 18 36 31 41 39 41 41 39 40 34 37 30 31 36 33 42 40
 43 43 41 42 38 39 35 36 31 33 27 28 22 23 21 21 20 20 19 19 17 18 15 16
 14 15 13 14 12 13 11 11]"
2024-11-25 12:21:42.384002,"(60.0, -13.33)","(5600, 5600)","[17  6 18 19 17 18 19 17 24 23 23 24 21 22 17 19 16 17 16 16 14 15 13 13
 12 12 11 11 10 10 11 11 10 11 10 10 12 11 12 12 12 12 11 11 10 10 10 10
 11 10 11 11 11 11 12 12 12 12 11 11 10 10  9 10  9  9 10  9 11 11 10 11
  9  9  9  9 12 11 13 12 14 15 13 14 12 13 15 11 21 18 26 24 31 29 34 33
 34 34 33 34 34 33 34 34 31 33 26 28 23 25 18 22 17 18 16 17 15 16 13 14
 11 12 11 11 10 11 10 10]"
2024-11-25 12:21:59.580315,"(75.0, -13.33)","(5600, 5600)","[17 12 18 19 17 18 19 17 24 23 23 24 21 22 17 19 16 17 16 16 14 15 13 13
 12 12 11 11 10 10 11 11 10 11 10 10 12 11 12 12 12 12 11 11 10 10 10 10
 11 10 11 11 11 11 12 12 12 12 11 11 10 10  9 10  9  9 10  9 11 11 10 11
  9  9  9  9 12 11 13 12 14 15 13 14 12 13 11 11 16 10 26 20 37 32 42 41
 41 42 38 40 33 36 28 31 25 27 22 24 17 17 15 16 14 15 13 14 12 13 11 11
 10 10 14 12 23 19 27 26]"
2024-11-25 12:22:58.554540,"(-90.0, 16.66)","(5600, 5600)","[18 18 18 19 17 18 17 16 20 19 22 22 21 22 17 19 16 17 16 16 14 15 13 13
 12 12 11 11 10 10 11 11 10 11 10 10 12 11 12 12 12 12 11 11 10 10 10 10
 11 10 11 11 11 11 12 12 12 12 11 11 10 10 18 10 28 25 30 30 27 29 23 25
 20 22 16 18 12 12 13 12 19 15 19 19 13 18 22 13 40 33 51 46 57 55 56 57
 53 55 49 52 45 47 40 43 33 37 26 27 23 25 19 21 17 18 15 16 14 15 13 13
 11 12 10 10 12 10 17 15]"
2024-11-25 12:23:14.935157,"(-78.0, 16.66)","(5600, 5600)","[18 17 18 19 17 18 17 16 20 19 22 22 21 22 17 19 16 17 16 16 14 15 13 13
 12 12 11 11 10 10 11 11 10 11 10 10 12 11 12 12 12 12 11 11 10 10 10 10
 11 10 11 11 11 11 12 12 12 12 11 11 10 10 23 18 27 27 25 26 22 23 20 21
 19 19 19 19 18 19 13 17 14 15 13 14 22 19 31 26 41 37 50 45 58 55 58 58
 54 57 45 50 39 42 34 37 29 32 24 25 20 22 17 18 14 15 13 14 12 12 11 11
  9 10  9  9 14  9 21 18]"
2024-11-25 12:23:31.325979,"(-66.0, 16.66)","(5600, 5600)","[17 10 18 19 17 18 17 16 20 19 22 22 21 22 17 19 16 17 16 16 14 15 13 13
 12 12 11 11 10 10 11 11 10 11 10 10 12 11 12 12 12 12 11 11 10 10 10 10
 11 10 11 11 11 11 12 12 12 12 11 11 13 10 25 20 28 28 27 28 23 25 20 21
 19 19 17 18 12 17 13 12 14 15 13 14 18 13 33 25 44 41 46 46 46 46 49 48
 49 49 46 48 41 44 36 39 31 34 23 24 21 22 19 20 17 18 15 16 13 14 12 12
 12 12 11 12 11 11 10 11]"
2024-11-25 12:23:47.712488,"(-54.0, 16.66)","(5600, 5600)","[17  8 18 19 17 17 17 16 20 19 22 22 21 22 17 19 16 17 16 16 14 15 13 13
 12 12 11 11 10 10 11 11 10 11 10 10 12 11 12 12 12 12 11 11 10 10 10 10
 11 10 11 11 11 11 12 12 12 12 11 11 18 14 31 26 35 35 34 34 29 32 24 27
 20 22 17 18 13 13 14 13 14 15 13 14 20 19 21 20 30 23 40 35 47 44 49 49
 46 48 42 44 38 40 32 35 23 28 22 23 19 20 16 17 14 15 12 13 11 12 10 10
 14  9 18 16 17 18 15 16]"
2024-11-25 12:24:04.102085,"(-42.0, 16.66)","(5600, 5600)","[17  3 18 19 17 17 17 16 20 19 22 22 21 22 17 19 16 17 16 16 14 15 13 13
 12 12 11 11 10 10 11 11 10 11 10 10 12 11 12 12 12 12 11 11 10 10 10 10
 11 10 11 11 11 11 12 12 12 12 11 11 10 10 15 10 19 17 19 20 16 18 10 15
  9  9  9  9 20 15 25 24 22 24 20 21 20 20 21 20 25 22 37 30 48 43 52 51
 50 52 44 48 36 40 30 33 22 27 21 22 19 20 15 17 13 14 12 13 11 12 11 11
 11 11 11 11 11 11 11 11]"
2024-11-25 12:24:20.995474,"(-30.0, 16.66)","(5600, 5600)","[17  5 18 19 17 17 17 16 20 19 22 22 21 22 17 19 16 17 16 16 14 15 13 13
 12 12 11 11 10 10 11 11 10 11 10 10 12 11 12 12 12 12 11 11 10 10 10 10
 11 10 11 11 11 11 12 12 12 12 11 11 10 10  9 10  9  9 10  9 11 11 10 11
  9  9 22 15 36 29 40 39 39 40 36 38 33 34 30 31 29 29 32 29 41 36 45 44
 43 45 40 42 34 37 30 32 23 28 23 23 22 23 19 21 17 18 15 16 14 14 13 13
 11 12 10 11 10 10  9  9]"
2024-11-25 12:24:37.387518,"(-18.0, 16.66)","(5600, 5600)","[17  9 18 19 17 17 17 16 20 19 22 22 21 22 17 19 16 17 16 16 14 15 13 13
 12 12 11 11 10 10 11 11 10 11 10 10 12 11 12 12 12 12 11 11 10 10 10 10
 11 10 11 11 11 11 12 12 12 12 11 11 10 10  9 10  9  9 10  9 11 11 10 11
  9  9 22 16 35 29 39 38 39 39 42 40 41 42 40 41 39 39 38 39 38 38 41 39
 44 44 42 43 39 41 35 37 32 34 26 26 25 26 24 25 22 23 20 21 18 19 15 17
 13 14 11 12 10 10  9  9]"
2024-11-25 12:24:55.298265,"(-6.0, 16.66)","(5600, 5600)","[18 17 18 19 17 17 17 16 20 19 22 22 21 22 17 19 16 17 16 16 14 15 13 13
 12 12 11 11 10 10 11 11 10 11 10 10 12 11 12 12 12 12 11 11 10 10 10 10
 11 10 11 11 11 11 12 12 12 12 11 11 10 10  9 10  9  9 10  9 11 11 10 11
 16  9 34 22 48 42 53 52 51 53 46 49 42 44 42 42 43 44 43 43 41 42 42 41
 43 43 41 42 36 39 27 32 25 26 22 24 20 21 18 19 18 18 17 17 17 17 16 16
 14 15 13 14 12 13 11 12]"
2024-11-25 12:25:11.684921,"(6.0, 16.66)","(5600, 5600)","[20 22 18 19 17 17 17 16 20 19 22 22 21 22 17 19 16 17 16 16 14 15 13 13
 12 12 11 11 10 10 11 11 10 11 10 10 12 11 12 12 12 12 11 11 10 10 10 10
 11 10 11 11 11 11 12 12 12 12 11 11 10 10  9 10  9  9 10  9 14 11 19 17
 23 20 41 30 56 49 62 60 61 62 57 59 53 55 53 53 52 52 49 50 43 46 41 42
 40 41 37 39 30 35 27 28 23 25 19 21 16 17 13 14 12 12 12 12 12 12 12 12
 11 12 10 11  9 10  9  9]"
2024-11-25 12:25:27.877546,"(18.0, 16.66)","(5600, 5600)","[17 17 18 19 17 17 17 16 20 19 22 22 21 22 17 19 16 17 16 16 14 15 13 13
 12 12 11 11 10 10 11 11 10 11 10 10 12 11 12 12 12 12 11 11 10 10 10 10
 11 10 11 11 11 11 12 12 12 12 11 11 10 10  9 10  9  9 10  9 11 11 10 11
 16  9 34 23 51 43 58 56 58 59 55 57 51 53 49 50 47 48 45 46 44 44 43 43
 41 42 38 40 34 36 28 31 25 27 22 23 18 20 15 16 13 14 11 12 10 11  9 10
  8  9  8  8  9  9  9  9]"
2024-11-25 12:25:44.271907,"(30.0, 16.66)","(5600, 5600)","[17  9 18 19 17 17 17 16 20 19 22 22 21 22 17 19 16 17 16 16 14 15 13 13
 12 12 11 11 10 10 11 11 10 11 10 10 12 11 12 12 12 12 11 11 10 10 10 10
 11 10 11 11 11 11 12 12 12 12 11 11 10 10  9 10  9  9 10  9 11 11 10 11
 13  9 23 17 31 28 31 32 33 29 34 34 31 32 27 29 24 26 21 22 31 25 37 35
 36 37 31 34 27 29 23 25 17 20 15 16 13 14 12 12 11 12 10 11 10 10  9  9
  8  8  8  8  9  9  9  9]"
2024-11-25 12:26:00.664796,"(42.0, 16.66)","(5600, 5600)","[17  8 18 19 17 17 17 16 20 19 22 22 21 22 17 19 16 17 16 16 14 15 13 13
 12 12 11 11 10 10 11 11 10 11 10 10 12 11 12 12 12 12 11 11 10 10 10 10
 11 10 11 11 11 11 12 12 12 12 11 11 10 10  9 10  9  9 10  9 11 11 10 11
  9  9  9  9 26 18 33 30 33 33 32 33 28 30 24 25 24 24 24 25 24 24 27 26
 27 27 25 26 22 23 16 19 15 16 14 14 12 13 12 12 11 12 10 11  9  9  8  8
  7  7  8  7  9  9  9  9]"
2024-11-25 12:26:17.551719,"(54.0, 16.66)","(5600, 5600)","[17  7 18 19 17 17 17 16 20 19 22 22 21 22 17 19 16 17 16 16 14 15 13 13
 12 12 11 11 10 10 11 11 10 11 10 10 12 11 12 12 12 12 11 11 10 10 10 10
 11 10 11 11 11 11 12 12 12 12 11 11 10 10  9 10  9  9 10  9 11 11 10 11
  9  9  9  9 17 11 21 19 22 22 22 22 21 21 19 20 17 17 21 18 26 24 31 29
 33 33 31 32 27 29 24 25 20 22 15 16 13 14 12 12 11 12 10 11  9  9  8  8
  7  7  8  8  9  9  9  9]"
2024-11-25 12:26:34.445791,"(66.0, 16.66)","(5600, 5600)","[17  6 18 19 17 17 17 16 20 19 22 22 21 22 17 19 16 17 16 16 14 15 13 13
 12 12 11 11 10 10 11 11 10 11 10 10 12 11 12 12 12 12 11 11 10 10 10 10
 11 10 11 11 11 11 12 12 12 12 11 11 10 10  9 10  9  9 10  9 11 11 10 11
  9  9 21 14 36 29 42 40 42 42 39 40 32 35 30 31 32 31 30 32 34 32 34 35
 31 33 28 29 20 26 20 20 17 19 15 16 13 14 12 12 11 12 10 11  9  9  8  8
  7  8  8  8  9  9  9  9]"
2024-11-25 12:26:51.852065,"(78.0, 16.66)","(5600, 5600)","[17  5 19 19 17 18 17 16 20 19 22 22 21 22 17 19 16 17 16 16 14 15 13 13
 12 12 11 11 10 10 11 11 10 11 10 10 12 11 12 12 12 12 11 11 10 10 10 10
 11 10 11 11 11 11 12 12 12 12 11 11 10 10  9 10  9  9 10  9 11 11 10 11
 14  9 27 19 39 33 45 42 47 47 45 46 40 43 40 39 48 42 54 52 55 55 52 54
 48 51 41 45 35 37 28 33 27 28 24 25 20 22 17 18 15 16 13 14 12 12 10 11
  9  9  9  9  9  9  9  9]"
2024-11-25 12:27:08.244726,"(90.0, 16.66)","(5600, 5600)","[17 16 18 19 17 18 17 16 20 19 22 22 21 22 17 19 16 17 16 16 14 15 13 13
 12 12 11 11 10 10 11 11 10 11 10 10 12 11 12 12 12 12 11 11 15 10 21 19
 22 23 20 21 17 19 12 16 12 12 11 11 10 10  9 10  9  9 10  9 11 11 13 11
 14 15 14 14 25 19 37 32 40 40 38 39 35 37 37 34 49 42 57 54 57 57 54 56
 49 52 44 46 39 41 35 37 28 33 26 27 23 24 20 21 16 18 14 15 12 13 10 11
  9 10  8  8  9  9  9  9]"
2024-11-25 12:28:08.051781,"(-78.0, -16.66)","(5600, 5600)","[17  6 18 19 17 18 17 16 20 19 22 22 21 22 17 19 16 17 16 16 14 15 13 13
 12 12 11 11 10 10 11 11 10 11 10 10 12 11 12 12 12 12 11 11 10 10 10 10
 11 10 11 11 11 11 12 12 12 12 11 11 10 10  9 10  9  9 10  9 11 11 10 11
  9  9  9  9 12 11 13 12 14 15 13 14 12 13 15 11 28 22 34 32 34 34 36 35
 37 37 35 36 32 34 28 30 25 26 21 23 16 17 14 15 13 13 13 13 13 13 11 12
 10 10  9  9  9  9  9  9]"
2024-11-25 12:28:24.443745,"(-66.0, -16.66)","(5600, 5600)","[17  8 18 19 17 18 17 16 20 19 22 22 21 22 17 19 16 17 16 16 14 15 13 13
 12 12 11 11 10 10 11 11 10 11 10 10 12 11 12 12 12 12 11 11 10 10 10 10
 11 10 11 11 11 11 12 12 12 12 11 11 10 10  9 10  9  9 10  9 11 11 10 11
  9  9  9  9 17 14 19 19 14 19 13 14 12 13 15 11 19 16 24 22 28 26 27 28
 29 25 30 31 28 29 24 26 20 22 15 15 14 14 12 13 11 12 11 11 10 10  9  9
  8  8  8  8  9  9  9  9]"
2024-11-25 12:28:40.837679,"(-54.0, -16.66)","(5600, 5600)","[17 11 19 19 17 18 17 16 20 19 22 22 21 22 17 19 16 17 16 16 14 15 13 13
 12 12 11 11 10 10 11 11 10 11 10 10 12 11 12 12 12 12 11 11 10 10 10 10
 11 10 11 11 11 11 12 12 12 12 11 11 10 10  9 10  9  9 10  9 11 11 10 11
 13  9 19 16 20 20 18 19 14 18 13 14 12 13 11 11 10 10 10 10 22 17 29 26
 30 30 28 29 24 26 20 22 18 19 14 14 13 14 13 13 12 12 10 11  9 10  8  8
  8  8  8  8  9  9  9  9]"
2024-11-25 12:28:58.232913,"(-42.0, -16.66)","(5600, 5600)","[17 12 19 19 17 18 17 16 20 19 22 22 21 22 17 19 16 17 16 16 14 15 13 13
 12 12 11 11 10 10 11 11 10 11 10 10 12 11 12 12 12 12 11 11 10 10 10 10
 11 10 11 11 11 11 12 12 12 12 11 11 10 10  9 10  9  9 10  9 11 11 10 11
 13  9 17 15 18 18 17 18 14 17 13 14 12 13 11 11 16 10 16 17 29 22 37 34
 37 38 33 36 27 30 22 24 15 20 15 15 13 14 12 13 11 12 11 11 11 11 11 11
 10 11  9 10  9  9  9  9]"
2024-11-25 12:29:15.640504,"(-30.0, -16.66)","(5600, 5600)","[17  7 19 19 17 18 17 16 20 19 22 22 21 22 17 19 16 17 16 16 14 15 13 13
 12 12 11 11 10 10 11 11 10 11 10 10 12 11 12 12 12 12 11 11 10 10 10 10
 11 10 11 11 11 11 12 12 12 12 11 11 10 10  9 10  9  9 10  9 11 11 10 11
  9  9  9  9 12 11 13 12 14 15 13 14 14 13 16 15 15 16 14 14 18 15 30 25
 32 33 28 31 24 26 22 23 20 21 18 19 13 18 13 13 13 13 19 18 13 19 13 13
 13 13 12 12 11 11 10 11]"
2024-11-25 12:29:32.033518,"(-18.0, -16.66)","(5600, 5600)","[17 11 19 19 17 18 17 16 20 19 22 22 21 22 17 19 16 17 16 16 14 15 13 13
 12 12 11 11 10 10 11 11 10 11 10 10 12 11 12 12 12 12 11 11 10 10 10 10
 11 10 11 11 11 11 12 12 12 12 11 11 10 10  9 10  9  9 10  9 12 11 21 17
 22 23 20 21 19 20 13 18 21 15 26 24 28 27 32 31 32 32 28 30 25 26 23 24
 22 23 21 21 23 22 22 23 21 22 16 17 15 16 15 15 14 15 14 14 14 14 14 14
 13 13 11 12 10 11  9 10]"
2024-11-25 12:29:48.419429,"(-6.0, -16.66)","(5600, 5600)","[17 12 19 19 17 18 17 16 20 19 22 22 21 22 17 19 16 17 16 16 14 15 13 13
 12 12 11 11 10 10 11 11 10 11 10 10 12 11 12 12 12 12 11 11 10 10 10 10
 11 10 11 11 11 11 12 12 12 12 11 11 10 10  9 10  9  9 10  9 19 16 23 22
 23 24 21 22 21 20 39 31 50 47 54 53 54 54 52 53 48 50 42 45 35 38 33 34
 32 33 30 31 25 29 23 24 21 22 19 20 18 19 17 18 16 16 15 15 19 15 24 21
 26 26 26 26 24 25 17 22]"
2024-11-25 12:30:04.812295,"(6.0, -16.66)","(5600, 5600)","[17 10 19 19 17 18 17 16 20 19 22 22 21 22 17 19 16 17 16 16 14 15 13 13
 12 12 11 11 10 10 11 11 10 11 10 10 12 11 12 12 12 12 11 11 10 10 10 10
 11 10 11 11 11 11 12 12 12 12 11 11 10 10  9 10  9  9 10  9 11 11 10 11
  9  9  9  9 15 11 34 24 48 43 53 51 53 53 50 52 44 47 36 40 31 33 29 29
 32 31 32 33 29 31 23 27 21 22 20 21 18 19 16 17 15 15 14 14 25 20 33 30
 35 35 35 35 33 34 30 32]"
2024-11-25 12:30:21.706544,"(18.0, -16.66)","(5600, 5600)","[17  4 19 19 17 18 17 16 20 19 22 22 21 22 17 19 16 17 16 16 14 15 13 13
 12 12 11 11 10 10 11 11 10 11 10 10 12 11 12 12 12 12 11 11 10 10 10 10
 11 10 11 11 11 11 12 12 12 12 11 11 10 10  9 10  9  9 10  9 11 11 10 11
 14  9 21 17 25 24 27 25 35 30 44 40 46 46 42 45 36 39 32 34 31 31 34 32
 35 36 34 35 32 33 31 32 30 30 29 29 23 28 22 23 22 22 21 21 25 21 27 27
 26 27 22 22 21 22 20 21]"
2024-11-25 12:30:39.119945,"(30.0, -16.66)","(5600, 5600)","[17  4 19 19 16 18 17 16 20 19 22 22 21 22 17 19 16 17 16 16 14 15 13 13
 12 12 11 11 10 10 11 11 10 11 10 10 12 11 12 12 12 12 11 11 10 10 10 10
 11 10 11 11 11 11 12 12 12 12 11 11 10 10  9 10  9  9 10  9 11 11 10 11
 14  9 24 18 28 27 27 28 32 27 41 36 44 43 44 44 44 44 43 44 42 43 44 43
 45 45 44 45 42 43 40 41 38 38 36 37 33 34 27 32 27 27 26 27 25 25 25 25
 25 25 24 24 23 23 21 22]"
2024-11-25 12:30:55.510648,"(42.0, -16.66)","(5600, 5600)","[17  9 19 19 16 18 17 16 20 19 22 22 21 22 17 19 16 17 16 16 14 15 13 13
 12 12 11 11 10 10 11 11 10 11 10 10 12 11 12 12 12 12 11 11 10 10 10 10
 11 10 11 11 11 11 12 12 12 12 11 11 10 10  9 10  9  9 10  9 11 11 10 11
  9  9  9  9 12 11 13 12 23 15 31 28 33 33 33 33 31 33 30 30 30 30 33 32
 33 33 31 32 28 30 26 27 26 26 25 26 19 23 19 19 19 19 19 19 19 19 20 19
 19 20 17 18 15 16 12 13]"
2024-11-25 12:31:11.904914,"(54.0, -16.66)","(5600, 5600)","[17  4 19 19 16 18 17 16 20 19 22 22 21 22 17 19 16 17 16 16 14 15 13 13
 12 12 11 11 10 10 11 11 10 11 10 10 12 11 12 12 12 12 11 11 10 10 10 10
 11 10 11 11 11 11 12 12 12 12 11 11 10 10  9 10  9  9 10  9 11 11 10 11
  9  9  9  9 12 11 13 12 14 15 13 14 22 17 37 30 45 43 45 45 39 42 42 40
 43 43 42 43 39 40 36 38 33 35 28 31 22 22 19 20 18 18 26 23 26 26 24 25
 18 22 16 17 14 15 13 13]"
2024-11-25 12:31:28.296337,"(66.0, -16.66)","(5600, 5600)","[17 10 19 19 16 18 18 16 23 22 23 23 21 22 17 19 16 17 16 16 14 15 13 13
 12 12 11 11 10 10 11 11 10 11 10 10 12 11 12 12 12 12 11 11 10 10 10 10
 11 10 11 11 11 11 12 12 12 12 11 11 10 10  9 10  9  9 10  9 11 11 10 11
  9  9 15 14 12 15 18 12 20 20 19 20 22 20 27 24 31 30 29 31 29 28 35 32
 39 38 40 40 37 39 31 34 25 27 19 19 17 18 15 16 14 14 13 13 13 13 13 13
 12 13 11 12 10 11 10 10]"
2024-11-25 12:31:44.690201,"(78.0, -16.66)","(5600, 5600)","[17 12 19 19 16 18 19 16 25 24 25 26 21 23 18 19 16 17 16 16 14 15 13 13
 12 12 11 11 10 10 11 11 10 11 10 10 12 11 12 12 12 12 11 11 10 10 10 10
 11 10 11 11 11 11 12 12 12 12 11 11 10 10  9 10 14  9 17 16 11 17 16 11
 15 15 17 15 27 22 30 29 28 29 25 27 22 23 23 22 25 25 25 25 24 25 22 22
 26 22 30 29 28 29 24 26 21 23 16 17 14 15 12 13 13 12 13 13 13 13 13 13
 11 12 10 11  9  9  9  9]"
2024-11-25 12:32:44.485923,"(-90.0, 20.0)","(5600, 5600)","[18 17 19 19 16 18 17 16 20 19 22 22 21 22 17 19 16 17 16 16 14 15 13 13
 12 12 11 11 10 10 11 11 10 11 10 10 12 11 12 12 12 12 11 11 10 10 10 10
 11 10 11 11 11 11 12 12 12 12 11 11 12 10 22 17 29 27 30 30 28 29 26 27
 26 25 32 28 37 35 38 38 36 37 32 34 28 30 25 26 28 26 35 31 45 40 46 46
 45 46 42 44 39 41 34 37 29 32 24 25 21 23 18 20 15 17 13 14 10 11  8  9
  7  8  8  7  9  9  9  9]"
2024-11-25 12:33:00.261437,"(-80.0, 20.0)","(5600, 5600)","[17  7 19 19 16 18 17 16 20 19 22 22 21 22 17 19 16 17 16 16 14 15 13 13
 12 12 11 11 10 10 11 11 10 11 10 10 12 11 12 12 12 12 11 11 10 10 10 10
 11 10 11 11 11 11 12 12 12 12 11 11 16 10 28 23 31 31 28 30 26 27 23 25
 20 21 19 19 23 21 23 23 23 23 21 22 20 21 23 21 34 25 46 41 50 48 50 50
 48 49 46 47 41 43 36 38 31 34 24 25 21 23 17 19 14 15 11 12  9 10  9  9
  9  9  9  9  9  9  9  9]"
2024-11-25 12:33:16.043994,"(-70.0, 20.0)","(5600, 5600)","[17  7 19 19 16 18 17 16 20 19 22 22 21 22 17 19 16 17 16 16 14 15 13 13
 12 12 11 11 10 10 11 11 10 11 10 10 12 11 12 12 12 12 11 11 10 10 10 10
 11 10 11 11 11 11 12 12 12 12 11 11 10 10 21 16 25 25 26 25 27 26 24 26
 21 22 21 21 24 23 24 24 26 24 27 27 26 27 26 25 32 29 33 33 32 33 34 34
 35 34 35 35 34 34 33 33 29 32 24 27 20 21 18 19 17 17 15 16 13 14 12 13
 12 12 11 11 10 11 10 10]"
2024-11-25 12:33:31.823820,"(-60.0, 20.0)","(5600, 5600)","[17  8 19 19 16 18 17 16 20 19 22 22 21 22 17 19 16 17 16 16 14 15 13 13
 12 12 11 11 10 10 11 11 10 11 10 10 12 11 12 12 12 12 11 11 10 10 10 10
 11 10 11 11 11 11 12 12 12 12 11 11 20 13 33 28 37 37 36 37 33 34 29 31
 25 26 22 23 20 21 22 20 25 24 27 26 27 27 27 27 28 27 34 30 42 38 44 43
 42 43 37 39 31 34 23 29 23 23 21 22 18 19 15 16 13 14 13 13 13 13 11 12
 11 11 11 11 11 11 10 11]"
2024-11-25 12:33:47.601287,"(-50.0, 20.0)","(5600, 5600)","[17  7 19 19 16 18 17 16 20 19 22 22 21 22 17 19 16 17 16 16 14 15 13 13
 12 12 11 11 10 10 11 11 10 11 10 10 12 11 12 12 12 12 11 11 10 10 10 10
 11 10 11 11 11 11 12 12 12 12 11 11 23 15 38 32 43 43 43 43 38 40 30 34
 24 27 20 22 15 15 15 15 15 15 14 14 19 14 22 21 20 21 23 21 37 30 44 42
 44 45 40 42 32 36 28 29 26 27 21 21 20 21 18 19 16 17 14 15 13 14 12 13
 12 12 12 12 11 12 11 11]"
2024-11-25 12:34:03.385893,"(-40.0, 20.0)","(5600, 5600)","[17 13 19 19 16 17 17 16 20 19 22 22 21 22 17 19 16 17 16 16 14 15 13 13
 12 12 11 11 10 10 11 11 10 11 10 10 12 11 12 12 12 12 11 11 10 10 10 10
 11 10 11 11 11 11 12 12 12 12 11 11 12 10 22 17 29 27 29 29 25 27 21 23
 19 20 17 18 12 16 13 12 14 15 13 14 21 18 24 23 23 24 22 22 35 28 42 40
 43 43 40 42 34 37 28 31 24 26 19 20 17 18 15 16 13 14 12 12 10 11  9 10
  9  9  8  8  9  9  9  9]"
2024-11-25 12:34:19.168619,"(-30.0, 20.0)","(5600, 5600)","[17  8 19 19 16 17 17 16 20 19 22 22 21 22 17 19 16 17 16 16 14 15 13 13
 12 12 11 11 10 10 11 11 10 11 10 10 12 11 12 12 12 12 11 11 10 10 10 10
 11 10 11 11 11 11 12 12 12 12 11 11 10 10  9 10  9  9 10  9 11 11 10 11
  9  9  9  9 14 11 19 18 14 19 13 14 17 17 17 16 19 18 19 19 30 24 44 39
 48 48 47 48 42 45 33 37 27 30 23 25 19 20 16 18 14 15 13 13 11 12 10 10
  8  9  8  8 15 13 17 17]"
2024-11-25 12:34:34.948650,"(-20.0, 20.0)","(5600, 5600)","[17  5 19 19 16 17 16 16 20 19 22 22 21 22 17 19 16 17 16 16 14 15 13 13
 12 12 11 11 10 10 11 11 10 11 10 10 12 11 12 12 12 12 11 11 10 10 10 10
 11 10 11 11 11 11 12 12 12 12 11 11 10 10  9 10  9  9 10  9 11 11 10 11
  9  9  9  9 15 11 25 20 32 29 33 33 31 32 27 29 26 26 28 26 30 28 42 37
 46 46 43 45 38 41 34 36 31 33 27 29 21 22 19 20 16 18 14 15 12 13 11 12
 10 11  9 10  9  9  9  9]"
2024-11-25 12:34:50.735754,"(-10.0, 20.0)","(5600, 5600)","[17  9 20 20 16 18 16 16 20 19 22 22 21 22 17 19 16 17 16 16 14 15 13 13
 12 12 11 11 10 10 11 11 10 11 10 10 12 11 12 12 12 12 11 11 10 10 10 10
 11 10 11 11 11 11 12 12 12 12 11 11 10 10  9 10  9  9 10  9 11 11 10 11
  9  9  9  9 23 18 30 27 35 33 36 36 36 36 38 38 38 38 35 37 34 34 41 37
 47 46 47 48 44 46 40 42 36 38 32 34 25 29 22 23 20 21 18 19 17 18 15 16
 13 14 11 12 10 11  9  9]"
2024-11-25 12:35:06.515963,"(0.0, 20.0)","(5600, 5600)","[17 13 19 19 16 18 16 16 20 19 22 22 21 22 17 19 16 17 16 16 14 15 13 13
 12 12 11 11 10 10 11 11 10 11 10 10 12 11 12 12 12 12 11 11 10 10 10 10
 11 10 11 11 11 11 12 12 12 12 11 11 10 10  9 10  9  9 10  9 11 11 10 11
  9  9 17 11 31 24 42 37 46 46 45 46 41 43 37 38 35 36 35 35 33 34 34 33
 40 37 41 41 39 40 35 37 31 33 27 29 22 23 19 20 16 17 15 15 13 14 12 13
 10 11  9 10  9  9  9  9]"
2024-11-25 12:35:22.301002,"(10.0, 20.0)","(5600, 5600)","[17 14 19 19 16 18 16 16 20 19 22 22 21 22 17 19 16 17 16 16 14 15 13 13
 12 12 11 11 10 10 11 11 10 11 10 10 12 11 12 12 12 12 11 11 10 10 10 10
 11 10 11 11 11 11 12 12 12 12 11 11 10 10  9 10  9  9 10  9 11 11 10 11
  9  9 20 14 38 29 48 44 52 52 50 51 47 49 43 44 41 41 40 41 37 39 33 35
 32 32 31 32 24 30 23 24 22 23 18 20 16 17 14 15 13 13 12 12 10 11  9 10
  8  8  8  8  9  9  9  9]"
2024-11-25 12:35:38.082151,"(20.0, 20.0)","(5600, 5600)","[17  6 19 19 16 18 16 16 20 19 22 22 21 22 17 19 16 17 16 16 14 15 13 13
 12 12 11 11 10 10 11 11 10 11 10 10 12 11 12 12 12 12 11 11 10 10 10 10
 11 10 11 11 11 11 12 12 12 12 11 11 10 10  9 10  9  9 10  9 11 11 10 11
  9  9 19 12 28 24 30 28 35 32 36 36 34 35 32 33 31 32 31 31 30 31 30 30
 30 31 27 28 24 26 18 22 17 18 15 16 12 13 11 11 11 12 10 11 10 10  9  9
  8  8  8  8  9  9  9  9]"
2024-11-25 12:35:53.864438,"(30.0, 20.0)","(5600, 5600)","[17  8 19 19 16 18 16 15 20 19 22 22 21 22 17 19 16 17 16 16 14 15 13 13
 12 12 11 11 10 10 11 11 10 11 10 10 12 11 12 12 12 12 11 11 10 10 10 10
 11 10 11 11 11 11 12 12 12 12 11 11 10 10  9 10  9  9 10  9 11 11 10 11
  9  9  9  9 20 15 23 22 24 24 23 24 19 21 17 18 16 16 16 16 27 21 37 33
 38 39 37 38 32 35 25 29 20 22 16 16 14 15 12 13 12 12 12 12 12 12 11 12
 11 11 10 11  9 10  9  9]"
2024-11-25 12:36:09.646853,"(40.0, 20.0)","(5600, 5600)","[17 12 19 19 16 18 16 15 20 19 22 22 21 22 17 19 16 17 16 16 14 15 13 13
 12 12 11 11 10 10 11 11 10 11 10 10 12 11 12 12 12 12 11 11 10 10 10 10
 11 10 11 11 11 11 12 12 12 12 11 11 10 10  9 10  9  9 10  9 11 11 10 11
  9  9  9  9 18 14 21 20 19 21 13 14 12 13 11 11 15 10 20 18 27 23 38 34
 41 41 39 40 34 37 28 31 23 26 17 17 16 16 14 15 13 14 12 12 10 11  9  9
  8  8  8  8  9  9  9  9]"
2024-11-25 12:36:25.429339,"(50.0, 20.0)","(5600, 5600)","[17 10 19 19 16 18 16 15 20 19 22 22 21 22 17 19 16 17 16 16 14 15 13 13
 12 12 11 11 10 10 11 11 10 11 10 10 12 11 12 12 12 12 11 11 10 10 10 10
 11 10 11 11 11 11 12 12 12 12 11 11 10 10  9 10  9  9 10  9 11 11 10 11
  9  9  9  9 12 11 13 12 14 15 13 14 12 13 11 11 16 10 18 18 23 19 35 30
 38 38 36 37 31 34 24 27 19 22 14 15 13 14 11 12 11 12 10 11  8  9  7  8
  7  7  8  7  9  9  9  9]"
2024-11-25 12:36:41.211190,"(60.0, 20.0)","(5600, 5600)","[17  9 19 19 16 18 16 15 20 19 22 22 21 22 17 19 16 17 16 16 14 15 13 13
 12 12 11 11 10 10 11 11 10 11 10 10 12 11 12 12 12 12 11 11 10 10 10 10
 11 10 11 11 11 11 12 12 12 12 11 11 10 10  9 10  9  9 10  9 11 11 10 11
  9  9 14 12 18 16 13 17 14 15 13 14 16 13 19 17 23 22 22 23 27 24 38 34
 40 40 38 39 32 35 27 29 22 24 16 17 15 16 13 14 12 12 10 11  9  9  8  8
  7  8  8  7  9  9  9  9]"
2024-11-25 12:36:56.998897,"(70.0, 20.0)","(5600, 5600)","[17 11 19 19 16 18 16 15 20 19 22 22 21 22 17 19 16 17 16 16 14 15 13 13
 12 12 11 11 10 10 11 11 10 11 10 10 12 11 12 12 12 12 11 11 10 10 10 10
 11 10 11 11 11 11 12 12 12 12 11 11 10 10  9 10  9  9 10  9 11 11 10 11
  9  9 15 13 21 18 19 20 20 18 23 22 21 22 23 21 29 26 33 32 35 34 38 37
 38 39 36 38 29 33 24 26 18 22 16 17 14 15 12 13 11 12 10 11  8  9  7  8
  7  7  8  8  9  9  9  9]"
2024-11-25 12:37:12.783659,"(80.0, 20.0)","(5600, 5600)","[17  7 19 19 16 18 16 15 20 19 22 22 21 22 17 19 16 17 16 16 14 15 13 13
 12 12 11 11 10 10 11 11 10 11 10 10 12 11 12 12 12 12 11 11 10 10 10 10
 11 10 11 11 11 11 12 12 12 12 11 11 10 10  9 10  9  9 10  9 11 11 10 11
  9  9  9  9 18 15 30 24 38 36 38 39 35 37 32 33 36 32 41 39 41 41 38 39
 37 37 35 36 31 33 25 28 19 22 17 18 14 15 12 13 11 12 10 11 10 10  9  9
  8  8  8  8  9  9  9  9]"
2024-11-25 12:37:28.565902,"(90.0, 20.0)","(5600, 5600)","[17 13 19 19 16 18 16 15 20 19 22 22 21 22 17 19 16 17 16 16 14 15 13 13
 12 12 11 11 10 10 11 11 10 11 10 10 12 11 12 12 12 12 11 11 19 14 24 23
 23 24 19 21 11 17 12 12 12 12 11 11 10 10  9 10  9  9 10  9 11 11 10 11
  9  9  9  9 15 11 29 24 32 32 28 31 25 26 24 24 31 26 37 35 38 38 38 37
 41 39 40 41 36 38 30 33 25 28 19 20 16 18 14 15 13 13 13 13 13 13 13 13
 12 12 11 11 10 10  9  9]"
2024-11-25 12:38:28.974848,"(-80.0, -20.0)","(5600, 5600)","[17  7 19 19 16 18 16 15 20 19 22 22 21 22 17 19 16 17 16 16 14 15 13 13
 12 12 11 11 10 10 11 11 10 11 10 10 12 11 12 12 12 12 11 11 10 10 10 10
 11 10 11 11 11 11 12 12 12 12 11 11 10 10  9 10  9  9 10  9 11 11 10 11
  9  9  9  9 12 11 17 12 22 21 22 22 19 20 17 17 22 17 27 25 26 27 33 30
 38 38 37 38 33 35 27 30 22 24 17 17 16 16 14 15 13 14 12 12 11 12 10 11
 10 10  9  9  9  9  9  9]"
2024-11-25 12:38:45.258842,"(-70.0, -20.0)","(5600, 5600)","[17  6 19 19 16 18 16 15 20 19 22 22 21 22 17 19 16 17 16 16 14 15 13 13
 12 12 11 11 10 10 11 11 10 11 10 10 12 11 12 12 12 12 11 11 10 10 10 10
 11 10 11 11 11 11 12 12 12 12 11 11 10 10  9 10  9  9 10  9 11 11 10 11
  9  9  9  9 12 11 18 12 20 20 19 20 12 17 11 11 15 10 19 17 20 19 29 24
 36 34 36 37 33 35 27 30 23 25 19 21 14 15 12 13 12 12 12 12 12 12 10 11
  9 10  9  9  9  9  9  9]"
2024-11-25 12:39:01.044279,"(-60.0, -20.0)","(5600, 5600)","[17  5 19 19 16 18 16 15 20 19 22 22 21 22 17 19 16 17 16 16 14 15 13 13
 12 12 11 11 10 10 11 11 10 11 10 10 12 11 12 12 12 12 11 11 10 10 10 10
 11 10 11 11 11 11 12 12 12 12 11 11 10 10  9 10  9  9 10  9 11 11 10 11
  9  9  9  9 12 11 13 12 14 15 13 14 12 13 11 11 10 10 14 13 19 17 27 22
 35 32 37 37 35 36 28 32 22 24 18 19 14 14 13 13 12 12 11 12 10 11  9  9
  8  8  8  8  9  9  9  9]"
2024-11-25 12:39:16.827025,"(-50.0, -20.0)","(5600, 5600)","[17  7 19 19 16 18 16 15 20 19 22 22 21 22 17 19 16 17 16 16 14 15 13 13
 12 12 11 11 10 10 11 11 10 11 10 10 12 11 12 12 12 12 11 11 10 10 10 10
 11 10 11 11 11 11 12 12 12 12 11 11 10 10  9 10  9  9 10  9 11 11 10 11
  9  9  9  9 12 11 13 12 14 15 13 14 12 13 11 11 15 10 22 19 25 24 25 26
 25 25 28 26 26 27 23 24 20 22 17 19 13 13 12 12 11 12 10 11  9  9  8  9
  8  8  8  8  9  9  9  9]"
2024-11-25 12:39:32.606220,"(-40.0, -20.0)","(5600, 5600)","[17  7 19 19 16 18 16 15 20 19 22 22 21 22 17 19 16 17 16 16 14 15 13 13
 12 12 11 11 10 10 11 11 10 11 10 10 12 11 12 12 12 12 11 11 10 10 10 10
 11 10 11 11 11 11 12 12 12 12 11 11 10 10  9 10  9  9 10  9 11 11 10 11
  9  9  9  9 12 11 13 12 14 15 13 14 12 13 11 11 17 10 26 22 29 28 29 27
 36 33 38 38 37 38 33 35 29 31 25 26 22 23 17 21 15 16 13 14 11 12 10 10
  8  9  8  8  9  9  9  9]"
2024-11-25 12:39:48.389347,"(-30.0, -20.0)","(5600, 5600)","[17  6 19 19 16 18 16 15 20 19 22 22 21 22 17 19 16 17 16 16 14 15 13 13
 12 12 11 11 10 10 11 11 10 11 10 10 12 11 12 12 12 12 11 11 10 10 10 10
 11 10 11 11 11 11 12 12 12 12 11 11 10 10  9 10  9  9 10  9 11 11 10 11
  9  9  9  9 12 11 13 12 14 15 13 14 12 13 11 11 13 10 19 16 19 19 22 20
 28 25 32 30 32 32 32 32 29 31 25 27 20 22 14 18 13 14 12 12 10 11  9  9
  7  8  8  7  9  9  9  9]"
2024-11-25 12:40:04.173301,"(-20.0, -20.0)","(5600, 5600)","[17  7 19 19 16 18 16 15 20 19 22 22 21 22 17 19 16 17 16 16 14 15 13 13
 12 12 11 11 10 10 11 11 10 11 10 10 12 11 12 12 12 12 11 11 10 10 10 10
 11 10 11 11 11 11 12 12 12 12 11 11 10 10  9 10  9  9 10  9 12 11 17 15
 18 18 16 17 16 16 18 18 14 18 13 14 12 13 11 11 10 10 10 10 11 10 21 17
 27 24 29 28 29 29 30 30 28 30 24 27 21 22 15 19 15 15 15 15 13 14 12 12
 10 11 10 10 10 10  9 10]"
2024-11-25 12:40:19.959603,"(-10.0, -20.0)","(5600, 5600)","[17  8 19 19 16 18 16 15 20 19 22 22 21 22 17 19 16 17 16 16 14 15 13 13
 12 12 11 11 10 10 11 11 10 11 10 10 12 11 12 12 12 12 11 11 10 10 10 10
 11 10 17 17 17 17 12 16 12 12 11 11 10 10  9 10  9  9 15 13 26 21 31 29
 32 32 31 31 30 31 33 31 38 36 42 39 43 43 40 42 36 37 33 35 32 32 33 32
 35 35 34 35 31 33 24 28 23 23 22 23 21 22 19 20 17 18 16 17 16 16 16 16
 15 16 14 14 13 13 17 13]"
2024-11-25 12:40:35.742740,"(0.0, -20.0)","(5600, 5600)","[18 17 19 20 18 18 17 17 20 19 22 22 21 22 17 19 16 17 16 16 14 15 13 13
 12 12 11 11 10 10 11 11 10 11 10 10 12 11 12 12 12 12 11 11 10 10 10 10
 16 10 18 17 17 18 12 15 12 12 11 11 10 10  9 10  9  9 10  9 11 11 16 11
 21 19 22 22 37 28 49 44 54 53 54 54 53 54 49 52 43 45 39 41 37 38 37 37
 40 39 40 41 38 39 34 36 28 33 28 28 27 27 25 26 23 24 20 22 19 19 25 19
 30 28 33 32 32 33 32 31]"
2024-11-25 12:40:51.521202,"(10.0, -20.0)","(5600, 5600)","[17 12 19 19 16 18 16 15 20 19 22 22 21 22 17 19 16 17 16 16 14 15 13 13
 12 12 11 11 10 10 11 11 10 11 10 10 12 11 12 12 12 12 11 11 10 10 10 10
 11 10 11 11 11 11 12 12 12 12 11 11 10 10  9 10  9  9 10  9 11 11 10 11
  9  9  9  9 27 19 41 35 51 47 54 53 53 53 47 51 41 43 36 38 31 33 31 30
 37 33 39 39 37 38 32 35 24 29 22 23 20 21 18 19 16 17 14 15 16 14 22 19
 28 25 33 31 33 33 31 32]"
2024-11-25 12:41:07.302415,"(20.0, -20.0)","(5600, 5600)","[16  7 19 19 16 18 16 15 20 19 22 22 21 22 17 19 16 17 16 16 14 15 13 13
 12 12 11 11 10 10 11 11 10 11 10 10 12 11 12 12 12 12 11 11 10 10 10 10
 11 10 11 11 11 11 12 12 12 12 11 11 10 10  9 10  9  9 10  9 11 11 10 11
  9  9  9  9 18 11 33 26 42 39 43 43 41 42 39 40 36 37 36 36 34 35 35 34
 38 36 39 39 36 38 32 34 29 30 28 28 23 23 23 23 23 24 22 23 19 20 18 18
 23 18 23 24 18 18 17 18]"
2024-11-25 12:41:23.082006,"(30.0, -20.0)","(5600, 5600)","[16  4 19 19 16 17 16 15 20 19 22 22 21 22 17 19 16 17 16 16 14 15 13 13
 12 12 11 11 10 10 11 11 10 11 10 10 12 11 12 12 12 12 11 11 10 10 10 10
 11 10 11 11 11 11 12 12 12 12 11 11 10 10  9 10  9  9 10  9 11 11 10 11
 16  9 27 21 32 30 34 33 38 36 40 39 40 40 39 39 36 37 34 35 35 35 37 36
 38 38 38 38 34 36 32 33 31 32 27 29 27 24 32 30 33 33 30 32 24 25 22 23
 22 22 21 22 19 20 17 18]"
2024-11-25 12:41:38.861378,"(40.0, -20.0)","(5600, 5600)","[16 11 19 19 16 17 16 15 20 19 22 22 21 22 17 19 16 17 16 16 14 15 13 13
 12 12 11 11 10 10 11 11 10 11 10 10 12 11 12 12 12 12 11 11 10 10 10 10
 11 10 11 11 11 11 12 12 12 12 11 11 10 10  9 10  9  9 10  9 11 11 10 11
  9  9  9  9 12 11 13 12 21 15 25 24 24 25 24 24 27 25 30 29 31 31 32 32
 29 31 28 28 26 27 30 29 29 30 26 27 18 24 18 18 18 18 18 18 17 18 16 16
 14 15 14 14 13 13 11 12]"
2024-11-25 12:41:54.647439,"(50.0, -20.0)","(5600, 5600)","[16  8 19 19 16 17 16 15 20 19 22 22 21 22 17 19 16 17 16 16 14 15 13 13
 12 12 11 11 10 10 11 11 10 11 10 10 12 11 12 12 12 12 11 11 10 10 10 10
 11 10 11 11 11 11 12 12 12 12 11 11 10 10  9 10  9  9 10  9 11 11 10 11
 18  9 20 20 19 20 18 18 14 17 18 18 18 18 23 19 32 29 34 34 33 33 31 31
 37 32 40 39 38 39 35 37 30 33 24 27 19 20 17 18 15 16 15 15 15 15 14 15
 12 13 11 12 11 11 10 11]"
2024-11-25 12:42:10.431200,"(60.0, -20.0)","(5600, 5600)","[16 11 19 19 16 17 16 15 20 19 22 22 21 22 17 19 16 17 16 16 14 15 13 13
 12 12 11 11 10 10 11 11 10 11 10 10 12 11 12 12 12 12 11 11 10 10 10 10
 11 10 11 11 11 11 12 12 12 12 11 11 10 10  9 10  9  9 10  9 11 11 17 11
 26 22 29 29 28 29 27 28 26 27 24 25 23 23 27 25 30 29 31 31 28 29 30 27
 38 34 43 41 42 43 37 40 29 33 22 22 20 21 18 19 17 17 16 16 15 15 14 15
 13 13 11 12 10 10  9  9]"
2024-11-25 12:42:26.215601,"(70.0, -20.0)","(5600, 5600)","[16 10 19 19 16 17 16 15 20 19 22 22 21 22 17 19 16 17 16 16 14 15 13 13
 12 12 11 11 10 10 11 11 10 11 10 10 12 11 12 12 12 12 11 11 10 10 10 10
 11 10 11 11 11 11 12 12 12 12 11 11 10 10  9 10 13  9 19 16 21 20 21 21
 20 20 23 21 30 26 33 32 31 32 28 30 25 26 24 25 25 23 26 26 29 27 31 31
 31 31 32 31 31 31 27 29 24 25 20 20 19 20 17 18 16 16 15 15 14 15 13 14
 12 13 10 11  9 10  9  9]"
2024-11-25 12:42:42.003147,"(80.0, -20.0)","(5600, 5600)","[16 11 19 19 16 17 16 15 20 19 22 22 21 22 17 19 16 17 16 16 14 15 13 13
 12 12 11 11 10 10 11 11 10 11 10 10 12 11 12 12 12 12 11 11 10 10 10 10
 11 10 11 11 11 11 12 12 12 12 11 11 10 10 17 10 29 25 33 32 32 33 29 31
 24 27 22 23 28 25 32 31 30 32 27 28 26 26 28 27 28 29 26 27 25 25 28 25
 34 33 35 35 33 34 29 31 25 27 20 21 17 18 15 15 13 14 12 13 11 12 10 10
  9  9  9  9  9  9  9  9]"
2024-11-25 12:43:42.408760,"(-90.0, 23.33)","(5600, 5600)","[16 11 19 19 16 17 16 15 20 19 22 22 21 22 17 19 16 17 16 16 14 15 13 13
 12 12 11 11 10 10 11 11 10 11 10 10 12 11 12 12 12 12 11 11 10 10 10 10
 11 10 11 11 11 11 12 12 12 12 11 11 23 16 42 34 53 50 55 55 53 55 47 51
 41 43 37 39 35 36 32 33 27 30 21 22 18 20 15 17 14 14 26 18 36 32 39 38
 39 40 38 39 36 37 35 36 31 33 26 28 21 21 19 20 18 18 18 18 18 18 17 17
 17 17 17 17 17 17 15 16]"
2024-11-25 12:43:57.779065,"(-81.42, 23.33)","(5600, 5600)","[16 10 19 19 16 17 16 15 20 19 22 22 21 22 17 19 16 17 16 16 14 15 13 13
 12 12 11 11 10 10 11 11 11 11 10 10 12 11 12 12 12 12 11 11 10 10 10 10
 11 10 11 11 11 11 12 12 12 12 11 11 26 16 43 35 52 49 53 53 51 53 46 49
 39 42 34 36 29 32 25 27 20 23 18 19 15 16 12 13 17 11 26 22 27 27 35 31
 40 40 38 39 36 37 33 35 30 32 25 27 19 23 18 18 16 17 15 16 14 15 14 14
 14 14 14 14 14 14 12 13]"
2024-11-25 12:44:14.172308,"(-72.85, 23.33)","(5600, 5600)","[16  6 19 19 16 17 16 15 20 19 22 22 21 22 17 19 16 17 16 16 14 15 13 13
 12 12 11 11 10 10 11 11 10 11 10 10 12 11 12 12 12 12 11 11 10 10 10 10
 11 10 11 11 11 11 12 12 12 12 11 11 22 15 34 29 39 39 38 39 35 36 32 33
 30 30 30 30 29 29 27 28 23 25 19 21 16 16 14 14 21 14 28 26 30 29 34 32
 33 34 30 32 25 27 26 25 26 27 22 25 18 18 23 18 27 26 26 27 24 25 19 23
 18 19 15 16 12 14  9 11]"
2024-11-25 12:44:30.566679,"(-64.28, 23.33)","(5600, 5600)","[16  9 19 19 16 17 16 15 20 19 22 22 21 22 17 19 16 17 16 16 14 15 13 13
 12 12 11 11 10 10 11 11 10 11 10 10 12 11 12 12 12 12 11 11 10 10 10 10
 11 10 11 11 11 11 12 12 12 12 11 11 16 10 32 26 38 37 38 39 36 37 33 35
 31 32 29 30 27 28 26 27 25 25 26 25 28 27 26 27 25 24 29 26 30 30 30 30
 28 29 27 27 26 27 25 26 20 25 19 20 19 18 27 23 32 31 31 32 29 30 26 28
 20 24 18 19 16 17 14 15]"
2024-11-25 12:44:45.947120,"(-55.71, 23.33)","(5600, 5600)","[16 10 19 19 16 17 16 15 20 19 22 22 21 22 17 19 16 17 16 16 14 15 13 13
 12 12 11 11 10 10 11 11 10 11 10 10 12 11 12 12 12 12 11 11 10 10 10 10
 11 10 11 11 11 11 12 12 12 12 11 11 10 10 16 10 21 20 26 23 29 28 28 29
 25 26 23 24 21 22 19 20 14 18 27 20 35 32 36 36 32 35 27 30 24 25 26 23
 34 32 35 36 35 35 31 33 26 28 20 21 19 20 17 18 16 16 15 15 15 15 13 14
 12 12 11 11 10 10  9  9]"
2024-11-25 12:45:01.326252,"(-47.14, 23.33)","(5600, 5600)","[16 12 19 19 16 17 16 15 20 19 22 22 21 22 17 19 16 17 16 16 14 15 13 13
 12 12 11 11 10 10 11 11 10 11 10 10 12 11 12 12 12 12 11 11 10 10 10 10
 11 10 11 11 11 11 12 12 12 12 11 11 10 10 19 14 26 24 26 27 25 26 23 24
 21 22 19 20 17 18 13 16 14 15 30 21 39 35 41 41 38 40 31 35 26 29 26 24
 35 31 38 38 37 38 33 35 27 30 21 22 19 20 17 18 15 16 13 14 13 13 13 13
 12 13 11 12 10 11 14 10]"
2024-11-25 12:45:16.701130,"(-38.57, 23.33)","(5600, 5600)","[16 11 19 19 16 17 16 15 20 19 22 22 21 22 17 19 16 17 16 16 14 15 13 13
 12 12 11 11 10 10 11 11 10 11 10 10 12 11 12 12 12 12 11 11 10 10 10 10
 11 10 11 11 11 11 12 12 12 12 11 11 10 10 20 13 30 27 31 31 28 30 25 27
 20 23 17 18 17 12 19 19 19 20 24 21 32 28 34 34 31 33 27 29 26 26 31 28
 36 34 36 36 34 35 31 32 28 30 24 26 21 21 21 21 21 21 20 21 18 19 15 16
 13 14 10 11 13 10 20 16]"
2024-11-25 12:45:32.077922,"(-30.0, 23.33)","(5600, 5600)","[16 10 19 19 16 17 16 15 20 19 22 22 21 22 17 19 16 17 16 16 14 15 13 13
 12 12 11 11 10 10 11 11 10 11 10 10 12 11 12 12 12 12 11 11 10 10 10 10
 11 10 11 11 11 11 12 12 12 12 11 11 10 10  9 10 20 15 28 25 28 28 26 27
 22 24 19 21 17 18 13 17 14 15 13 14 24 20 26 25 23 25 20 21 23 21 35 30
 41 40 42 42 40 41 37 39 32 35 27 30 21 24 19 20 17 18 14 16 12 13 10 11
  8  9  8  8 16 12 19 18]"
2024-11-25 12:45:47.453447,"(-21.42, 23.33)","(5600, 5600)","[16  8 19 19 16 17 16 15 20 19 22 22 21 22 17 19 16 17 16 16 14 15 13 13
 12 12 11 11 10 10 11 11 10 11 10 10 12 11 12 12 12 12 11 11 10 10 10 10
 11 10 11 11 11 11 12 12 12 12 11 11 10 10  9 10  9  9 10  9 11 11 10 11
  9  9  9  9 12 11 13 12 14 15 13 14 15 13 16 16 16 16 18 17 22 20 33 28
 38 37 38 39 37 38 33 36 28 30 23 26 17 21 16 17 14 15 11 13  9 10  8  8
  7  7  8  7  9  9 12  9]"
2024-11-25 12:46:02.830682,"(-12.85, 23.33)","(5600, 5600)","[16 11 19 19 16 17 16 15 20 19 22 22 21 22 17 19 16 17 16 16 14 15 13 13
 12 12 11 11 10 10 11 11 10 11 10 10 12 11 12 12 12 12 11 11 10 10 10 10
 11 10 11 11 11 11 12 12 12 12 11 11 10 10  9 10  9  9 10  9 11 11 10 11
  9  9  9  9 20 16 23 22 22 23 22 22 19 20 16 17 15 15 10 10 22 18 38 31
 47 44 49 49 47 48 42 45 35 38 29 32 21 26 19 20 16 17 13 14 11 12 10 10
  9  9  8  8  9  9  9  9]"
2024-11-25 12:46:19.218089,"(-4.28, 23.33)","(5600, 5600)","[16  9 19 19 16 17 16 15 20 19 22 22 21 22 17 19 16 17 16 16 14 15 13 13
 12 12 11 11 10 10 11 11 10 11 10 10 12 11 12 12 12 12 11 11 10 10 10 10
 11 10 11 11 11 11 12 12 12 12 11 11 10 10  9 10  9  9 10  9 11 11 10 11
  9  9  9  9 21 16 25 24 24 25 23 24 22 22 20 21 18 19 16 17 20 18 27 24
 32 30 36 33 37 37 34 36 28 31 23 26 17 18 16 16 14 15 14 14 13 14 12 13
 11 12 10 10  9  9  9  9]"
2024-11-25 12:46:35.614567,"(4.28, 23.33)","(5600, 5600)","[16  9 19 19 16 17 16 15 20 19 22 22 21 22 17 19 16 17 16 16 14 15 13 13
 12 12 11 11 10 10 11 11 10 11 10 10 12 11 12 12 12 12 11 11 10 10 10 10
 11 10 11 11 11 11 12 12 12 12 11 11 10 10  9 10  9  9 10  9 11 11 10 11
  9  9  9  9 15 11 22 20 24 23 25 25 24 25 22 23 19 21 19 19 19 19 31 24
 41 38 43 43 40 42 34 38 27 30 21 24 17 18 14 15 12 13 10 11  9 10  8  8
  7  7  8  7  9  9  9  9]"
2024-11-25 12:46:52.002239,"(12.85, 23.33)","(5600, 5600)","[16  6 19 19 16 17 16 15 20 19 22 22 21 22 17 19 16 17 16 16 14 15 13 13
 12 12 11 11 10 10 11 11 10 11 10 10 12 11 12 12 12 12 11 11 10 10 10 10
 11 10 11 11 11 11 12 12 12 12 11 11 10 10  9 10  9  9 10  9 11 11 10 11
  9  9  9  9 23 16 29 27 30 30 30 30 28 29 25 26 25 25 26 26 25 25 29 24
 39 36 41 41 40 40 36 38 29 33 22 25 18 19 16 17 14 15 12 13 10 11  8  9
  7  7  8  7  9  9  9  9]"
2024-11-25 12:47:08.397406,"(21.42, 23.33)","(5600, 5600)","[16 12 19 19 16 17 16 15 20 19 22 22 21 22 17 19 16 17 16 16 14 15 13 13
 12 12 11 11 10 10 11 11 10 11 10 10 12 11 12 12 12 12 11 11 10 10 10 10
 11 10 11 11 11 11 12 12 12 12 11 11 10 10  9 10  9  9 10  9 11 11 10 11
  9  9  9  9 12 11 13 12 14 15 13 14 12 13 15 11 18 17 19 19 18 18 29 23
 39 36 39 40 35 38 29 32 24 27 19 22 15 16 13 14 12 12 11 11 10 10  9  9
  8  8  8  8  9  9  9  9]"
2024-11-25 12:47:24.799224,"(30.0, 23.33)","(5600, 5600)","[16  8 19 20 16 17 16 15 20 19 22 22 21 22 17 19 16 17 16 16 14 15 13 13
 12 12 11 11 10 10 11 11 10 11 10 10 12 11 12 12 12 12 11 11 10 10 10 10
 11 10 11 11 11 11 12 12 12 12 11 11 10 10  9 10  9  9 10  9 11 11 10 11
  9  9  9  9 12 11 13 12 14 15 13 14 12 13 11 11 10 10 10 10 16 15 21 16
 35 31 36 37 33 35 27 30 23 25 18 20 14 14 12 13 11 12 10 11  8  9  7  8
  7  7  8  7  9  9  9  9]"
2024-11-25 12:47:40.180823,"(38.57, 23.33)","(5600, 5600)","[16 10 19 20 16 17 16 15 20 19 22 22 21 22 17 19 16 17 16 16 14 15 13 13
 12 12 11 11 10 10 11 11 10 11 10 10 12 11 12 12 12 12 11 11 10 10 10 10
 11 10 11 11 11 11 12 12 12 12 11 11 10 10  9 10  9  9 10  9 11 11 10 11
  9  9  9  9 15 11 19 18 14 19 13 14 12 13 11 11 15 10 19 17 20 19 22 21
 29 24 35 33 35 35 31 33 24 27 20 22 15 16 13 14 12 13 11 12 11 11  9 10
  8  9  8  8  9  9  9  9]"
2024-11-25 12:47:55.563963,"(47.14, 23.33)","(5600, 5600)","[16 13 19 20 16 17 16 15 20 19 22 22 21 22 17 19 16 17 16 16 14 15 13 13
 12 12 11 11 10 10 11 11 10 11 10 10 12 11 12 12 12 12 22 17 27 25 26 27
 24 26 22 23 18 20 12 16 12 12 11 11 10 10  9 10  9  9 10  9 11 11 10 11
  9  9  9  9 12 11 13 12 14 15 13 14 12 13 11 11 16 10 18 17 19 18 25 21
 31 28 34 33 32 33 28 30 23 25 19 21 14 15 13 14 12 12 10 11  9 10  8  8
  7  7  8  7  9  9  9  9]"
2024-11-25 12:48:10.946588,"(55.71, 23.33)","(5600, 5600)","[16 11 19 20 16 17 16 15 20 19 22 22 21 22 17 19 16 17 16 16 14 15 13 13
 12 12 11 11 10 10 11 11 10 11 10 10 12 11 12 12 12 12 15 11 22 19 21 22
 19 20 16 18 11 11 12 12 12 12 11 11 10 10  9 10  9  9 10  9 11 11 10 11
  9  9  9  9 12 11 13 12 14 15 13 14 12 13 11 11 18 10 20 20 19 20 19 18
 20 20 26 21 26 26 22 24 18 20 13 13 12 12 11 11 11 12 10 11  8  9  7  8
  7  7  8  7  9  9  9  9]"
2024-11-25 12:48:26.326024,"(64.28, 23.33)","(5600, 5600)","[16  6 19 20 16 17 16 15 20 19 22 22 21 22 17 19 16 17 16 16 14 15 13 13
 12 12 11 11 10 10 11 11 10 11 10 10 12 11 12 12 12 12 11 11 17 15 16 17
 14 15 11 11 11 11 12 12 12 12 11 11 10 10  9 10  9  9 10  9 11 11 10 11
  9  9  9  9 12 11 13 12 14 15 13 14 12 13 11 11 14 10 17 16 17 17 20 17
 28 25 32 30 31 31 26 29 21 23 17 19 13 13 12 12 11 12 10 11  8  9  7  8
  7  7  8  7  9  9  9  9]"
2024-11-25 12:48:41.707898,"(72.85, 23.33)","(5600, 5600)","[16 10 19 20 16 17 16 15 20 19 22 22 21 22 17 19 16 17 16 16 14 15 13 13
 12 12 11 11 10 10 11 11 10 11 10 10 12 11 12 12 12 12 11 11 10 10 10 10
 11 10 11 11 11 11 12 12 12 12 11 11 10 10  9 10  9  9 10  9 11 11 10 11
  9  9  9  9 15 11 19 17 14 19 13 14 12 13 15 11 21 17 24 24 24 24 26 23
 35 31 38 38 37 38 31 34 25 28 20 22 16 17 15 16 12 13 10 11  9  9  8  8
  8  8  8  8  9  9  9  9]"
2024-11-25 12:48:57.090610,"(81.42, 23.33)","(5600, 5600)","[16 11 19 20 16 17 16 15 20 19 22 22 21 22 17 19 16 17 16 16 14 15 13 13
 12 12 11 11 10 10 11 11 10 11 10 10 12 11 12 12 12 12 11 11 10 10 10 10
 11 10 11 11 11 11 12 12 12 12 11 11 10 10  9 10  9  9 10  9 11 11 10 11
  9  9  9  9 12 11 13 12 14 15 13 14 12 13 15 11 24 18 29 27 29 30 28 28
 33 28 36 36 35 36 30 32 25 27 21 23 16 17 14 15 13 14 12 13 11 12 10 11
  9 10  9  9  9  9  9  9]"
2024-11-25 12:49:12.472808,"(90.0, 23.33)","(5600, 5600)","[16  6 19 20 16 17 16 15 20 19 22 22 21 22 17 19 16 17 16 16 14 15 13 13
 12 12 11 11 10 10 11 11 10 11 10 10 12 11 12 12 12 12 11 11 17 14 23 21
 23 24 21 23 18 20 12 17 12 12 11 11 10 10  9 10  9  9 10  9 11 11 10 11
  9  9  9  9 12 11 13 12 14 15 13 14 12 13 11 11 16 10 23 19 23 23 29 25
 39 36 41 41 40 41 35 38 28 32 22 25 16 17 14 15 12 13 12 12 11 11 10 10
  8  9  8  8  9  9  9  9]"
2024-11-25 12:50:13.325006,"(-81.42, -23.33)","(5600, 5600)","[16  8 19 20 16 17 16 15 20 19 22 22 21 22 17 19 16 17 16 16 14 15 13 13
 12 12 11 11 10 10 11 11 10 11 10 10 12 11 12 12 12 12 11 11 10 10 10 10
 11 10 11 11 11 11 12 12 12 12 11 11 10 10  9 10  9  9 10  9 11 11 10 11
  9  9  9  9 12 11 13 12 14 15 13 14 12 13 11 11 10 10 16 14 19 17 24 21
 32 28 37 35 36 37 33 35 27 30 22 25 15 20 14 15 12 13 10 11  8  9  7  8
  7  7  8  7  9  9  9  9]"
2024-11-25 12:50:28.707931,"(-72.85, -23.33)","(5600, 5600)","[16 11 19 20 16 17 16 15 20 19 22 22 21 22 17 19 16 17 16 16 14 15 13 13
 12 12 11 11 10 10 11 11 10 11 10 10 12 11 12 12 12 12 11 11 10 10 10 10
 11 10 11 11 11 11 12 12 12 12 11 11 10 10  9 10  9  9 10  9 11 11 10 11
  9  9  9  9 12 11 13 12 14 15 13 14 12 13 11 11 10 10 15 13 15 15 16 14
 28 19 38 35 38 38 34 36 27 31 22 24 14 19 13 14 12 13 11 11  9 10  8  9
  8  8  8  8  9  9  9  9]"
2024-11-25 12:50:44.086500,"(-64.28, -23.33)","(5600, 5600)","[16  1 19 20 16 17 16 14 20 19 22 22 21 22 17 19 16 17 16 16 14 15 13 13
 12 12 11 11 10 10 11 11 10 11 10 10 12 11 12 12 12 12 11 11 10 10 10 10
 11 10 11 11 11 11 12 12 12 12 11 11 10 10  9 10  9  9 10  9 11 11 10 11
  9  9  9  9 12 11 13 12 14 15 13 14 12 13 11 11 12 10 17 16 16 17 18 16
 23 22 29 24 34 32 32 33 27 30 21 24 13 19 13 13 12 13 11 12 11 11 10 11
  9 10  9  9  9  9  9  9]"
2024-11-25 12:51:00.485723,"(-55.71, -23.33)","(5600, 5600)","[17 13 19 20 16 17 16 14 20 19 22 22 21 22 17 19 16 17 16 16 14 15 13 13
 12 12 11 11 10 10 11 11 10 11 10 10 12 11 12 12 12 12 11 11 10 10 10 10
 11 10 11 11 11 11 12 12 12 12 11 11 10 10  9 10  9  9 10  9 11 11 10 11
  9  9  9  9 12 11 13 12 14 15 13 14 12 13 11 11 10 10 10 10 10 10 21 15
 29 27 31 31 30 31 28 29 25 27 22 24 18 20 13 17 13 13 12 12 12 12 11 12
 10 11  9 10  9  9  9  9]"
2024-11-25 12:51:16.370995,"(-47.14, -23.33)","(5600, 5600)","[16  8 19 20 16 17 16 14 20 19 22 22 21 22 17 19 16 17 16 16 14 15 13 13
 12 12 11 11 10 10 11 11 10 11 10 10 12 11 12 12 12 12 11 11 10 10 10 10
 11 10 11 11 11 11 12 12 12 12 11 11 10 10  9 10  9  9 10  9 11 11 10 11
  9  9  9  9 12 11 13 12 14 15 13 14 12 13 11 11 10 10 10 10  9 10 14  9
 25 18 34 30 36 36 34 35 29 32 23 26 20 22 15 19 14 15 13 14 12 13 11 12
  9 10  9  9  9  9  9  9]"
2024-11-25 12:51:31.753080,"(-38.57, -23.33)","(5600, 5600)","[17 13 19 20 16 17 16 14 20 19 22 22 21 22 17 19 16 17 16 16 14 15 13 13
 12 12 11 11 10 10 11 11 10 11 10 10 12 11 12 12 12 12 11 11 10 10 10 10
 11 10 11 11 11 11 12 12 12 12 11 11 10 10  9 10  9  9 10  9 11 11 10 11
  9  9  9  9 12 11 13 12 14 15 13 14 12 13 11 11 15 10 19 17 19 19 19 18
 22 22 29 25 37 34 36 37 33 35 26 30 21 23 15 19 14 14 14 14 13 13 12 13
 11 12  9 10  9  9  9  9]"
2024-11-25 12:51:47.132704,"(-30.0, -23.33)","(5600, 5600)","[16  9 19 20 16 17 16 14 20 19 22 22 21 22 17 19 16 17 16 16 14 15 13 13
 12 12 11 11 10 10 11 11 10 11 10 10 12 11 12 12 12 12 11 11 10 10 10 10
 11 10 11 11 11 11 12 12 12 12 11 11 10 10  9 10  9  9 10  9 11 11 10 11
  9  9  9  9 12 11 13 12 14 15 13 14 12 13 11 11 10 10 15 12 15 15 19 15
 27 24 28 28 27 27 30 29 29 30 26 27 22 24 20 21 14 19 15 15 14 14 12 13
 11 12  9 10  9  9  9  9]"
2024-11-25 12:52:02.513589,"(-21.42, -23.33)","(5600, 5600)","[16  8 19 20 16 17 16 14 20 19 22 22 21 22 17 19 16 17 16 16 14 15 13 13
 12 12 11 11 10 10 11 11 10 11 10 10 12 11 12 12 12 12 11 11 10 10 10 10
 16 10 19 18 18 19 12 16 12 12 11 11 10 10  9 10  9  9 10  9 11 11 10 11
  9  9  9  9 12 11 13 12 14 15 13 14 12 13 11 11 10 10 10 10 13 10 18 15
 25 21 30 28 31 31 31 31 30 31 26 28 21 23 15 20 14 15 13 14 12 13 11 12
 10 10  9  9  9  9  9  9]"
2024-11-25 12:52:17.894673,"(-12.85, -23.33)","(5600, 5600)","[16  5 19 20 16 17 16 14 20 19 22 22 21 22 17 19 16 17 16 16 14 15 13 13
 12 12 11 11 10 10 11 11 10 11 10 10 12 11 12 12 12 12 11 11 10 10 10 10
 18 10 20 20 19 20 12 17 12 12 11 11 10 10  9 10  9  9 10  9 12 11 22 18
 24 24 23 24 19 21 18 17 26 21 31 29 31 31 30 31 28 29 25 26 16 23 16 16
 16 16 16 16 16 16 16 16 15 15 14 15 14 14 14 14 13 14 12 13 11 12 10 10
  9  9 10  9 10 10 10 10]"
2024-11-25 12:52:33.276277,"(-4.28, -23.33)","(5600, 5600)","[24 25 23 24 19 21 16 16 20 19 22 22 21 22 17 19 16 17 16 16 14 15 13 13
 12 12 11 11 10 10 11 11 10 11 10 10 12 11 12 12 12 12 11 11 10 10 12 10
 21 17 25 24 23 24 18 20 12 17 11 11 10 10  9 10  9  9 10  9 12 11 29 23
 33 33 32 33 36 34 45 40 52 50 52 53 49 50 46 47 43 44 38 41 35 36 33 34
 30 32 25 25 31 30 25 30 24 25 23 24 23 23 22 22 20 21 18 19 17 17 17 17
 17 17 17 17 16 16 21 16]"
2024-11-25 12:52:48.655358,"(4.28, -23.33)","(5600, 5600)","[26 27 25 25 20 22 16 16 20 19 22 22 21 22 17 19 16 17 16 16 14 15 13 13
 12 12 11 11 10 10 11 11 10 11 10 10 12 11 12 12 12 12 11 11 10 10 13 10
 24 20 28 28 26 27 20 23 17 18 11 11 10 10  9 10  9  9 10  9 11 11 10 11
  9  9 16 13 30 23 40 35 47 45 46 48 45 45 43 44 37 41 32 33 30 31 28 29
 27 27 22 22 35 31 35 36 31 34 26 28 22 23 20 21 20 20 20 20 19 19 17 18
 15 16 14 15 13 14 17 13]"
2024-11-25 12:53:04.041305,"(12.85, -23.33)","(5600, 5600)","[22 24 20 21 16 18 16 14 20 19 22 22 21 22 17 19 16 17 16 16 14 15 13 13
 12 12 11 11 10 10 11 11 10 11 10 10 12 11 12 12 12 12 11 11 10 10 10 10
 15 10 17 17 16 17 12 15 12 12 11 11 10 10  9 10  9  9 10  9 11 11 10 11
  9  9  9  9 16 11 37 27 51 46 54 54 52 53 47 51 40 43 36 38 33 34 30 31
 27 28 22 22 31 28 30 31 28 29 23 23 22 23 20 21 19 20 17 18 15 16 14 15
 15 14 14 14 13 13 11 12]"
2024-11-25 12:53:20.441842,"(21.42, -23.33)","(5600, 5600)","[17 12 19 20 16 18 16 14 20 19 22 22 21 22 17 19 16 17 16 16 14 15 13 13
 12 12 11 11 10 10 11 11 10 11 10 10 12 11 12 12 12 12 11 11 10 10 10 10
 11 10 11 11 11 11 12 12 12 12 11 11 10 10  9 10  9  9 10  9 11 11 10 11
 17  9 26 21 32 29 39 35 46 43 47 47 45 46 42 44 40 41 38 39 41 40 40 41
 39 40 37 38 34 35 32 33 29 31 25 25 24 24 24 24 22 24 20 21 19 19 17 18
 17 17 17 17 17 17 16 16]"
2024-11-25 12:53:36.842369,"(30.0, -23.33)","(5600, 5600)","[17  8 19 20 16 18 16 14 20 19 22 22 21 22 17 19 16 17 16 16 14 15 13 13
 12 12 11 11 10 10 11 11 10 11 10 10 12 11 12 12 12 12 11 11 10 10 10 10
 11 10 11 11 11 11 12 12 12 12 11 11 10 10  9 10  9  9 10  9 13 11 18 15
 30 22 42 37 47 45 46 46 43 45 39 41 37 38 34 36 31 31 33 31 36 35 36 36
 35 36 34 35 33 33 32 32 29 31 24 24 27 24 30 29 24 29 22 23 21 22 21 21
 20 20 20 20 19 19 19 19]"
2024-11-25 12:53:53.244738,"(38.57, -23.33)","(5600, 5600)","[17  8 19 20 16 18 16 14 20 19 22 22 21 22 17 19 16 17 16 16 14 15 13 13
 12 12 11 11 10 10 11 11 10 11 10 10 12 11 12 12 12 12 11 11 10 10 10 10
 11 10 11 11 11 11 12 12 12 12 11 11 10 10  9 10  9  9 10  9 11 11 10 11
 18  9 28 23 32 31 31 32 28 30 25 26 26 25 34 30 38 37 38 38 35 37 32 33
 32 31 40 35 45 43 45 45 42 44 36 39 31 33 25 29 24 25 22 23 19 21 17 18
 15 16 13 14 12 12 11 11]"
2024-11-25 12:54:09.646987,"(47.14, -23.33)","(5600, 5600)","[17  8 19 20 16 18 16 14 20 19 22 22 21 22 17 19 16 17 16 16 14 15 13 13
 12 12 11 11 10 10 11 11 10 11 10 10 12 11 12 12 12 12 11 11 10 10 10 10
 11 10 11 11 11 11 12 12 12 12 11 11 10 10  9 10  9  9 10  9 11 11 14 11
 27 23 30 30 29 30 25 27 22 23 22 22 22 22 26 22 35 33 36 36 34 35 33 33
 38 34 46 42 51 49 50 50 46 48 40 43 34 37 25 31 23 24 20 22 18 19 18 18
 17 17 15 16 12 13 10 11]"
2024-11-25 12:54:26.044278,"(55.71, -23.33)","(5600, 5600)","[17 11 19 20 16 18 16 14 20 19 22 22 21 22 17 19 16 17 16 16 14 15 13 13
 12 12 11 11 10 10 11 11 10 11 10 10 12 11 12 12 12 12 11 11 10 10 10 10
 11 10 11 11 11 11 12 12 12 12 11 11 10 10  9 10  9  9 10  9 11 11 18 11
 31 26 34 34 33 34 29 31 29 28 30 30 34 32 36 36 34 35 31 33 28 30 27 27
 28 27 28 29 34 31 34 34 31 32 26 28 21 21 18 20 16 17 15 15 14 14 14 14
 13 13 12 12 11 11 10 10]"
2024-11-25 12:54:41.428887,"(64.28, -23.33)","(5600, 5600)","[17  8 19 20 16 18 16 14 20 19 22 22 21 22 17 19 16 17 16 16 14 15 13 13
 12 12 11 11 10 10 11 11 10 11 10 10 12 11 12 12 12 12 11 11 10 10 10 10
 11 10 11 11 11 11 12 12 12 12 11 11 10 10  9 10  9  9 10  9 11 11 15 11
 19 15 25 23 36 30 44 41 45 45 42 44 38 40 37 37 36 36 35 35 31 33 27 28
 26 26 26 26 21 25 20 21 18 20 16 17 13 14 12 12 11 12 10 11 10 10  9 10
  9  9  9  9  9  9  9  9]"
2024-11-25 12:54:57.829507,"(72.85, -23.33)","(5600, 5600)","[17 14 19 20 16 18 16 14 20 19 22 22 21 22 17 19 16 17 16 16 14 15 13 13
 12 12 11 11 10 10 11 11 10 11 10 10 12 11 12 12 12 12 11 11 10 10 10 10
 11 10 11 11 11 11 12 12 12 12 11 11 10 10 14 10 16 15 22 19 24 24 24 24
 23 23 29 25 39 34 44 42 45 46 43 44 38 40 36 36 40 36 42 42 40 41 34 36
 29 31 30 29 30 30 24 29 23 24 20 21 19 19 17 18 15 16 13 14 11 12 10 10
  8  8  8  8  9  9  9  9]"
2024-11-25 12:55:13.213951,"(81.42, -23.33)","(5600, 5600)","[17 10 19 20 16 18 16 14 20 19 22 22 21 22 17 19 16 17 16 16 14 15 13 13
 12 12 11 11 10 10 11 11 10 11 10 10 12 11 12 12 12 12 11 11 10 10 10 10
 11 10 11 11 11 11 12 12 12 12 11 11 10 10 19 15 23 23 23 23 29 26 27 29
 23 24 29 25 40 35 43 42 41 42 37 40 32 34 30 30 31 30 32 32 31 31 30 31
 28 29 26 27 22 22 20 21 18 19 16 17 14 15 13 14 11 12 10 11  9  9  8  8
  7  8  8  7  9  9  9  9]"
2024-11-25 12:56:15.086803,"(-90.0, 26.66)","(5600, 5600)","[17 12 19 20 16 18 16 14 20 19 22 22 21 22 17 19 16 17 16 16 14 15 13 13
 12 12 11 11 10 10 11 11 10 11 10 10 12 11 12 12 12 12 11 11 10 10 10 10
 19 10 28 24 31 30 30 31 28 29 26 27 22 24 19 20 18 18 14 13 14 14 13 14
 13 13 12 12 12 12 13 12 14 15 13 14 12 13 11 11 10 10 10 10  9 10  9  9
 15 10 16 16 16 15 24 20 27 26 26 27 24 25 26 24 28 28 27 27 23 25 16 21
 15 15 14 14 12 13 10 11]"
2024-11-25 12:56:30.061077,"(-82.5, 26.66)","(5600, 5600)","[17 11 19 20 16 18 16 14 20 19 22 22 21 22 17 19 16 17 16 16 14 15 13 13
 12 12 11 11 10 10 11 11 10 11 10 10 12 11 12 12 12 12 11 11 10 10 10 10
 21 16 23 23 35 29 41 39 40 41 36 38 31 34 27 29 24 25 21 22 16 16 16 16
 16 16 14 15 13 14 13 13 14 15 13 14 12 13 11 11 10 10 10 10 15 14 18 17
 18 18 18 18 21 19 26 24 29 29 28 29 26 27 25 26 24 25 22 23 15 20 15 15
 14 15 12 13 11 11  9 10]"
2024-11-25 12:56:45.033623,"(-75.0, 26.66)","(5600, 5600)","[17 11 19 20 16 18 18 17 20 19 22 22 21 22 17 19 16 17 16 16 14 15 14 14
 12 13 11 11 10 10 11 11 10 11 10 10 12 11 12 12 12 12 11 11 10 10 10 10
 11 10 18 16 26 22 36 33 36 37 33 35 28 31 24 25 21 23 25 22 35 30 37 36
 36 37 32 34 27 30 20 24 18 19 16 17 15 15 13 14 12 12 11 11 11 11 16 11
 19 19 18 19 18 18 22 20 24 24 22 23 23 22 26 25 26 26 23 25 16 22 15 15
 13 14 11 12 10 10  9  9]"
2024-11-25 12:57:00.007427,"(-67.5, 26.66)","(5600, 5600)","[17  8 19 20 16 18 17 17 20 19 22 22 21 22 17 19 16 17 16 16 14 15 13 13
 12 12 11 11 10 10 11 11 10 11 10 10 12 11 12 12 12 12 11 11 10 10 10 10
 11 10 16 12 28 22 36 33 38 38 38 38 35 37 31 33 29 29 25 27 36 30 41 39
 39 40 34 37 28 31 21 26 19 20 17 18 15 16 16 14 21 20 22 22 20 21 15 20
 21 15 30 25 33 32 32 32 31 31 29 30 26 28 19 24 18 19 17 18 15 16 14 14
 13 13 12 12 12 12 11 11]"
2024-11-25 12:57:14.981075,"(-60.0, 26.66)","(5600, 5600)","[17 13 19 20 16 18 16 14 20 19 22 22 21 22 17 19 16 17 16 16 14 15 13 13
 12 12 11 11 10 10 11 11 10 11 10 10 12 11 12 12 12 12 11 11 10 10 10 10
 11 10 11 11 20 14 27 25 32 26 41 38 40 41 38 39 37 37 34 36 33 33 32 32
 31 31 28 29 25 26 19 23 17 18 15 16 13 14 18 13 25 23 28 27 27 28 26 27
 26 25 28 27 29 29 28 28 28 28 27 28 26 27 19 25 19 19 17 18 15 16 13 14
 11 12 10 10  9  9  9  9]"
2024-11-25 12:57:30.970086,"(-52.5, 26.66)","(5600, 5600)","[17  9 19 20 16 18 16 14 20 19 22 22 21 22 17 19 16 17 16 16 14 15 13 13
 12 12 11 11 10 10 11 11 10 11 10 10 12 11 12 12 12 12 11 11 10 10 10 10
 11 10 11 11 11 11 12 12 23 18 26 26 31 29 35 34 35 35 32 33 30 31 29 29
 25 27 22 23 15 20 15 15 15 15 13 14 16 13 21 19 24 24 24 24 20 22 14 18
 14 14 21 18 21 21 20 20 15 19 26 20 27 27 25 27 23 24 21 22 16 17 14 15
 12 13 10 11  9 10  9  9]"
2024-11-25 12:57:46.443598,"(-45.0, 26.66)","(5600, 5600)","[17  6 19 20 16 18 16 14 20 19 22 22 21 22 17 19 16 17 16 16 14 15 13 13
 12 12 11 11 10 10 11 11 10 11 10 10 12 11 12 12 12 12 11 11 10 10 10 10
 11 10 11 11 11 11 12 12 12 12 11 11 18 14 26 22 33 30 35 34 35 35 35 35
 34 35 30 32 26 28 24 25 22 23 20 21 24 22 32 28 34 34 33 34 28 31 20 25
 19 20 18 18 19 17 23 22 22 23 17 17 17 17 16 17 15 16 13 14 12 13 10 11
  8  9  8  8  9  9  9  9]"
2024-11-25 12:58:02.432527,"(-37.5, 26.66)","(5600, 5600)","[17  4 19 20 16 18 16 14 20 19 22 22 21 22 17 19 16 17 16 16 14 15 13 13
 12 12 11 11 10 10 11 11 10 11 10 10 12 11 12 12 12 12 11 11 10 10 10 10
 11 10 11 11 11 11 12 12 12 12 11 11 10 10 14 10 19 17 27 22 32 30 33 33
 33 33 30 32 25 28 22 23 20 21 15 14 33 25 46 40 51 50 50 51 45 48 37 41
 33 35 30 31 24 29 23 24 21 22 18 19 16 17 13 15 12 12 10 11  9 10  8  9
  7  8  8  7  9  9  9  9]"
2024-11-25 12:58:17.394081,"(-30.0, 26.66)","(5600, 5600)","[17  8 19 20 16 18 16 14 20 19 22 22 21 22 17 19 16 17 16 16 14 15 13 13
 12 12 11 11 10 10 11 11 10 11 10 10 12 11 12 12 12 12 11 11 10 10 10 10
 11 10 11 11 11 11 12 12 12 12 11 11 10 10  9 10  9  9 10  9 15 11 25 21
 27 28 26 27 22 24 20 21 14 18 23 20 26 25 25 25 25 25 25 25 24 25 23 24
 22 22 24 22 25 25 24 25 24 24 23 23 17 22 16 17 13 15 11 12  9 10  8  9
  9  9  9  9  9  9  9  9]"
2024-11-25 12:58:32.363354,"(-22.5, 26.66)","(5600, 5600)","[17  8 19 20 16 18 16 14 20 19 22 22 21 22 17 19 16 17 16 16 14 15 13 13
 12 12 11 11 10 10 11 11 10 11 10 10 12 11 12 12 12 12 11 11 10 10 10 10
 11 10 11 11 11 11 12 12 12 12 11 11 10 10  9 10  9  9 22 16 30 26 34 32
 33 34 30 32 26 28 23 24 20 21 19 20 14 18 18 14 21 20 21 21 20 20 15 19
 15 15 22 19 23 23 30 26 34 33 33 34 31 32 26 28 19 24 18 19 16 17 14 15
 11 12  9 10  9  9  9  9]"
2024-11-25 12:58:47.337989,"(-15.0, 26.66)","(5600, 5600)","[17 11 19 20 16 18 16 14 20 19 22 22 21 22 17 19 16 17 16 16 14 15 13 13
 12 12 11 11 10 10 11 11 10 11 10 10 12 11 12 12 12 12 11 11 10 10 10 10
 11 10 11 11 11 11 12 12 12 12 11 11 10 10  9 10  9  9 10  9 20 17 22 22
 20 21 19 20 12 18 13 12 14 15 13 14 12 13 11 11 10 10 10 10  9 10  9  9
 10 10 14 14 15 14 19 18 18 19 25 20 25 26 22 24 19 20 17 18 12 16 11 12
 10 11  9 10  9  9  9  9]"
2024-11-25 12:59:02.311639,"(-7.5, 26.66)","(5600, 5600)","[17 10 19 20 16 18 16 14 20 19 22 22 21 22 17 19 16 17 16 16 14 15 13 13
 12 12 11 11 10 10 11 11 10 11 10 10 12 11 12 12 12 12 11 11 10 10 10 10
 11 10 11 11 11 11 12 12 12 12 11 11 10 10  9 10  9  9 10  9 11 11 10 11
  9  9  9  9 12 11 13 12 14 15 13 14 12 13 11 11 10 10 10 10  9 10  9  9
 15 10 16 16 22 19 29 27 29 29 27 28 26 27 22 24 19 20 14 14 12 13 10 11
  9 10  8  8  9  9  9  9]"
2024-11-25 12:59:18.285792,"(0.0, 26.66)","(5600, 5600)","[17  9 19 20 17 18 19 18 20 19 22 22 21 22 17 19 16 17 16 16 14 15 13 13
 12 12 11 11 10 10 11 11 10 11 10 10 12 11 12 12 12 12 11 11 10 10 10 10
 11 10 11 11 11 11 12 12 12 12 11 11 10 10  9 10  9  9 10  9 11 11 10 11
  9  9  9  9 12 11 13 12 14 15 13 14 12 13 11 11 10 10 10 10  9 10 14  9
 17 17 17 17 20 18 28 23 36 34 36 37 33 35 27 29 23 25 19 21 15 15 14 15
 13 13 11 12 10 11  9 10]"
2024-11-25 12:59:34.275921,"(7.5, 26.66)","(5600, 5600)","[17  7 19 20 18 19 19 19 20 19 22 22 21 22 17 19 16 17 16 16 14 15 13 13
 12 12 11 11 10 10 11 11 10 11 10 10 12 11 12 12 12 12 11 11 10 10 10 10
 11 10 11 11 11 11 12 12 12 12 11 11 10 10  9 10  9  9 10  9 11 11 10 11
  9  9  9  9 12 11 13 12 14 15 13 14 12 13 11 11 10 10 10 10  9 10  9  9
 10 10 17 15 27 22 35 32 36 37 34 35 33 33 30 32 25 27 20 22 16 16 15 16
 13 14 12 12 11 11 10 10]"
2024-11-25 12:59:49.248478,"(15.0, 26.66)","(5600, 5600)","[17 11 19 20 16 18 16 14 20 19 22 22 21 22 17 19 16 17 16 16 14 15 13 13
 12 12 11 11 10 10 11 11 10 11 10 10 12 11 12 12 12 12 11 11 10 10 10 10
 11 10 11 11 11 11 12 12 12 12 11 11 10 10  9 10  9  9 10  9 11 11 10 11
  9  9  9  9 12 11 13 12 14 15 13 14 12 13 11 11 10 10 10 10  9 10  9  9
 10 10 19 16 27 23 33 31 35 35 34 35 32 33 27 30 22 24 16 16 15 15 12 14
 10 11  9  9  9  9  9  9]"
2024-11-25 13:00:04.222149,"(22.5, 26.66)","(5600, 5600)","[17 11 19 20 16 18 16 14 20 19 22 22 21 22 17 19 16 17 16 16 14 15 13 13
 12 12 11 11 10 10 11 11 10 11 10 10 12 11 12 12 12 12 11 11 10 10 10 10
 11 10 11 11 11 11 12 12 12 12 11 11 10 10  9 10  9  9 10  9 11 11 10 11
  9  9  9  9 12 11 13 12 14 15 13 14 12 13 11 11 10 10 10 10  9 10  9  9
 10 10  9  9 28 20 35 32 37 37 36 37 31 34 26 28 22 24 18 20 14 15 11 13
 10 10  9  9  9  9  9  9]"
2024-11-25 13:00:19.191357,"(30.0, 26.66)","(5600, 5600)","[17 12 19 20 16 18 16 14 20 19 22 22 21 22 17 19 16 17 16 16 14 15 13 13
 12 12 11 11 10 10 11 11 10 11 10 10 12 11 12 12 12 12 11 11 10 10 10 10
 11 10 11 11 11 11 12 12 12 12 11 11 10 10  9 10  9  9 10  9 11 11 10 11
  9  9  9  9 12 11 13 12 14 15 13 14 12 13 11 11 10 10 10 10  9 10  9  9
 10 10 14 13 25 19 35 31 38 38 37 38 31 34 24 27 19 21 14 14 13 13 11 12
  9 10  8  8  9  9  9  9]"
2024-11-25 13:00:34.164363,"(37.5, 26.66)","(5600, 5600)","[17  4 19 20 16 18 16 14 20 19 22 22 21 22 17 19 16 17 16 16 14 15 13 13
 12 12 11 11 10 10 11 11 10 11 10 10 12 11 12 12 12 12 11 11 10 10 10 10
 11 10 11 11 11 11 12 12 12 12 11 11 10 10  9 10  9  9 10  9 11 11 10 11
  9  9  9  9 12 11 13 12 14 15 13 14 12 13 11 11 10 10 10 10  9 10  9  9
 10 10 14 13 27 20 33 31 33 33 30 31 26 28 20 23 13 18 12 13 11 12 10 10
  8  9  8  8  9  9  9  9]"
2024-11-25 13:00:49.136603,"(45.0, 26.66)","(5600, 5600)","[17  8 19 20 16 18 16 14 20 19 22 22 21 22 17 19 16 17 16 16 14 15 13 13
 12 12 11 11 10 10 11 11 10 11 10 10 12 11 12 12 12 12 11 11 10 10 10 10
 11 10 11 11 11 11 12 12 12 12 11 11 10 10  9 10  9  9 10  9 11 11 10 11
  9  9  9  9 12 11 13 12 14 15 13 14 12 13 11 11 10 10 10 10  9 10  9  9
 10 10 14 13 22 18 27 25 31 29 32 32 29 31 23 26 18 20 13 13 12 12 10 11
  8  9  8  8  9  9  9  9]"
2024-11-25 13:01:04.110476,"(52.5, 26.66)","(5600, 5600)","[17 10 19 20 16 18 16 14 20 19 22 22 21 22 17 19 16 17 16 16 14 15 13 13
 12 12 11 11 10 10 11 11 10 11 10 10 12 11 12 12 15 12 23 19 28 26 27 28
 24 26 19 22 16 18 12 16 12 12 11 11 10 10  9 10  9  9 10  9 11 11 10 11
  9  9  9  9 12 11 13 12 14 15 13 14 12 13 11 11 10 10 10 10  9 10  9  9
 10 10  9  9 21 16 24 24 23 23 22 23 20 21 18 19 11 16 11 11 10 10  9 10
  8  9  8  8  9  9  9  9]"
2024-11-25 13:01:19.085278,"(60.0, 26.66)","(5600, 5600)","[17  7 19 20 16 18 16 14 20 19 22 22 21 22 17 19 16 17 16 16 14 15 13 13
 12 12 11 11 10 10 11 11 10 11 10 10 12 11 12 12 12 12 17 14 24 21 25 25
 23 24 19 21 11 17 12 12 12 12 11 11 10 10  9 10  9  9 10  9 11 11 10 11
  9  9  9  9 12 11 13 12 14 15 13 14 12 13 11 11 10 10 10 10  9 10  9  9
 10 10  9  9 19 16 24 22 29 27 30 30 28 29 24 26 21 22 19 20 13 18 13 13
 12 13 11 12 10 10  9  9]"
2024-11-25 13:01:34.053750,"(67.5, 26.66)","(5600, 5600)","[17  9 19 20 16 18 18 17 20 19 22 22 21 22 17 19 16 17 16 16 14 15 13 13
 12 12 11 11 10 10 11 11 10 11 10 10 12 11 12 12 12 12 11 11 10 10 10 10
 11 10 11 11 11 11 12 12 12 12 11 11 10 10  9 10  9  9 10  9 11 11 10 11
  9  9  9  9 12 11 13 12 14 15 13 14 12 13 11 11 10 10 10 10  9 10  9  9
 14 10 16 15 29 22 35 33 37 37 36 36 33 34 28 30 25 26 21 23 15 19 14 15
 13 14 13 13 12 12 11 12]"
2024-11-25 13:01:49.027797,"(75.0, 26.66)","(5600, 5600)","[17  7 19 20 22 20 24 24 22 24 22 22 23 23 22 23 20 22 17 18 14 15 13 13
 12 12 11 11 10 10 11 11 10 11 10 10 12 11 12 12 12 12 11 11 10 10 10 10
 11 10 11 11 11 11 12 12 12 12 11 11 10 10  9 10  9  9 10  9 11 11 10 11
  9  9  9  9 12 11 13 12 14 15 13 14 12 13 11 11 10 10 10 10  9 10  9  9
 15 10 16 16 25 20 32 30 33 33 30 32 28 29 23 25 20 21 15 15 14 15 14 14
 14 14 13 13 12 13 11 12]"
2024-11-25 13:02:05.016234,"(82.5, 26.66)","(5600, 5600)","[17  3 19 20 23 21 25 24 22 24 22 22 22 22 21 21 19 20 16 18 14 15 13 14
 12 12 11 11 10 10 11 11 10 11 10 10 12 11 12 12 12 12 11 11 10 10 10 10
 11 10 11 11 11 11 12 12 12 12 11 11 10 10  9 10  9  9 10  9 11 11 10 11
  9  9  9  9 12 11 13 12 14 15 13 14 12 13 11 11 10 10 10 10  9 10 14  9
 17 16 18 17 26 21 33 30 32 34 30 31 28 29 24 26 21 22 15 15 15 15 15 15
 15 15 15 15 13 14 11 12]"
2024-11-25 13:02:20.490897,"(90.0, 26.66)","(5600, 5600)","[16  9 19 20 16 18 16 15 20 19 22 22 21 22 17 19 16 17 16 16 14 15 13 13
 12 12 11 11 10 10 11 11 10 11 10 10 12 11 12 12 12 12 11 11 10 10 10 10
 11 10 11 11 11 11 12 12 12 12 11 11 10 10  9 10  9  9 10  9 11 11 10 11
  9  9  9  9 12 11 13 12 14 15 13 14 12 13 11 11 10 10 10 10  9 10  9  9
 10 10 15 14 21 18 30 26 33 33 33 33 31 32 25 28 19 22 14 14 12 13 10 11
  9  9  9  9  9  9  9  9]"
2024-11-25 13:03:22.541826,"(-82.5, -26.66)","(5600, 5600)","[17 10 19 20 16 18 16 15 20 19 22 22 21 22 17 19 16 17 16 16 14 15 13 13
 12 12 11 11 10 10 11 11 10 11 10 10 12 11 12 12 12 12 11 11 10 10 10 10
 11 10 11 11 11 11 12 12 12 12 11 11 10 10  9 10  9  9 10  9 11 11 10 11
  9  9  9  9 12 11 13 12 14 15 13 14 12 13 11 11 10 10 10 10 15 15 15 15
 17 14 25 20 33 29 34 34 32 33 26 29 21 23 14 19 14 14 12 13 11 12 10 11
  9  9  9  9  9  9  9  9]"
2024-11-25 13:03:37.514788,"(-75.0, -26.66)","(5600, 5600)","[17 12 19 20 16 18 16 15 20 19 22 22 21 22 17 19 16 17 16 16 14 15 13 13
 12 12 11 11 10 10 11 11 10 11 10 10 12 11 12 12 12 12 11 11 10 10 10 10
 11 10 11 11 11 11 12 12 12 12 11 11 10 10  9 10  9  9 10  9 11 11 10 11
  9  9  9  9 12 11 13 12 14 15 13 14 12 13 11 11 10 10 10 10  9 10  9  9
 16 10 25 20 28 27 27 27 25 26 21 23 17 19 12 16 11 12 10 11  8  9  7  8
  7  7  8  7  9  9  9  9]"
2024-11-25 13:03:52.488003,"(-67.5, -26.66)","(5600, 5600)","[17  8 19 20 16 18 16 15 20 19 22 22 21 22 17 19 16 17 16 16 14 15 13 13
 12 12 11 11 10 10 11 11 10 11 10 10 12 11 12 12 12 12 11 11 10 10 10 10
 11 10 11 11 11 11 12 12 12 12 11 11 10 10  9 10  9  9 10  9 11 11 10 11
  9  9  9  9 12 11 13 12 14 15 13 14 12 13 11 11 10 10 10 10  9 10 14  9
 20 16 24 23 27 25 29 29 28 29 25 27 20 23 18 19 13 17 12 13 11 12  9 10
  9  9  9  9  9  9  9  9]"
2024-11-25 13:04:07.456859,"(-60.0, -26.66)","(5600, 5600)","[17 13 19 20 16 18 16 15 20 19 22 22 21 22 17 19 16 17 16 16 14 15 13 13
 12 12 11 11 10 10 11 11 10 11 10 10 12 11 12 12 12 12 11 11 10 10 10 10
 11 10 11 11 11 11 12 12 12 12 11 11 10 10  9 10  9  9 10  9 11 11 10 11
  9  9  9  9 12 11 13 12 14 15 13 14 12 13 11 11 10 10 10 10  9 10 12  9
 19 15 26 23 28 27 27 27 26 26 23 25 19 21 13 17 12 13 10 11  9 10  9  9
  8  8  8  8  9  9  9  9]"
2024-11-25 13:04:22.929060,"(-52.5, -26.66)","(5600, 5600)","[17  7 19 20 16 18 16 15 20 19 22 22 21 22 17 19 16 17 16 16 14 15 13 13
 12 12 11 11 10 10 11 11 10 11 10 10 12 11 12 12 12 12 11 11 10 10 10 10
 11 10 11 11 11 11 12 12 12 12 11 11 10 10  9 10  9  9 10  9 11 11 10 11
  9  9  9  9 12 11 13 12 14 15 13 14 12 13 11 11 10 10 10 10  9 10  9  9
 14 10 26 19 32 29 30 31 27 29 23 25 20 21 18 19 16 17 12 12 12 12 11 12
 11 11 10 10  9 10  9  9]"
2024-11-25 13:04:37.899102,"(-45.0, -26.66)","(5600, 5600)","[17  8 19 20 16 18 16 15 20 19 22 22 21 22 17 19 16 17 16 16 14 15 13 13
 12 12 11 11 10 10 11 11 10 11 10 10 12 11 12 12 12 12 11 11 10 10 10 10
 11 10 11 11 11 11 12 12 12 12 11 11 10 10  9 10  9  9 10  9 11 11 10 11
  9  9  9  9 12 11 13 12 14 15 13 14 12 13 11 11 10 10 10 10  9 10 14  9
 22 16 33 27 38 36 38 38 36 37 32 34 27 30 23 25 16 21 16 16 15 16 14 15
 12 13 10 11  9 10  9  9]"
2024-11-25 13:04:52.872778,"(-37.5, -26.66)","(5600, 5600)","[17  6 19 20 16 18 16 15 20 19 22 22 21 22 17 19 16 17 16 16 14 15 13 13
 12 12 11 11 10 10 11 11 10 11 10 10 12 11 12 12 12 12 11 11 10 10 10 10
 11 10 11 11 11 11 12 12 12 12 11 11 10 10  9 10  9  9 10  9 11 11 10 11
  9  9  9  9 12 11 13 12 14 15 13 14 12 13 11 11 10 10 10 10  9 10 16  9
 25 20 36 30 44 40 45 45 42 44 37 39 32 35 27 30 24 26 21 23 17 18 16 17
 15 16 14 14 12 13 11 12]"
2024-11-25 13:05:07.840508,"(-30.0, -26.66)","(5600, 5600)","[17 10 19 20 16 18 16 15 20 19 22 22 21 22 17 19 16 17 16 16 14 15 13 13
 12 12 11 11 10 10 11 11 10 11 10 10 12 11 12 12 12 12 11 11 10 10 10 10
 11 10 11 11 11 11 12 12 12 12 11 11 10 10  9 10  9  9 10  9 11 11 10 11
  9  9  9  9 12 11 13 12 14 15 13 14 12 13 11 11 10 10 10 10 22 18 29 27
 32 30 34 33 38 36 46 43 47 47 44 46 39 42 33 36 29 31 25 27 20 21 18 19
 15 16 13 14 11 12 10 11]"
2024-11-25 13:05:22.812336,"(-22.5, -26.66)","(5600, 5600)","[17 12 19 20 16 18 16 15 20 19 22 22 21 22 17 19 16 17 16 16 14 15 13 13
 12 12 11 11 10 10 11 11 10 11 10 10 12 11 12 12 12 12 11 11 10 10 10 10
 11 10 11 11 11 11 12 12 12 12 11 11 10 10  9 10  9  9 10  9 11 11 10 11
  9  9  9  9 12 11 13 12 14 15 13 14 12 13 11 11 10 10 10 10 12 10 18 14
 27 23 30 29 30 30 42 37 44 44 42 43 38 40 34 36 30 32 27 28 20 25 18 19
 16 17 14 15 12 13 11 12]"
2024-11-25 13:05:38.283613,"(-15.0, -26.66)","(5600, 5600)","[17  9 19 20 16 18 16 14 20 19 22 22 21 22 17 19 16 17 16 16 14 15 13 13
 12 12 11 11 10 10 11 11 10 11 10 10 12 11 12 12 12 12 11 11 10 10 11 10
 19 15 23 22 21 22 18 20 12 17 11 11 10 10  9 10 13  9 18 15 21 20 19 20
 16 17 14 15 12 11 13 12 21 15 22 22 21 22 19 20 17 18 13 13 13 13 12 13
 12 12 20 15 26 23 35 32 36 36 34 35 31 33 27 29 23 25 18 18 17 17 16 16
 14 15 13 13 11 12  9 10]"
2024-11-25 13:05:53.756324,"(-7.5, -26.66)","(5600, 5600)","[17 12 19 20 16 18 16 14 20 19 22 22 21 22 17 19 16 17 16 16 14 15 13 13
 12 12 11 11 10 10 11 11 10 11 10 10 12 11 12 12 12 12 11 11 10 10 13 10
 25 19 29 28 27 28 22 25 17 19 14 15 10 10 13 10 25 16 36 32 37 37 34 36
 30 32 28 29 35 31 43 40 45 45 42 44 39 40 36 38 32 35 29 31 24 29 24 24
 23 24 22 23 21 21 20 20 26 19 29 29 28 29 26 27 21 25 19 20 17 18 15 16
 14 14 12 13 11 12 10 10]"
2024-11-25 13:06:08.727670,"(0.0, -26.66)","(5600, 5600)","[23 21 25 25 22 23 19 20 20 19 22 22 21 22 17 19 16 17 16 16 14 15 13 13
 12 12 11 11 10 10 11 11 10 11 10 10 12 11 12 12 12 12 11 11 10 10 21 13
 35 30 39 38 38 39 32 35 25 28 20 22 12 18 12 12 24 12 35 30 36 36 34 36
 30 32 28 28 44 36 54 50 56 56 55 56 53 54 49 51 43 46 38 40 35 36 30 34
 29 30 28 29 28 28 27 28 24 26 21 22 21 21 20 20 19 19 18 19 17 18 16 17
 16 16 15 16 14 15 12 13]"
2024-11-25 13:06:23.702959,"(7.5, -26.66)","(5600, 5600)","[17 12 19 20 16 18 16 15 20 19 22 22 21 22 17 19 16 17 16 16 14 15 13 13
 12 12 11 11 10 10 11 11 10 11 10 10 12 11 12 12 12 12 11 11 10 10 13 10
 25 21 28 28 26 27 21 23 17 19 11 11 10 10  9 10  9  9 17 14 18 18 16 17
 16 16 19 17 34 26 42 39 43 42 46 44 45 46 42 44 38 40 35 37 32 33 29 31
 23 27 21 22 20 21 20 20 24 20 24 25 20 20 19 19 18 18 17 18 23 17 24 24
 24 25 23 24 18 18 17 18]"
2024-11-25 13:06:38.680212,"(15.0, -26.66)","(5600, 5600)","[19 18 19 20 16 18 16 15 20 19 22 22 21 22 17 19 16 17 16 16 14 15 13 13
 12 12 11 11 10 10 11 11 10 11 10 10 12 11 12 12 12 12 11 11 10 10 10 10
 11 10 11 11 11 11 12 12 12 12 11 11 10 10  9 10  9  9 16 13 18 18 17 18
 14 15  9  9 33 22 47 41 53 52 53 54 50 52 44 47 38 40 35 36 31 33 23 28
 22 23 22 22 26 22 30 28 31 31 30 31 23 29 23 23 22 22 21 21 19 20 18 19
 17 18 16 17 15 16 14 15]"
2024-11-25 13:06:54.150377,"(22.5, -26.66)","(5600, 5600)","[17  9 19 20 16 18 16 15 20 19 22 22 21 22 17 19 16 17 16 16 14 15 13 13
 12 12 11 11 10 10 11 11 10 11 10 10 12 11 12 12 12 12 11 11 10 10 10 10
 11 10 11 11 11 11 12 12 12 12 11 11 10 10  9 10  9  9 10  9 11 11 10 11
  9  9 19 15 32 26 43 39 48 47 48 48 45 47 41 43 36 38 36 35 38 38 37 38
 34 36 32 33 32 32 34 33 34 34 33 34 30 31 25 29 25 25 25 25 25 25 25 25
 23 24 21 22 18 19 16 17]"
2024-11-25 13:07:09.119822,"(30.0, -26.66)","(5600, 5600)","[17 10 19 20 16 18 16 15 20 19 22 22 21 22 17 19 16 17 16 16 14 15 13 13
 12 12 11 11 10 10 11 11 10 11 10 10 12 11 12 12 12 12 11 11 10 10 10 10
 11 10 11 11 11 11 12 12 12 12 11 11 10 10  9 10  9  9 10  9 15 11 22 20
 23 23 21 22 22 21 27 24 31 29 33 32 34 34 34 34 33 33 30 31 29 29 30 30
 28 29 25 27 34 29 41 39 42 42 38 41 34 36 32 33 30 31 24 24 24 24 22 23
 19 21 16 17 14 15 14 14]"
2024-11-25 13:07:24.086433,"(37.5, -26.66)","(5600, 5600)","[17  7 19 20 16 18 16 15 20 19 22 22 21 22 17 19 16 17 16 16 14 15 13 13
 12 12 11 11 10 10 11 11 10 11 10 10 12 11 12 12 12 12 11 11 10 10 10 10
 11 10 11 11 11 11 12 12 12 12 11 11 10 10  9 10  9  9 10  9 11 11 10 11
  9  9  9  9 12 11 13 12 14 15 13 14 18 17 26 21 32 30 33 33 32 32 31 31
 31 30 37 33 44 41 45 45 43 44 39 41 36 38 31 34 25 28 21 22 19 20 17 18
 15 16 14 14 13 13 14 14]"
2024-11-25 13:07:39.060527,"(45.0, -26.66)","(5600, 5600)","[17  8 19 20 16 18 16 15 20 19 22 22 21 22 17 19 16 17 16 16 14 15 13 13
 12 12 11 11 10 10 11 11 10 11 10 10 12 11 12 12 12 12 11 11 10 10 10 10
 11 10 11 11 11 11 12 12 12 12 11 11 10 10  9 10  9  9 10  9 11 11 12 11
 21 17 25 24 23 24 19 21 14 17 13 14 14 13 20 16 26 25 31 28 35 33 34 35
 33 33 40 35 45 43 44 45 41 42 37 39 33 35 30 31 27 29 22 23 20 21 17 18
 14 15 12 13 11 12 10 10]"
2024-11-25 13:07:54.535238,"(52.5, -26.66)","(5600, 5600)","[17  4 19 20 16 18 16 15 20 19 22 22 21 22 17 19 16 17 16 16 14 15 13 13
 12 12 11 11 10 10 11 11 10 11 10 10 12 11 12 12 12 12 11 11 10 10 10 10
 11 10 11 11 11 11 12 12 12 12 11 11 10 10  9 10  9  9 10  9 11 11 26 18
 40 35 44 43 42 43 38 39 36 37 33 35 28 31 27 28 27 27 28 28 28 29 25 27
 20 23 29 25 32 31 31 32 30 31 28 29 27 28 22 27 22 22 22 22 21 21 20 20
 19 19 17 18 15 16 14 14]"
2024-11-25 13:08:09.503340,"(60.0, -26.66)","(5600, 5600)","[17  7 19 20 16 18 16 14 20 19 22 22 21 22 17 19 16 17 16 16 14 15 13 13
 12 12 11 11 10 10 11 11 10 11 10 10 12 11 12 12 12 12 11 11 10 10 10 10
 11 10 11 11 11 11 12 12 12 12 11 11 10 10  9 10  9  9 10  9 17 11 28 23
 35 33 37 37 38 37 40 39 39 39 37 38 35 36 31 33 27 30 24 25 19 24 18 18
 17 17 17 17 17 17 17 17 17 17 17 17 17 17 16 17 16 16 15 15 14 15 13 14
 12 13 11 11 11 11 11 11]"
2024-11-25 13:08:24.472877,"(67.5, -26.66)","(5600, 5600)","[17 10 19 20 16 18 16 14 20 19 22 22 21 22 17 19 16 17 16 16 14 15 13 13
 12 12 11 11 10 10 11 11 10 11 10 10 12 11 12 12 12 12 11 11 10 10 10 10
 11 10 11 11 11 11 12 12 12 12 11 11 10 10  9 10 23  9 38 32 42 41 41 42
 36 39 31 33 30 30 37 34 40 40 39 40 34 37 30 31 32 29 34 34 29 31 31 30
 32 32 29 31 23 27 22 23 22 22 21 21 19 20 16 18 14 15 13 13 11 12 10 11
 10 10  9  9  9  9  9  9]"
2024-11-25 13:08:39.447270,"(75.0, -26.66)","(5600, 5600)","[17 12 19 20 16 18 16 14 20 19 22 22 21 22 17 19 16 17 16 16 14 15 13 13
 12 12 11 11 10 10 11 11 10 11 10 10 12 11 12 12 12 12 11 11 10 10 10 10
 11 10 11 11 11 11 12 12 12 12 16 12 22 19 22 22 30 24 40 36 43 42 41 42
 34 39 28 30 27 27 35 32 37 38 35 36 28 32 25 25 31 26 36 35 34 35 31 33
 27 28 23 23 22 22 21 21 20 20 20 20 19 19 17 18 15 16 15 15 14 14 12 13
 10 11  9 10  9  9  9  9]"
2024-11-25 13:08:54.415706,"(82.5, -26.66)","(5600, 5600)","[17  9 19 20 16 18 16 14 20 19 22 22 21 22 17 19 16 17 16 16 14 15 13 13
 12 12 11 11 10 10 11 11 10 11 10 10 12 11 12 12 12 12 11 11 10 10 10 10
 11 10 11 11 11 11 12 12 19 12 23 21 23 23 24 22 35 28 45 41 45 45 42 44
 35 40 27 31 26 26 32 30 32 33 29 31 20 26 20 20 26 20 27 27 27 27 21 26
 21 21 21 21 26 22 27 27 28 27 28 29 22 27 22 22 20 21 18 19 16 17 14 15
 12 13 10 11 10 10  9 10]"
2024-11-25 13:09:55.432583,"(-90.0, 30.0)","(5600, 5600)","[17 11 19 20 16 18 16 14 20 19 22 22 21 22 17 19 16 17 16 16 14 15 13 13
 12 12 11 11 10 10 11 11 10 11 10 10 12 11 12 12 12 12 11 11 22 15 32 27
 38 36 40 40 38 39 33 36 27 30 21 23 15 19 13 14 12 13 12 12 11 11 10 11
  9 10  9  9 12 11 13 12 14 15 13 14 12 13 11 11 10 10 10 10 10 10 10 10
 10 10 18 15 22 21 22 22 22 22 21 21 24 22 32 29 34 34 32 34 28 30 24 26
 17 22 15 16 13 14 11 12]"
2024-11-25 13:10:11.215278,"(-83.33, 30.0)","(5600, 5600)","[17 13 19 20 17 18 19 19 21 19 22 22 21 22 17 19 16 17 16 16 14 15 13 13
 12 12 11 11 10 10 11 11 10 11 10 10 12 11 12 12 12 12 11 11 22 16 30 26
 34 33 36 36 35 36 30 32 26 28 21 24 14 19 13 13 12 13 12 12 12 12 11 11
 10 11 10 10 12 11 13 12 14 15 13 14 12 13 11 11 10 10 10 10  9 10  9  9
 14 10 16 15 23 19 26 25 24 25 23 23 21 22 21 21 20 21 19 19 22 20 21 22
 18 20 13 14 12 13 10 11]"
2024-11-25 13:10:25.982866,"(-76.66, 30.0)","(5600, 5600)","[17  9 19 20 20 20 20 20 20 19 22 22 21 22 17 19 16 17 16 16 14 15 13 13
 12 12 11 11 10 10 11 11 10 11 10 10 12 11 12 12 12 12 11 11 17 13 30 25
 34 34 34 34 32 33 30 31 29 30 26 28 21 23 15 19 13 14 13 13 15 13 20 17
 22 22 20 21 14 19 14 14 14 15 13 14 12 13 11 11 11 11 11 11 10 10  9  9
 15 10 16 16 23 19 25 25 23 25 20 21 20 20 19 19 13 17 13 13 12 13 12 12
 11 12 10 11  9 10  9  9]"
2024-11-25 13:10:40.750959,"(-70.0, 30.0)","(5600, 5600)","[17 12 19 20 21 20 22 22 22 22 22 22 21 22 17 19 16 17 16 16 15 15 16 15
 14 15 11 13 10 11 11 11 10 11 10 10 12 11 12 12 12 12 11 11 10 10 15 10
 27 21 35 31 37 36 37 37 35 36 31 34 26 29 22 24 15 19 15 15 16 16 16 16
 16 16 16 16 14 15 14 13 14 15 13 14 12 13 11 11 11 11 17 15 20 19 21 21
 21 21 19 20 18 18 19 19 18 19 13 13 13 13 14 13 14 14 14 14 12 13 11 12
 11 11 11 11 10 11  9 10]"
2024-11-25 13:10:56.538562,"(-63.33, 30.0)","(5600, 5600)","[17  9 19 20 21 20 22 22 21 20 22 22 21 22 17 19 16 17 16 16 16 16 18 18
 18 18 16 17 14 15 11 12 10 11 10 10 12 11 12 12 12 12 11 11 10 10 10 10
 11 10 11 11 26 20 27 27 26 27 25 25 24 25 20 22 17 19 13 13 12 12 11 12
 11 11 10 10 12 11 13 12 14 15 13 14 12 13 14 11 18 16 19 19 17 18 19 18
 21 21 21 21 21 21 22 21 24 25 23 24 23 23 22 22 20 21 19 20 15 15 14 14
 13 14 12 13 12 12 11 11]"
2024-11-25 13:11:11.302123,"(-56.66, 30.0)","(5600, 5600)","[17 12 19 20 16 18 16 15 20 19 22 22 21 22 17 19 16 17 16 16 14 15 13 13
 12 12 11 11 10 10 11 11 10 11 10 10 12 11 12 12 12 12 11 11 10 10 10 10
 11 10 11 11 25 18 31 30 32 31 33 33 31 32 27 28 23 25 18 20 14 14 14 14
 14 14 14 14 14 14 14 14 14 15 13 14 12 13 11 11 10 10 10 10 10 10 10 10
 16 10 17 17 19 18 22 20 26 24 27 27 26 27 23 25 20 21 14 14 13 14 12 13
 11 11 10 10  9 10  9  9]"
2024-11-25 13:11:26.074392,"(-50.0, 30.0)","(5600, 5600)","[17  6 19 20 16 18 16 15 20 19 22 22 21 22 17 19 16 17 16 16 14 15 13 13
 12 12 11 11 10 10 11 11 10 11 10 10 12 11 12 12 12 12 11 11 10 10 10 10
 11 10 11 11 11 11 17 12 23 20 25 25 24 24 23 22 27 27 27 27 25 26 24 24
 27 26 26 26 21 24 15 19 14 15 13 14 12 13 11 11 10 10 18 14 21 20 20 21
 17 19 16 16 12 11 12 12 12 12 11 11 11 11 15 11 18 18 17 18 12 17 11 11
  9 10  9  9  9  9  9  9]"
2024-11-25 13:11:40.840597,"(-43.33, 30.0)","(5600, 5600)","[17  8 19 20 16 18 16 15 20 19 22 22 21 22 17 19 16 17 16 16 14 15 13 13
 12 12 11 11 10 10 11 11 10 11 10 10 12 11 12 12 12 12 11 11 10 10 10 10
 11 10 11 11 11 11 12 12 12 12 11 11 17 13 29 24 33 33 33 33 33 33 36 35
 34 35 30 32 25 27 21 23 15 19 13 14 12 13 11 11 17 10 18 18 17 17 11 16
 11 11 11 11 11 11 10 10 10 10 10 10 10 10 11 10 11 12 10 11  9 10  9  9
  8  8  8  8  9  9  9  9]"
2024-11-25 13:11:55.599891,"(-36.66, 30.0)","(5600, 5600)","[17  8 19 20 16 18 16 15 20 19 22 22 21 22 17 19 16 17 16 16 14 15 13 13
 12 12 11 11 10 10 11 11 10 11 10 10 12 11 12 12 12 12 11 11 10 10 10 10
 11 10 11 11 11 11 12 12 12 12 16 15 15 16 15 15 19 16 27 22 39 33 44 42
 43 44 40 42 33 37 28 30 26 26 27 26 26 27 25 25 24 24 19 19 18 18 16 17
 14 15 13 14 12 13 11 12 10 11 10 10 10 10 11 10 11 12 10 11 10 10 10 10
  9  9  8  8  9  9  9  9]"
2024-11-25 13:12:10.366439,"(-30.0, 30.0)","(5600, 5600)","[17  7 19 20 16 18 16 15 20 19 22 22 21 22 17 19 16 17 16 16 14 15 13 13
 12 12 11 11 10 10 11 11 10 11 10 10 12 11 12 12 12 12 11 11 10 10 10 10
 11 10 11 11 11 11 12 12 12 12 11 11 10 10  9 10  9  9 17 12 31 24 37 35
 37 38 35 36 33 34 32 33 31 32 31 31 30 30 28 29 26 27 21 24 17 18 16 16
 15 15 14 14 13 13 12 13 11 12 10 11 10 10 11 10 11 12 10 11 10 10  9  9
  8  9  8  8  9  9  9  9]"
2024-11-25 13:12:25.136979,"(-23.33, 30.0)","(5600, 5600)","[17  9 19 20 16 18 16 15 20 19 22 22 21 22 17 19 16 17 16 16 14 15 13 13
 12 12 11 11 10 10 11 11 10 11 10 10 12 11 12 12 12 12 11 11 10 10 10 10
 11 10 11 11 11 11 12 12 12 12 11 11 10 10  9 10  9  9 10  9 25 19 34 31
 37 37 35 36 32 34 28 30 25 27 21 23 20 20 24 22 25 26 24 25 27 25 28 28
 26 28 24 25 23 24 18 23 18 18 16 17 14 15 15 14 15 15 14 14 12 13 10 11
  9 10  9  9  9  9  9  9]"
2024-11-25 13:12:39.904661,"(-16.66, 30.0)","(5600, 5600)","[17 11 19 20 16 18 16 15 20 19 22 22 21 22 17 19 16 17 16 16 14 15 13 13
 12 12 11 11 10 10 11 11 10 11 10 10 12 11 12 12 12 12 11 11 10 10 10 10
 11 10 11 11 11 11 12 12 12 12 11 11 10 10  9 10  9  9 10  9 20 13 35 29
 39 39 38 39 33 36 27 30 22 25 18 19 13 14 12 13 11 11 10 10 10 10 10 10
 10 10 11 10 18 16 18 18 18 18 17 18 19 18 21 21 19 21 17 18 13 13 12 12
 11 11 10 10  9 10  9  9]"
2024-11-25 13:12:54.673644,"(-10.0, 30.0)","(5600, 5600)","[17  8 19 20 16 18 16 15 20 19 22 22 21 22 17 19 16 17 16 16 14 15 13 13
 12 12 11 11 10 10 11 11 10 11 10 10 12 11 12 12 12 12 11 11 10 10 10 10
 11 10 11 11 11 11 12 12 12 12 11 11 10 10  9 10  9  9 10  9 11 11 10 11
 13  9 13 14 12 11 13 12 14 15 13 14 12 13 11 11 10 10 10 10  9 10  9  9
 10 10  9  9  8  8 13  8 20 16 24 23 23 23 23 23 23 24 19 22 17 18 12 16
 11 12 10 11  9 10  9  9]"
2024-11-25 13:13:09.442979,"(-3.33, 30.0)","(5600, 5600)","[17  5 19 20 21 20 22 22 21 21 22 22 21 22 18 19 16 17 16 16 14 15 13 13
 12 12 11 11 10 10 11 11 10 11 10 10 12 11 12 12 12 12 11 11 10 10 10 10
 11 10 11 11 11 11 12 12 12 12 11 11 10 10  9 10  9  9 10  9 11 11 10 11
  9  9  9  9 12 11 13 12 14 15 13 14 12 13 11 11 10 10 10 10  9 10  9  9
 14 10 16 15 14 15 14 14 15 16 22 17 27 25 26 27 23 25 19 21 12 17 12 12
 12 12 11 12 10 11  9 10]"
2024-11-25 13:13:24.213590,"(3.33, 30.0)","(5600, 5600)","[17  9 19 20 22 21 24 24 22 23 22 22 23 23 21 22 17 18 17 17 15 16 13 14
 12 12 11 11 10 10 11 11 10 11 10 10 12 11 12 12 12 12 11 11 10 10 10 10
 11 10 11 11 11 11 12 12 12 12 11 11 10 10  9 10  9  9 10  9 11 11 10 11
  9  9  9  9 12 11 13 12 14 15 13 14 12 13 11 11 10 10 10 10  9 10  9  9
 14 10 15 15 14 15 15 14 27 19 38 33 41 40 39 40 34 37 28 31 24 26 17 23
 17 17 17 17 16 17 13 14]"
2024-11-25 13:13:38.981884,"(10.0, 30.0)","(5600, 5600)","[17  5 19 20 22 20 24 24 22 24 22 22 22 22 20 20 18 19 16 17 14 15 13 13
 12 12 11 11 10 10 11 11 10 11 10 10 12 11 12 12 12 12 11 11 10 10 10 10
 11 10 11 11 11 11 12 12 12 12 11 11 10 10  9 10  9  9 10  9 11 11 10 11
  9  9  9  9 12 11 13 12 14 15 13 14 12 13 11 11 10 10 10 10  9 10  9  9
 15 10 16 16 15 16 22 18 33 28 39 36 38 39 33 35 31 32 27 29 23 25 17 22
 16 17 13 15 11 12 10 11]"
2024-11-25 13:13:53.752419,"(16.66, 30.0)","(5600, 5600)","[17 10 19 20 16 18 16 15 20 19 22 22 21 22 17 19 16 17 16 16 14 15 13 13
 12 12 11 11 10 10 11 11 10 11 10 10 12 11 12 12 12 12 11 11 10 10 10 10
 11 10 11 11 11 11 12 12 12 12 11 11 10 10  9 10  9  9 10  9 11 11 10 11
  9  9  9  9 12 11 13 12 14 15 13 14 12 13 11 11 10 10 10 10  9 10  9  9
 10 10  9  9 13 13 17 12 30 24 39 36 40 40 37 39 31 35 25 28 16 23 15 16
 13 14 11 12 10 10  9  9]"
2024-11-25 13:14:08.525685,"(23.33, 30.0)","(5600, 5600)","[17  7 19 20 16 18 16 15 20 19 22 22 21 22 17 19 16 17 16 16 14 15 13 13
 12 12 11 11 10 10 11 11 10 11 10 10 12 11 12 12 12 12 11 11 10 10 10 10
 11 10 11 11 11 11 12 12 12 12 11 11 10 10  9 10  9  9 10  9 11 11 10 11
  9  9  9  9 12 11 13 12 14 15 13 14 12 13 11 11 10 10 10 10  9 10  9  9
 15 10 15 16 14 15 21 16 29 26 34 31 35 35 33 34 29 31 24 27 15 22 15 15
 13 14 12 12 10 11  9  9]"
2024-11-25 13:14:23.796760,"(30.0, 30.0)","(5600, 5600)","[17  8 19 20 16 18 16 15 20 19 22 22 21 22 17 19 16 17 16 16 14 15 13 13
 12 12 11 11 10 10 11 11 10 11 10 10 12 11 12 12 12 12 11 11 10 10 10 10
 11 10 11 11 11 11 12 12 12 12 11 11 10 10  9 10  9  9 10  9 11 11 10 11
  9  9  9  9 12 11 13 12 14 15 13 14 12 13 11 11 10 10 10 10  9 10  9  9
 10 10  9  9  8  8 14  8 22 17 31 27 34 33 32 33 28 31 22 25 14 20 13 14
 11 12 10 10  9  9  9  9]"
2024-11-25 13:14:38.566717,"(36.66, 30.0)","(5600, 5600)","[17 12 19 20 16 18 16 15 20 19 22 22 21 22 17 19 16 17 16 16 14 15 13 13
 12 12 11 11 10 10 11 11 10 11 10 10 12 11 12 12 12 12 11 11 10 10 10 10
 11 10 11 11 11 11 12 12 12 12 11 11 10 10  9 10  9  9 10  9 11 11 10 11
  9  9  9  9 12 11 13 12 14 15 13 14 12 13 11 11 10 10 10 10  9 10  9  9
 10 10  9  9 13 13 14 12 22 18 24 25 23 24 20 21 16 18 11 11 10 10  9 10
  8  9  8  8  9  9  9  9]"
2024-11-25 13:14:54.839183,"(43.33, 30.0)","(5600, 5600)","[17  9 19 20 16 18 16 15 20 19 22 22 21 22 17 19 16 17 16 16 14 15 13 13
 12 12 11 11 10 10 11 11 10 11 10 10 12 11 12 12 12 12 11 11 10 10 10 10
 11 10 11 11 11 11 12 12 12 12 11 11 10 10  9 10  9  9 10  9 11 11 10 11
  9  9  9  9 12 11 13 12 14 15 13 14 12 13 11 11 10 10 10 10  9 10  9  9
 10 10  9  9 13 13 19 15 28 24 32 31 31 32 30 31 27 29 22 25 14 19 13 14
 11 12  9 10  9  9  9  9]"
2024-11-25 13:15:09.609504,"(50.0, 30.0)","(5600, 5600)","[17 12 19 20 16 18 16 15 20 19 22 22 21 22 17 19 16 17 16 16 14 15 13 13
 12 12 11 11 10 10 11 11 10 11 10 10 12 11 12 12 12 12 11 11 10 10 10 10
 11 10 11 11 11 11 12 12 12 12 11 11 10 10  9 10  9  9 10  9 11 11 10 11
  9  9  9  9 12 11 13 12 14 15 13 14 12 13 11 11 10 10 10 10  9 10  9  9
 10 10 14 14 14 14 20 16 30 25 36 33 36 36 34 36 30 33 25 27 21 23 15 19
 14 15 12 13 10 11  9 10]"
2024-11-25 13:15:25.395727,"(56.66, 30.0)","(5600, 5600)","[17  9 19 20 16 18 16 15 20 19 22 22 21 22 17 19 16 17 16 16 14 15 13 13
 12 12 11 11 10 10 11 11 10 11 10 10 12 11 12 12 12 12 11 11 10 10 10 10
 11 10 11 11 11 11 12 12 12 12 11 11 10 10  9 10  9  9 10  9 11 11 10 11
  9  9  9  9 12 11 13 12 14 15 13 14 12 13 11 11 10 10 10 10  9 10  9  9
 14 10 17 16 16 16 19 16 28 24 30 30 29 30 25 27 21 23 18 20 13 17 12 13
 11 12 10 10  9 10  9  9]"
2024-11-25 13:15:40.165267,"(63.33, 30.0)","(5600, 5600)","[17 10 19 20 16 18 16 15 20 19 22 22 21 22 17 19 16 17 16 16 14 15 13 13
 12 12 11 11 10 10 11 11 10 11 10 10 12 11 12 12 12 12 11 11 10 10 10 10
 11 10 11 11 11 11 12 12 12 12 11 11 10 10  9 10  9  9 10  9 11 11 10 11
  9  9  9  9 12 11 13 12 14 15 13 14 12 13 11 11 10 10 10 10  9 10  9  9
 10 10  9  9  8  8 16  7 29 24 34 33 33 34 31 32 28 30 24 26 20 22 14 18
 13 13 11 12  9 10  9  9]"
2024-11-25 13:15:55.438028,"(70.0, 30.0)","(5600, 5600)","[17  6 19 20 21 20 24 23 22 23 22 22 22 22 21 22 18 20 16 16 14 15 13 13
 12 12 11 11 10 10 11 11 10 11 10 10 12 11 12 12 12 12 11 11 10 10 10 10
 11 10 11 11 11 11 12 12 12 12 11 11 10 10  9 10  9  9 10  9 11 11 10 11
  9  9  9  9 12 11 13 12 14 15 13 14 12 13 11 11 10 10 10 10  9 10  9  9
 14 10 15 16 15 15 22 18 32 29 34 34 33 34 30 32 28 29 24 26 22 23 16 21
 16 16 14 15 12 14 11 12]"
2024-11-25 13:16:10.205658,"(76.66, 30.0)","(5600, 5600)","[16  8 19 20 17 18 19 19 20 19 22 22 21 22 17 19 16 17 16 16 14 15 13 13
 12 12 11 11 10 10 11 11 10 11 10 10 12 11 12 12 12 12 11 11 10 10 10 10
 11 10 11 11 11 11 12 12 12 12 11 11 10 10  9 10  9  9 10  9 11 11 10 11
  9  9  9  9 12 11 13 12 14 15 13 14 12 13 11 11 10 10 10 10  9 10  9  9
 10 10  9  9  8  8 16  8 30 24 36 34 36 36 35 36 32 34 25 29 22 23 16 21
 15 16 14 15 13 14 11 12]"
2024-11-25 13:16:24.978217,"(83.33, 30.0)","(5600, 5600)","[17 13 19 20 19 19 22 21 22 22 22 22 21 22 17 19 16 17 16 16 14 15 13 13
 12 12 11 11 10 10 11 11 10 11 10 10 12 11 12 12 12 12 11 11 10 10 10 10
 11 10 11 11 11 11 12 12 12 12 11 11 10 10  9 10  9  9 10  9 11 11 10 11
  9  9  9  9 12 11 13 12 14 15 13 14 12 13 11 11 10 10 10 10  9 10  9  9
 14 10 15 15 14 14 18 14 30 26 32 32 31 32 27 29 24 25 22 23 20 21 18 19
 14 17 12 13 11 12  9 10]"
2024-11-25 13:16:40.766078,"(90.0, 30.0)","(5600, 5600)","[16 10 19 20 17 18 19 19 20 19 22 22 21 22 17 19 16 17 16 16 14 15 13 13
 12 12 11 11 10 10 11 11 10 11 10 10 12 11 12 12 12 12 11 11 10 10 10 10
 11 10 11 11 11 11 12 12 12 12 11 11 10 10  9 10  9  9 10  9 11 11 10 11
  9  9  9  9 12 11 13 12 14 15 13 14 12 13 11 11 10 10 10 10  9 10  9  9
 15 10 16 16 14 15 17 15 25 22 28 27 30 29 31 31 30 30 27 28 22 24 19 20
 15 18 14 15 12 13 10 11]"
2024-11-25 13:17:41.982074,"(-83.33, -30.0)","(5600, 5600)","[17 10 19 20 17 18 16 15 20 19 22 22 21 22 17 19 16 17 16 16 14 15 13 13
 12 12 11 11 10 10 11 11 10 11 10 10 12 11 12 12 12 12 11 11 10 10 10 10
 11 10 11 11 11 11 12 12 12 12 11 11 10 10  9 10  9  9 10  9 11 11 10 11
  9  9  9  9 12 11 13 12 14 15 13 14 12 13 11 11 10 10 10 10  9 10  9  9
 10 10 22 14 33 28 37 36 37 37 35 36 29 32 24 27 19 21 14 15 13 14 12 12
 10 11  9 10  9  9  9  9]"
2024-11-25 13:17:56.752860,"(-76.66, -30.0)","(5600, 5600)","[17 10 19 20 17 18 16 15 20 19 22 22 21 22 17 19 16 17 16 16 14 15 13 13
 12 12 11 11 10 10 11 11 10 11 10 10 12 11 12 12 12 12 11 11 10 10 10 10
 11 10 11 11 11 11 12 12 12 12 11 11 10 10  9 10  9  9 10  9 11 11 10 11
  9  9  9  9 12 11 13 12 14 15 13 14 12 13 11 11 10 10 10 10  9 10  9  9
 10 10  9  9 19 17 20 20 19 19 18 19 17 18 16 16 11 14 10 11  9 10  9  9
  8  8  8  8  9  9  9  9]"
2024-11-25 13:18:11.521992,"(-70.0, -30.0)","(5600, 5600)","[17  8 19 20 17 18 16 15 20 19 22 22 21 22 17 19 16 17 16 16 14 15 13 13
 12 12 11 11 10 10 11 11 10 11 10 10 12 11 12 12 12 12 11 11 10 10 10 10
 11 10 11 11 11 11 12 12 12 12 11 11 10 10  9 10  9  9 10  9 11 11 10 11
  9  9  9  9 12 11 13 12 14 15 13 14 12 13 11 11 10 10 10 10  9 10  9  9
 10 10  9  9 16 14 30 25 33 33 31 32 29 30 27 28 24 26 20 22 14 19 12 13
 10 11  9  9  9  9  9  9]"
2024-11-25 13:18:26.293622,"(-63.33, -30.0)","(5600, 5600)","[17  9 19 20 17 18 16 15 20 19 22 22 21 22 17 19 16 17 16 16 14 15 13 13
 12 12 11 11 10 10 11 11 10 11 10 10 12 11 12 12 12 12 11 11 10 10 10 10
 11 10 11 11 11 11 12 12 12 12 11 11 10 10  9 10  9  9 10  9 11 11 10 11
  9  9  9  9 12 11 13 12 14 15 13 14 12 13 11 11 10 10 10 10  9 10  9  9
 10 10 15 14 23 19 33 29 36 36 34 35 31 32 29 30 27 28 24 26 20 22 15 18
 13 14 12 12 10 11  9  9]"
2024-11-25 13:18:41.057289,"(-56.66, -30.0)","(5600, 5600)","[17  8 19 20 16 18 16 15 20 19 22 22 21 22 17 19 16 17 16 16 14 15 13 13
 12 12 11 11 10 10 11 11 10 11 10 10 12 11 12 12 12 12 11 11 10 10 10 10
 11 10 11 11 11 11 12 12 12 12 11 11 10 10  9 10  9  9 10  9 11 11 10 11
  9  9  9  9 12 11 13 12 14 15 13 14 12 13 11 11 10 10 10 10  9 10  9  9
 10 10 15 13 21 17 31 27 34 34 32 34 30 31 29 29 26 28 23 25 15 21 15 15
 13 14 11 12 10 11  9  9]"
2024-11-25 13:18:55.826526,"(-50.0, -30.0)","(5600, 5600)","[17  8 19 20 16 18 16 15 20 19 22 22 21 22 17 19 16 17 16 16 14 15 13 13
 12 12 11 11 10 10 11 11 10 11 10 10 12 11 12 12 12 12 11 11 10 10 10 10
 11 10 11 11 11 11 12 12 12 12 11 11 10 10  9 10  9  9 10  9 11 11 10 11
  9  9  9  9 12 11 13 12 14 15 13 14 12 13 11 11 10 10 10 10  9 10  9  9
 10 10  9  9 23 16 33 29 38 36 39 39 38 38 35 37 31 34 26 29 22 24 17 20
 15 16 13 14 12 13 10 11]"
2024-11-25 13:19:11.611411,"(-43.33, -30.0)","(5600, 5600)","[17 10 19 20 16 18 16 15 20 19 22 22 21 22 17 19 16 17 16 16 14 15 13 13
 12 12 11 11 10 10 11 11 10 11 10 10 12 11 12 12 12 12 11 11 10 10 10 10
 11 10 11 11 11 11 12 12 12 12 11 11 10 10  9 10  9  9 10  9 11 11 10 11
  9  9  9  9 12 11 13 12 14 15 13 14 12 13 11 11 10 10 10 10  9 10  9  9
 10 10  9  9 24 18 34 30 40 38 42 42 41 42 38 39 35 36 32 33 28 30 24 26
 18 22 16 18 14 15 11 12]"
2024-11-25 13:19:26.383405,"(-36.66, -30.0)","(5600, 5600)","[17  9 19 20 16 18 16 15 20 19 22 22 21 22 17 19 16 17 16 16 14 15 13 13
 12 12 11 11 10 10 11 11 10 11 10 10 12 11 12 12 12 12 11 11 10 10 10 10
 11 10 11 11 11 11 12 12 12 12 11 11 10 10  9 10  9  9 10  9 11 11 10 11
  9  9  9  9 12 11 13 12 14 15 13 14 12 13 11 11 10 10 10 10 20 16 27 24
 28 28 27 27 31 28 35 34 37 36 39 39 38 39 37 37 35 36 32 34 27 30 20 26
 20 21 18 19 14 16 11 12]"
2024-11-25 13:19:41.652913,"(-30.0, -30.0)","(5600, 5600)","[17  9 19 20 16 18 16 15 20 19 22 22 21 22 17 19 16 17 16 16 15 15 14 15
 13 14 11 12 11 11 11 11 10 11 10 10 12 11 12 12 12 12 11 11 10 10 10 10
 11 10 11 11 11 11 12 12 12 12 11 11 10 10  9 10  9  9 10  9 11 11 10 11
  9  9  9  9 12 11 13 12 14 15 13 14 12 13 11 11 10 10 10 10 22 17 33 28
 37 36 37 37 34 35 35 34 37 37 38 38 37 38 36 37 35 36 33 34 30 32 28 29
 22 27 20 22 18 19 15 17]"
2024-11-25 13:19:56.422604,"(-23.33, -30.0)","(5600, 5600)","[17 12 19 20 16 18 16 15 20 19 22 22 21 22 17 19 16 17 16 16 14 15 13 13
 12 12 11 11 10 10 11 11 10 11 10 10 12 11 12 12 12 12 11 11 10 10 10 10
 11 10 11 11 11 11 12 12 12 12 11 11 10 10  9 10  9  9 10  9 11 11 10 11
  9  9  9  9 12 11 13 12 14 15 13 14 12 13 11 11 10 10 10 10  9 10 21 16
 30 26 34 32 34 34 36 33 42 41 43 43 40 41 37 38 34 35 30 32 27 28 20 25
 19 20 17 18 15 16 12 13]"
2024-11-25 13:20:11.193142,"(-16.66, -30.0)","(5600, 5600)","[17  4 19 20 16 18 16 15 20 19 22 22 21 22 17 19 16 17 16 16 14 15 13 13
 12 12 11 11 10 10 11 11 10 11 10 10 12 11 12 12 12 12 11 11 10 10 10 10
 11 10 11 11 11 11 12 12 12 12 11 11 10 10  9 10  9  9 16 14 11 16 10 11
  9  9  9  9 12 11 13 12 14 15 13 14 12 13 11 11 10 10 10 10  9 10 15  9
 19 18 18 19 18 17 34 26 43 41 44 44 41 43 36 39 30 32 28 29 25 26 19 23
 17 18 15 16 13 14 11 12]"
2024-11-25 13:20:26.978369,"(-10.0, -30.0)","(5600, 5600)","[17  8 19 20 16 18 16 15 20 19 22 22 21 22 17 19 16 17 16 16 14 15 13 13
 12 12 11 11 10 10 11 11 10 11 10 10 12 11 12 12 12 12 11 11 10 10 10 10
 11 10 11 11 11 11 12 12 12 12 11 11 10 10 11 10 27 19 37 33 38 38 36 37
 31 34 27 29 27 27 31 30 30 31 27 28 24 26 23 23 22 22 16 17 16 16 15 16
 14 14 13 13 13 12 24 18 33 30 37 35 37 37 34 36 31 33 27 29 23 25 18 21
 18 18 18 18 16 17 14 15]"
2024-11-25 13:20:41.747931,"(-3.33, -30.0)","(5600, 5600)","[18 15 20 21 17 19 16 15 20 19 22 22 21 22 17 19 16 17 16 16 14 15 13 13
 12 12 11 11 10 10 11 11 10 11 10 10 12 11 12 12 12 12 11 11 10 10 11 10
 19 15 23 22 21 22 17 19 12 16 11 11 10 10 16 10 34 25 46 41 48 48 46 47
 42 44 41 41 49 45 52 51 50 51 47 49 42 44 37 40 32 35 27 27 33 32 28 32
 26 27 24 25 21 23 19 19 23 19 26 25 25 25 25 25 20 24 19 20 17 18 16 16
 16 16 15 16 14 15 12 13]"
2024-11-25 13:20:56.518269,"(3.33, -30.0)","(5600, 5600)","[24 24 24 25 21 23 17 18 20 19 22 22 21 22 17 19 16 17 16 16 14 15 13 13
 12 12 11 11 10 10 11 11 10 11 10 10 12 11 12 12 12 12 11 11 10 10 10 10
 18 10 21 20 20 21 17 18 12 15 11 11 10 10  9 10  9  9 18 15 19 19 18 18
 25 18 40 32 52 47 55 54 54 55 52 53 47 50 43 45 40 41 37 38 34 35 31 33
 25 29 23 24 21 22 19 20 19 19 27 24 32 30 35 34 36 36 34 35 29 31 28 29
 28 28 23 23 23 23 22 23]"
2024-11-25 13:21:11.283103,"(10.0, -30.0)","(5600, 5600)","[17 10 19 20 16 18 16 15 20 19 22 22 21 22 17 19 16 17 16 16 14 15 13 13
 12 12 11 11 10 10 11 11 10 11 10 10 12 11 12 12 12 12 11 11 10 10 10 10
 11 10 11 11 11 11 12 12 12 12 11 11 10 10  9 10 16  9 24 21 25 25 22 23
 20 20 27 22 43 35 52 48 53 53 51 52 47 49 42 45 36 38 29 33 23 28 23 23
 22 23 20 21 17 18 19 16 24 23 30 26 36 33 36 36 34 36 31 33 29 30 32 30
 33 34 31 33 23 29 21 22]"
2024-11-25 13:21:26.054720,"(16.66, -30.0)","(5600, 5600)","[17  9 19 20 16 18 16 15 20 19 22 22 21 22 17 19 16 17 16 16 14 15 13 13
 12 12 11 11 10 10 11 11 10 11 10 10 12 11 12 12 12 12 11 11 10 10 10 10
 11 10 11 11 11 11 12 12 12 12 11 11 10 10  9 10 15  9 22 19 23 23 22 22
 20 21 20 20 34 26 44 40 46 46 44 45 42 43 39 41 39 39 37 38 37 37 36 37
 35 36 31 33 24 29 23 23 23 22 30 28 33 32 35 35 34 35 31 33 25 29 25 25
 25 25 24 25 22 23 20 21]"
2024-11-25 13:21:40.823538,"(23.33, -30.0)","(5600, 5600)","[17  9 19 20 16 18 16 15 20 19 22 22 21 22 17 19 16 17 16 16 14 15 13 13
 12 12 11 11 10 10 11 11 10 11 10 10 12 11 12 12 12 12 11 11 10 10 10 10
 11 10 11 11 11 11 12 12 12 12 11 11 10 10  9 10  9  9 16 12 19 17 23 21
 27 26 26 27 27 26 34 31 37 37 39 37 39 39 37 38 36 37 35 36 35 35 33 34
 30 31 30 30 31 30 29 30 28 28 28 28 27 23 29 28 28 28 23 23 23 23 22 23
 22 22 21 22 20 21 19 19]"
2024-11-25 13:21:56.094951,"(30.0, -30.0)","(5600, 5600)","[17  9 19 20 16 18 16 15 20 19 22 22 21 22 17 19 16 17 16 16 14 15 13 13
 12 12 11 11 10 10 11 11 10 11 10 10 12 11 12 12 12 12 11 11 10 10 10 10
 11 10 11 11 11 11 12 12 12 12 11 11 10 10  9 10  9  9 10  9 11 11 15 11
 17 17 19 17 25 22 23 24 21 21 22 21 22 22 20 21 22 20 25 24 24 25 23 23
 29 26 31 31 30 31 35 32 42 40 43 43 42 43 38 40 33 36 28 30 23 23 23 23
 22 23 19 21 16 18 14 15]"
2024-11-25 13:22:10.865228,"(36.66, -30.0)","(5600, 5600)","[17 10 19 20 16 18 16 15 20 19 22 22 21 22 17 19 16 17 16 16 14 15 13 13
 12 12 11 11 10 10 11 11 10 11 10 10 12 11 12 12 12 12 11 11 10 10 10 10
 11 10 11 11 11 11 12 12 12 12 11 11 10 10  9 10  9  9 10  9 11 11 10 11
  9  9  9  9 12 11 13 12 14 15 13 14 12 13 11 11 10 10 19 15 23 21 24 22
 32 29 34 34 33 34 35 33 41 38 42 42 41 42 38 40 33 36 29 31 22 27 22 22
 21 22 21 21 19 20 17 18]"
2024-11-25 13:22:25.635065,"(43.33, -30.0)","(5600, 5600)","[17 10 19 20 16 18 16 15 20 19 22 22 21 22 17 19 16 17 16 16 14 15 13 13
 12 12 11 11 10 10 11 11 10 11 10 10 12 11 12 12 12 12 11 11 10 10 10 10
 11 10 11 11 11 11 12 12 12 12 11 11 10 10  9 10  9  9 10  9 11 11 10 11
  9  9  9  9 12 11 13 12 14 15 13 14 27 21 33 31 32 33 31 32 31 31 29 30
 28 29 26 27 25 25 27 25 30 29 29 30 28 29 26 27 24 25 19 19 17 18 16 16
 15 15 15 15 14 14 12 13]"
2024-11-25 13:22:40.405871,"(50.0, -30.0)","(5600, 5600)","[17 15 19 20 16 18 16 15 20 19 22 22 21 22 17 19 16 17 16 16 14 15 13 13
 12 12 11 11 10 10 11 11 10 11 10 10 12 11 12 12 12 12 11 11 10 10 10 10
 11 10 11 11 11 11 12 12 12 12 11 11 10 10  9 10  9  9 10  9 11 11 10 11
 15  9 25 20 31 28 33 32 31 32 29 30 27 28 26 26 25 26 25 25 26 25 26 26
 25 26 22 24 17 21 20 16 27 23 29 29 27 28 23 25 18 22 18 18 17 18 15 16
 12 14 11 11  9 10  9  9]"
2024-11-25 13:22:55.174723,"(56.66, -30.0)","(5600, 5600)","[17  9 19 20 16 18 16 15 20 19 22 22 21 22 17 19 16 17 16 16 14 15 13 13
 12 12 11 11 10 10 11 11 10 11 10 10 12 11 12 12 12 12 11 11 10 10 10 10
 11 10 11 11 11 11 12 12 12 12 11 11 10 10 14 10 21 19 22 22 21 21 22 20
 26 24 32 28 38 36 38 39 35 37 31 33 27 29 23 25 17 22 17 17 17 17 16 17
 15 16 15 15 15 15 17 14 25 22 27 27 25 26 26 24 33 30 34 34 32 33 27 30
 19 24 18 19 16 17 15 15]"
2024-11-25 13:23:09.947619,"(63.33, -30.0)","(5600, 5600)","[17 13 19 20 16 18 16 15 20 19 22 22 21 22 17 19 16 17 16 16 14 15 13 13
 12 12 11 11 10 10 11 11 10 11 10 10 12 11 12 12 12 12 11 11 10 10 10 10
 11 10 11 11 11 11 12 12 12 12 19 13 22 21 23 22 28 25 33 31 33 33 31 32
 29 30 32 30 36 34 35 36 31 34 25 28 23 24 18 23 18 18 24 23 28 26 33 32
 33 34 28 31 21 26 20 21 20 20 20 20 20 20 20 20 25 20 26 26 20 26 19 20
 16 17 13 15 12 13 11 11]"
2024-11-25 13:23:24.719405,"(70.0, -30.0)","(5600, 5600)","[17  7 19 20 16 18 16 15 20 19 22 22 21 22 17 19 16 17 16 16 14 15 13 13
 12 12 11 11 10 10 11 11 10 11 10 10 12 11 12 12 12 12 11 11 10 10 10 10
 11 10 11 11 11 11 12 12 21 12 29 25 32 31 32 32 31 32 33 31 33 33 31 33
 26 29 24 24 24 24 22 24 16 20 26 21 35 31 37 36 34 36 34 34 42 38 46 45
 44 45 37 42 33 35 30 31 26 29 26 26 25 25 23 24 22 23 22 22 20 21 18 19
 15 16 13 14 11 12 10 11]"
2024-11-25 13:23:39.492522,"(76.66, -30.0)","(5600, 5600)","[17  9 19 20 16 18 16 15 20 19 22 22 21 22 17 19 16 17 16 16 14 15 13 13
 12 12 11 11 10 10 11 11 10 11 10 10 12 11 12 12 12 12 11 11 10 10 10 10
 11 10 11 11 11 11 24 18 32 28 37 35 37 37 36 37 34 35 30 32 25 27 20 22
 15 19 14 15 13 14 14 13 14 15 13 14 22 17 30 26 34 34 34 35 35 35 36 36
 34 36 30 32 27 28 20 25 19 19 17 18 16 17 14 15 14 14 14 14 13 13 12 12
 10 11  9 10  9  9  9  9]"
2024-11-25 13:23:55.281270,"(83.33, -30.0)","(5600, 5600)","[17  7 19 20 16 18 16 15 20 19 22 22 21 22 17 19 16 17 16 16 14 15 13 13
 12 12 11 11 10 10 11 11 10 11 10 10 12 11 12 12 12 12 11 11 10 10 10 10
 11 10 11 11 24 17 31 29 30 32 30 30 31 30 29 30 26 27 24 24 22 23 18 20
 14 17 13 14 13 13 13 13 14 15 13 14 25 17 33 29 35 35 34 34 31 33 27 28
 24 25 22 23 21 21 24 22 30 28 30 31 28 29 24 26 19 22 18 18 16 17 14 15
 12 13 10 11  9  9  9  9]"
