Measure Time,Commanded trajectory,Real trajectory,Curve,az LS,5600,el LS,5600
2024-11-25 19:09:20.469316,"(0.0, 0.0)","(5600, 5600)","[24 27 21 23 17 19 17 15 24 21 25 26 24 25 22 23 20 21 18 19 16 17 14 15
 12 12 11 11 10 10 11 11 10 11 10 10 12 11 12 12 12 12 11 11 10 10 10 10
 11 10 11 11 11 11 12 12 12 12 11 11 10 10  9 10  9  9 10  9 11 11 10 11
 15  9 19 17 26 22 32 30 36 34 40 38 44 42 45 44 56 48 67 63 70 69 68 69
 64 66 59 62 53 56 49 51 44 46 39 41 33 34 30 32 26 28 22 24 19 21 17 18
 15 16 13 14 11 12  9 10]"
2024-11-25 19:09:59.488110,"(-90.0, 3.33)","(5600, 5600)","[17  6 20 20 22 21 22 23 21 21 22 22 21 22 19 20 17 17 16 17 14 15 13 13
 12 12 11 11 10 10 11 11 10 11 10 10 12 11 12 12 12 12 11 11 10 10 10 10
 11 10 11 11 11 11 12 12 12 12 11 11 10 10  9 10  9  9 10  9 11 11 10 11
  9  9  9  9 12 11 13 12 14 15 23 20 23 23 25 22 39 30 51 46 54 53 53 54
 49 51 43 47 35 39 30 32 23 28 21 22 19 20 16 17 14 15 13 14 12 13 11 12
 10 11  9 10  9  9  9  9]"
2024-11-25 19:10:29.281259,"(-30.0, 3.33)","(5600, 5600)","[17 12 19 20 23 21 25 25 24 25 23 24 22 23 21 22 19 20 18 19 14 16 13 13
 12 12 11 11 10 10 11 11 10 11 10 10 12 11 12 12 12 12 11 11 10 10 10 10
 11 10 11 11 11 11 12 12 12 12 11 11 10 10  9 10  9  9 10  9 11 11 10 11
  9  9 15 14 12 15 13 12 14 15 22 18 23 23 28 24 42 34 53 48 55 54 52 54
 46 49 40 43 36 38 30 32 23 28 21 22 19 20 16 18 15 15 13 14 12 13 11 12
 10 11  9 10 10  9 10 10]"
2024-11-25 19:10:59.066338,"(30.0, 3.33)","(5600, 5600)","[20 21 21 21 23 22 25 24 24 24 23 24 22 23 21 21 20 20 18 19 14 16 13 13
 12 12 11 11 10 10 11 11 10 11 10 10 12 11 12 12 12 12 11 11 10 10 10 10
 11 10 11 11 11 11 12 12 12 12 11 11 10 10  9 10  9  9 10  9 11 11 10 11
 14  9 20 16 27 23 29 29 29 29 28 28 24 26 32 28 45 38 55 51 54 55 48 50
 47 48 45 46 40 43 37 38 33 35 27 30 23 24 20 22 18 19 15 16 13 14 12 12
 11 11 10 11  9 10  9  9]"
2024-11-25 19:11:28.855229,"(90.0, 3.33)","(5600, 5600)","[17  2 19 20 22 21 24 24 22 23 22 22 22 22 20 21 18 19 16 17 14 15 13 13
 12 12 11 11 10 10 11 11 10 11 10 10 12 11 12 12 12 12 11 11 10 10 10 10
 11 10 11 11 11 11 12 12 12 12 11 11 10 10  9 10  9  9 10  9 11 11 12 11
 22 17 31 26 42 37 45 45 43 45 40 42 37 38 38 35 50 42 60 56 61 61 58 60
 55 57 52 54 48 50 43 46 37 41 30 31 28 29 25 26 22 24 19 20 16 18 14 15
 14 14 13 14 13 13 12 12]"
2024-11-25 19:12:16.400198,"(-30.0, -3.33)","(5600, 5600)","[22 24 20 21 17 18 23 20 26 26 25 25 23 24 21 22 21 21 20 20 19 19 17 18
 16 17 14 15 13 13 11 12 10 11 10 10 12 11 12 12 12 12 11 11 10 10 10 10
 11 10 11 11 11 11 12 12 12 12 11 11 10 10  9 10  9  9 10  9 15 11 17 16
 17 17 19 18 24 21 28 26 34 31 38 36 41 39 43 42 50 44 60 56 63 62 62 63
 59 61 55 57 49 52 42 46 36 39 30 31 26 28 23 24 21 21 21 21 21 21 20 20
 18 19 15 17 13 14 12 13]"
2024-11-25 19:12:46.178312,"(30.0, -3.33)","(5600, 5600)","[17  9 19 20 18 19 21 19 24 24 23 24 21 22 17 19 16 17 16 16 14 15 13 13
 12 12 11 11 10 10 11 11 10 11 10 10 12 11 12 12 12 12 11 11 10 10 10 10
 11 10 11 11 11 11 12 12 12 12 11 11 10 10  9 10  9  9 10  9 11 11 10 11
  9  9  9  9 12 11 13 12 17 15 23 20 28 25 34 31 44 37 53 49 56 55 55 55
 53 54 49 51 45 47 40 43 35 38 29 32 24 25 20 22 19 19 18 19 17 18 15 16
 13 14 12 13 11 11 10 10]"
2024-11-25 19:13:32.713366,"(-90.0, 6.66)","(5600, 5600)","[17  7 19 20 16 18 16 15 20 19 22 22 21 22 17 19 16 17 16 16 14 15 13 13
 12 12 11 11 10 10 11 11 10 11 10 10 12 11 12 12 12 12 11 11 10 10 10 10
 11 10 11 11 11 11 12 12 12 12 11 11 10 10  9 10  9  9 10  9 11 11 10 11
  9  9  9  9 12 11 13 12 14 15 13 14 12 13 11 11 17 10 33 25 41 37 42 42
 41 42 40 41 35 38 31 33 26 27 23 24 18 22 16 17 14 15 13 13 12 12 11 11
 10 10  9  9 15  9 19 18]"
2024-11-25 19:13:53.985819,"(-60.0, 6.66)","(5600, 5600)","[17  7 19 20 16 18 16 15 20 19 22 22 21 22 17 19 16 17 16 16 14 15 13 13
 12 12 11 11 10 10 11 11 10 11 10 10 12 11 12 12 12 12 11 11 10 10 10 10
 11 10 11 11 11 11 12 12 12 12 11 11 10 10  9 10  9  9 10  9 11 11 10 11
  9  9  9  9 12 11 13 12 14 15 13 14 12 13 13 11 27 17 42 36 46 45 45 46
 41 43 39 40 36 37 32 34 27 30 22 25 18 18 15 17 13 14 11 12  9 10  8  8
  7  7 17 14 20 19 18 19]"
2024-11-25 19:14:15.252348,"(-30.0, 6.66)","(5600, 5600)","[17 12 19 20 16 18 16 15 20 19 22 22 21 22 17 19 16 17 16 16 14 15 13 14
 12 12 11 11 10 10 11 11 10 11 10 10 12 11 12 12 12 12 11 11 10 10 10 10
 11 10 11 11 11 11 12 12 12 12 11 11 10 10  9 10  9  9 10  9 11 11 10 11
  9  9  9  9 12 11 13 12 14 15 13 14 12 13 11 11 15 10 23 17 35 30 37 36
 34 36 31 32 28 29 26 27 24 25 22 23 22 22 16 21 16 16 15 16 14 14 12 13
 11 12 10 11  9 10  9  9]"
2024-11-25 19:14:36.517870,"(0.0, 6.66)","(5600, 5600)","[20 21 19 20 16 18 16 15 20 19 22 22 21 22 17 19 17 17 17 17 15 16 13 14
 12 12 11 11 10 10 11 11 10 11 10 10 12 11 12 12 12 12 11 11 10 10 10 10
 11 10 11 11 11 11 12 12 12 12 11 11 10 10  9 10  9  9 10  9 11 11 10 11
 14  9 26 19 32 30 31 32 30 31 28 29 27 27 28 28 36 28 50 43 55 53 54 55
 50 52 46 47 41 43 35 38 30 32 25 25 24 24 22 23 21 22 19 20 16 18 14 15
 12 13 10 11  9 10  9  9]"
2024-11-25 19:14:57.781334,"(30.0, 6.66)","(5600, 5600)","[17  6 19 20 16 18 16 15 20 19 22 22 21 22 17 19 16 17 16 16 15 15 14 15
 12 13 11 11 10 10 11 11 10 11 10 10 12 11 12 12 12 12 11 11 10 10 10 10
 11 10 11 11 11 11 12 12 12 12 11 11 10 10  9 10  9  9 10  9 11 11 10 11
 18  9 33 25 42 38 42 43 40 42 35 37 31 33 28 30 34 27 46 40 51 49 50 51
 47 49 42 44 37 40 31 34 25 29 23 24 21 22 20 21 18 19 15 17 13 14 10 11
  9  9  8  8  9  9  9  9]"
2024-11-25 19:15:19.047396,"(60.0, 6.66)","(5600, 5600)","[17 10 19 20 16 18 16 15 20 19 22 22 21 22 17 19 16 17 16 16 14 15 13 13
 12 12 11 11 10 10 11 11 10 11 10 10 12 11 12 12 12 12 11 11 10 10 10 10
 11 10 11 11 11 11 12 12 12 12 11 11 10 10  9 10  9  9 10  9 14 11 23 18
 34 29 38 37 44 41 43 44 42 42 40 41 36 38 31 33 30 29 38 33 42 41 42 42
 40 41 38 40 34 36 25 31 25 25 24 24 23 24 20 22 17 18 14 15 11 12  9 10
  7  8  8  7  9  9  9  9]"
2024-11-25 19:15:40.318801,"(90.0, 6.66)","(5600, 5600)","[17 13 19 20 16 18 16 15 20 19 22 22 21 22 18 19 17 17 16 17 14 15 13 13
 12 12 11 11 10 10 11 11 10 11 10 10 12 11 12 12 12 12 11 11 10 10 10 10
 11 10 11 11 11 11 12 12 12 12 11 11 10 10  9 10  9  9 10  9 11 11 20 11
 36 30 40 40 40 40 47 45 46 47 43 45 39 41 35 36 41 34 51 46 54 53 51 53
 45 49 38 41 33 35 27 31 25 26 22 23 20 21 18 19 15 16 13 14 11 12 11 11
 10 10  9  9  9  9  9  9]"
2024-11-25 19:16:35.573088,"(-60.0, -6.66)","(5600, 5600)","[17  6 19 20 20 19 23 22 22 22 22 22 22 22 20 21 17 18 16 17 14 15 13 13
 12 12 11 11 10 10 11 11 10 11 10 10 12 11 12 12 12 12 11 11 10 10 10 10
 11 10 11 11 11 11 12 12 12 12 11 11 10 10  9 10  9  9 10  9 11 11 14 11
 19 16 23 21 22 23 21 22 19 20 13 14 12 13 18 11 28 21 38 34 40 40 40 40
 39 39 37 38 32 35 26 29 20 24 19 19 16 17 14 15 13 13 20 18 24 22 27 26
 26 26 22 24 16 20 13 15]"
2024-11-25 19:16:56.840827,"(-30.0, -6.66)","(5600, 5600)","[17 10 19 20 19 19 21 21 22 21 22 22 22 22 20 21 19 19 17 18 14 16 13 13
 12 12 11 11 10 10 11 11 10 11 10 10 12 11 12 12 12 12 11 11 10 10 10 10
 11 10 11 11 11 11 12 12 12 12 11 11 10 10  9 10  9  9 10  9 11 11 10 11
  9  9  9  9 12 11 13 12 14 15 13 14 17 13 26 21 37 32 43 41 45 44 44 45
 42 44 39 41 34 36 30 32 26 28 20 20 18 19 17 18 24 17 28 27 31 29 33 32
 32 33 29 31 21 26 19 20]"
2024-11-25 19:17:18.106915,"(0.0, -6.66)","(5600, 5600)","[17 15 19 20 19 19 22 21 22 22 22 22 21 22 18 20 16 17 16 16 14 15 13 13
 12 12 11 11 10 10 11 11 10 11 10 10 12 11 12 12 12 12 11 11 10 10 10 10
 11 10 11 11 11 11 12 12 12 12 11 11 10 10  9 10  9  9 10  9 11 11 10 11
  9  9 15 14 12 15 13 12 14 15 18 18 22 20 28 26 31 29 38 33 44 41 45 45
 44 45 41 42 37 39 32 35 26 29 20 21 18 19 16 17 16 16 16 16 17 16 17 17
 17 17 16 17 15 16 13 14]"
2024-11-25 19:17:39.374890,"(30.0, -6.66)","(5600, 5600)","[17  7 19 20 22 20 24 24 23 24 23 23 22 23 21 22 19 20 19 19 16 17 13 14
 12 12 11 11 10 10 11 11 10 11 10 10 12 11 12 12 12 12 11 11 10 10 10 10
 11 10 11 11 11 11 12 12 12 12 11 11 15 10 14 15  9 14 10  9 11 11 10 11
  9  9  9  9 12 11 13 12 14 15 13 14 21 18 30 26 36 34 39 38 46 42 48 47
 47 48 44 46 39 41 32 35 28 30 22 22 21 22 20 21 20 19 20 20 19 20 18 19
 17 17 15 16 14 15 13 14]"
2024-11-25 19:18:00.637150,"(60.0, -6.66)","(5600, 5600)","[17  8 19 20 22 20 25 24 24 25 24 24 23 23 21 22 20 20 18 19 15 16 13 13
 12 12 11 11 10 10 11 11 10 11 10 10 12 11 12 12 12 12 11 11 10 10 10 10
 11 10 11 11 11 11 12 12 12 12 11 11 10 10 14 10 13 14 10  9 11 11 10 11
  9  9 15 13 12 16 13 12 20 15 23 22 22 23 22 20 31 25 40 36 44 43 45 45
 44 45 42 44 35 39 30 32 27 28 21 21 20 20 19 19 19 19 19 19 18 18 16 17
 15 16 14 15 13 14 12 12]"
2024-11-25 19:18:55.382545,"(-90.0, 10.0)","(5600, 5600)","[19 20 19 20 17 18 17 16 20 19 22 22 21 22 17 19 16 17 16 16 14 15 13 13
 12 12 11 11 10 10 11 11 10 11 10 10 12 11 12 12 12 12 11 11 10 10 10 10
 11 10 11 11 11 11 12 12 12 12 11 11 10 10  9 10  9  9 10  9 11 11 10 11
  9  9  9  9 12 11 13 12 14 15 13 14 12 13 17 11 26 20 42 33 57 50 62 60
 61 62 56 59 50 53 43 46 37 40 30 34 24 25 21 23 18 20 15 17 13 14 11 12
 10 10 20 13 33 27 38 36]"
2024-11-25 19:19:14.014962,"(-70.0, 10.0)","(5600, 5600)","[17 12 19 20 17 18 17 16 20 19 22 22 21 22 17 19 16 17 16 16 14 15 13 13
 12 12 11 11 10 10 11 11 10 11 10 10 12 11 12 12 12 12 11 11 10 10 10 10
 11 10 11 11 11 11 12 12 12 12 11 11 10 10  9 10  9  9 10  9 11 11 10 11
  9  9  9  9 12 11 13 12 14 15 13 14 13 13 23 17 35 30 44 40 46 45 45 46
 43 44 40 42 37 39 32 35 25 28 20 20 18 19 15 16 13 14 12 12 10 11  9 10
  9  9 15 14 15 15 16 14]"
2024-11-25 19:19:32.445669,"(-50.0, 10.0)","(5600, 5600)","[17 11 19 20 17 18 17 16 20 19 22 22 21 22 17 19 16 17 16 16 14 15 13 13
 12 12 11 11 10 10 11 11 10 11 10 10 12 11 12 12 12 12 11 11 10 10 10 10
 11 10 11 11 11 11 12 12 12 12 11 11 10 10 12 10 16 14 16 16 11 15 10 11
  9  9 15 13 12 15 13 12 14 15 13 14 12 13 11 11 26 10 41 35 47 45 47 47
 44 46 41 43 37 39 30 33 24 26 18 20 15 17 13 14 11 12 10 11 10 10  9  9
  9  9  8  8 17 14 19 18]"
2024-11-25 19:19:51.074682,"(-30.0, 10.0)","(5600, 5600)","[17 13 19 20 17 18 17 16 20 19 22 22 21 22 17 19 16 17 16 16 14 15 13 13
 12 12 11 11 10 10 11 11 10 11 10 10 12 11 12 12 12 12 11 11 10 10 10 10
 11 10 11 11 11 11 12 12 12 12 11 11 10 10  9 10  9  9 10  9 11 11 10 11
 17  9 32 25 40 37 40 40 37 39 32 34 29 31 26 27 28 25 41 33 49 45 49 49
 46 48 40 43 32 36 23 29 22 23 19 20 18 19 17 18 15 16 14 14 12 13 10 11
  9  9  8  8  9  9  9  9]"
2024-11-25 19:20:10.202774,"(-10.0, 10.0)","(5600, 5600)","[17 14 19 20 17 18 16 16 20 19 22 22 21 22 17 19 16 17 16 16 14 15 13 13
 12 12 11 11 10 10 11 11 10 11 10 10 12 11 12 12 12 12 11 11 10 10 10 10
 11 10 11 11 11 11 12 12 12 12 11 11 10 10  9 10  9  9 10  9 11 11 10 11
 22  9 38 32 42 41 41 42 38 39 35 37 30 33 26 27 23 24 21 23 34 27 38 37
 34 37 29 32 20 27 19 20 17 18 16 16 15 15 14 14 12 13 11 12 10 10  8  9
  7  8  8  7  9  9  9  9]"
2024-11-25 19:20:28.831428,"(10.0, 10.0)","(5600, 5600)","[17 14 19 20 17 18 16 16 20 19 22 22 21 22 17 19 16 17 16 16 14 15 13 13
 12 12 11 11 10 10 11 11 10 11 10 10 12 11 12 12 12 12 11 11 10 10 10 10
 11 10 11 11 11 11 12 12 12 12 11 11 10 10  9 10  9  9 10  9 12 11 16 16
 27 15 44 37 52 49 51 52 48 50 41 45 34 37 31 32 33 31 36 35 37 36 41 40
 39 41 34 37 30 32 24 28 22 23 18 20 15 16 13 14 12 12 11 12 11 11 10 11
  9 10  9  9  9  9  9  9]"
2024-11-25 19:20:47.458498,"(30.0, 10.0)","(5600, 5600)","[17  5 19 20 17 18 16 16 20 19 22 22 21 22 17 19 16 17 16 16 14 15 13 13
 12 12 11 11 10 10 11 11 10 11 10 10 12 11 12 12 12 12 11 11 10 10 10 10
 11 10 11 11 11 11 12 12 12 12 11 11 10 10  9 10  9  9 10  9 11 11 14 11
 27 18 42 35 50 46 50 50 47 49 42 45 35 38 30 32 32 29 40 36 42 41 40 41
 37 39 32 34 24 30 23 24 20 21 18 19 17 17 16 16 14 15 13 13 11 12  9 10
  8  8  8  8  9  9  9  9]"
2024-11-25 19:21:06.082799,"(50.0, 10.0)","(5600, 5600)","[17  5 19 20 17 18 16 16 20 19 22 22 21 22 17 19 16 17 16 16 14 15 13 13
 12 12 11 11 10 10 11 11 10 11 10 10 12 11 12 12 12 12 11 11 10 10 10 10
 11 10 11 11 11 11 12 12 12 12 11 11 10 10  9 10  9  9 10  9 11 11 18 11
 33 26 40 38 40 41 37 38 35 36 30 33 23 26 20 21 28 19 43 36 49 47 49 49
 44 47 37 40 29 33 22 26 20 21 17 19 16 16 14 15 13 13 11 12  9 10  8  8
  7  7  8  7  9  9  9  9]"
2024-11-25 19:21:25.730403,"(70.0, 10.0)","(5600, 5600)","[17 10 19 20 17 18 16 16 20 19 22 22 21 22 17 19 16 17 16 16 14 15 13 13
 12 12 11 11 10 10 11 11 10 11 10 10 12 11 12 12 12 12 11 11 10 10 10 10
 11 10 11 11 11 11 12 12 12 12 11 11 10 10  9 10  9  9 10  9 11 11 17 11
 34 28 42 39 42 42 38 41 32 34 27 30 22 24 21 20 31 23 42 38 42 42 39 40
 36 38 31 33 22 29 21 21 19 20 17 18 15 16 13 14 11 12 10 11  8  9  7  8
  7  7  8  7  9  9  9  9]"
2024-11-25 19:21:44.362810,"(90.0, 10.0)","(5600, 5600)","[17 13 19 20 17 18 16 16 20 19 22 22 21 22 17 19 16 17 16 16 14 15 13 13
 12 12 11 11 10 10 11 11 10 11 10 10 12 11 12 12 12 12 11 11 10 10 10 10
 11 10 11 11 11 11 12 12 12 12 11 11 10 10  9 10  9  9 10  9 11 11 13 11
 29 21 40 36 41 41 38 40 34 35 31 33 26 28 23 24 29 23 36 33 36 36 39 38
 36 39 32 34 30 31 22 27 21 21 18 20 15 17 12 14 11 12 10 11  8  9  7  8
  7  7  8  7  9  9  9  9]"
2024-11-25 19:22:42.965976,"(-70.0, -10.0)","(5600, 5600)","[17  7 19 20 17 18 16 15 20 19 22 22 21 22 17 19 16 17 16 16 14 15 13 13
 12 12 11 11 10 10 11 11 10 11 10 10 12 11 12 12 12 12 11 11 10 10 10 10
 11 10 11 11 11 11 12 12 12 12 11 11 10 10  9 10  9  9 10  9 11 11 10 11
 20  9 26 24 26 27 23 25 19 20 13 14 12 13 11 11 10 10 23 16 33 28 36 35
 34 35 32 33 28 30 24 26 21 23 16 16 14 15 12 13 11 12 10 11  9 10  8  9
  7  8  8  7  9  9  9  9]"
2024-11-25 19:23:01.393290,"(-50.0, -10.0)","(5600, 5600)","[17 11 19 20 16 18 16 15 20 19 22 22 21 22 17 19 16 17 16 16 14 15 13 13
 12 12 11 11 10 10 11 11 10 11 10 10 12 11 12 12 12 12 11 11 10 10 10 10
 11 10 11 11 11 11 12 12 12 12 11 11 10 10  9 10  9  9 10  9 11 11 10 11
  9  9 15 14 12 15 13 12 14 15 13 14 12 13 11 11 21 10 34 29 39 37 38 39
 34 36 29 32 24 26 20 22 15 19 14 15 12 13 11 11 11 12 16 15 11 16 11 11
 10 11  9 10  9  9  9  9]"
2024-11-25 19:23:20.021887,"(-30.0, -10.0)","(5600, 5600)","[17 12 19 20 16 18 16 15 20 19 22 22 21 22 17 19 16 17 16 16 14 15 13 13
 12 12 11 11 10 10 11 11 10 11 10 10 12 11 12 12 12 12 11 11 10 10 10 10
 11 10 11 11 11 11 12 12 12 12 11 11 10 10  9 10  9  9 10  9 11 11 10 11
 13  9 21 16 26 24 24 25 21 22 20 20 25 22 27 26 27 27 29 28 34 31 35 34
 33 34 32 33 29 30 26 27 23 24 18 18 16 17 15 16 13 14 13 13 12 13 12 12
 11 12 11 11 11 11 10 11]"
2024-11-25 19:23:38.653295,"(-10.0, -10.0)","(5600, 5600)","[17 11 19 20 16 18 16 15 20 19 22 22 21 22 17 19 16 17 16 16 14 15 13 13
 12 12 11 11 10 10 11 11 10 11 10 10 12 11 12 12 12 12 11 11 10 10 10 10
 11 10 11 11 11 11 12 12 12 12 11 11 10 10  9 10  9  9 10  9 11 11 10 11
  9  9 16 14 20 18 20 20 14 19 26 21 33 30 34 34 33 34 30 32 29 29 29 29
 31 29 32 32 30 31 25 28 18 23 16 17 14 15 12 13 11 12 10 11 10 10 10 10
 10 10 10 10 10 10 10 10]"
2024-11-25 19:23:57.280481,"(10.0, -10.0)","(5600, 5600)","[17  9 19 20 16 18 16 15 20 19 22 22 21 22 17 19 16 17 16 16 14 15 13 13
 12 12 11 11 10 10 11 11 10 11 10 10 12 11 12 12 12 12 11 11 10 10 10 10
 11 10 11 11 11 11 12 12 12 12 11 11 10 10  9 10  9  9 10  9 11 11 10 11
  9  9  9  9 12 11 13 12 19 15 31 24 38 35 39 39 38 39 36 37 37 36 41 39
 41 41 39 40 34 37 30 32 28 29 26 27 20 21 18 20 16 17 15 15 13 14 12 12
 11 11 10 11  9 10  9  9]"
2024-11-25 19:24:16.926012,"(30.0, -10.0)","(5600, 5600)","[17 10 19 20 16 18 16 15 20 19 22 22 21 22 17 19 16 17 16 16 14 15 13 13
 12 12 11 11 10 10 11 11 10 11 10 10 12 11 12 12 12 12 11 11 10 10 10 10
 11 10 11 11 11 11 12 12 12 12 11 11 10 10  9 10  9  9 10  9 11 11 10 11
  9  9  9  9 12 11 13 12 14 15 23 17 29 26 39 34 45 44 46 46 44 44 44 44
 43 44 41 42 38 40 35 37 34 34 33 33 29 31 22 26 20 21 18 19 16 17 14 15
 13 14 12 12 11 11 10 10]"
2024-11-25 19:24:35.555011,"(50.0, -10.0)","(5600, 5600)","[17 10 19 20 16 18 16 15 20 19 22 22 21 22 17 19 16 17 16 16 14 15 13 13
 12 12 11 11 10 10 11 11 10 11 10 10 12 11 12 12 12 12 11 11 10 10 10 10
 11 10 11 11 11 11 12 12 12 12 11 11 10 10  9 10  9  9 10  9 11 11 10 11
  9  9 16 12 18 17 13 17 14 15 13 14 21 18 32 27 37 36 36 37 34 35 36 34
 38 38 38 38 35 37 31 33 28 28 26 27 20 26 20 20 19 19 18 18 15 17 13 14
 11 12 10 10  9 10  9  9]"
2024-11-25 19:24:55.200829,"(70.0, -10.0)","(5600, 5600)","[17 10 19 20 16 18 16 15 20 19 22 22 21 22 17 19 16 17 16 16 14 15 13 13
 12 12 11 11 10 10 11 11 10 11 10 10 12 11 12 12 12 12 11 11 10 10 10 10
 11 10 11 11 11 11 12 12 12 12 11 11 10 10  9 10  9  9 10  9 11 11 10 11
  9  9  9  9 12 11 13 12 14 15 13 14 12 13 11 11 16 10 28 21 36 33 36 36
 35 35 35 35 33 34 30 31 26 28 22 24 17 17 14 16 12 13 10 11  9  9  8  8
  7  7  8  7 20 16 22 21]"
2024-11-25 19:25:53.285321,"(-90.0, 13.33)","(5600, 5600)","[19 20 19 20 16 18 16 15 20 19 22 22 21 22 17 19 16 17 16 16 14 15 13 13
 12 12 11 11 10 10 11 11 10 11 10 10 12 11 12 12 12 12 11 11 10 10 10 10
 11 10 11 11 11 11 12 12 12 12 11 11 10 10  9 10  9  9 10  9 11 11 10 11
  9  9  9  9 12 11 13 12 14 15 13 14 16 13 25 19 36 32 38 38 49 43 58 55
 58 59 56 57 50 53 44 47 37 40 29 33 23 24 21 22 18 20 16 17 13 14 11 12
  9 10  9  9 15 13 16 16]"
2024-11-25 19:26:10.495663,"(-75.0, 13.33)","(5600, 5600)","[17 11 19 20 16 18 16 15 20 19 22 22 21 22 17 19 16 17 16 16 14 15 13 13
 12 12 11 11 10 10 11 11 10 11 10 10 12 11 12 12 12 12 11 11 10 10 10 10
 11 10 11 11 11 11 12 12 12 12 11 11 10 10  9 10  9  9 10  9 11 11 10 11
  9  9  9  9 12 11 13 12 14 15 13 14 21 16 37 30 48 44 51 51 51 51 50 50
 48 49 44 46 40 42 37 39 32 35 27 29 22 23 20 21 18 19 16 17 14 15 12 13
 10 11 10 10 10 10 10 10]"
2024-11-25 19:26:27.704162,"(-60.0, 13.33)","(5600, 5600)","[17  8 19 20 16 18 16 15 20 19 22 22 21 22 17 19 16 17 16 16 14 15 13 13
 12 12 11 11 10 10 11 11 10 11 10 10 12 11 12 12 12 12 11 11 10 10 10 10
 11 10 11 11 11 11 12 12 12 12 11 11 10 10 16 10 18 18 17 18 11 17 10 11
  9  9  9  9 12 11 13 12 14 15 13 14 14 13 31 23 43 39 48 46 53 50 54 54
 52 53 48 50 44 46 38 42 31 35 23 24 20 22 17 18 14 15 12 13 10 11  8  9
 12  7 19 16 21 21 18 20]"
2024-11-25 19:26:44.917682,"(-45.0, 13.33)","(5600, 5600)","[17  8 19 20 16 18 16 15 20 19 22 22 21 22 17 19 16 17 16 16 14 15 13 13
 12 12 11 11 10 10 11 11 10 11 10 10 12 11 12 12 12 12 11 11 10 10 10 10
 11 10 11 11 11 11 12 12 12 12 11 11 10 10 11 10 16 15 16 17 11 16 10 11
  9  9  9  9 12 11 13 12 14 15 13 14 12 13 11 11 17 10 31 23 41 37 44 43
 42 44 36 40 33 34 30 32 27 29 23 25 18 18 15 17 13 14 11 12 10 10  8  9
  7  7  8  7 17 13 16 17]"
2024-11-25 19:27:02.120531,"(-30.0, 13.33)","(5600, 5600)","[17  7 19 20 16 18 16 15 20 19 22 22 21 22 17 19 16 17 16 16 14 15 13 13
 12 12 11 11 10 10 11 11 10 11 10 10 12 11 12 12 12 12 11 11 10 10 10 10
 11 10 11 11 11 11 12 12 12 12 11 11 10 10  9 10 13  9 13 13 11 11 10 11
 17  9 30 23 38 34 40 40 39 40 34 37 30 32 27 29 26 26 28 26 37 32 42 40
 43 43 39 42 36 38 33 35 28 31 21 23 18 20 14 16 12 13 11 12 10 11  9 10
  8  9  8  8  9  9  9  9]"
2024-11-25 19:27:19.328449,"(-15.0, 13.33)","(5600, 5600)","[17 12 19 20 16 18 16 15 20 19 22 22 21 22 17 19 16 17 16 16 14 15 13 13
 12 12 11 11 10 10 11 11 10 11 10 10 12 11 12 12 12 12 11 11 10 10 10 10
 11 10 11 11 11 11 12 12 12 12 11 11 10 10  9 10  9  9 10  9 11 11 10 11
 17  9 31 24 41 37 44 43 42 43 38 40 35 36 32 34 28 30 24 26 24 23 30 27
 32 32 30 31 28 29 26 27 20 25 19 20 16 17 14 15 13 14 12 13 11 11  9 10
  8  9  8  8  9  9  9  9]"
2024-11-25 19:27:36.536982,"(0.0, 13.33)","(5600, 5600)","[17 12 19 20 16 18 16 15 20 19 22 22 21 22 17 19 16 17 16 16 14 15 13 13
 12 12 11 11 10 10 11 11 10 11 10 10 12 11 12 12 12 12 11 11 10 10 10 10
 11 10 11 11 11 11 12 12 12 12 11 11 10 10  9 10  9  9 10  9 11 11 13 11
 26 17 42 35 49 47 49 49 45 48 40 43 34 37 27 30 23 24 27 24 34 30 34 34
 32 34 30 31 27 28 21 25 19 20 17 18 15 16 13 14 12 13 11 11  9 10  8  9
  7  7  8  7  9  9  9  9]"
2024-11-25 19:27:53.743660,"(15.0, 13.33)","(5600, 5600)","[17  5 19 20 16 18 16 15 20 19 22 22 21 22 17 19 16 17 16 16 14 15 13 13
 12 12 11 11 10 10 11 11 10 11 10 10 12 11 12 12 12 12 11 11 10 10 10 10
 11 10 11 11 11 11 12 12 12 12 11 11 10 10  9 10  9  9 10  9 11 11 10 11
 27 16 45 38 53 50 53 53 50 52 46 48 42 44 38 40 33 35 33 32 40 37 41 41
 39 41 35 38 31 34 25 29 22 23 18 20 15 17 12 14 11 12 10 11 10 10  9 10
  9  9  9  9  9  9  9  9]"
2024-11-25 19:28:10.951934,"(30.0, 13.33)","(5600, 5600)","[17 11 19 20 16 18 16 15 20 19 22 22 21 22 17 19 16 17 16 16 14 15 13 13
 12 12 11 11 10 10 11 11 10 11 10 10 12 11 12 12 12 12 11 11 10 10 10 10
 11 10 11 11 11 11 12 12 12 12 11 11 10 10  9 10  9  9 10  9 11 11 11 11
 21 15 32 27 36 35 35 36 33 35 31 32 26 29 22 24 20 20 31 24 40 36 42 42
 40 42 35 38 30 33 21 27 20 21 18 19 17 17 14 16 12 13 10 11  8  9  7  8
  7  7  8  7  9  9  9  9]"
2024-11-25 19:28:29.175313,"(45.0, 13.33)","(5600, 5600)","[17 10 19 20 16 18 16 15 20 19 22 22 21 22 17 19 16 17 16 16 14 15 13 13
 12 12 11 11 10 10 11 11 10 11 10 10 12 11 12 12 12 12 11 11 10 10 10 10
 11 10 11 11 11 11 12 12 12 12 11 11 10 10  9 10  9  9 10  9 11 11 10 11
  9  9 15 12 25 20 26 26 23 25 19 21 17 18 11 16 17 10 28 22 32 31 31 32
 29 30 27 28 24 26 22 23 16 20 15 16 13 14 11 12 11 12 10 11  8  9  7  8
  7  7  8  7  9  9  9  9]"
2024-11-25 19:28:46.379395,"(60.0, 13.33)","(5600, 5600)","[17 11 19 20 16 18 16 15 20 19 22 22 21 22 17 19 16 17 16 16 14 15 13 13
 12 12 11 11 10 10 11 11 10 11 10 10 12 11 12 12 12 12 11 11 10 10 10 10
 11 10 11 11 11 11 12 12 12 12 11 11 10 10  9 10  9  9 10  9 11 11 14 11
 28 20 37 33 37 37 35 36 32 34 25 29 21 23 18 20 14 16 19 16 26 23 27 27
 26 27 22 24 16 21 16 16 16 16 14 15 13 14 12 12 11 12 10 11  8  9  8  8
  8  8  8  8  9  9  9  9]"
2024-11-25 19:29:03.589880,"(75.0, 13.33)","(5600, 5600)","[17 11 19 20 16 18 16 15 20 19 22 22 21 22 17 19 16 17 16 16 14 15 13 13
 12 12 11 11 10 10 11 11 10 11 10 10 12 11 12 12 12 12 11 11 10 10 10 10
 11 10 11 11 11 11 12 12 12 12 11 11 10 10  9 10  9  9 10  9 11 11 15 11
 21 20 34 25 41 39 39 41 35 36 32 34 29 31 25 27 21 22 23 22 25 25 26 26
 24 25 21 23 18 18 16 17 15 16 13 14 11 12 11 11 11 12 10 11  8  9  8  8
  7  7  8  7  9  9  9  9]"
2024-11-25 19:29:20.802527,"(90.0, 13.33)","(5600, 5600)","[17  8 19 20 16 18 16 15 20 19 22 22 21 22 17 19 16 17 16 16 14 15 13 13
 12 12 11 11 10 10 11 11 10 11 10 10 12 11 12 12 12 12 11 11 10 10 10 10
 11 10 11 11 11 11 12 12 12 12 11 11 10 10  9 10  9  9 10  9 11 11 11 11
 25 16 40 34 45 43 44 45 42 44 36 39 31 33 26 28 22 24 17 17 17 17 17 18
 17 17 16 16 14 15 13 14 11 12 10 11  9  9 11 10 11 12 10 11  8  9  7  8
  7  7  8  7  9  9  9  9]"
2024-11-25 19:30:19.810795,"(-75.0, -13.33)","(5600, 5600)","[17  9 19 20 16 18 17 15 23 22 23 23 21 22 17 19 16 17 16 16 14 15 13 13
 12 12 11 11 10 10 11 11 10 11 10 10 12 11 12 12 12 12 11 11 10 10 10 10
 11 10 11 11 11 11 12 12 12 12 11 11 10 10  9 10  9  9 10  9 11 11 10 11
 19  9 30 25 33 32 31 32 28 30 23 25 19 21 13 17 13 13 28 20 39 35 42 42
 40 42 35 38 31 33 27 29 24 25 20 20 18 19 16 17 14 15 13 14 11 12 10 10
  8  9  8  8  9  9  9  9]"
2024-11-25 19:30:37.024231,"(-60.0, -13.33)","(5600, 5600)","[17 13 19 20 16 18 16 15 20 19 22 22 21 22 17 19 16 17 16 16 14 15 13 13
 12 12 11 11 10 10 11 11 10 11 10 10 12 11 12 12 12 12 11 11 10 10 10 10
 11 10 11 11 11 11 12 12 12 12 11 11 10 10  9 10  9  9 10  9 11 11 10 11
  9  9  9  9 12 11 13 12 14 15 13 14 12 13 11 11 20 10 35 27 43 39 45 45
 44 45 38 42 33 35 28 30 23 26 18 18 16 17 15 15 14 14 13 13 12 12 10 11
  8  9  8  8  9  9  9  9]"
2024-11-25 19:30:54.235974,"(-45.0, -13.33)","(5600, 5600)","[17 13 19 20 16 18 16 15 20 19 22 22 21 22 17 19 16 17 16 16 14 15 13 13
 12 12 11 11 10 10 11 11 10 11 10 10 12 11 12 12 12 12 11 11 10 10 10 10
 11 10 11 11 11 11 12 12 12 12 11 11 10 10  9 10  9  9 10  9 11 11 10 11
  9  9  9  9 12 11 13 12 14 15 13 14 12 13 11 11 19 10 30 25 31 31 31 31
 30 31 28 29 25 26 20 22 13 18 12 13 10 11 11 10 11 12 10 11  9  9  9  9
  9  9  9  9  9  9  9  9]"
2024-11-25 19:31:12.456392,"(-30.0, -13.33)","(5600, 5600)","[17 10 19 20 16 18 16 15 20 19 22 22 21 22 17 19 16 17 16 16 14 15 13 13
 12 12 11 11 10 10 11 11 10 11 10 10 12 11 12 12 12 12 11 11 10 10 10 10
 11 10 11 11 11 11 12 12 12 12 11 11 10 10  9 10  9  9 10  9 11 11 10 11
 16  9 21 19 22 22 21 22 21 21 21 21 21 21 21 21 20 21 28 21 35 32 35 36
 31 35 27 29 23 25 17 21 16 17 15 16 14 15 13 13 12 12 11 12 11 11 11 11
 10 11  9  9  9  9  9  9]"
2024-11-25 19:31:29.664124,"(-15.0, -13.33)","(5600, 5600)","[17  9 19 20 16 18 16 15 20 19 22 22 21 22 17 19 16 17 16 16 14 15 13 13
 12 12 11 11 10 10 11 11 10 11 10 10 12 11 12 12 12 12 11 11 10 10 10 10
 11 10 11 11 11 11 12 12 12 12 11 11 10 10  9 10  9  9 10  9 11 11 13 11
 22 17 28 25 28 28 28 28 30 27 34 33 34 34 32 33 31 31 30 30 32 31 36 35
 33 35 29 31 27 28 20 26 20 20 19 20 17 18 16 16 16 16 16 16 16 16 15 16
 13 15 11 12  9 10  9  9]"
2024-11-25 19:31:46.870958,"(0.0, -13.33)","(5600, 5600)","[17  6 19 20 16 18 16 15 20 19 22 22 21 22 17 19 16 17 16 16 14 15 13 13
 12 12 11 11 10 10 11 11 10 11 10 10 12 11 12 12 12 12 11 11 10 10 10 10
 11 10 11 11 11 11 12 12 12 12 11 11 10 10  9 10  9  9 10  9 11 11 10 11
  9  9 15 12 12 16 13 12 14 15 19 17 30 25 29 30 25 26 24 24 28 25 29 29
 28 29 25 26 23 24 20 22 15 19 14 15 14 14 14 14 13 13 12 13 11 11 11 11
 11 11 11 11 10 11 10 10]"
2024-11-25 19:32:04.576583,"(15.0, -13.33)","(5600, 5600)","[17 10 19 20 16 18 16 15 20 19 22 22 21 22 17 19 16 17 16 16 14 15 13 13
 12 12 11 11 10 10 11 11 10 11 10 10 12 11 12 12 12 12 11 11 10 10 10 10
 11 10 11 11 11 11 12 12 12 12 11 11 10 10  9 10  9  9 10  9 11 11 10 11
  9  9  9  9 12 11 13 12 14 15 13 14 28 23 33 32 32 33 30 31 27 28 28 27
 30 30 29 30 27 28 24 26 21 22 17 17 17 17 17 17 17 17 17 17 17 17 17 17
 15 16 14 15 13 13 12 12]"
2024-11-25 19:32:21.785879,"(30.0, -13.33)","(5600, 5600)","[17 11 19 20 16 18 16 15 20 19 22 22 21 22 17 19 16 17 16 16 14 15 13 13
 12 12 11 11 10 10 11 11 10 11 10 10 12 11 12 12 12 12 11 11 10 10 10 10
 11 10 11 11 11 11 12 12 12 12 11 11 10 10  9 10  9  9 10  9 11 11 10 11
  9  9  9  9 12 11 13 12 24 15 34 30 39 37 40 39 42 42 41 42 40 41 40 40
 40 40 39 39 36 38 30 33 22 27 22 22 22 22 22 22 22 22 22 22 21 22 18 19
 17 17 16 17 15 16 13 14]"
2024-11-25 19:32:38.990915,"(45.0, -13.33)","(5600, 5600)","[17  9 19 20 16 18 16 15 20 19 22 22 21 22 17 19 16 17 16 16 14 15 13 13
 12 12 11 11 10 10 11 11 10 11 10 10 12 11 12 12 12 12 11 11 10 10 10 10
 11 10 11 11 11 11 12 12 12 12 11 11 10 10  9 10  9  9 10  9 11 11 10 11
  9  9 14 13 12 15 16 12 25 21 31 28 32 32 33 32 34 34 33 33 35 33 37 37
 36 36 35 35 32 34 28 30 26 27 25 25 20 20 18 19 17 18 15 16 15 15 15 15
 14 15 13 14 12 13 10 11]"
2024-11-25 19:32:56.198944,"(60.0, -13.33)","(5600, 5600)","[17  8 19 20 16 18 17 15 21 20 22 22 21 22 17 19 16 17 16 16 14 15 13 13
 12 12 11 11 10 10 11 11 10 11 10 10 12 11 12 12 12 12 11 11 10 10 10 10
 11 10 11 11 11 11 12 12 12 12 11 11 10 10  9 10  9  9 10  9 11 11 10 11
  9  9  9  9 12 11 13 12 14 15 13 14 12 13 14 11 23 21 22 24 36 28 43 41
 43 43 40 42 37 39 35 36 32 34 28 30 19 26 19 19 17 18 15 16 13 14 12 12
 11 11 10 10 21 17 23 23]"
2024-11-25 19:33:13.410217,"(75.0, -13.33)","(5600, 5600)","[17  5 19 20 16 18 17 15 21 20 22 22 21 22 17 19 16 17 16 16 14 15 13 13
 12 12 11 11 10 10 11 11 10 11 10 10 12 11 12 12 12 12 11 11 10 10 10 10
 11 10 11 11 11 11 12 12 12 12 11 11 10 10  9 10  9  9 10  9 11 11 10 11
  9  9  9  9 12 11 13 12 14 15 13 14 12 13 15 11 21 17 31 25 42 36 45 44
 44 45 39 42 33 36 29 31 25 27 18 19 17 18 17 17 17 17 17 17 16 17 15 16
 13 14 13 13 26 20 29 28]"
2024-11-25 19:34:12.423663,"(-90.0, 16.66)","(5600, 5600)","[20 19 21 22 18 20 16 16 20 19 22 22 21 22 17 19 16 17 16 16 14 15 13 13
 12 12 11 11 10 10 11 11 10 11 10 10 12 11 12 12 12 12 11 11 10 10 10 10
 11 10 11 11 11 11 12 12 12 12 11 11 10 10 23 17 30 27 31 31 29 30 24 26
 20 22 18 19 12 17 13 12 14 15 13 14 20 16 23 21 33 24 49 41 56 53 56 56
 53 55 49 51 42 46 37 40 33 35 29 31 23 25 20 22 16 17 12 14 10 11  9 10
  9  9  8  8 14  9 16 16]"
2024-11-25 19:34:28.821936,"(-78.0, 16.66)","(5600, 5600)","[22 19 24 24 20 22 17 18 20 19 22 22 21 22 17 19 16 17 16 16 14 15 13 13
 12 12 11 11 10 10 11 11 10 11 10 10 12 11 12 12 12 12 11 11 10 10 10 10
 11 10 11 11 11 11 12 12 12 12 11 11 11 10 23 18 29 27 29 29 26 28 22 24
 19 20 16 18 12 12 13 12 14 15 13 14 24 20 33 29 43 38 51 47 55 53 54 54
 51 53 47 50 42 45 38 40 34 36 28 31 24 25 21 22 18 19 16 17 14 15 12 13
 10 11 10 10 16 15 19 18]"
2024-11-25 19:34:45.219175,"(-66.0, 16.66)","(5600, 5600)","[18 16 19 20 16 18 16 15 20 19 22 22 21 22 17 19 16 17 16 16 14 15 13 13
 12 12 11 11 10 10 11 11 10 11 10 10 12 11 12 12 12 12 11 11 10 10 10 10
 11 10 11 11 11 11 12 12 12 12 11 11 22 14 34 29 39 38 38 38 34 36 30 32
 25 27 21 22 14 20 14 14 14 15 13 14 20 18 31 25 41 38 45 44 45 45 45 45
 44 44 42 43 38 40 32 35 24 29 21 23 18 20 15 16 13 14 11 12 10 11  9 10
  9  9  9  9 15 14 15 15]"
2024-11-25 19:35:01.412067,"(-54.0, 16.66)","(5600, 5600)","[17 13 19 20 16 18 16 15 20 19 22 22 21 22 17 19 16 17 16 16 14 15 13 13
 12 12 11 11 10 10 11 11 10 11 10 10 12 11 12 12 12 12 11 11 10 10 10 10
 11 10 11 11 11 11 12 12 12 12 11 11 21 14 33 28 37 37 35 36 32 34 28 30
 24 26 20 22 14 19 14 14 14 15 13 14 12 13 12 12 18 12 32 23 42 38 43 43
 40 42 36 38 32 34 26 28 19 23 17 18 15 16 13 14 11 12 10 11  9  9  8  8
  8  8 15 13 18 17 17 17]"
2024-11-25 19:35:17.605473,"(-42.0, 16.66)","(5600, 5600)","[17  8 19 20 16 18 16 15 20 19 22 22 21 22 17 19 16 17 16 16 14 15 13 13
 12 12 11 11 10 10 11 11 10 11 10 10 12 11 12 12 12 12 11 11 10 10 10 10
 11 10 11 11 11 11 12 12 12 12 11 11 10 10 12 10 16 16 17 16 11 16 10 11
  9  9 16 14 19 17 18 19 14 17 13 14 12 13 11 11 10 10 26 16 41 34 46 44
 44 46 39 42 35 37 31 33 27 29 23 25 19 19 17 18 14 15 11 12  9 10  8  9
  8  8  8  8  9  9 12  9]"
2024-11-25 19:35:33.795990,"(-30.0, 16.66)","(5600, 5600)","[17  9 19 20 16 18 16 15 20 19 22 22 21 22 17 19 16 17 16 16 14 15 13 13
 12 12 11 11 10 10 11 11 10 11 10 10 12 11 12 12 12 12 11 11 10 10 10 10
 11 10 11 11 11 11 12 12 12 12 11 11 10 10  9 10  9  9 10  9 11 11 10 11
  9  9  9  9 23 17 26 26 25 26 23 24 22 23 19 20 18 18 23 19 32 28 37 35
 40 38 40 40 37 38 33 35 29 31 24 26 19 20 17 18 15 16 13 14 12 13 11 11
  9 10  9  9  9  9 13  9]"
2024-11-25 19:35:49.990972,"(-18.0, 16.66)","(5600, 5600)","[17  8 19 20 16 18 16 15 20 19 22 22 21 22 17 19 16 17 16 16 14 15 13 13
 12 12 11 11 10 10 11 11 10 11 10 10 12 11 12 12 12 12 11 11 10 10 10 10
 11 10 11 11 11 11 12 12 12 12 11 11 10 10  9 10  9  9 10  9 11 11 10 11
  9  9 27 17 39 34 41 41 40 41 39 39 37 38 32 34 28 29 25 26 30 27 44 38
 47 47 45 46 41 43 35 38 30 33 23 24 21 22 18 19 15 16 13 14 11 12 10 10
  8  9  8  8  9  9  9  9]"
2024-11-25 19:36:06.886373,"(-6.0, 16.66)","(5600, 5600)","[17 14 19 20 16 18 16 15 20 19 22 22 21 22 17 19 16 17 16 16 14 15 13 13
 12 12 11 11 10 10 11 11 10 11 10 10 12 11 12 12 12 12 11 11 10 10 10 10
 11 10 11 11 11 11 12 12 12 12 11 11 10 10  9 10  9  9 10  9 11 11 10 11
 18  9 33 25 41 38 41 41 40 41 36 38 32 34 25 29 20 22 16 16 16 15 24 20
 27 28 26 27 24 25 21 23 16 20 15 15 13 14 13 13 12 12 10 11  9 10  9  9
  8  9  8  8  9  9  9  9]"
2024-11-25 19:36:24.299468,"(6.0, 16.66)","(5600, 5600)","[18 17 19 20 16 18 16 15 20 19 22 22 21 22 17 19 16 17 16 16 14 15 13 13
 12 12 11 11 10 10 11 11 10 11 10 10 12 11 12 12 12 12 11 11 10 10 10 10
 11 10 11 11 11 11 12 12 12 12 11 11 10 10  9 10  9  9 10  9 11 11 16 11
 30 20 47 40 56 52 57 57 55 56 50 53 44 47 38 41 31 35 27 28 23 23 23 23
 21 22 19 20 17 18 16 17 14 15 13 13 11 12 11 11 11 12 10 11  9  9  8  8
  7  7  8  7  9  9  9  9]"
2024-11-25 19:36:40.694137,"(18.0, 16.66)","(5600, 5600)","[17  6 19 20 16 18 16 15 20 19 22 22 21 22 17 19 16 17 16 16 14 15 13 13
 12 12 11 11 10 10 11 11 10 11 10 10 12 11 12 12 12 12 11 11 10 10 10 10
 11 10 11 11 11 11 12 12 12 12 11 11 10 10  9 10  9  9 10  9 11 11 10 11
 23  9 42 34 51 47 52 52 50 52 46 49 41 44 35 38 29 32 26 27 28 27 34 32
 35 36 33 34 29 31 23 27 22 23 19 20 16 18 14 15 13 13 11 12 10 10  9  9
  8  8  8  8  9  9  9  9]"
2024-11-25 19:36:57.088502,"(30.0, 16.66)","(5600, 5600)","[17  6 19 20 16 18 16 15 20 19 22 22 21 22 17 19 16 17 16 16 14 15 13 13
 12 12 11 11 10 10 11 11 10 11 10 10 12 11 12 12 12 12 11 11 10 10 10 10
 11 10 11 11 11 11 12 12 12 12 11 11 10 10  9 10  9  9 10  9 11 11 10 11
 14  9 21 17 25 23 26 26 25 26 22 24 18 20 16 17 11 15 20 16 21 21 21 22
 23 20 25 25 24 25 23 24 20 21 15 15 14 14 12 13 11 12 10 11  8  9  8  8
  7  7  8  7  9  9  9  9]"
2024-11-25 19:37:13.984356,"(42.0, 16.66)","(5600, 5600)","[17  8 19 20 16 18 16 15 20 19 22 22 21 22 17 19 16 17 16 16 14 15 13 13
 12 12 11 11 10 10 11 11 10 11 10 10 12 11 12 12 12 12 11 11 10 10 10 10
 11 10 11 11 11 11 12 12 12 12 11 11 10 10  9 10  9  9 10  9 11 11 10 11
 14  9 20 16 24 23 24 24 21 23 17 19 12 13 11 11 10 10 21 16 27 24 30 29
 29 30 25 28 20 23 14 18 13 14 12 13 11 11 11 11 11 12 10 11  8  9  7  8
  7  7  8  7  9  9  9  9]"
2024-11-25 19:37:30.386155,"(54.0, 16.66)","(5600, 5600)","[17 10 19 20 16 18 16 15 20 19 22 22 21 22 17 19 16 17 16 16 14 15 13 13
 12 12 11 11 10 10 11 11 10 11 10 10 12 11 12 12 12 12 11 11 10 10 10 10
 11 10 11 11 11 11 12 12 12 12 11 11 10 10  9 10  9  9 10  9 11 11 10 11
  9  9 15 14 23 19 25 25 23 25 19 21 12 17 11 11 10 10 10 10 13 10 24 19
 28 28 25 27 21 23 18 20 12 17 11 12  9 10 11 10 11 12 10 11  8  9  7  8
  7  7  8  7  9  9  9  9]"
2024-11-25 19:37:46.779906,"(66.0, 16.66)","(5600, 5600)","[17  9 19 20 16 18 16 15 20 19 22 22 21 22 17 19 16 17 16 16 14 15 13 13
 12 12 11 11 10 10 11 11 10 11 10 10 12 11 12 12 12 12 11 11 10 10 10 10
 11 10 11 11 11 11 12 12 12 12 11 11 10 10  9 10  9  9 10  9 11 11 15 11
 26 22 27 28 28 27 33 32 30 32 25 28 19 22 13 17 12 13 11 12 24 18 33 30
 33 33 28 31 24 26 20 22 15 19 14 15 12 13 11 11 11 12 10 11  9  9  8  8
  7  7  8  7  9  9  9  9]"
2024-11-25 19:38:02.975078,"(78.0, 16.66)","(5600, 5600)","[19 19 19 20 16 18 16 15 20 19 22 22 21 22 17 19 16 17 16 16 14 15 13 13
 12 12 11 11 10 10 11 11 10 11 10 10 12 11 12 12 12 12 11 11 10 10 10 10
 11 10 11 11 11 11 12 12 12 12 11 11 10 10  9 10  9  9 10  9 11 11 15 11
 31 23 45 38 53 50 54 54 52 54 45 49 39 42 33 36 28 29 27 27 30 29 31 30
 30 31 28 30 22 26 20 21 17 18 14 16 12 13 11 11 11 12 10 11  8  9  7  8
  7  7  8  7  9  9  9  9]"
2024-11-25 19:38:19.370606,"(90.0, 16.66)","(5600, 5600)","[23 25 22 23 19 21 17 17 20 19 22 22 21 22 17 19 16 17 16 16 14 15 13 13
 12 12 11 11 10 10 11 11 10 11 10 10 12 11 12 12 12 12 11 11 12 10 19 16
 20 20 18 19 16 17 12 15 12 12 11 11 10 10  9 10  9  9 10  9 11 11 11 11
 27 16 46 38 56 52 57 57 55 56 52 54 48 50 42 45 36 39 34 35 32 32 34 33
 36 36 34 35 26 32 24 25 21 23 18 20 15 17 13 14 11 12 10 11  9  9  8  9
  7  8  8  8  9  9  9  9]"
2024-11-25 19:39:19.194526,"(-78.0, -16.66)","(5600, 5600)","[17  7 19 20 16 18 16 15 20 19 22 22 21 22 17 19 16 17 16 16 14 15 13 13
 12 12 11 11 10 10 11 11 10 11 10 10 12 11 12 12 12 12 11 11 13 10 15 15
 14 15 11 11 11 11 12 12 12 12 11 11 10 10  9 10  9  9 10  9 11 11 10 11
 14  9 25 20 31 29 30 30 27 28 23 25 19 21 12 17 16 12 25 19 35 30 39 37
 38 39 34 36 29 31 25 27 18 23 18 18 16 17 14 15 12 13 10 11  9 10  8  8
  7  8  8  7  9  9  9  9]"
2024-11-25 19:39:35.392291,"(-66.0, -16.66)","(5600, 5600)","[17  6 19 20 16 18 16 15 20 19 22 22 21 22 17 19 16 17 16 16 14 15 13 13
 12 12 11 11 10 10 11 11 10 11 10 10 12 11 12 12 12 12 11 11 10 10 10 10
 11 10 11 11 11 11 12 12 12 12 11 11 10 10  9 10  9  9 10  9 11 11 10 11
 12  9 21 16 24 23 23 24 19 21 13 14 12 13 11 11 10 10 22 14 36 29 41 39
 40 41 35 38 28 31 23 26 17 21 17 17 15 16 14 15 12 13 11 11 10 10  8  9
  8  8  8  8  9  9  9  9]"
2024-11-25 19:39:51.586304,"(-54.0, -16.66)","(5600, 5600)","[17 13 19 20 16 18 16 15 20 19 22 22 21 22 17 19 16 17 16 16 14 15 13 13
 12 12 11 11 10 10 11 11 10 11 10 10 12 11 12 12 12 12 11 11 10 10 10 10
 11 10 11 11 11 11 12 12 12 12 11 11 10 10  9 10  9  9 10  9 11 11 10 11
  9  9  9  9 12 11 13 12 14 15 13 14 12 13 11 11 10 10 22 13 35 29 40 38
 39 40 35 37 29 32 24 26 20 21 15 15 14 14 12 13 11 12 11 11 11 11 11 11
 10 10  9  9  9  9  9  9]"
2024-11-25 19:40:07.782036,"(-42.0, -16.66)","(5600, 5600)","[17 10 19 20 16 18 16 15 20 19 22 22 21 22 17 19 16 17 16 16 14 15 13 13
 12 12 11 11 10 10 11 11 10 11 10 10 12 11 12 12 12 12 11 11 10 10 10 10
 11 10 11 11 11 11 12 12 12 12 11 11 10 10  9 10  9  9 10  9 11 11 10 11
 13  9 20 17 20 20 19 20 14 18 13 14 12 13 11 11 17 10 28 23 36 33 41 40
 41 42 38 40 32 35 26 29 21 23 16 17 13 15 12 12 11 12 11 11 10 11  9 10
  9  9  9  9  9  9  9  9]"
2024-11-25 19:40:23.977054,"(-30.0, -16.66)","(5600, 5600)","[17 13 19 20 16 18 16 15 20 19 22 22 21 22 17 19 16 17 16 16 14 15 13 13
 12 12 11 11 10 10 11 11 10 11 10 10 12 11 12 12 12 12 11 11 10 10 10 10
 11 10 11 11 11 11 12 12 12 12 11 11 10 10  9 10  9  9 10  9 11 11 10 11
  9  9  9  9 12 11 13 12 14 15 13 14 18 17 18 18 18 18 25 20 32 29 38 35
 40 40 37 39 31 34 27 29 23 25 17 17 15 16 13 14 12 12 12 12 12 12 10 11
 10 10 10 10  9 10  9  9]"
2024-11-25 19:40:40.371960,"(-18.0, -16.66)","(5600, 5600)","[17  9 19 20 16 18 16 15 20 19 22 22 21 22 17 19 16 17 16 16 14 15 13 13
 12 12 11 11 10 10 11 11 10 11 10 10 12 11 12 12 12 12 11 11 10 10 10 10
 11 10 11 11 11 11 12 12 12 12 11 11 10 10  9 10  9  9 10  9 12 11 19 15
 24 23 23 24 21 22 22 20 30 26 35 33 34 35 33 34 32 33 30 31 28 29 33 31
 36 36 34 35 28 31 25 26 20 24 18 19 17 17 15 16 15 15 15 15 14 14 13 13
 12 12 12 12 12 12 11 12]"
2024-11-25 19:40:56.565721,"(-6.0, -16.66)","(5600, 5600)","[18 17 19 20 16 18 16 15 20 19 22 22 21 22 17 19 16 17 16 16 14 15 13 13
 12 12 11 11 10 10 11 11 10 11 10 10 12 11 12 12 12 12 11 11 10 10 10 10
 11 10 11 11 11 11 12 12 12 12 11 11 10 10  9 10  9  9 10  9 17 16 16 17
 19 15 23 22 27 24 39 33 49 45 51 51 51 51 46 49 39 43 34 36 33 33 32 33
 31 32 28 30 23 23 21 22 19 20 18 18 17 18 17 17 15 16 14 14 13 14 16 13
 22 20 23 23 22 23 19 20]"
2024-11-25 19:41:12.759749,"(6.0, -16.66)","(5600, 5600)","[17  6 19 20 16 18 16 15 20 19 22 22 21 22 17 19 16 17 16 16 14 15 13 13
 12 12 11 11 10 10 11 11 10 11 10 10 12 11 12 12 12 12 11 11 10 10 10 10
 11 10 11 11 11 11 12 12 12 12 11 11 10 10  9 10  9  9 10  9 11 11 10 11
  9  9 17 14 23 20 30 27 37 32 46 41 49 48 47 48 42 45 34 38 28 30 29 27
 33 32 32 33 30 31 25 28 21 23 18 20 17 18 17 17 17 17 16 16 24 21 24 23
 28 28 28 28 28 28 24 26]"
2024-11-25 19:41:29.975091,"(18.0, -16.66)","(5600, 5600)","[17  7 19 20 16 18 16 15 20 19 22 22 21 22 17 19 16 17 16 16 14 15 13 13
 12 12 11 11 10 10 11 11 10 11 10 10 12 11 12 12 12 12 11 11 10 10 10 10
 11 10 11 11 11 11 12 12 12 12 11 11 10 10  9 10  9  9 10  9 11 11 10 11
 16  9 25 21 27 26 25 26 28 23 39 34 40 40 39 39 38 38 37 37 35 36 33 35
 30 31 29 30 28 29 28 28 28 28 29 29 27 28 21 26 22 21 27 25 27 27 22 26
 21 21 20 20 19 20 17 18]"
2024-11-25 19:41:47.885702,"(30.0, -16.66)","(5600, 5600)","[17  8 19 20 16 18 16 15 20 19 22 22 21 22 17 19 16 17 16 16 14 15 13 13
 12 12 11 11 10 10 11 11 10 11 10 10 12 11 12 12 12 12 11 11 10 10 10 10
 11 10 11 11 11 11 12 12 12 12 11 11 10 10  9 10  9  9 10  9 11 11 10 11
 16  9 24 20 27 26 26 27 27 26 33 29 34 33 40 37 43 43 42 42 41 42 41 41
 41 41 39 40 36 38 34 35 32 33 31 32 24 30 24 24 23 23 21 22 18 20 20 18
 25 24 26 26 25 25 19 24]"
2024-11-25 19:42:04.280314,"(42.0, -16.66)","(5600, 5600)","[17  2 19 20 16 18 16 15 20 19 22 22 21 22 17 19 16 17 16 16 14 15 13 13
 12 12 11 11 10 10 11 11 10 11 10 10 12 11 12 12 12 12 11 11 10 10 10 10
 11 10 11 11 11 11 12 12 12 12 11 11 10 10  9 10  9  9 10  9 11 11 10 11
  9  9  9  9 12 11 13 12 18 15 26 22 27 27 27 25 34 32 35 35 34 34 37 35
 39 39 37 38 35 36 32 33 31 31 30 30 27 28 21 25 19 20 18 19 17 17 15 16
 13 14 12 13 12 12 11 12]"
2024-11-25 19:42:20.673442,"(54.0, -16.66)","(5600, 5600)","[17  8 19 20 16 18 16 15 20 19 22 22 21 22 17 19 16 17 16 16 14 15 13 13
 12 12 11 11 10 10 11 11 10 11 10 10 12 11 12 12 12 12 11 11 10 10 10 10
 11 10 11 11 11 11 12 12 12 12 11 11 10 10  9 10  9  9 10  9 11 11 10 11
  9  9  9  9 12 11 13 12 14 15 13 14 20 15 35 28 44 41 45 45 43 44 40 42
 34 38 30 32 30 30 31 31 30 31 27 29 20 25 19 20 18 18 18 18 18 18 18 18
 17 17 15 16 13 14 11 12]"
2024-11-25 19:42:37.069763,"(66.0, -16.66)","(5600, 5600)","[17  9 19 20 16 18 17 15 23 21 23 23 21 22 17 19 16 17 16 16 14 15 13 13
 12 12 11 11 10 10 11 11 10 11 10 10 12 11 12 12 12 12 11 11 10 10 10 10
 11 10 11 11 11 11 12 12 12 12 11 11 10 10  9 10  9  9 10  9 11 11 10 11
  9  9  9  9 12 11 13 12 14 15 13 14 16 13 28 22 35 33 36 36 36 36 42 40
 44 44 43 44 40 41 36 38 32 34 26 30 20 21 17 19 14 16 12 13 11 12 10 10
  8  9  8  8  9  9  9  9]"
2024-11-25 19:42:53.264269,"(78.0, -16.66)","(5600, 5600)","[17 13 19 20 16 18 19 16 25 24 25 26 21 23 17 19 16 17 16 16 14 15 13 13
 12 12 11 11 10 10 11 11 10 11 10 10 12 11 12 12 12 12 11 11 10 10 10 10
 11 10 11 11 11 11 12 12 12 12 11 11 10 10  9 10  9  9 10  9 11 11 10 11
  9  9  9  9 21 17 23 23 21 22 19 19 21 20 23 23 25 24 26 26 40 32 43 43
 42 43 36 40 32 34 30 31 27 29 22 24 17 18 15 16 13 14 11 12 10 11  9 10
  9  9  9  9  9  9  9  9]"
2024-11-25 19:43:53.089115,"(-90.0, 20.0)","(5600, 5600)","[17  3 19 20 16 18 16 15 20 19 22 22 21 22 17 19 16 17 16 16 14 15 13 13
 12 12 11 11 10 10 11 11 10 11 10 10 12 11 12 12 12 12 11 11 10 10 10 10
 11 10 11 11 11 11 12 12 12 12 11 11 19 13 31 26 36 35 36 36 32 34 30 30
 29 29 29 29 28 28 27 28 25 26 23 24 17 21 16 16 27 16 42 35 49 46 50 50
 49 50 45 47 40 43 36 38 29 33 23 25 20 22 16 18 13 14 13 13 13 13 12 12
 11 11  9 10  9  9  9  9]"
2024-11-25 19:44:09.893003,"(-80.0, 20.0)","(5600, 5600)","[17  4 19 20 16 18 16 15 20 19 22 22 21 22 17 19 16 17 16 16 14 15 13 13
 12 12 11 11 10 10 11 11 10 11 10 10 12 11 12 12 12 12 11 11 10 10 10 10
 11 10 11 11 11 11 12 12 12 12 11 11 20 14 32 27 35 35 34 35 32 33 27 29
 22 24 20 21 20 19 23 21 25 25 24 25 20 22 23 20 35 29 44 40 47 46 47 47
 46 47 44 45 41 42 36 38 32 34 25 26 22 24 19 20 17 18 16 16 14 15 12 13
 11 12  9 10  9  9  9  9]"
2024-11-25 19:44:25.684125,"(-70.0, 20.0)","(5600, 5600)","[17  8 19 20 16 18 16 15 20 19 22 22 21 22 17 19 16 17 16 16 14 15 13 13
 12 12 11 11 10 10 11 11 10 11 10 10 12 11 12 12 12 12 11 11 10 10 10 10
 11 10 11 11 11 11 12 12 12 12 11 11 16 10 31 24 37 36 37 37 34 35 30 32
 26 29 22 23 21 21 20 20 25 19 32 29 32 32 30 30 32 29 33 33 32 33 33 32
 35 34 35 35 32 34 29 31 22 27 20 22 17 19 15 16 14 14 14 14 14 14 13 14
 11 12 10 11  9 10  9  9]"
2024-11-25 19:44:41.470995,"(-60.0, 20.0)","(5600, 5600)","[17 12 19 20 16 18 16 15 20 19 22 22 21 22 17 19 16 17 16 16 14 15 13 13
 12 12 11 11 10 10 11 11 10 11 10 10 12 11 12 12 12 12 11 11 10 10 10 10
 11 10 11 11 11 11 12 12 12 12 11 11 16 10 27 22 30 30 29 30 25 27 23 24
 20 22 18 18 19 18 19 19 23 19 29 26 30 30 27 29 24 24 26 24 34 30 38 37
 37 38 34 36 32 33 28 30 21 26 19 20 16 17 13 14 13 13 13 13 13 13 13 13
 11 12 10 11  9 10  9  9]"
2024-11-25 19:44:58.267382,"(-50.0, 20.0)","(5600, 5600)","[17 11 19 20 16 18 16 15 20 19 22 22 21 22 17 19 16 17 16 16 14 15 13 13
 12 12 11 11 10 10 11 11 10 11 10 10 12 11 12 12 12 12 11 11 10 10 10 10
 11 10 11 11 11 11 12 12 12 12 11 11 18 12 33 27 39 38 39 40 34 37 27 30
 22 24 18 20 14 14 14 13 14 15 13 14 20 16 24 23 24 24 31 26 38 35 40 40
 39 40 36 38 33 35 29 31 24 26 20 20 19 20 18 19 15 17 13 14 12 13 11 12
 11 11 10 10 14 10 16 15]"
2024-11-25 19:45:14.053261,"(-40.0, 20.0)","(5600, 5600)","[17 10 19 20 16 18 16 15 20 19 22 22 21 22 17 19 16 17 16 16 14 15 13 13
 12 12 11 11 10 10 11 11 10 11 10 10 12 11 12 12 12 12 11 11 10 10 10 10
 11 10 11 11 11 11 12 12 12 12 11 11 10 10 14 10 24 19 26 26 24 25 19 21
 17 17 15 16 12 14 13 12 14 15 13 14 27 20 30 30 29 30 27 28 34 30 43 39
 44 45 42 44 37 40 32 35 26 29 20 21 17 18 14 15 12 13 11 11 10 10  9  9
  8  9  8  8 16 14 19 18]"
2024-11-25 19:45:29.838349,"(-30.0, 20.0)","(5600, 5600)","[17 14 19 20 16 18 16 15 20 19 22 22 21 22 17 19 16 17 16 16 14 15 13 13
 12 12 11 11 10 10 11 11 10 11 10 10 12 11 12 12 12 12 11 11 10 10 10 10
 11 10 11 11 11 11 12 12 12 12 11 11 10 10  9 10 12  9 14 14 11 11 10 11
  9  9  9  9 12 11 13 12 14 15 13 14 15 13 17 17 16 17 18 17 28 23 33 32
 33 33 36 35 35 36 31 33 27 30 23 25 17 20 14 15 12 13 11 11  9 10  8  9
  7  8  8  7  9  9  9  9]"
2024-11-25 19:45:45.623263,"(-20.0, 20.0)","(5600, 5600)","[17  7 19 20 16 18 16 15 20 19 22 22 21 22 17 19 16 17 16 16 14 15 13 13
 12 12 11 11 10 10 11 11 10 11 10 10 12 11 12 12 12 12 11 11 10 10 10 10
 11 10 11 11 11 11 12 12 12 12 11 11 10 10  9 10  9  9 10  9 11 11 10 11
  9  9 14 11 21 18 22 21 27 23 29 29 26 27 21 23 18 19 16 17 22 18 40 32
 48 46 50 50 48 49 43 45 37 40 31 34 22 28 20 21 17 18 15 16 13 14 10 11
  8  9  8  8  9  9  9  9]"
2024-11-25 19:46:01.408973,"(-10.0, 20.0)","(5600, 5600)","[17  3 19 20 16 18 16 14 20 19 22 22 21 22 17 19 16 17 16 16 14 15 13 13
 12 12 11 11 10 10 11 11 10 11 10 10 12 11 12 12 12 12 11 11 10 10 10 10
 11 10 11 11 11 11 12 12 12 12 11 11 10 10  9 10  9  9 10  9 11 11 10 11
  9  9 22 14 32 28 35 34 34 35 33 34 28 31 23 26 19 21 14 13 18 14 31 24
 42 39 44 44 42 43 38 40 32 35 26 29 20 21 18 19 16 17 15 15 13 14 11 12
 10 10  9  9  9  9  9  9]"
2024-11-25 19:46:17.196310,"(0.0, 20.0)","(5600, 5600)","[17  8 19 20 16 18 16 14 20 19 22 22 21 22 17 19 16 17 16 16 14 15 13 13
 12 12 11 11 10 10 11 11 10 11 10 10 12 11 12 12 12 12 11 11 10 10 10 10
 11 10 11 11 11 11 12 12 12 12 11 11 10 10  9 10  9  9 10  9 11 11 10 11
  9  9 24 15 36 30 42 40 42 42 38 40 33 36 27 29 22 25 18 20 17 15 25 20
 34 31 36 36 34 35 28 31 24 26 18 19 15 17 13 14 12 12 12 11 11 11 10 10
  9  9  8  8  9  9  9  9]"
2024-11-25 19:46:32.982119,"(10.0, 20.0)","(5600, 5600)","[17 10 19 20 16 17 16 14 20 19 22 22 21 22 17 19 16 17 16 16 14 15 13 13
 12 12 11 11 10 10 11 11 10 11 10 10 12 11 12 12 12 12 11 11 10 10 10 10
 11 10 11 11 11 11 12 12 12 12 11 11 10 10  9 10  9  9 10  9 11 11 10 11
 12  9 32 20 45 39 48 47 47 48 42 45 36 39 30 34 25 27 24 24 24 24 29 26
 36 34 37 38 35 36 29 32 21 26 19 20 16 18 14 15 13 14 12 12 10 11  9 10
  9  9  9  9  9  9  9  9]"
2024-11-25 19:46:48.768711,"(20.0, 20.0)","(5600, 5600)","[17  7 19 20 16 17 16 14 20 19 22 22 21 22 17 19 16 17 16 16 14 15 13 13
 12 12 11 11 10 10 11 11 10 11 10 10 12 11 12 12 12 12 11 11 10 10 10 10
 11 10 11 11 11 11 12 12 12 12 11 11 10 10  9 10  9  9 10  9 11 11 10 11
  9  9 20 13 35 27 39 38 37 39 32 35 28 30 23 25 19 20 19 18 26 22 33 30
 37 36 37 38 34 36 27 30 22 24 17 18 14 15 12 13 11 12 10 11  9 10  9  9
  8  8  8  8  9  9  9  9]"
2024-11-25 19:47:04.556118,"(30.0, 20.0)","(5600, 5600)","[17 10 19 20 16 17 16 14 20 19 22 22 21 22 17 19 16 17 16 16 14 15 13 13
 12 12 11 11 10 10 11 11 10 11 10 10 12 11 12 12 12 12 11 11 10 10 10 10
 11 10 11 11 11 11 12 12 12 12 11 11 10 10  9 10  9  9 10  9 11 11 10 11
  9  9  9  9 12 11 13 12 14 15 13 14 12 13 11 11 10 10 10 10 18 14 35 29
 39 39 38 39 33 36 25 29 19 22 14 14 12 13 11 12 11 12 10 11  8  9  7  8
  7  7  8  7  9  9  9  9]"
2024-11-25 19:47:20.343099,"(40.0, 20.0)","(5600, 5600)","[17  6 19 20 16 17 16 14 20 19 22 22 21 22 17 19 16 17 16 16 14 15 13 13
 12 12 11 11 10 10 11 11 10 11 10 10 12 11 12 12 12 12 11 11 10 10 10 10
 11 10 11 11 11 11 12 12 12 12 11 11 10 10  9 10  9  9 10  9 11 11 10 11
  9  9  9  9 12 11 13 12 14 15 13 14 12 13 11 11 13 10 20 16 26 23 33 30
 37 37 36 37 32 34 26 29 21 23 16 16 15 15 13 14 12 13 10 11  9 10  9  9
  8  8  8  8  9  9  9  9]"
2024-11-25 19:47:36.129119,"(50.0, 20.0)","(5600, 5600)","[17 10 19 20 16 17 16 14 20 19 22 22 21 22 17 19 16 17 16 16 14 15 13 13
 12 12 11 11 10 10 11 11 10 11 10 10 12 11 12 12 12 12 11 11 21 18 22 22
 20 21 17 18 11 16 12 12 12 12 11 11 10 10  9 10  9  9 10  9 11 11 10 11
  9  9  9  9 12 11 13 12 14 15 13 14 12 13 11 11 10 10 16 12 23 19 30 26
 35 33 34 35 30 33 26 28 23 24 19 21 14 15 13 14 12 12 11 11  9 10  8  9
  7  7  8  7  9  9  9  9]"
2024-11-25 19:47:51.915760,"(60.0, 20.0)","(5600, 5600)","[17  8 19 20 16 17 16 14 20 19 22 22 21 22 17 19 16 17 16 16 14 15 13 13
 12 12 11 11 10 10 11 11 10 11 10 10 12 11 12 12 12 12 11 11 19 16 18 19
 16 17 11 11 11 11 12 12 12 12 11 11 10 10  9 10  9  9 10  9 11 11 10 11
 13  9 19 16 19 19 17 18 14 16 13 14 12 13 11 11 10 10 10 10 19 16 19 19
 25 20 27 27 24 26 19 21 16 17 11 11 10 11 11 10 11 12 10 11  9  9  9  9
  9  9  9  9  9  9  9  9]"
2024-11-25 19:48:07.703351,"(70.0, 20.0)","(5600, 5600)","[17  6 19 20 16 17 16 14 20 19 22 22 21 22 17 19 16 17 16 16 14 15 13 13
 12 12 11 11 10 10 11 11 10 11 10 10 12 11 12 12 12 12 11 11 10 10 10 10
 11 10 11 11 11 11 12 12 12 12 11 11 10 10  9 10  9  9 10  9 11 11 10 11
 16  9 30 23 36 34 35 36 32 34 29 30 24 26 19 21 14 18 13 14 15 13 26 22
 31 30 31 31 27 29 22 25 16 20 14 15 12 13 11 12 11 12 10 11  8  9  7  8
  7  7  8  7  9  9  9  9]"
2024-11-25 19:48:23.493155,"(80.0, 20.0)","(5600, 5600)","[17  6 19 20 16 17 16 14 20 19 22 22 21 22 17 19 16 17 16 16 14 15 13 13
 12 12 11 11 10 10 11 11 10 11 10 10 12 11 12 12 12 12 11 11 10 10 10 10
 11 10 11 11 11 11 12 12 12 12 11 11 10 10  9 10  9  9 10  9 11 11 10 11
  9  9 24 16 33 29 34 34 34 34 32 34 25 29 21 23 18 19 14 14 17 14 31 25
 36 36 35 36 27 31 23 25 18 21 16 17 14 15 12 12 11 12 10 11  8  9  7  8
  7  7  8  7  9  9  9  9]"
2024-11-25 19:48:39.282807,"(90.0, 20.0)","(5600, 5600)","[17  5 19 20 16 17 16 14 20 19 22 22 21 22 17 19 16 17 16 16 14 15 13 13
 12 12 11 11 10 10 11 11 10 11 10 10 12 11 12 12 12 12 11 11 10 10 15 10
 16 17 11 11 11 11 12 12 12 12 11 11 10 10  9 10  9  9 10  9 11 11 10 11
  9  9 20 15 29 25 32 31 32 32 32 32 29 30 24 26 20 21 19 19 21 19 32 27
 37 36 36 37 30 33 26 28 22 24 17 18 15 16 13 14 11 12 10 11  8  9  8  8
  7  8  8  7  9  9  9  9]"
2024-11-25 19:49:39.713731,"(-80.0, -20.0)","(5600, 5600)","[17  8 19 20 16 17 16 14 20 19 22 22 21 22 17 19 16 17 16 16 14 15 13 13
 12 12 11 11 10 10 11 11 10 11 10 10 12 11 12 12 12 12 11 11 18 15 21 20
 20 21 17 19 11 16 12 12 12 12 11 11 10 10  9 10  9  9 10  9 11 11 10 11
  9  9  9  9 20 15 24 23 25 25 24 24 21 23 16 19 11 15 19 15 27 23 36 32
 39 39 38 39 33 36 27 30 22 25 17 18 15 16 13 14 12 12 10 11  9 10  9  9
  8  9  8  8  9  9  9  9]"
2024-11-25 19:49:55.501006,"(-70.0, -20.0)","(5600, 5600)","[17  5 19 20 16 17 16 14 20 19 22 22 21 22 17 19 16 17 16 16 14 15 13 13
 12 12 11 11 10 10 11 11 10 11 10 10 12 11 12 12 12 12 11 11 10 10 10 10
 11 10 11 11 11 11 12 12 12 12 11 11 10 10  9 10  9  9 10  9 11 11 10 11
  9  9 16 13 24 20 23 24 23 22 23 23 19 21 16 18 15 15 17 15 23 20 30 27
 34 33 33 34 29 31 23 25 16 20 15 15 13 14 11 12 11 12 10 11  8  9  8  8
  7  7  8  7  9  9  9  9]"
2024-11-25 19:50:11.288957,"(-60.0, -20.0)","(5600, 5600)","[17  8 19 20 16 17 16 14 20 19 22 22 21 22 17 19 16 17 16 16 14 15 13 13
 12 12 11 11 10 10 11 11 10 11 10 10 12 11 12 12 12 12 11 11 10 10 10 10
 11 10 11 11 11 11 12 12 12 12 11 11 10 10  9 10  9  9 10  9 11 11 10 11
  9  9  9  9 12 11 13 12 14 15 13 14 12 13 11 11 10 10 15 12 18 16 25 21
 28 28 27 28 23 25 19 20 12 17 12 12 11 12 11 11 11 12 10 11  9  9  8  8
  7  7  8  7  9  9  9  9]"
2024-11-25 19:50:27.075893,"(-50.0, -20.0)","(5600, 5600)","[17  9 19 20 16 17 16 14 20 19 22 22 21 22 17 19 16 17 16 16 14 15 13 13
 12 12 11 11 10 10 11 11 10 11 10 10 12 11 12 12 12 12 11 11 10 10 10 10
 11 10 11 11 11 11 12 12 12 12 11 11 10 10  9 10  9  9 10  9 11 11 10 11
 12  9 16 14 12 16 13 12 14 15 13 14 12 13 11 11 15 10 25 21 27 27 26 24
 32 30 33 33 30 31 27 29 24 26 21 22 15 19 14 14 12 13 12 12 11 12 10 11
  9  9  8  8  9  9  9  9]"
2024-11-25 19:50:42.862886,"(-40.0, -20.0)","(5600, 5600)","[17 11 19 20 16 17 16 14 20 19 22 22 21 22 17 19 16 17 16 16 14 15 13 13
 12 12 11 11 10 10 11 11 10 11 10 10 12 11 12 12 12 12 11 11 10 10 10 10
 11 10 11 11 11 11 12 12 12 12 11 11 10 10  9 10  9  9 10  9 11 11 10 11
  9  9  9  9 12 11 13 12 14 15 13 14 12 13 11 11 21 10 33 28 36 35 33 35
 31 32 31 31 30 31 28 29 25 27 21 23 15 16 13 14 11 12 11 11 11 11 11 11
  9 10  9  9  9  9  9  9]"
2024-11-25 19:50:58.653019,"(-30.0, -20.0)","(5600, 5600)","[17  7 19 20 16 17 16 14 20 19 22 22 21 22 17 19 16 17 16 16 14 15 13 13
 12 12 11 11 10 10 11 11 10 11 10 10 12 11 12 12 12 12 11 11 10 10 10 10
 11 10 11 11 11 11 12 12 12 12 11 11 10 10  9 10  9  9 10  9 11 11 10 11
  9  9  9  9 12 11 13 12 14 15 13 14 12 13 11 11 15 10 26 21 29 28 28 29
 25 25 26 25 25 25 23 24 22 23 20 22 15 19 13 14 12 12 11 11 10 10  9  9
  9  9  9  9  9  9  9  9]"
2024-11-25 19:51:14.440857,"(-20.0, -20.0)","(5600, 5600)","[17 10 19 20 16 17 16 14 20 19 22 22 21 22 17 19 16 17 16 16 14 15 13 13
 12 12 11 11 10 10 11 11 10 11 10 10 12 11 12 12 12 12 11 11 10 10 10 10
 11 10 11 11 11 11 12 12 12 12 11 11 10 10  9 10  9  9 10  9 14 11 20 18
 22 21 25 23 26 26 25 26 25 25 24 25 21 22 18 19 16 17 12 12 15 12 29 24
 34 33 34 35 32 33 27 29 23 24 21 22 16 17 14 15 12 12 10 11  9  9  8  8
  7  7  8  7  9  9  9  9]"
2024-11-25 19:51:30.227586,"(-10.0, -20.0)","(5600, 5600)","[17  8 19 20 16 17 16 14 20 19 22 22 21 22 17 19 16 17 16 16 14 15 13 13
 12 12 11 11 10 10 11 11 10 11 10 10 12 11 12 12 12 12 11 11 10 10 10 10
 11 10 11 11 11 11 12 12 12 12 11 11 10 10  9 10  9  9 10  9 27 18 33 31
 33 34 32 33 34 33 42 38 48 45 49 49 48 49 43 46 36 39 31 34 28 29 29 28
 32 32 31 32 24 29 24 24 23 24 22 23 21 22 21 21 20 21 18 19 16 17 15 15
 22 15 22 22 21 22 16 19]"
2024-11-25 19:51:46.514404,"(0.0, -20.0)","(5600, 5600)","[17 14 19 20 16 18 16 15 20 19 22 22 21 22 17 19 16 17 16 16 14 15 13 13
 12 12 11 11 10 10 11 11 10 11 10 10 12 11 12 12 12 12 11 11 10 10 10 10
 11 10 11 11 11 11 12 12 12 12 11 11 10 10  9 10 14  9 16 15 15 16 18 17
 19 19 20 19 33 26 47 42 52 51 52 52 51 52 48 49 43 46 38 41 33 35 32 33
 32 32 29 31 24 24 23 24 23 23 22 22 20 21 17 18 15 16 14 15 14 14 18 14
 28 21 35 33 35 36 32 33]"
2024-11-25 19:52:02.300096,"(10.0, -20.0)","(5600, 5600)","[17 15 19 20 16 17 16 14 20 19 22 22 21 22 17 19 16 17 16 16 14 15 13 13
 12 12 11 11 10 10 11 11 10 11 10 10 12 11 12 12 12 12 11 11 10 10 10 10
 11 10 11 11 11 11 12 12 12 12 11 11 10 10  9 10  9  9 10  9 11 11 10 11
  9  9 14 12 23 18 34 28 46 41 52 49 51 52 48 50 43 45 38 40 34 36 33 33
 38 34 40 40 38 39 33 35 29 31 24 24 22 23 21 22 18 19 17 18 16 16 14 15
 23 13 33 29 33 34 29 31]"
2024-11-25 19:52:18.087187,"(20.0, -20.0)","(5600, 5600)","[17  9 19 20 16 17 16 14 20 19 22 22 21 22 17 19 16 17 16 16 14 15 13 13
 12 12 11 11 10 10 11 11 10 11 10 10 12 11 12 12 12 12 11 11 10 10 10 10
 11 10 11 11 11 11 12 12 12 12 11 11 10 10  9 10  9  9 10  9 11 11 10 11
  9  9 16 14 20 18 30 24 40 36 42 42 42 42 41 41 39 41 37 38 36 37 35 36
 34 34 32 33 29 31 22 26 22 22 21 21 22 20 26 25 26 26 21 21 21 21 20 20
 19 19 19 19 18 19 17 17]"
2024-11-25 19:52:33.875239,"(30.0, -20.0)","(5600, 5600)","[17 10 19 20 16 17 16 14 20 19 22 22 21 22 17 19 16 17 16 16 14 15 13 13
 12 12 11 11 10 10 11 11 10 11 10 10 12 11 12 12 12 12 11 11 10 10 10 10
 11 10 11 11 11 11 12 12 12 12 11 11 10 10  9 10  9  9 10  9 11 11 10 11
  9  9  9  9 19 16 22 21 22 23 24 22 27 26 29 26 35 35 32 34 32 32 31 31
 32 31 33 33 29 31 28 28 27 28 24 26 23 23 27 25 28 28 27 28 21 26 21 21
 21 21 21 21 21 21 21 21]"
2024-11-25 19:52:49.663190,"(40.0, -20.0)","(5600, 5600)","[17  8 19 20 16 17 15 14 20 19 22 22 21 22 17 19 16 17 16 16 14 15 13 13
 12 12 11 11 10 10 11 11 10 11 10 10 12 11 12 12 12 12 11 11 10 10 10 10
 11 10 11 11 11 11 12 12 12 12 11 11 10 10  9 10  9  9 10  9 11 11 10 11
  9  9  9  9 12 11 13 12 14 15 19 18 22 20 27 25 28 28 31 28 34 33 33 34
 34 32 35 35 33 34 31 32 29 29 28 28 26 27 19 24 18 19 16 17 14 15 12 13
 11 12 10 11  9 10  9  9]"
2024-11-25 19:53:05.447863,"(50.0, -20.0)","(5600, 5600)","[17  8 19 20 16 17 15 14 20 19 22 22 21 22 17 19 16 17 16 16 14 15 13 13
 12 12 11 11 10 10 11 11 10 11 10 10 12 11 12 12 12 12 11 11 10 10 10 10
 11 10 11 11 11 11 12 12 12 12 11 11 10 10  9 10  9  9 10  9 11 11 11 11
 21 17 24 24 22 23 18 20 14 16 13 14 14 13 25 20 33 31 34 34 31 32 33 30
 41 37 42 43 40 41 33 36 29 31 26 28 21 25 20 20 20 20 21 20 20 21 19 20
 17 18 14 15 11 13  9 10]"
2024-11-25 19:53:21.232880,"(60.0, -20.0)","(5600, 5600)","[17  4 19 20 16 17 15 14 20 19 22 22 21 22 17 19 16 17 16 16 14 15 13 13
 12 12 11 11 10 10 11 11 10 11 10 10 12 11 12 12 12 12 11 11 10 10 10 10
 11 10 11 11 11 11 12 12 12 12 11 11 10 10  9 10  9  9 10  9 11 11 16 11
 25 21 28 28 25 27 21 23 14 19 13 14 19 16 28 23 34 32 36 36 35 35 33 34
 37 34 40 39 38 39 33 36 27 30 21 21 19 20 17 18 20 16 23 22 17 22 16 17
 14 15 12 13 11 12  9 10]"
2024-11-25 19:53:37.022018,"(70.0, -20.0)","(5600, 5600)","[17  8 19 20 15 17 15 14 20 19 22 22 21 22 17 19 16 17 16 16 14 15 13 13
 12 12 11 11 10 10 11 11 10 11 10 10 12 11 12 12 12 12 11 11 10 10 10 10
 11 10 11 11 11 11 12 12 12 12 11 11 10 10 12 10 18 14 22 21 23 23 21 22
 18 20 17 18 20 19 20 20 14 19 20 18 24 23 26 24 31 29 33 33 31 32 28 29
 27 28 25 26 23 24 18 23 18 18 17 18 16 17 15 15 13 14 12 13 11 12 10 11
  9 10  9  9  9  9  9  9]"
2024-11-25 19:53:52.811612,"(80.0, -20.0)","(5600, 5600)","[17  6 19 20 15 17 15 14 20 19 22 22 21 22 17 19 16 17 16 16 14 15 13 13
 12 12 11 11 10 10 11 11 10 11 10 10 12 11 12 12 12 12 11 11 10 10 10 10
 11 10 11 11 11 11 12 12 12 12 11 11 10 10 12 10 20 17 21 21 22 21 21 22
 20 20 24 21 31 27 33 32 31 32 30 31 29 29 29 28 31 30 30 31 29 30 28 28
 27 27 27 27 25 26 20 24 19 20 19 19 18 18 17 17 15 16 13 14 12 12 11 11
  9 10  8  8  9  9  9  9]"
2024-11-25 19:54:53.242165,"(-90.0, 23.33)","(5600, 5600)","[17  8 19 20 15 17 15 14 20 19 22 22 21 22 17 19 16 17 16 16 14 15 13 13
 12 12 11 11 10 10 11 11 10 11 10 10 12 11 12 12 12 12 11 11 10 10 10 10
 11 10 11 11 20 15 24 23 25 24 31 27 31 32 28 30 26 26 27 27 26 27 22 24
 18 19 14 14 12 13 13 12 14 15 13 14 12 13 11 11 10 10 10 10  9 10 15  9
 24 21 25 25 23 24 22 22 23 22 24 24 24 24 22 23 21 21 18 20 14 14 12 13
 11 11 12 11 11 11 10 10]"
2024-11-25 19:55:08.625448,"(-81.42, 23.33)","(5600, 5600)","[17  9 19 20 15 17 15 14 20 19 22 22 21 22 17 19 16 17 16 16 14 15 13 13
 12 12 11 11 10 10 11 11 10 11 10 10 12 11 12 12 12 12 11 11 10 10 10 10
 11 10 11 11 21 15 29 26 31 31 30 30 32 31 38 36 39 39 39 39 36 37 33 35
 31 33 27 29 19 24 18 19 15 16 13 14 12 13 11 11 10 10 10 10  9 10 13  9
 17 15 20 18 20 20 22 20 28 26 29 29 27 28 25 26 23 24 21 22 14 18 13 13
 11 12 10 10 10 10  9 10]"
2024-11-25 19:55:24.007957,"(-72.85, 23.33)","(5600, 5600)","[17  6 19 20 15 17 15 14 20 19 22 22 21 22 17 19 16 17 16 16 14 15 13 13
 12 12 11 11 10 10 11 11 10 11 10 10 12 11 12 12 12 12 11 11 10 10 10 10
 11 10 11 11 18 13 24 23 24 23 27 25 29 28 33 32 42 32 51 48 51 52 47 49
 43 45 35 40 29 32 22 26 18 20 15 17 14 14 12 13 11 11 11 11 11 11 16 11
 22 18 24 24 24 24 26 25 28 28 26 27 23 25 22 22 21 21 16 16 15 15 14 14
 12 13 12 12 11 11 10 11]"
2024-11-25 19:55:39.390514,"(-64.28, 23.33)","(5600, 5600)","[17  4 19 20 15 17 15 14 20 19 22 22 21 22 17 19 16 17 16 16 14 15 13 13
 12 12 11 11 10 10 11 11 10 11 10 10 12 11 12 12 12 12 11 11 10 10 10 10
 11 10 11 11 11 11 16 12 23 20 27 26 31 29 37 34 45 41 49 48 49 49 46 48
 40 43 32 36 26 29 20 23 17 19 15 16 17 15 21 20 22 22 21 21 16 19 22 16
 26 25 25 26 23 24 27 24 32 32 31 32 28 29 24 26 19 22 17 18 15 16 13 14
 11 12 10 11  9 10  9  9]"
2024-11-25 19:55:54.773333,"(-55.71, 23.33)","(5600, 5600)","[17  7 19 20 15 17 15 14 20 19 22 22 21 22 17 19 16 17 16 16 14 15 13 13
 12 12 11 11 10 10 11 11 10 11 10 10 12 11 12 12 12 12 11 11 10 10 10 10
 11 10 11 11 11 11 12 12 12 12 11 11 14 10 30 24 38 36 41 40 43 42 41 43
 36 40 30 33 26 28 25 26 22 23 24 21 34 29 36 36 34 36 30 32 21 27 20 21
 19 20 18 18 18 18 18 18 17 18 16 17 15 16 13 14 11 12 10 11  9  9  8  9
  8  8  8  8  9  9  9  9]"
2024-11-25 19:56:10.656383,"(-47.14, 23.33)","(5600, 5600)","[17  7 19 20 15 17 15 14 20 19 22 22 21 22 17 19 16 17 16 16 14 15 13 13
 12 12 11 11 10 10 11 11 10 11 10 10 12 11 12 12 12 12 11 11 10 10 10 10
 11 10 11 11 11 11 12 12 12 12 11 11 10 10  9 10 14  9 20 17 30 25 33 32
 30 32 25 28 24 24 24 24 22 23 25 23 33 29 33 34 33 33 33 33 29 31 23 26
 18 21 27 22 34 31 34 34 32 33 28 30 21 25 19 20 16 17 14 15 13 13 11 12
 10 10  9  9  9  9  9  9]"
2024-11-25 19:56:26.036615,"(-38.57, 23.33)","(5600, 5600)","[17  7 19 20 15 17 15 14 20 19 22 22 21 22 17 19 16 17 16 16 14 15 13 13
 12 12 11 11 10 10 11 11 10 11 10 10 12 11 12 12 12 12 11 11 10 10 10 10
 11 10 11 11 11 11 12 12 12 12 11 11 10 10  9 10 20  9 30 26 32 31 30 31
 25 28 21 22 18 20 13 17 14 15 13 14 28 19 43 37 49 48 50 50 46 48 39 42
 36 37 35 35 38 36 36 37 34 35 29 32 23 24 19 21 16 18 13 15 11 12  9 10
  8  8  8  8  9  9  9  9]"
2024-11-25 19:56:41.416955,"(-30.0, 23.33)","(5600, 5600)","[17  4 19 20 15 17 15 14 20 19 22 22 21 22 17 19 16 17 16 16 14 15 13 13
 12 12 11 11 10 10 11 11 10 11 10 10 12 11 12 12 12 12 11 11 10 10 10 10
 11 10 11 11 11 11 12 12 12 12 11 11 10 10 11 10 20 14 32 26 37 35 36 37
 32 35 26 29 21 23 17 19 14 16 13 14 14 13 21 18 24 24 23 24 25 23 28 27
 28 29 28 28 38 32 43 41 44 44 42 43 36 39 30 33 26 28 21 22 18 20 15 17
 13 14 11 12 10 11  9  9]"
2024-11-25 19:56:56.797822,"(-21.42, 23.33)","(5600, 5600)","[17  6 19 20 15 17 15 14 20 19 22 22 21 22 17 19 16 17 16 16 14 15 13 13
 12 12 11 11 10 10 11 11 10 11 10 10 12 11 12 12 12 12 11 11 10 10 10 10
 11 10 11 11 11 11 12 12 12 12 11 11 10 10  9 10 13  9 24 18 29 27 27 28
 24 26 20 22 17 19 13 16 14 15 13 14 12 13 15 11 20 18 20 21 18 19 10 16
 19 11 28 24 37 33 43 41 45 45 43 44 37 41 29 33 23 26 18 19 16 17 13 14
 12 12 10 11  9 10  9  9]"
2024-11-25 19:57:12.177870,"(-12.85, 23.33)","(5600, 5600)","[16  6 19 20 15 17 15 14 20 19 22 22 21 22 17 19 16 17 16 16 14 15 13 13
 12 12 11 11 10 10 11 11 10 11 10 10 12 11 12 12 12 12 11 11 10 10 10 10
 11 10 11 11 11 11 12 12 12 12 11 11 10 10  9 10  9  9 10  9 11 11 10 11
  9  9  9  9 12 11 13 12 14 15 13 14 12 13 11 11 10 10 10 10  9 10  9  9
 14 10 26 20 36 32 41 40 42 42 39 41 31 35 24 27 19 22 15 15 13 14 11 12
  9 10  8  8  9  9  9  9]"
2024-11-25 19:57:27.558093,"(-4.28, 23.33)","(5600, 5600)","[16  9 19 20 15 17 15 14 20 19 22 22 21 22 17 19 16 17 16 16 14 15 13 13
 12 12 11 11 10 10 11 11 10 11 10 10 12 11 12 12 12 12 11 11 10 10 10 10
 11 10 11 11 11 11 12 12 12 12 11 11 10 10  9 10  9  9 10  9 11 11 10 11
  9  9  9  9 12 11 13 12 14 15 13 14 12 13 11 11 10 10 10 10  9 10  9  9
 14 10 22 18 28 26 29 28 31 31 30 31 24 27 19 22 13 17 12 12 10 11  8  9
  7  7  8  7  9  9  9  9]"
2024-11-25 19:57:42.943138,"(4.28, 23.33)","(5600, 5600)","[16  7 19 20 15 17 15 14 20 19 22 22 21 22 17 19 16 17 16 16 14 15 13 13
 12 12 11 11 10 10 11 11 10 11 10 10 12 11 12 12 12 12 11 11 10 10 10 10
 11 10 11 11 11 11 12 12 12 12 11 11 10 10  9 10  9  9 10  9 11 11 10 11
  9  9  9  9 12 11 13 12 14 15 13 14 12 13 11 11 10 10 15 14 16 15 15 15
 10 14 21 16 26 24 30 27 34 33 32 33 26 29 21 23 18 20 13 14 12 13 10 11
  9 10  8  8  9  9  9  9]"
2024-11-25 19:57:58.324187,"(12.85, 23.33)","(5600, 5600)","[16  5 19 20 15 17 15 14 20 19 22 22 21 22 17 19 16 17 16 16 14 15 13 13
 12 12 11 11 10 10 11 11 10 11 10 10 12 11 12 12 12 12 11 11 10 10 10 10
 11 10 11 11 11 11 12 12 12 12 11 11 10 10  9 10  9  9 10  9 11 11 10 11
  9  9  9  9 12 11 13 12 14 15 13 14 12 13 11 11 10 10 10 10 16 15 17 17
 17 17 21 18 35 28 41 39 41 42 38 40 30 34 25 27 21 22 16 16 14 15 12 13
 10 11  9 10  9  9  9  9]"
2024-11-25 19:58:13.704577,"(21.42, 23.33)","(5600, 5600)","[16  7 19 20 15 17 15 14 20 19 22 22 21 22 17 19 16 17 16 16 14 15 13 13
 12 12 11 11 10 10 11 11 10 11 10 10 12 11 12 12 12 12 11 11 10 10 10 10
 11 10 11 11 11 11 12 12 12 12 11 11 10 10  9 10  9  9 10  9 11 11 10 11
  9  9  9  9 12 11 13 12 14 15 13 14 12 13 11 11 10 10 10 10  9 10  9  9
 16 10 29 21 36 34 35 36 33 34 31 33 25 29 20 22 14 18 13 14 11 12  9 10
  8  9  8  8  9  9  9  9]"
2024-11-25 19:58:29.084876,"(30.0, 23.33)","(5600, 5600)","[16 11 19 20 15 17 15 14 20 19 22 22 21 22 17 19 16 17 16 16 14 15 13 13
 12 12 11 11 10 10 11 11 10 11 10 10 12 11 12 12 12 12 11 11 10 10 10 10
 11 10 11 11 11 11 12 12 12 12 11 11 10 10  9 10  9  9 10  9 11 11 10 11
  9  9  9  9 12 11 13 12 14 15 13 14 12 13 11 11 10 10 10 10  9 10  9  9
 15 10 18 16 25 21 28 27 26 27 21 24 17 19 11 15 11 12 11 11 10 10  9  9
  9  9  9  9  9  9  9  9]"
2024-11-25 19:58:44.469672,"(38.57, 23.33)","(5600, 5600)","[16  5 19 20 15 17 15 14 20 19 22 22 21 22 17 19 16 17 16 16 14 15 13 13
 12 12 11 11 10 10 11 11 10 11 10 10 12 11 12 12 12 12 11 11 10 10 10 10
 11 10 11 11 11 11 12 12 12 12 11 11 10 10  9 10  9  9 10  9 11 11 10 11
  9  9  9  9 12 11 13 12 14 15 13 14 12 13 11 11 10 10 10 10  9 10  9  9
 17 10 29 23 35 32 35 35 31 34 24 27 19 21 13 17 11 12 10 11  9  9  7  8
  7  7  8  7  9  9  9  9]"
2024-11-25 19:58:59.849308,"(47.14, 23.33)","(5600, 5600)","[16  4 19 20 15 17 15 14 20 19 22 22 21 22 17 19 16 17 16 16 14 15 13 13
 12 12 11 11 10 10 11 11 10 11 10 10 12 11 12 12 12 12 11 11 15 10 16 16
 15 16 11 11 11 11 12 12 12 12 11 11 10 10  9 10  9  9 10  9 11 11 10 11
  9  9  9  9 12 11 13 12 14 15 13 14 12 13 11 11 10 10 10 10  9 10  9  9
 10 10 24 15 33 29 34 34 31 33 25 28 19 22 13 17 11 12 10 11  9  9  7  8
  7  7  8  7  9  9  9  9]"
2024-11-25 19:59:15.230752,"(55.71, 23.33)","(5600, 5600)","[16  6 19 20 15 17 15 14 20 19 22 22 21 22 17 19 16 17 16 16 14 15 13 13
 12 12 11 11 10 10 11 11 10 11 10 10 12 11 12 12 12 12 11 11 21 16 22 22
 20 21 17 18 11 15 12 12 12 12 11 11 10 10  9 10  9  9 10  9 11 11 10 11
  9  9  9  9 12 11 13 12 14 15 13 14 12 13 11 11 10 10 10 10 14 10 14 14
 16 14 20 18 26 23 31 30 30 31 27 29 22 25 17 19 12 16 11 12 11 11  9 10
  8  8  8  7  9  9  9  9]"
2024-11-25 19:59:30.613787,"(64.28, 23.33)","(5600, 5600)","[16  7 19 20 15 17 15 14 20 19 22 22 21 22 17 19 16 17 16 16 14 15 13 13
 12 12 11 11 10 10 11 11 10 11 10 10 12 11 12 12 12 12 11 11 19 15 20 20
 18 19 15 17 11 11 12 12 12 12 11 11 10 10  9 10  9  9 10  9 11 11 10 11
  9  9  9  9 12 11 13 12 14 15 13 14 12 13 11 11 10 10 10 10  9 10  9  9
 18 10 27 22 34 31 37 36 36 37 32 34 26 28 21 23 15 19 15 15 14 15 13 14
 11 12 10 11  9 10  9  9]"
2024-11-25 19:59:45.993786,"(72.85, 23.33)","(5600, 5600)","[16  9 19 20 15 17 15 14 20 19 22 22 21 22 17 19 16 17 16 16 14 15 13 13
 12 12 11 11 10 10 11 11 10 11 10 10 12 11 12 12 12 12 11 11 10 10 10 10
 11 10 11 11 11 11 12 12 12 12 11 11 10 10  9 10  9  9 10  9 11 11 10 11
  9  9  9  9 12 11 13 12 14 15 13 14 12 13 11 11 10 10 10 10  9 10  9  9
 14 10 18 16 24 21 33 30 32 33 29 31 23 26 18 21 13 16 12 13 11 11 10 10
  9  9  9  9  9  9  9  9]"
2024-11-25 20:00:01.374523,"(81.42, 23.33)","(5600, 5600)","[16  9 19 20 15 17 15 14 20 19 22 22 21 22 17 19 16 17 16 16 14 15 13 13
 12 12 11 11 10 10 11 11 10 11 10 10 12 11 12 12 12 12 11 11 10 10 10 10
 11 10 11 11 11 11 12 12 12 12 11 11 10 10  9 10  9  9 10  9 11 11 10 11
  9  9  9  9 12 11 13 12 14 15 13 14 12 13 11 11 10 10 10 10 13 10 15 14
 14 15 18 15 27 23 30 29 29 30 25 27 21 23 17 19 12 16 11 12 11 11 10 10
  9  9  8  8  9  9  9  9]"
2024-11-25 20:00:16.756620,"(90.0, 23.33)","(5600, 5600)","[16  4 19 20 15 17 15 14 20 19 22 22 21 22 17 19 16 17 16 16 14 15 13 13
 12 12 11 11 10 10 11 11 10 11 10 10 12 11 12 12 12 12 11 11 10 10 10 10
 11 10 11 11 11 11 12 12 12 12 11 11 10 10  9 10  9  9 10  9 11 11 10 11
  9  9  9  9 12 11 13 12 14 15 13 14 12 13 11 11 10 10 10 10  9 10  9  9
 18 10 30 24 35 33 36 36 35 36 30 33 24 27 19 21 14 17 13 14 12 13 10 11
  9 10  8  8  9  9  9  9]"
2024-11-25 20:01:17.590188,"(-81.42, -23.33)","(5600, 5600)","[16  9 19 20 15 17 15 14 20 19 22 22 21 22 17 19 16 17 16 16 14 15 13 13
 12 12 11 11 10 10 11 11 10 11 10 10 12 11 12 12 12 12 11 11 13 10 18 17
 19 19 16 18 11 11 12 12 12 12 11 11 10 10  9 10  9  9 10  9 11 11 10 11
  9  9  9  9 12 11 13 12 14 15 13 14 12 13 11 11 10 10 10 10 14 10 22 18
 27 25 31 29 31 32 28 30 24 26 19 22 13 17 12 13 12 12 11 11 10 10  9 10
  9  9  9  9  9  9  9  9]"
2024-11-25 20:01:32.970252,"(-72.85, -23.33)","(5600, 5600)","[16  9 19 20 15 17 15 14 20 19 22 22 21 22 17 19 16 17 16 16 14 15 13 13
 12 12 11 11 10 10 11 11 10 11 10 10 12 11 12 12 12 12 11 11 10 10 10 10
 11 10 11 11 11 11 12 12 12 12 11 11 10 10  9 10  9  9 10  9 11 11 10 11
  9  9  9  9 12 11 13 12 14 15 13 14 12 13 11 11 10 10 10 10 16 15 19 16
 28 22 34 32 34 35 31 33 26 28 21 23 14 19 13 14 12 13 11 11  9 10  8  9
  8  8  8  8  9  9  9  9]"
2024-11-25 20:01:48.351028,"(-64.28, -23.33)","(5600, 5600)","[16 10 19 20 15 17 15 14 20 19 22 22 21 22 17 19 16 17 16 16 14 15 13 13
 12 12 11 11 10 10 11 11 10 11 10 10 12 11 12 12 12 12 11 11 10 10 10 10
 11 10 11 11 11 11 12 12 12 12 11 11 10 10  9 10  9  9 10  9 11 11 10 11
  9  9  9  9 12 11 13 12 14 15 13 14 12 13 11 11 10 10 10 10 15 14 18 18
 24 18 34 29 34 34 32 33 27 30 22 24 13 20 13 13 11 12 10 11  9 10  8  9
  8  8  8  8  9  9  9  9]"
2024-11-25 20:02:03.731800,"(-55.71, -23.33)","(5600, 5600)","[16  5 19 20 15 17 15 14 20 19 22 22 21 22 17 19 16 17 16 16 14 15 13 13
 12 12 11 11 10 10 11 11 10 11 10 10 12 11 12 12 12 12 11 11 10 10 10 10
 11 10 11 11 11 11 12 12 12 12 11 11 10 10  9 10  9  9 10  9 11 11 10 11
  9  9  9  9 12 11 13 12 14 15 13 14 12 13 11 11 10 10 10 10  9 10 19  9
 34 28 40 38 40 40 36 38 30 33 24 26 20 22 15 19 14 15 12 13 11 11 10 10
  9  9  8  8  9  9  9  9]"
2024-11-25 20:02:19.113871,"(-47.14, -23.33)","(5600, 5600)","[16 11 19 20 15 17 15 14 20 19 22 22 21 22 17 19 16 17 16 16 14 15 13 13
 12 12 11 11 10 10 11 11 10 11 10 10 12 11 12 12 12 12 11 11 10 10 10 10
 11 10 11 11 11 11 12 12 12 12 11 11 10 10  9 10  9  9 10  9 11 11 10 11
  9  9 15 13 12 15 13 12 14 15 13 14 12 13 11 11 15 10 20 17 21 21 22 19
 32 28 36 35 34 35 30 33 23 26 19 21 14 14 13 13 11 12 10 11  8  9  7  8
  7  7  8  7  9  9  9  9]"
2024-11-25 20:02:34.494259,"(-38.57, -23.33)","(5600, 5600)","[16  8 19 20 15 17 15 14 20 19 22 22 21 22 17 19 16 17 16 16 14 15 13 13
 12 12 11 11 10 10 11 11 10 11 10 10 12 11 12 12 12 12 11 11 10 10 10 10
 11 10 11 11 11 11 12 12 12 12 11 11 10 10  9 10  9  9 10  9 11 11 10 11
 14  9 20 17 20 20 18 20 14 17 13 14 12 13 11 11 17 10 26 22 27 27 24 26
 23 22 30 26 32 32 29 31 24 26 21 23 15 19 15 15 14 14 13 14 13 13 12 12
 11 12 10 10  9 10  9  9]"
2024-11-25 20:02:49.872457,"(-30.0, -23.33)","(5600, 5600)","[16 10 19 20 15 17 15 14 20 19 22 22 21 22 17 19 16 17 16 16 14 15 13 13
 12 12 11 11 10 10 11 11 10 11 10 10 12 11 12 12 12 12 11 11 10 10 10 10
 11 10 11 11 11 11 12 12 12 12 11 11 10 10  9 10  9  9 10  9 11 11 10 11
  9  9  9  9 12 11 13 12 14 15 13 14 12 13 11 11 10 10 16 13 17 17 19 18
 18 18 20 18 28 24 30 30 28 29 23 26 19 21 14 17 13 13 13 13 12 12 11 11
 10 11  9 10  9  9  9  9]"
2024-11-25 20:03:05.250800,"(-21.42, -23.33)","(5600, 5600)","[16  6 19 20 15 17 15 14 20 19 22 22 21 22 17 19 16 17 16 16 14 15 13 13
 12 12 11 11 10 10 11 11 10 11 10 10 12 11 12 12 12 12 11 11 10 10 10 10
 11 10 11 11 11 11 12 12 12 12 11 11 10 10  9 10  9  9 10  9 11 11 10 11
  9  9  9  9 12 11 13 12 14 15 13 14 12 13 11 11 15 10 18 17 17 18 19 17
 25 22 26 26 23 25 22 23 21 21 19 20 13 18 13 13 12 12 12 12 11 11  9 10
  8  9  8  8  9  9  9  9]"
2024-11-25 20:03:20.635746,"(-12.85, -23.33)","(5600, 5600)","[16  3 19 20 15 17 15 14 20 19 22 22 21 22 17 19 16 17 16 16 14 15 13 13
 12 12 11 11 10 10 11 11 10 11 10 10 12 11 12 12 12 12 11 11 10 10 10 10
 11 10 11 11 11 11 12 12 12 12 11 11 10 10  9 10  9  9 17 13 25 21 29 28
 28 29 25 27 27 25 36 32 40 40 40 40 36 38 32 33 31 31 30 31 28 29 27 28
 25 26 20 20 20 20 20 20 20 20 20 20 18 19 16 17 14 15 12 13 11 12 10 10
 10 10 10 10 10 10  9 10]"
2024-11-25 20:03:37.035532,"(-4.28, -23.33)","(5600, 5600)","[19 20 19 20 16 18 15 14 20 19 22 22 21 22 17 19 16 17 16 16 14 15 13 13
 12 12 11 11 10 10 11 11 10 11 10 10 12 11 12 12 12 12 11 11 10 10 11 10
 20 16 23 22 22 23 18 20 12 16 11 11 10 10  9 10  9  9 17 12 25 21 29 28
 28 29 28 28 41 34 52 47 56 55 56 56 52 54 47 49 44 45 41 43 37 39 34 35
 33 33 35 33 36 36 35 36 33 34 28 28 26 27 23 24 19 21 17 18 16 16 16 16
 16 16 16 16 16 15 24 19]"
2024-11-25 20:03:52.416122,"(4.28, -23.33)","(5600, 5600)","[16 11 19 20 15 17 15 14 20 19 22 22 21 22 17 19 16 17 16 16 14 15 13 13
 12 12 11 11 10 10 11 11 10 11 10 10 12 11 12 12 12 12 11 11 10 10 15 10
 22 19 24 24 22 23 18 20 12 17 11 11 10 10  9 10  9  9 10  9 11 11 10 11
 16  9 23 18 36 30 47 42 53 51 54 54 50 52 44 47 39 41 35 37 33 34 30 31
 24 28 32 28 37 35 36 37 33 35 30 32 26 26 25 25 23 24 22 22 19 21 17 18
 16 16 15 15 16 14 22 18]"
2024-11-25 20:04:07.794458,"(12.85, -23.33)","(5600, 5600)","[21 22 20 21 15 18 15 14 20 19 22 22 21 22 17 19 16 17 16 16 14 15 13 13
 12 12 11 11 10 10 11 11 10 11 10 10 12 11 12 12 12 12 11 11 10 10 10 10
 18 10 20 20 19 20 12 18 12 12 11 11 10 10  9 10  9  9 10  9 11 11 10 11
 14  9 21 17 32 26 47 40 54 52 55 55 50 53 40 44 33 37 30 31 28 29 27 28
 27 27 22 22 33 30 32 33 28 31 23 23 22 22 20 21 18 19 16 17 14 15 13 13
 13 13 13 13 12 13 16 12]"
2024-11-25 20:04:23.175997,"(21.42, -23.33)","(5600, 5600)","[16 10 19 20 15 17 15 14 20 19 22 22 21 22 17 19 16 17 16 16 14 15 13 13
 12 12 11 11 10 10 11 11 10 11 10 10 12 11 12 12 12 12 11 11 10 10 10 10
 11 10 11 11 11 11 12 12 12 12 11 11 10 10  9 10  9  9 10  9 11 11 12 11
 22 15 33 28 36 35 37 36 44 41 46 46 44 45 41 43 36 40 34 34 36 35 35 36
 31 33 28 29 22 27 21 22 19 20 18 18 30 27 32 32 30 32 25 28 20 20 19 20
 18 18 17 17 22 18 23 23]"
2024-11-25 20:04:38.559449,"(30.0, -23.33)","(5600, 5600)","[16  4 19 20 15 17 15 14 20 19 22 22 21 22 17 19 16 17 16 16 14 15 13 13
 12 12 11 11 10 10 11 11 10 11 10 10 12 11 12 12 12 12 11 11 10 10 10 10
 11 10 11 11 11 11 12 12 12 12 11 11 10 10  9 10  9  9 10  9 14 11 20 17
 32 24 43 38 47 46 46 46 43 45 38 40 36 37 34 35 32 33 30 31 31 31 31 31
 29 30 30 29 32 31 30 31 28 29 23 23 28 23 30 29 29 30 28 29 23 24 22 23
 21 21 20 20 19 19 18 18]"
2024-11-25 20:04:53.941814,"(38.57, -23.33)","(5600, 5600)","[17 14 19 20 15 17 15 14 20 19 22 22 21 22 17 19 16 17 16 16 14 15 13 13
 12 12 11 11 10 10 11 11 10 11 10 10 12 11 12 12 12 12 11 11 10 10 10 10
 11 10 11 11 11 11 12 12 12 12 11 11 10 10  9 10  9  9 10  9 11 11 10 11
 15  9 22 18 24 23 22 23 20 21 13 14 18 13 30 25 33 33 33 33 32 32 30 31
 32 29 41 36 44 43 42 43 39 41 35 37 31 33 23 29 23 23 22 22 21 21 19 20
 17 18 16 17 14 15 11 12]"
2024-11-25 20:05:10.343873,"(47.14, -23.33)","(5600, 5600)","[17  7 19 20 15 17 15 14 20 19 22 22 21 22 17 19 16 17 16 16 14 15 13 13
 12 12 11 11 10 10 11 11 10 11 10 10 12 11 12 12 12 12 11 11 10 10 10 10
 11 10 11 11 11 11 12 12 12 12 11 11 10 10  9 10  9  9 10  9 11 11 15 11
 26 22 29 28 28 29 25 26 25 23 28 26 28 28 29 28 33 31 34 34 31 33 33 31
 42 37 48 46 48 48 45 47 39 43 33 36 25 31 23 24 20 22 19 19 17 18 15 16
 13 14 11 12 11 11 11 11]"
2024-11-25 20:05:25.728316,"(55.71, -23.33)","(5600, 5600)","[16 10 19 20 15 17 15 14 20 19 22 22 21 22 17 19 16 17 16 16 14 15 13 13
 12 12 11 11 10 10 11 11 10 11 10 10 12 11 12 12 12 12 11 11 10 10 10 10
 11 10 11 11 11 11 12 12 12 12 11 11 10 10  9 10  9  9 10  9 11 11 16 11
 26 21 30 29 28 29 31 30 33 32 37 35 41 40 40 41 35 39 31 32 30 31 31 28
 40 37 42 42 41 42 36 39 30 33 24 24 23 24 21 22 19 20 18 19 17 18 16 17
 15 16 14 15 13 14 12 12]"
2024-11-25 20:05:42.125200,"(64.28, -23.33)","(5600, 5600)","[16 10 19 20 15 17 15 14 20 19 22 22 21 22 17 19 16 17 16 16 14 15 13 13
 12 12 11 11 10 10 11 11 10 11 10 10 12 11 12 12 12 12 11 11 10 10 10 10
 11 10 11 11 11 11 12 12 12 12 11 11 10 10  9 10 14  9 20 17 21 20 19 20
 17 17 25 19 36 30 42 40 41 42 38 40 34 36 30 32 28 28 28 28 27 28 25 25
 25 24 24 25 19 20 18 18 17 17 16 17 15 16 14 15 12 13 11 12 10 11 10 10
 10 10 10 10 10 10  9  9]"
2024-11-25 20:05:58.525884,"(72.85, -23.33)","(5600, 5600)","[16 11 19 20 15 17 15 14 20 19 22 22 21 22 17 19 16 17 16 16 14 15 13 13
 12 12 11 11 10 10 11 11 10 11 10 10 12 11 12 12 12 12 11 11 10 10 10 10
 11 10 11 11 11 11 12 12 12 12 11 11 10 10 12 10 21 15 27 25 27 27 23 25
 20 21 25 21 37 31 41 40 40 41 37 39 33 35 29 30 33 29 36 36 35 36 32 34
 30 31 28 29 27 28 22 26 20 21 18 19 16 17 14 15 12 13 11 12 10 10  9 10
  8  9  8  8  9  9  9  9]"
2024-11-25 20:06:14.923301,"(81.42, -23.33)","(5600, 5600)","[17 14 19 20 15 17 15 14 20 19 22 22 21 22 17 19 16 17 16 16 14 15 13 13
 12 12 11 11 10 10 11 11 10 11 10 10 12 11 12 12 12 12 11 11 10 10 10 10
 11 10 11 11 11 11 12 12 12 12 11 11 10 10 14 10 26 19 35 31 35 35 32 34
 27 30 29 27 41 35 42 42 39 41 33 36 29 30 30 28 35 33 35 35 33 34 31 32
 29 30 28 29 23 28 23 23 22 23 20 21 17 19 15 16 14 14 13 13 12 12 10 11
  9 10  8  8  9  9  9  9]"
2024-11-25 20:07:15.769731,"(-90.0, 26.66)","(5600, 5600)","[16 11 19 20 15 17 15 14 20 19 22 22 21 22 17 19 16 17 16 16 14 15 13 13
 12 12 11 11 10 10 11 11 10 11 10 10 12 11 12 12 12 12 11 11 10 10 17 10
 29 24 36 33 37 37 36 37 33 35 27 30 22 24 19 21 14 18 14 14 13 13 12 12
 11 11 10 10 12 11 13 12 14 15 13 14 12 13 11 11 10 10 10 10  9 10  9  9
 10 10  9  9 14  9 22 19 24 24 23 24 22 23 22 22 20 21 19 19 13 18 13 13
 12 12 11 11  9 10  9  9]"
2024-11-25 20:07:30.746483,"(-82.5, 26.66)","(5600, 5600)","[16  6 19 20 16 17 17 16 20 19 22 22 21 22 17 19 16 17 16 16 14 15 13 13
 12 12 11 11 10 10 11 11 10 11 10 10 12 11 12 12 12 12 11 11 10 10 10 10
 11 10 22 17 25 23 33 30 35 35 32 34 25 28 23 23 22 22 20 21 23 21 30 28
 30 31 27 29 17 24 16 17 15 15 13 14 12 13 11 11 10 10 10 10 13 10 16 14
 18 18 17 18 17 17 16 17 11 16 11 11 16 11 19 17 21 21 20 21 12 18 12 12
 12 12 11 11 10 10  9  9]"
2024-11-25 20:07:45.725966,"(-75.0, 26.66)","(5600, 5600)","[17 15 19 20 20 19 22 22 21 21 22 22 21 22 17 19 16 17 16 16 16 16 16 16
 16 16 14 15 12 13 11 12 10 11 10 10 12 11 12 12 12 12 11 11 11 10 16 14
 19 18 22 21 34 28 42 39 43 43 39 41 33 36 27 30 23 25 18 18 36 29 41 40
 40 41 37 39 32 35 28 30 22 25 20 21 17 18 15 16 14 14 14 14 13 13 13 13
 16 12 23 19 24 24 22 23 22 22 20 21 15 19 15 15 15 15 15 15 15 15 13 14
 12 13 11 11 10 10  9  9]"
2024-11-25 20:08:00.700652,"(-67.5, 26.66)","(5600, 5600)","[17 12 19 20 18 18 19 19 21 19 22 22 21 22 17 19 16 17 16 16 17 16 18 18
 17 18 14 16 12 13 11 12 10 11 10 10 12 11 12 12 12 12 11 11 10 10 10 10
 11 10 11 11 30 22 38 35 39 40 37 38 33 35 28 31 24 25 21 22 20 20 27 24
 29 29 28 29 24 26 18 22 17 18 15 16 13 14 12 13 16 12 18 18 12 17 17 12
 20 19 20 21 20 20 21 20 21 21 21 21 20 21 15 19 14 15 13 14 12 12 10 11
  9 10  9  9  9  9  9  9]"
2024-11-25 20:08:16.710213,"(-60.0, 26.66)","(5600, 5600)","[16  6 19 20 15 17 15 14 20 19 22 22 21 22 17 19 16 17 16 16 14 15 13 13
 12 12 11 11 10 10 11 11 10 11 10 10 12 11 12 12 12 12 11 11 10 10 10 10
 11 10 11 11 23 16 33 29 37 36 37 37 34 36 31 33 28 28 27 27 23 25 16 21
 16 16 14 15 13 14 13 13 14 15 13 14 16 13 20 19 20 20 19 20 18 19 17 17
 18 18 16 17 16 12 20 17 25 24 26 26 24 25 21 22 15 19 14 14 12 13 10 11
 10 10  9 10  9  9  9  9]"
2024-11-25 20:08:31.687463,"(-52.5, 26.66)","(5600, 5600)","[16  6 19 20 15 17 15 14 20 19 22 22 21 22 17 19 16 17 16 16 14 15 13 13
 12 12 11 11 10 10 11 11 10 11 10 10 12 11 12 12 12 12 11 11 10 10 10 10
 11 10 11 11 11 11 12 12 21 12 27 25 29 28 32 31 33 33 30 32 29 29 28 28
 25 27 21 23 15 20 15 15 15 15 13 14 13 13 19 13 22 20 23 23 19 21 14 18
 14 14 13 14 13 13 12 12 20 12 25 22 25 25 24 25 21 23 15 15 13 14 12 13
 10 11  9  9  9  9  9  9]"
2024-11-25 20:08:47.164227,"(-45.0, 26.66)","(5600, 5600)","[16  9 19 20 15 17 15 14 20 19 22 22 21 22 17 19 16 17 16 16 14 15 13 13
 12 12 11 11 10 10 11 11 10 11 10 10 12 11 12 12 12 12 11 11 10 10 10 10
 11 10 11 11 11 11 12 12 12 12 11 11 10 10 16 10 25 20 33 29 39 36 39 39
 38 39 34 36 27 31 21 24 15 18 13 14 21 17 34 28 39 38 39 40 35 38 28 32
 23 25 18 19 16 17 15 15 15 15 15 15 14 14 12 13 11 12 10 11  9 10  8  9
  7  8  8  7  9  9  9  9]"
2024-11-25 20:09:03.156441,"(-37.5, 26.66)","(5600, 5600)","[16  6 19 20 15 17 15 14 20 19 22 22 21 22 17 19 16 17 16 16 14 15 13 13
 12 12 11 11 10 10 11 11 10 11 10 10 12 11 12 12 12 12 11 11 10 10 10 10
 11 10 11 11 11 11 12 12 12 12 11 11 10 10 12 10 14 15 14 14 21 17 23 22
 24 24 22 23 19 20 18 18 14 18 20 18 27 23 39 33 46 44 46 46 41 44 32 36
 26 28 23 24 20 20 20 20 20 20 20 20 19 19 16 17 14 15 12 13 10 11  9 10
  8  9  8  8  9  9  9  9]"
2024-11-25 20:09:18.128678,"(-30.0, 26.66)","(5600, 5600)","[16  8 19 20 15 17 15 14 20 19 22 22 21 22 17 19 16 17 16 16 14 15 13 13
 12 12 11 11 10 10 11 11 10 11 10 10 12 11 12 12 12 12 11 11 10 10 10 10
 11 10 11 11 11 11 12 12 12 12 11 11 10 10  9 10  9  9 18 14 28 23 33 31
 33 33 29 31 23 26 19 21 14 18 13 14 24 20 27 26 27 28 26 27 26 26 24 25
 24 24 24 24 25 24 25 25 26 26 26 26 24 25 19 23 18 19 16 17 13 14 11 12
  9 10  8  8  9  9  9  9]"
2024-11-25 20:09:33.101956,"(-22.5, 26.66)","(5600, 5600)","[16  9 19 20 15 17 15 14 20 19 22 22 21 22 17 19 16 17 16 16 14 15 13 13
 12 12 11 11 10 10 11 11 10 11 10 10 12 11 12 12 12 12 11 11 10 10 10 10
 11 10 11 11 11 11 12 12 12 12 11 11 10 10  9 10  9  9 18 13 31 25 37 35
 37 38 33 35 26 30 21 23 14 19 13 14 12 13 17 12 21 21 21 22 19 20 13 17
 13 13 18 16 22 20 29 26 33 32 34 34 33 34 29 31 24 27 18 18 15 17 13 14
 11 11  9 10  9  9  9  9]"
2024-11-25 20:09:48.075476,"(-15.0, 26.66)","(5600, 5600)","[16  7 19 20 15 17 15 14 20 19 22 22 21 22 17 19 16 17 16 16 14 15 13 13
 12 12 11 11 10 10 11 11 10 11 10 10 12 11 12 12 12 12 11 11 10 10 10 10
 11 10 11 11 11 11 12 12 12 12 11 11 10 10  9 10  9  9 10  9 11 11 10 11
  9  9  9  9 12 11 13 12 14 15 13 14 12 13 11 11 10 10 10 10  9 10  9  9
 10 10 15 13 20 17 28 25 28 29 29 28 29 29 26 28 22 25 19 20 14 14 12 13
 10 12  9  9  9  9  9  9]"
2024-11-25 20:10:03.053287,"(-7.5, 26.66)","(5600, 5600)","[16  5 19 20 15 17 15 14 20 19 22 22 21 22 17 19 16 17 16 16 14 15 13 13
 12 12 11 11 10 10 11 11 10 11 10 10 12 11 12 12 12 12 11 11 10 10 10 10
 11 10 11 11 11 11 12 12 12 12 11 11 10 10  9 10  9  9 10  9 11 11 10 11
  9  9  9  9 12 11 13 12 14 15 13 14 12 13 11 11 10 10 10 10  9 10  9  9
 10 10  9  9 21 16 31 27 34 34 34 34 32 33 27 30 22 24 18 20 13 14 12 13
 10 11  9  9  9  9  9  9]"
2024-11-25 20:10:18.027512,"(0.0, 26.66)","(5600, 5600)","[16  6 19 20 19 19 21 21 21 21 22 22 21 22 17 19 16 17 16 16 14 15 13 13
 12 12 11 11 10 10 11 11 10 11 10 10 12 11 12 12 12 12 11 11 10 10 10 10
 11 10 11 11 11 11 12 12 12 12 11 11 10 10  9 10  9  9 10  9 11 11 10 11
  9  9  9  9 12 11 13 12 14 15 13 14 12 13 11 11 10 10 10 10  9 10  9  9
 10 10 16 14 16 16 16 15 18 17 27 21 29 28 26 28 22 24 18 20 13 13 12 13
 12 12 12 12 12 12 12 12]"
2024-11-25 20:10:33.001509,"(7.5, 26.66)","(5600, 5600)","[16  7 19 20 22 20 24 23 22 23 22 22 21 22 18 19 17 17 16 16 14 15 13 13
 12 12 11 11 10 10 11 11 10 11 10 10 12 11 12 12 12 12 11 11 10 10 10 10
 11 10 11 11 11 11 12 12 12 12 11 11 10 10  9 10  9  9 10  9 11 11 10 11
  9  9  9  9 12 11 13 12 14 15 13 14 12 13 11 11 10 10 10 10  9 10  9  9
 15 10 15 15 26 20 38 33 42 41 42 42 40 41 36 39 30 33 25 27 18 23 17 17
 16 16 15 15 13 14 12 13]"
2024-11-25 20:10:47.976416,"(15.0, 26.66)","(5600, 5600)","[16  9 19 20 16 17 15 14 20 19 22 22 21 22 17 19 16 17 16 16 14 15 13 13
 12 12 11 11 10 10 11 11 10 11 10 10 12 11 12 12 12 12 11 11 10 10 10 10
 11 10 11 11 11 11 12 12 12 12 11 11 10 10  9 10  9  9 10  9 11 11 10 11
  9  9  9  9 12 11 13 12 14 15 13 14 12 13 11 11 10 10 10 10  9 10  9  9
 10 10 15 15 24 19 33 29 35 35 35 35 32 34 26 29 20 23 14 14 13 14 11 12
  9 10  9  9  9  9  9  9]"
2024-11-25 20:11:02.951116,"(22.5, 26.66)","(5600, 5600)","[16  9 19 20 16 17 15 14 20 19 22 22 21 22 17 19 16 17 16 16 14 15 13 13
 12 12 11 11 10 10 11 11 10 11 10 10 12 11 12 12 12 12 11 11 10 10 10 10
 11 10 11 11 11 11 12 12 12 12 11 11 10 10  9 10  9  9 10  9 11 11 10 11
  9  9  9  9 12 11 13 12 14 15 13 14 12 13 11 11 10 10 10 10  9 10  9  9
 10 10  9  9 20 15 30 26 32 32 34 32 34 34 30 32 24 26 19 21 14 15 12 13
 10 11  9 10  9  9  9  9]"
2024-11-25 20:11:17.925142,"(30.0, 26.66)","(5600, 5600)","[16  9 19 20 16 17 15 14 20 19 22 22 21 22 17 19 16 17 16 16 14 15 13 13
 12 12 11 11 10 10 11 11 10 11 10 10 12 11 12 12 12 12 11 11 10 10 10 10
 11 10 11 11 11 11 12 12 12 12 11 11 10 10  9 10  9  9 10  9 11 11 10 11
  9  9  9  9 12 11 13 12 14 15 13 14 12 13 11 11 10 10 10 10  9 10  9  9
 10 10  9  9 10  8 18 13 25 23 28 27 27 27 23 25 18 20 15 17 11 11 10 11
  9  9  8  8  9  9  9  9]"
2024-11-25 20:11:32.898639,"(37.5, 26.66)","(5600, 5600)","[17 13 19 20 15 17 15 14 20 19 22 22 21 22 17 19 16 17 16 16 14 15 13 13
 12 12 11 11 10 10 11 11 10 11 10 10 12 11 12 12 12 12 11 11 10 10 10 10
 11 10 11 11 11 11 12 12 12 12 11 11 10 10  9 10  9  9 10  9 11 11 10 11
  9  9  9  9 12 11 13 12 14 15 13 14 12 13 11 11 10 10 10 10  9 10  9  9
 10 10  9  9  8  8 16  8 27 23 31 30 31 31 27 29 21 24 17 19 13 13 12 12
 10 11  9 10  9  9  9  9]"
2024-11-25 20:11:48.892467,"(45.0, 26.66)","(5600, 5600)","[16  8 19 20 15 17 15 14 20 19 22 22 21 22 17 19 16 17 16 16 14 15 13 13
 12 12 11 11 10 10 11 11 10 11 10 10 12 11 12 12 12 12 11 11 10 10 10 10
 11 10 11 11 11 11 12 12 12 12 11 11 10 10  9 10  9  9 10  9 11 11 10 11
  9  9  9  9 12 11 13 12 14 15 13 14 12 13 11 11 10 10 10 10  9 10  9  9
 10 10  9  9 16 14 20 18 25 21 29 28 28 29 24 26 19 21 15 17 11 11 10 10
  9  9  9  9  9  9  9  9]"
2024-11-25 20:12:04.365761,"(52.5, 26.66)","(5600, 5600)","[16  9 19 20 15 17 15 14 20 19 22 22 21 22 17 19 16 17 16 16 14 15 13 13
 12 12 11 11 10 10 11 11 10 11 10 10 12 11 12 12 12 12 11 11 14 10 17 16
 15 16 11 11 11 11 12 12 12 12 11 11 10 10  9 10  9  9 10  9 11 11 10 11
  9  9  9  9 12 11 13 12 14 15 13 14 12 13 11 11 10 10 10 10  9 10  9  9
 10 10  9  9 19 16 30 25 33 33 33 33 30 31 24 27 19 22 14 14 13 13 11 12
  9 10  9  9  9  9  9  9]"
2024-11-25 20:12:19.340464,"(60.0, 26.66)","(5600, 5600)","[16  9 19 20 15 17 15 14 20 19 22 22 21 22 17 19 16 17 16 16 14 15 13 13
 12 12 11 11 10 10 11 11 10 11 10 10 12 11 12 12 12 12 11 11 10 10 10 10
 11 10 11 11 11 11 12 12 12 12 11 11 10 10  9 10  9  9 10  9 11 11 10 11
  9  9  9  9 12 11 13 12 14 15 13 14 12 13 11 11 10 10 10 10  9 10  9  9
 10 10 14 14 20 16 32 26 37 36 37 37 34 36 28 31 23 25 18 21 14 15 11 13
  9 10  9  9  9  9  9  9]"
2024-11-25 20:12:34.318968,"(67.5, 26.66)","(5600, 5600)","[16  5 19 20 16 17 19 18 20 19 22 22 21 22 17 19 16 17 16 16 14 15 13 13
 12 12 11 11 10 10 11 11 10 11 10 10 12 11 12 12 12 12 11 11 10 10 10 10
 11 10 11 11 11 11 12 12 12 12 11 11 10 10  9 10  9  9 10  9 11 11 10 11
  9  9  9  9 12 11 13 12 14 15 13 14 12 13 11 11 10 10 10 10  9 10 14  9
 15 15 16 15 26 21 35 31 37 37 36 37 34 35 30 32 25 27 20 23 16 16 14 15
 12 13 10 11  9 10  9  9]"
2024-11-25 20:12:49.296684,"(75.0, 26.66)","(5600, 5600)","[16  8 19 20 20 19 21 21 21 20 22 22 22 22 20 21 17 18 16 16 14 15 13 13
 12 12 11 11 10 10 11 11 10 11 10 10 12 11 12 12 12 12 11 11 10 10 10 10
 11 10 11 11 11 11 12 12 12 12 11 11 10 10 13 10 14 14 13 13 11 11 10 11
  9  9  9  9 12 11 13 12 14 15 13 14 12 13 11 11 10 10 10 10  9 10  9  9
 10 10 14 14 21 17 27 25 26 27 26 26 25 26 21 23 17 19 13 13 13 13 12 12
 11 12 11 11 11 11 11 11]"
2024-11-25 20:13:05.790324,"(82.5, 26.66)","(5600, 5600)","[16  5 19 20 22 20 24 24 22 23 22 22 23 23 22 23 19 21 17 18 16 17 14 15
 12 12 11 11 10 10 11 11 10 11 10 10 12 11 12 12 12 12 11 11 10 10 10 10
 11 10 11 11 11 11 12 12 12 12 11 11 10 10 12 10 13 14 10  9 11 11 10 11
  9  9 15 14 12 15 13 12 14 15 13 14 12 13 11 11 10 10 10 10  9 10  9  9
 17 10 18 18 16 17 19 16 23 23 22 23 25 23 23 24 20 22 16 18 12 13 11 12
 11 11 10 10 10 10 10 10]"
2024-11-25 20:13:20.765851,"(90.0, 26.66)","(5600, 5600)","[16  6 19 20 16 18 16 14 20 19 22 22 21 22 17 19 16 17 16 16 14 15 13 13
 12 12 11 11 10 10 11 11 10 11 10 10 12 11 12 12 12 12 11 11 10 10 10 10
 11 10 11 11 11 11 12 12 12 12 11 11 10 10  9 10  9  9 10  9 11 11 10 11
  9  9  9  9 12 11 13 12 14 15 13 14 12 13 11 11 10 10 10 10 14 10 18 16
 18 18 20 19 29 24 35 33 34 35 31 33 27 29 22 25 19 20 14 15 13 14 10 12
  8  9  8  8  9  9  9  9]"
2024-11-25 20:14:21.816186,"(-82.5, -26.66)","(5600, 5600)","[16  9 19 20 16 18 16 14 20 19 22 22 21 22 17 19 16 17 16 16 14 15 13 13
 12 12 11 11 10 10 11 11 10 11 10 10 12 11 12 12 12 12 11 11 10 10 10 10
 11 10 11 11 11 11 12 12 12 12 11 11 10 10  9 10  9  9 10  9 11 11 10 11
  9  9  9  9 12 11 13 12 14 15 13 14 12 13 11 11 10 10 15 12 16 16 16 16
 25 17 35 31 36 36 35 36 31 33 25 28 15 22 14 15 13 14 11 12 10 11  9 10
  8  8  8  8  9  9  9  9]"
2024-11-25 20:14:36.792495,"(-75.0, -26.66)","(5600, 5600)","[16 12 19 20 16 17 16 14 20 19 22 22 21 22 17 19 16 17 16 16 14 15 13 13
 12 12 11 11 10 10 11 11 10 11 10 10 12 11 12 12 12 12 11 11 10 10 10 10
 11 10 11 11 11 11 12 12 12 12 11 11 10 10  9 10  9  9 10  9 11 11 10 11
  9  9  9  9 12 11 13 12 14 15 13 14 12 13 11 11 10 10 17 14 18 18 18 18
 23 19 29 27 30 30 28 29 26 27 21 24 13 19 13 13 11 12 10 11  9  9  8  8
  8  8  8  8  9  9  9  9]"
2024-11-25 20:14:51.768592,"(-67.5, -26.66)","(5600, 5600)","[17 13 19 20 16 17 15 14 20 19 22 22 21 22 17 19 16 17 16 16 14 15 13 13
 12 12 11 11 10 10 11 11 10 11 10 10 12 11 12 12 12 12 11 11 10 10 10 10
 11 10 11 11 11 11 12 12 12 12 11 11 10 10  9 10  9  9 10  9 11 11 10 11
  9  9  9  9 12 11 13 12 14 15 13 14 12 13 11 11 10 10 10 10 16 15 16 16
 21 17 28 25 29 29 28 29 25 26 22 23 18 20 12 17 12 12 11 11  9 10  8  8
  7  7  8  7  9  9  9  9]"
2024-11-25 20:15:06.745018,"(-60.0, -26.66)","(5600, 5600)","[16  8 19 20 16 17 15 14 20 19 22 22 21 22 17 19 16 17 16 16 14 15 13 13
 12 12 11 11 10 10 11 11 10 11 10 10 12 11 12 12 12 12 11 11 10 10 10 10
 11 10 11 11 11 11 12 12 12 12 11 11 10 10  9 10  9  9 10  9 11 11 10 11
  9  9  9  9 12 11 13 12 14 15 13 14 12 13 11 11 10 10 10 10 14 10 19 16
 27 22 35 31 37 37 36 37 32 35 25 28 20 22 15 18 14 15 13 14 11 12  9 10
  7  8  8  7  9  9  9  9]"
2024-11-25 20:15:22.740897,"(-52.5, -26.66)","(5600, 5600)","[17 13 19 20 16 17 15 14 20 19 22 22 21 22 17 19 16 17 16 16 14 15 13 13
 12 12 11 11 10 10 11 11 10 11 10 10 12 11 12 12 12 12 11 11 10 10 10 10
 11 10 11 11 11 11 12 12 12 12 11 11 10 10  9 10  9  9 10  9 11 11 10 11
  9  9  9  9 12 11 13 12 14 15 13 14 12 13 11 11 10 10 10 10 14 10 21 17
 29 24 37 34 40 39 38 39 33 37 26 30 20 23 15 18 13 14 11 12  9 10  8  8
  7  7  8  7  9  9  9  9]"
2024-11-25 20:15:37.719702,"(-45.0, -26.66)","(5600, 5600)","[16  5 19 20 16 17 15 14 20 19 22 22 21 22 17 19 16 17 16 16 14 15 13 13
 12 12 11 11 10 10 11 11 10 11 10 10 12 11 12 12 12 12 11 11 10 10 10 10
 11 10 11 11 11 11 12 12 12 12 11 11 10 10  9 10  9  9 10  9 11 11 10 11
  9  9  9  9 12 11 13 12 14 15 13 14 12 13 11 11 10 10 19 15 23 21 22 23
 22 21 26 23 35 30 40 39 39 40 36 38 29 33 24 27 21 22 17 17 16 17 15 16
 12 13 10 11  9 10  9  9]"
2024-11-25 20:15:54.213797,"(-37.5, -26.66)","(5600, 5600)","[16 10 19 20 16 17 15 14 20 19 22 22 21 22 17 19 16 17 16 16 14 15 13 13
 12 12 11 11 10 10 11 11 10 11 10 10 12 11 12 12 12 12 11 11 10 10 10 10
 11 10 11 11 11 11 12 12 12 12 11 11 10 10  9 10  9  9 10  9 11 11 10 11
  9  9  9  9 12 11 13 12 14 15 13 14 12 13 11 11 14 10 21 17 23 22 25 23
 28 28 29 28 30 29 32 29 36 36 32 34 27 29 24 26 21 22 17 17 16 17 15 16
 14 15 13 14 11 12 10 10]"
2024-11-25 20:16:09.686997,"(-30.0, -26.66)","(5600, 5600)","[16  6 19 20 16 17 15 14 20 19 22 22 21 22 17 19 16 17 16 16 14 15 13 13
 12 12 11 11 10 10 11 11 10 11 10 10 12 11 12 12 12 12 11 11 10 10 10 10
 11 10 11 11 11 11 12 12 12 12 11 11 10 10  9 10  9  9 10  9 11 11 10 11
  9  9  9  9 12 11 13 12 14 15 13 14 12 13 11 11 10 10 10 10 14 10 25 20
 33 30 39 36 45 42 47 47 46 47 43 45 37 40 30 33 28 28 27 27 21 26 20 21
 18 19 15 17 13 14 10 11]"
2024-11-25 20:16:24.662887,"(-22.5, -26.66)","(5600, 5600)","[16  9 19 20 16 17 15 14 20 19 22 22 21 22 17 19 16 17 16 16 14 15 13 13
 12 12 11 11 10 10 11 11 10 11 10 10 12 11 12 12 12 12 11 11 10 10 10 10
 11 10 11 11 11 11 12 12 12 12 11 11 10 10  9 10  9  9 10  9 11 11 10 11
  9  9  9  9 12 11 13 12 14 15 13 14 12 13 11 11 10 10 10 10  9 10 15  9
 21 17 28 24 42 35 47 45 47 48 44 46 38 41 34 36 30 32 27 29 20 24 19 19
 17 18 15 16 13 14 11 12]"
2024-11-25 20:16:39.639357,"(-15.0, -26.66)","(5600, 5600)","[16  8 19 20 16 17 15 14 20 19 22 22 21 22 17 19 16 17 16 16 14 15 13 13
 12 12 11 11 10 10 11 11 10 11 10 10 12 11 12 12 12 12 11 11 10 10 10 10
 11 10 11 11 11 11 12 12 12 12 11 11 10 10  9 10 12  9 18 15 20 19 19 20
 17 18 14 15 16 11 23 20 26 25 28 27 28 28 27 28 24 26 20 22 14 19 14 14
 14 14 28 21 36 33 39 38 40 40 38 39 31 34 26 28 20 24 19 20 16 17 14 15
 12 13 10 11  9  9  9  9]"
2024-11-25 20:16:54.613567,"(-7.5, -26.66)","(5600, 5600)","[18 15 19 20 16 17 15 14 20 19 22 22 21 22 17 19 16 17 16 16 14 15 13 13
 12 12 11 11 10 10 11 11 10 11 10 10 12 11 12 12 12 12 11 11 10 10 10 10
 19 10 23 22 21 22 18 19 12 17 11 11 10 10 13 10 25 17 35 32 36 36 34 35
 31 32 30 31 36 32 45 41 51 50 51 52 49 50 44 47 38 41 34 36 33 33 36 35
 35 36 32 34 27 27 31 27 32 33 28 28 26 27 23 24 21 22 18 19 16 17 15 16
 15 15 13 14 12 13 11 12]"
2024-11-25 20:17:09.590164,"(0.0, -26.66)","(5600, 5600)","[17 14 19 20 16 17 15 14 20 19 22 22 21 22 17 19 16 17 16 16 14 15 13 13
 12 12 11 11 10 10 11 11 10 11 10 10 12 11 12 12 12 12 11 11 10 10 14 10
 29 24 34 33 33 34 28 30 22 25 19 21 17 18 11 16 11 11 11 11 11 11 15 11
 21 17 33 26 43 38 49 46 56 54 58 58 55 57 48 52 41 44 37 39 34 36 32 33
 27 32 27 27 34 32 34 34 32 33 27 27 24 26 22 23 21 22 19 20 17 18 16 16
 15 16 15 15 15 15 15 15]"
2024-11-25 20:17:24.567020,"(7.5, -26.66)","(5600, 5600)","[16  8 19 20 16 17 15 14 20 19 22 22 21 22 17 19 16 17 16 16 14 15 13 13
 12 12 11 11 10 10 11 11 10 11 10 10 12 11 12 12 12 12 11 11 10 10 12 10
 26 21 30 29 29 30 24 27 18 21 14 16 10 10  9 10 17  9 24 21 24 25 22 23
 19 20 24 20 39 31 49 44 52 52 51 51 47 49 42 44 37 39 32 35 24 30 23 24
 22 22 32 27 35 34 34 35 32 33 28 30 24 24 22 23 21 21 21 21 20 21 19 20
 19 19 17 18 16 17 14 15]"
2024-11-25 20:17:39.539419,"(15.0, -26.66)","(5600, 5600)","[16  9 19 20 16 17 15 14 20 19 22 22 21 22 17 19 16 17 16 16 14 15 13 13
 12 12 11 11 10 10 11 11 10 11 10 10 12 11 12 12 12 12 11 11 10 10 10 10
 15 10 21 20 19 20 12 18 12 12 11 11 10 10  9 10  9  9 16 12 18 18 17 18
 14 15 21 16 36 29 47 43 51 51 50 51 47 49 43 45 39 40 34 37 30 32 23 28
 28 23 28 28 32 30 32 32 30 31 24 24 24 24 22 23 21 21 20 21 20 20 19 19
 17 18 16 16 14 15 12 12]"
2024-11-25 20:17:54.513783,"(22.5, -26.66)","(5600, 5600)","[16  5 19 20 16 17 15 14 20 19 22 22 21 22 17 19 16 17 16 16 14 15 13 13
 12 12 11 11 10 10 11 11 10 11 10 10 12 11 12 12 12 12 11 11 10 10 10 10
 11 10 11 11 11 11 12 12 12 12 11 11 10 10  9 10  9  9 10  9 11 11 14 11
 15 16 19 16 31 24 42 37 48 46 48 48 45 47 43 44 42 42 41 41 40 41 38 39
 35 36 33 34 32 32 32 32 31 32 30 31 25 25 23 24 22 23 21 22 19 20 17 18
 15 16 14 15 14 14 14 14]"
2024-11-25 20:18:09.488165,"(30.0, -26.66)","(5600, 5600)","[16  9 19 20 16 17 15 14 20 19 22 22 21 22 17 19 16 17 16 16 14 15 13 13
 12 12 11 11 10 10 11 11 10 11 10 10 12 11 12 12 12 12 11 11 10 10 10 10
 11 10 11 11 11 11 12 12 12 12 11 11 10 10  9 10  9  9 10  9 13 11 18 16
 19 20 24 20 28 27 27 27 29 26 34 31 35 35 34 35 34 34 33 34 33 33 31 32
 28 29 25 27 24 24 28 27 28 28 28 28 25 27 20 24 19 20 18 18 17 18 16 17
 15 15 14 14 14 14 14 14]"
2024-11-25 20:18:24.463842,"(37.5, -26.66)","(5600, 5600)","[17 14 19 20 16 17 15 14 20 19 22 22 21 22 17 19 16 17 16 16 14 15 13 13
 12 12 11 11 10 10 11 11 10 11 10 10 12 11 12 12 12 12 11 11 10 10 10 10
 11 10 11 11 11 11 12 12 12 12 11 11 10 10  9 10  9  9 10  9 11 11 10 11
  9  9 16 14 12 16 13 12 14 15 13 14 21 17 31 27 34 35 32 34 30 31 30 30
 30 29 38 33 45 42 45 45 43 44 37 40 30 34 22 27 21 21 20 20 19 20 18 19
 17 18 15 16 12 13 11 11]"
2024-11-25 20:18:39.442359,"(45.0, -26.66)","(5600, 5600)","[19 18 19 20 16 17 15 14 20 19 22 22 21 22 17 19 16 17 16 16 14 15 13 13
 12 12 11 11 10 10 11 11 10 11 10 10 12 11 12 12 12 12 11 11 10 10 10 10
 11 10 11 11 11 11 12 12 12 12 11 11 10 10  9 10  9  9 10  9 11 11 19 11
 28 25 29 29 25 27 21 23 14 19 13 14 14 13 23 18 32 29 33 33 32 32 29 30
 32 28 38 35 42 40 41 42 39 41 36 38 33 34 29 31 22 25 20 21 18 19 17 17
 15 16 13 14 11 12  9 10]"
2024-11-25 20:18:54.419769,"(52.5, -26.66)","(5600, 5600)","[17 15 19 20 16 17 15 14 20 19 22 22 21 22 17 19 16 17 16 16 14 15 13 13
 12 12 11 11 10 10 11 11 10 11 10 10 12 11 12 12 12 12 11 11 10 10 10 10
 11 10 11 11 11 11 12 12 12 12 11 11 10 10  9 10  9  9 10  9 16 11 30 23
 40 37 42 42 36 39 35 36 33 34 32 33 33 33 34 33 36 34 36 36 34 35 30 32
 29 29 32 30 31 32 28 29 22 27 22 22 22 22 20 21 19 19 19 19 19 19 19 19
 19 19 19 19 18 18 15 16]"
2024-11-25 20:19:10.416303,"(60.0, -26.66)","(5600, 5600)","[16 12 19 20 16 17 15 14 20 19 22 22 21 22 17 19 16 17 16 16 14 15 13 13
 12 12 11 11 10 10 11 11 10 11 10 10 12 11 12 12 12 12 11 11 10 10 10 10
 11 10 11 11 11 11 12 12 12 12 11 11 10 10  9 10 12  9 23 17 30 27 30 30
 32 30 38 34 39 39 40 40 40 40 39 39 37 38 35 36 32 34 30 31 27 28 21 26
 26 21 27 27 22 27 21 22 19 20 18 19 16 17 14 15 14 14 14 14 14 14 13 13
 13 13 12 12 11 12 11 11]"
2024-11-25 20:19:25.391527,"(67.5, -26.66)","(5600, 5600)","[16  9 19 20 15 17 15 14 20 19 22 22 21 22 17 19 16 17 16 16 14 15 13 13
 12 12 11 11 10 10 11 11 10 11 10 10 12 11 12 12 12 12 11 11 10 10 10 10
 11 10 11 11 11 11 12 12 12 12 11 11 10 10  9 10 23  9 39 33 43 41 42 43
 36 40 31 33 30 30 35 32 37 38 35 36 30 32 30 28 40 36 43 42 41 42 37 39
 32 35 27 29 23 24 20 21 17 18 15 16 14 15 13 14 12 12 12 12 12 12 12 12
 11 12 10 10  9  9  9  9]"
2024-11-25 20:19:40.367781,"(75.0, -26.66)","(5600, 5600)","[16  8 19 20 15 17 15 14 20 19 22 22 21 22 17 19 16 17 16 16 14 15 13 13
 12 12 11 11 10 10 11 11 10 11 10 10 12 11 12 12 12 12 11 11 10 10 10 10
 11 10 11 11 11 11 12 12 12 12 11 11 18 15 21 19 35 25 47 43 48 48 46 48
 40 44 33 36 30 32 30 30 29 30 26 28 20 25 26 20 37 33 39 39 38 39 32 35
 27 29 23 23 22 22 22 22 27 22 28 28 22 27 21 22 19 20 17 18 14 16 12 13
 10 11  9 10  9  9  9  9]"
2024-11-25 20:19:55.343747,"(82.5, -26.66)","(5600, 5600)","[16  6 19 20 15 17 15 14 20 19 22 22 21 22 17 19 16 17 16 16 14 15 13 13
 12 12 11 11 10 10 11 11 10 11 10 10 12 11 12 12 12 12 11 11 10 10 10 10
 11 10 11 11 11 11 12 12 12 12 11 11 12 10 23 16 39 32 48 44 48 48 45 47
 37 42 29 33 27 28 31 29 32 32 29 30 20 26 19 19 24 19 26 26 25 26 20 23
 19 19 19 19 19 19 24 19 27 26 27 27 20 26 18 19 16 17 14 15 12 13 11 11
  9 10  9  9  9  9  9  9]"
2024-11-25 20:20:56.386999,"(-90.0, 30.0)","(5600, 5600)","[16  7 19 20 15 17 15 14 20 19 22 22 21 22 17 19 16 17 16 16 14 15 13 13
 12 12 11 11 10 10 11 11 10 11 10 10 12 11 12 12 12 12 11 11 21 13 31 27
 37 35 38 38 36 37 32 35 26 29 21 23 13 19 13 13 13 13 12 12 12 12 12 12
 12 12 11 11 12 11 13 12 14 15 13 14 12 13 11 11 10 10 10 10  9 10  9  9
 10 10 17 14 19 18 20 19 20 20 20 20 29 24 32 31 32 32 30 31 27 28 22 24
 15 20 13 14 11 12  9 10]"
2024-11-25 20:21:11.161804,"(-83.33, 30.0)","(5600, 5600)","[16 11 19 20 20 19 22 21 21 21 22 22 21 22 17 19 16 17 16 16 14 15 13 13
 12 12 11 11 10 10 11 11 10 11 10 10 12 11 12 12 12 12 11 11 22 15 33 28
 38 37 38 39 35 37 28 32 22 25 18 19 13 14 12 13 12 12 11 11 11 11 11 11
 11 11 16 15 12 16 13 12 14 15 13 14 12 13 11 11 11 11 11 11 11 11 11 11
 16 11 19 18 19 19 19 19 18 19 18 18 18 13 23 20 27 27 26 27 23 25 21 22
 20 21 16 16 15 15 14 15]"
2024-11-25 20:21:25.937101,"(-76.66, 30.0)","(5600, 5600)","[17 14 19 20 18 18 21 20 21 20 22 22 21 22 17 19 16 17 16 16 14 15 13 13
 12 12 11 12 10 11 11 11 10 11 10 10 12 11 12 12 12 12 11 11 17 13 29 24
 34 34 33 34 30 32 27 29 25 26 22 24 15 21 15 15 14 14 13 13 12 13 12 12
 13 13 13 13 13 13 13 13 14 15 13 14 12 13 11 11 10 10 16 13 18 17 17 17
 17 16 20 18 19 20 19 18 20 20 19 20 17 18 19 17 23 21 24 24 21 23 14 19
 14 14 13 14 12 13 11 12]"
2024-11-25 20:21:40.710638,"(-70.0, 30.0)","(5600, 5600)","[16  7 19 20 20 19 23 22 22 23 22 22 21 22 17 19 16 17 16 16 14 15 13 13
 12 12 11 11 10 10 11 11 10 11 10 10 12 11 12 12 12 12 11 11 10 10 10 10
 22 10 31 28 35 34 36 36 34 35 30 32 24 27 20 22 13 18 13 13 13 13 17 13
 22 21 22 22 14 20 14 14 14 15 13 14 12 13 11 11 10 10 16 12 21 19 22 22
 21 21 19 20 18 18 12 17 12 12 12 12 12 12 12 12 12 12 11 11 10 10  9  9
  9  9  9  9  9  9  9  9]"
2024-11-25 20:21:55.485215,"(-63.33, 30.0)","(5600, 5600)","[16 11 19 20 20 19 21 21 21 20 22 22 21 22 17 19 16 17 16 16 15 15 14 14
 12 13 11 11 10 10 11 11 10 11 10 10 12 11 12 12 12 12 11 11 10 10 10 10
 13 10 25 19 35 30 37 37 36 36 35 35 31 33 26 28 22 23 19 20 15 15 15 15
 15 15 15 15 13 14 13 13 14 15 13 14 12 13 11 11 10 10 10 10 17 15 18 18
 18 18 17 18 12 17 12 12 12 12 12 12 12 12 12 12 11 12 10 11  9  9  8  8
  8  8  8  8  9  9  9  9]"
2024-11-25 20:22:10.258273,"(-56.66, 30.0)","(5600, 5600)","[16  4 19 20 16 18 16 14 20 19 22 22 21 22 17 19 16 17 16 16 14 15 13 13
 12 12 11 11 10 10 11 11 10 11 10 10 12 11 12 12 12 12 11 11 10 10 10 10
 11 10 18 11 28 23 29 28 35 28 41 40 39 40 34 37 30 32 25 27 21 23 21 21
 21 21 16 16 14 15 13 13 14 15 13 14 12 13 11 11 10 10 16 14 17 16 16 16
 15 15 10 10 10 10 10 10 10 10 19 16 20 20 19 20 16 18 11 11 10 10  9  9
  8  9  8  8  9  9  9  9]"
2024-11-25 20:22:26.049564,"(-50.0, 30.0)","(5600, 5600)","[16  2 19 20 16 17 16 14 20 19 22 22 21 22 17 19 16 17 16 16 14 15 13 13
 12 12 11 11 10 10 11 11 10 11 10 10 12 11 12 12 12 12 11 11 10 10 10 10
 11 10 11 11 11 11 25 18 35 31 37 37 36 37 35 35 33 34 29 31 24 26 25 23
 27 28 26 27 17 23 16 16 15 15 13 14 12 13 11 11 10 10 17 14 22 20 21 22
 19 20 17 18 12 16 12 12 11 12 11 11 15 11 16 16 11 16 11 11 11 11 10 10
  8  9  8  8  9  9  9  9]"
2024-11-25 20:22:40.822863,"(-43.33, 30.0)","(5600, 5600)","[16 12 19 20 16 17 16 14 20 19 22 22 21 22 17 19 16 17 16 16 14 15 13 13
 12 12 11 11 10 10 11 11 10 11 10 10 12 11 12 12 12 12 11 11 10 10 10 10
 11 10 11 11 11 11 12 12 12 12 11 11 20 16 31 26 35 35 35 36 34 35 35 34
 35 35 32 34 27 30 22 24 16 20 14 15 13 14 12 12 11 11 11 11 11 11 11 11
 10 10 16 15 11 16 11 11 11 11 11 11 10 10 11 10 11 12 10 11  8  9  8  8
  8  8  8  8  9  9  9  9]"
2024-11-25 20:22:55.599503,"(-36.66, 30.0)","(5600, 5600)","[16 10 19 20 16 17 16 14 20 19 22 22 21 22 17 19 16 17 16 16 14 15 13 13
 12 12 11 11 10 10 11 11 10 11 10 10 12 11 12 12 12 12 11 11 10 10 10 10
 11 10 11 11 11 11 12 12 12 12 11 11 13 10 17 15 19 18 18 19 24 21 33 30
 33 33 30 31 26 28 23 25 21 22 23 21 23 24 21 22 14 19 14 14 13 13 11 12
 10 11 10 10  9  9  8  9  8  8  8  8  9  8 11 10 11 12 10 11  9  9  9  9
  8  9  8  8  9  9  9  9]"
2024-11-25 20:23:10.869655,"(-30.0, 30.0)","(5600, 5600)","[16  5 19 20 16 17 16 14 20 19 22 22 21 22 17 19 16 17 16 16 14 15 13 13
 12 12 11 11 10 10 11 11 10 11 10 10 12 11 12 12 12 12 11 11 10 10 10 10
 11 10 11 11 11 11 12 12 12 12 11 11 10 10 13 10 17 16 20 19 31 25 37 36
 36 37 32 34 30 31 28 29 27 28 26 26 26 26 25 25 22 24 17 17 17 17 17 17
 17 17 17 17 16 16 15 15 14 15 13 13 12 12 11 11 11 12 11 11 11 11 10 10
  8  9  8  8  9  9  9  9]"
2024-11-25 20:23:25.642312,"(-23.33, 30.0)","(5600, 5600)","[16  8 19 20 16 17 16 14 20 19 22 22 21 22 17 19 16 17 16 16 14 15 13 13
 12 12 11 11 10 10 11 11 10 11 10 10 12 11 12 12 12 12 11 11 10 10 10 10
 11 10 11 11 11 11 12 12 12 12 11 11 10 10  9 10  9  9 10  9 20 15 33 28
 37 37 36 37 32 35 27 29 22 24 19 21 14 18 17 14 23 19 27 26 27 28 26 27
 26 26 29 27 29 29 29 29 28 28 27 27 26 27 19 25 18 19 17 18 14 15 13 14
 11 12  9 10  9  9  9  9]"
2024-11-25 20:23:41.432778,"(-16.66, 30.0)","(5600, 5600)","[16  5 19 20 16 17 16 14 20 19 22 22 21 22 17 19 16 17 16 16 14 15 13 13
 12 12 11 11 10 10 11 11 10 11 10 10 12 11 12 12 12 12 11 11 10 10 10 10
 11 10 11 11 11 11 12 12 12 12 11 11 10 10  9 10  9  9 10  9 11 11 18 16
 17 18 18 17 16 17 13 16 14 15 13 14 12 13 11 11 10 10 10 10  9 10  9  9
 10 10  9  9 17 15 19 18 19 19 23 20 29 26 28 28 26 26 24 25 21 22 14 18
 14 14 14 14 14 14 13 13]"
2024-11-25 20:23:56.205076,"(-10.0, 30.0)","(5600, 5600)","[16  9 19 20 16 17 16 15 20 19 22 22 21 22 17 19 16 17 16 16 14 15 13 13
 12 12 11 11 10 10 11 11 10 11 10 10 12 11 12 12 12 12 11 11 10 10 10 10
 11 10 11 11 11 11 12 12 12 12 11 11 10 10  9 10  9  9 10  9 11 11 10 11
  9  9  9  9 12 11 13 12 14 15 13 14 12 13 11 11 10 10 10 10  9 10  9  9
 10 10 15 14 15 15 14 15 17 14 27 21 30 29 29 30 29 29 27 28 23 25 19 21
 14 18 14 14 14 14 13 13]"
2024-11-25 20:24:10.975706,"(-3.33, 30.0)","(5600, 5600)","[16  6 19 20 20 20 22 22 21 21 22 22 21 22 17 19 16 17 16 16 14 15 13 13
 12 12 11 11 10 10 11 11 10 11 10 10 12 11 12 12 12 12 11 11 10 10 10 10
 11 10 11 11 11 11 12 12 12 12 11 11 10 10  9 10  9  9 10  9 11 11 10 11
  9  9  9  9 12 11 13 12 14 15 13 14 12 13 11 11 10 10 10 10  9 10  9  9
 10 10 14 13 14 14  9 13 18  9 26 22 31 29 32 32 31 32 28 30 23 26 19 21
 14 17 13 13 11 12 10 11]"
2024-11-25 20:24:26.762897,"(3.33, 30.0)","(5600, 5600)","[16 10 19 20 17 18 18 18 20 19 24 22 23 23 18 20 16 17 16 16 14 15 13 13
 12 12 11 11 10 10 11 11 10 11 10 10 12 11 12 12 12 12 11 11 10 10 10 10
 11 10 11 11 11 11 12 12 12 12 11 11 10 10  9 10  9  9 10  9 11 11 10 11
  9  9  9  9 12 11 13 12 14 15 13 14 12 13 11 11 10 10 10 10  9 10 13  9
 14 15 16 15 16 16 18 15 29 22 39 35 41 40 39 40 36 38 29 33 24 26 17 22
 17 17 16 17 14 15 12 13]"
2024-11-25 20:24:41.534968,"(10.0, 30.0)","(5600, 5600)","[16  4 19 20 20 19 22 21 21 21 22 22 21 22 17 19 16 17 16 16 14 15 13 13
 12 12 11 11 10 10 11 11 10 11 10 10 12 11 12 12 12 12 11 11 10 10 10 10
 11 10 11 11 11 11 12 12 12 12 11 11 10 10  9 10  9  9 10  9 11 11 10 11
  9  9  9  9 12 11 13 12 14 15 13 14 12 13 11 11 10 10 10 10  9 10  9  9
 10 10  9  9 12  8 17 13 30 23 39 36 40 40 38 39 35 36 31 33 25 28 17 22
 15 16 14 15 12 13 10 11]"
2024-11-25 20:24:56.305896,"(16.66, 30.0)","(5600, 5600)","[16  9 19 20 17 18 18 18 20 19 22 22 21 22 17 19 16 17 16 16 14 15 13 13
 12 12 11 11 10 10 11 11 10 11 10 10 12 11 12 12 12 12 11 11 10 10 10 10
 11 10 11 11 11 11 12 12 12 12 11 11 10 10  9 10  9  9 10  9 11 11 10 11
  9  9  9  9 12 11 13 12 14 15 13 14 12 13 11 11 10 10 10 10  9 10  9  9
 10 10  9  9 13 14 13 12 17 13 20 20 29 24 32 32 31 32 26 29 20 23 13 18
 13 13 11 12 10 10  9  9]"
2024-11-25 20:25:12.093976,"(23.33, 30.0)","(5600, 5600)","[16  8 19 20 16 18 16 15 20 19 22 22 21 22 17 19 16 17 16 16 14 15 13 13
 12 12 11 11 10 10 11 11 10 11 10 10 12 11 12 12 12 12 11 11 10 10 10 10
 11 10 11 11 11 11 12 12 12 12 11 11 10 10  9 10  9  9 10  9 11 11 10 11
  9  9  9  9 12 11 13 12 14 15 13 14 12 13 11 11 10 10 10 10  9 10  9  9
 10 10  9  9 13  8 19 14 30 25 36 34 36 36 33 35 27 30 23 25 15 20 14 14
 12 13 10 11  9 10  9  9]"
2024-11-25 20:25:26.871881,"(30.0, 30.0)","(5600, 5600)","[16  9 19 20 16 18 16 15 20 19 22 22 21 22 17 19 16 17 16 16 14 15 13 13
 12 12 11 11 10 10 11 11 10 11 10 10 12 11 12 12 12 12 11 11 10 10 10 10
 11 10 11 11 11 11 12 12 12 12 11 11 10 10  9 10  9  9 10  9 11 11 10 11
  9  9  9  9 12 11 13 12 14 15 13 14 12 13 11 11 10 10 10 10  9 10  9  9
 10 10  9  9  8  8 14  8 24 19 30 28 30 30 29 30 25 27 21 23 13 19 12 13
 10 11  9  9  9  9  9  9]"
2024-11-25 20:25:42.645838,"(36.66, 30.0)","(5600, 5600)","[16  9 19 20 16 18 16 15 20 19 22 22 21 22 17 19 16 17 16 16 14 15 13 13
 12 12 11 11 10 10 11 11 10 11 10 10 12 11 12 12 12 12 11 11 10 10 10 10
 11 10 11 11 11 11 12 12 12 12 11 11 10 10  9 10  9  9 10  9 11 11 10 11
  9  9  9  9 12 11 13 12 14 15 13 14 12 13 11 11 10 10 10 10  9 10  9  9
 14 10 14 15 13 14 15 12 28 22 36 33 37 37 35 37 30 33 25 27 20 22 15 18
 12 14 10 11  9 10  9  9]"
2024-11-25 20:25:57.415720,"(43.33, 30.0)","(5600, 5600)","[16 10 19 20 16 18 16 15 20 19 22 22 21 22 17 19 16 17 16 16 14 15 13 13
 12 12 11 11 10 10 11 11 10 11 10 10 12 11 12 12 12 12 11 11 10 10 10 10
 11 10 11 11 11 11 12 12 12 12 11 11 10 10  9 10  9  9 10  9 11 11 10 11
  9  9  9  9 12 11 13 12 14 15 13 14 12 13 11 11 10 10 10 10 14 10 15 15
 14 15  9  9  8  8 14  8 24 18 29 27 29 29 25 27 22 24 19 21 13 18 13 13
 11 12 10 11  9 10  9  9]"
2024-11-25 20:26:12.188566,"(50.0, 30.0)","(5600, 5600)","[16  9 19 20 16 18 16 14 20 19 22 22 21 22 17 19 16 17 16 16 14 15 13 13
 12 12 11 11 10 10 11 11 10 11 10 10 12 11 12 12 12 12 11 11 10 10 10 10
 11 10 11 11 11 11 12 12 12 12 11 11 10 10  9 10  9  9 10  9 11 11 10 11
  9  9  9  9 12 11 13 12 14 15 13 14 12 13 11 11 10 10 10 10 14 10 15 15
 10 14  9  9 13  8 14 13 22 17 28 26 28 29 27 28 26 27 22 24 18 20 12 16
 11 12 10 11  9 10  9  9]"
2024-11-25 20:26:27.460678,"(56.66, 30.0)","(5600, 5600)","[16  9 19 20 16 18 16 14 20 19 22 22 21 22 17 19 16 17 16 16 14 15 13 13
 12 12 11 11 10 10 11 11 10 11 10 10 12 11 12 12 12 12 11 11 10 10 10 10
 11 10 11 11 11 11 12 12 12 12 11 11 10 10  9 10  9  9 10  9 11 11 10 11
  9  9  9  9 12 11 13 12 14 15 13 14 12 13 11 11 10 10 10 10  9 10  9  9
 10 10  9  9 13 14 18 14 30 25 36 34 36 37 35 36 30 33 26 28 21 23 15 19
 13 14 11 12  9 10  9  9]"
2024-11-25 20:26:42.233964,"(63.33, 30.0)","(5600, 5600)","[16  6 19 20 16 18 16 14 20 19 22 22 21 22 17 19 16 17 16 16 14 15 13 13
 12 12 11 11 10 10 11 11 10 11 10 10 12 11 12 12 12 12 11 11 10 10 10 10
 11 10 11 11 11 11 12 12 12 12 11 11 10 10  9 10  9  9 10  9 11 11 10 11
  9  9  9  9 12 11 13 12 14 15 13 14 12 13 11 11 10 10 10 10  9 10  9  9
 10 10 14 14 14 14 18 14 29 24 37 33 37 37 35 36 31 33 25 28 20 22 15 18
 13 14 11 12  9 10  9  9]"
2024-11-25 20:26:57.508153,"(70.0, 30.0)","(5600, 5600)","[16  6 19 20 21 20 23 22 22 22 22 22 22 22 19 21 17 18 16 16 14 15 13 13
 12 12 11 11 10 10 11 11 10 11 10 10 12 11 12 12 12 12 11 11 10 10 10 10
 11 10 11 11 11 11 12 12 12 12 11 11 14 10 14 15 13 14 10  9 11 11 10 11
  9  9  9  9 12 11 13 12 14 15 13 14 12 13 11 11 10 10 10 10  9 10  9  9
 10 10 16 14 16 16 15 15 21 15 32 26 36 34 34 35 31 33 28 30 25 27 23 24
 19 21 14 15 12 13 11 12]"
2024-11-25 20:27:12.284695,"(76.66, 30.0)","(5600, 5600)","[16  6 19 20 16 18 17 16 20 19 22 22 21 22 17 19 16 17 16 16 14 15 13 13
 12 12 11 11 10 10 11 11 10 11 10 10 12 11 12 12 12 12 11 11 10 10 10 10
 11 10 11 11 11 11 12 12 12 12 11 11 10 10 11 10 14 14 10  9 11 11 13 11
 15 15 14 15 12 11 13 12 14 15 13 14 12 13 11 11 10 10 10 10  9 10  9  9
 10 10 15 14 14 15 14 13 20 16 25 24 26 26 26 26 24 26 20 23 18 19 13 18
 13 13 12 12 11 11 10 10]"
2024-11-25 20:27:27.056385,"(83.33, 30.0)","(5600, 5600)","[16  8 19 20 17 18 21 20 21 21 22 22 21 22 17 19 16 17 16 16 14 15 13 13
 12 12 11 11 10 10 11 11 10 11 10 10 12 11 12 12 12 12 11 11 10 10 10 10
 11 10 11 11 11 11 12 12 12 12 11 11 10 10  9 10  9  9 10  9 11 11 10 11
  9  9  9  9 12 11 13 12 14 15 13 14 12 13 11 11 10 10 10 10  9 10 14  9
 16 15 16 16 15 15 15 14 22 16 31 27 35 33 34 35 33 34 31 32 27 29 22 24
 16 20 15 16 13 14 11 12]"
2024-11-25 20:27:42.854531,"(90.0, 30.0)","(5600, 5600)","[16  4 19 20 17 18 19 19 20 19 22 22 21 22 17 19 16 17 16 16 14 15 13 13
 12 12 11 11 10 10 11 11 10 11 10 10 12 11 12 12 12 12 11 11 10 10 10 10
 11 10 11 11 11 11 12 12 12 12 11 11 13 10 15 14 13 14 10  9 11 11 10 11
  9  9  9  9 12 11 13 12 14 15 13 14 12 13 11 11 10 10 10 10  9 10  9  9
 10 10 15 14 14 15 14 13 22 15 30 27 35 33 35 35 33 35 28 31 23 26 21 22
 16 20 15 16 13 14 12 13]"
2024-11-25 20:28:44.102681,"(-83.33, -30.0)","(5600, 5600)","[16  7 19 20 16 18 16 15 20 19 22 22 21 22 17 19 16 17 16 16 14 15 13 13
 12 12 11 11 10 10 11 11 10 11 10 10 12 11 12 12 12 12 11 11 10 10 10 10
 11 10 11 11 11 11 12 12 12 12 11 11 10 10  9 10  9  9 10  9 11 11 10 11
  9  9  9  9 12 11 13 12 14 15 13 14 12 13 11 11 10 10 10 10  9 10  9  9
 15 10 22 18 32 27 37 35 38 39 36 37 29 33 24 26 21 22 15 15 14 15 13 14
 11 12 10 11  9 10  9  9]"
2024-11-25 20:28:58.874491,"(-76.66, -30.0)","(5600, 5600)","[16  6 19 20 16 18 16 15 20 19 22 22 21 22 17 19 16 17 16 16 14 15 13 13
 12 12 11 11 10 10 11 11 10 11 10 10 12 11 12 12 12 12 11 11 10 10 10 10
 11 10 11 11 11 11 12 12 12 12 11 11 10 10  9 10  9  9 10  9 11 11 10 11
  9  9  9  9 12 11 13 12 14 15 13 14 12 13 11 11 10 10 10 10  9 10  9  9
 10 10 18 15 26 22 29 28 29 30 26 28 22 24 18 20 12 16 11 12  9 10  8  8
  7  7  8  7  9  9  9  9]"
2024-11-25 20:29:14.664866,"(-70.0, -30.0)","(5600, 5600)","[16  6 19 20 16 18 16 15 20 19 22 22 21 22 17 19 16 17 16 16 14 15 13 13
 12 12 11 11 10 10 11 11 10 11 10 10 12 11 12 12 12 12 11 11 10 10 10 10
 11 10 11 11 11 11 12 12 12 12 11 11 10 10  9 10  9  9 10  9 11 11 10 11
  9  9  9  9 12 11 13 12 14 15 13 14 12 13 11 11 10 10 10 10  9 10  9  9
 10 10 17 12 29 23 35 33 36 36 34 35 29 32 24 26 19 21 14 14 12 13 10 11
  8  9  8  8  9  9  9  9]"
2024-11-25 20:29:29.436299,"(-63.33, -30.0)","(5600, 5600)","[16  8 19 20 16 18 16 15 20 19 22 22 21 22 17 19 16 17 16 16 14 15 13 13
 12 12 11 11 10 10 11 11 10 11 10 10 12 11 12 12 12 12 11 11 10 10 10 10
 11 10 11 11 11 11 12 12 12 12 11 11 10 10  9 10  9  9 10  9 11 11 10 11
  9  9  9  9 12 11 13 12 14 15 13 14 12 13 11 11 10 10 10 10  9 10  9  9
 10 10  9  9 21 16 26 24 26 26 24 25 21 22 19 20 17 18 16 16 12 12 11 11
  9 10  9  9  9  9  9  9]"
2024-11-25 20:29:44.207831,"(-56.66, -30.0)","(5600, 5600)","[16  9 19 20 16 18 16 15 20 19 22 22 21 22 17 19 16 17 16 16 14 15 13 13
 12 12 11 11 10 10 11 11 10 11 10 10 12 11 12 12 12 12 11 11 10 10 10 10
 11 10 11 11 11 11 12 12 12 12 11 11 10 10  9 10  9  9 10  9 11 11 10 11
  9  9  9  9 12 11 13 12 14 15 13 14 12 13 11 11 10 10 10 10  9 10  9  9
 13 10 17 16 25 21 30 28 32 32 31 32 27 29 22 24 18 20 13 13 12 12 10 11
  8  9  8  8  9  9  9  9]"
2024-11-25 20:30:00.001525,"(-50.0, -30.0)","(5600, 5600)","[16 11 19 20 16 18 16 15 20 19 22 22 21 22 17 19 16 17 16 16 14 15 13 13
 12 12 11 11 10 10 11 11 10 11 10 10 12 11 12 12 12 12 11 11 10 10 10 10
 11 10 11 11 11 11 12 12 12 12 11 11 10 10  9 10  9  9 10  9 11 11 10 11
  9  9  9  9 12 11 13 12 14 15 13 14 12 13 11 11 10 10 10 10 14 10 15 15
 16 14 24 19 35 30 39 38 37 38 36 37 35 36 31 33 26 28 23 24 17 21 16 17
 13 14 11 12 11 11 10 10]"
2024-11-25 20:30:14.773240,"(-43.33, -30.0)","(5600, 5600)","[16  5 19 20 16 18 16 15 20 19 22 22 21 22 17 19 16 17 16 16 14 15 13 13
 12 12 11 11 10 10 11 11 10 11 10 10 12 11 12 12 12 12 11 11 10 10 10 10
 11 10 11 11 11 11 12 12 12 12 11 11 10 10  9 10  9  9 10  9 11 11 10 11
  9  9  9  9 12 11 13 12 14 15 13 14 12 13 11 11 10 10 10 10 18 15 18 17
 21 19 27 24 42 35 48 46 48 49 46 47 42 44 36 39 30 33 25 28 20 20 20 20
 18 19 15 16 13 14 11 12]"
2024-11-25 20:30:30.547771,"(-36.66, -30.0)","(5600, 5600)","[16  6 19 20 16 18 16 15 20 19 22 22 21 22 17 19 16 17 16 16 14 15 13 13
 12 12 11 11 10 10 11 11 10 11 10 10 12 11 12 12 12 12 11 11 10 10 10 10
 11 10 11 11 11 11 12 12 12 12 11 11 10 10  9 10  9  9 10  9 11 11 10 11
  9  9  9  9 12 11 13 12 14 15 13 14 12 13 11 11 10 10 15 11 20 17 30 26
 33 33 35 34 41 37 46 44 47 47 45 46 41 43 36 38 31 33 26 28 21 21 19 20
 17 18 15 16 13 14 11 12]"
2024-11-25 20:30:45.318074,"(-30.0, -30.0)","(5600, 5600)","[16 11 19 20 16 18 16 15 20 19 22 22 21 22 17 19 16 17 16 16 14 15 13 13
 12 12 11 11 10 10 11 11 10 11 10 10 12 11 12 12 12 12 11 11 10 10 10 10
 11 10 11 11 11 11 12 12 12 12 11 11 10 10  9 10  9  9 10  9 11 11 10 11
  9  9  9  9 12 11 13 12 14 15 13 14 12 13 11 11 10 10 10 10 22 17 33 28
 37 36 38 38 36 37 40 39 41 42 41 41 38 40 32 34 29 30 26 28 20 24 17 19
 16 16 15 15 14 14 13 14]"
2024-11-25 20:31:00.092492,"(-23.33, -30.0)","(5600, 5600)","[16  8 19 20 16 18 16 15 20 19 22 22 21 22 17 19 16 17 16 16 14 15 13 13
 12 12 11 11 10 10 11 11 10 11 10 10 12 11 12 12 12 12 11 11 10 10 10 10
 11 10 11 11 11 11 12 12 12 12 11 11 10 10  9 10  9  9 10  9 11 11 10 11
  9  9  9  9 12 11 13 12 14 15 13 14 12 13 11 11 10 10 10 10 16 15 23 19
 32 27 39 36 40 39 47 44 48 49 47 48 43 45 37 40 32 34 28 30 23 23 22 22
 20 21 19 20 17 18 15 16]"
2024-11-25 20:31:15.365035,"(-16.66, -30.0)","(5600, 5600)","[16  8 19 20 16 18 16 15 20 19 22 22 21 22 17 19 16 17 16 16 14 15 13 13
 12 12 11 11 10 10 11 11 10 11 10 10 12 11 12 12 12 12 11 11 10 10 10 10
 11 10 17 15 16 17 12 15 12 12 11 11 10 10  9 10  9  9 18 14 20 19 18 20
 16 17 16 16 20 18 20 20 19 20 13 14 12 13 11 11 10 10 10 10  9 10  9  9
 19 10 28 24 37 32 45 42 48 48 46 47 42 44 35 39 30 31 27 28 21 26 20 21
 19 20 16 18 13 15 11 12]"
2024-11-25 20:31:30.139659,"(-10.0, -30.0)","(5600, 5600)","[16 10 19 20 16 18 16 15 20 19 22 22 21 22 17 19 16 17 16 16 14 15 13 13
 12 12 11 11 10 10 11 11 10 11 10 10 12 11 12 12 12 12 11 11 10 10 10 10
 17 10 21 20 20 21 17 19 12 16 11 11 10 10 18 10 34 26 45 40 46 46 43 45
 36 40 33 34 37 35 38 38 37 38 35 36 31 33 29 30 28 29 27 28 23 23 21 22
 21 21 20 21 19 20 23 19 32 29 35 34 35 35 31 34 26 29 20 21 18 19 17 17
 16 17 15 16 14 14 12 13]"
2024-11-25 20:31:44.912235,"(-3.33, -30.0)","(5600, 5600)","[19 18 19 20 17 18 16 15 20 19 22 22 21 22 17 19 16 17 16 16 14 15 13 13
 12 12 11 11 10 10 11 11 10 11 10 10 12 11 12 12 12 12 11 11 10 10 13 10
 24 19 28 27 27 28 22 25 19 20 16 17 10 15 18 10 34 25 46 41 46 47 43 45
 39 40 43 39 51 48 53 53 53 53 51 52 45 48 39 42 37 38 35 36 28 32 26 26
 26 26 26 26 27 26 32 30 33 33 30 31 26 26 26 26 25 26 24 25 21 23 18 20
 16 17 14 16 13 13 12 13]"
2024-11-25 20:31:59.684671,"(3.33, -30.0)","(5600, 5600)","[19 19 19 20 17 19 16 15 20 19 22 22 21 22 17 19 16 17 16 16 14 15 13 13
 12 12 11 11 10 10 11 11 10 11 10 10 12 11 12 12 12 12 11 11 10 10 13 10
 24 19 29 27 28 28 24 26 20 22 17 18 10 16 11 11 16 11 21 19 22 22 20 21
 25 19 39 31 48 44 52 51 53 53 51 52 46 49 41 43 36 38 31 33 26 26 25 26
 25 25 24 24 23 23 28 23 28 28 23 23 36 31 38 38 36 38 33 35 26 30 25 25
 25 25 25 25 23 24 20 21]"
2024-11-25 20:32:14.455288,"(10.0, -30.0)","(5600, 5600)","[16 12 19 20 16 18 16 15 20 19 22 22 21 22 17 19 16 17 16 16 14 15 13 13
 12 12 11 11 10 10 11 11 10 11 10 10 12 11 12 12 12 12 11 11 10 10 10 10
 14 10 18 17 17 18 12 16 12 12 11 11 10 10  9 10 16  9 26 22 27 27 24 25
 22 23 31 25 43 38 47 46 46 46 45 45 42 44 37 40 33 36 30 31 28 29 23 28
 23 23 22 23 22 22 22 22 22 22 21 22 26 21 34 31 34 35 32 33 23 30 23 23
 23 23 23 24 22 23 19 20]"
2024-11-25 20:32:29.227781,"(16.66, -30.0)","(5600, 5600)","[16 11 19 20 16 18 16 15 20 19 22 22 21 22 17 19 16 17 16 16 14 15 13 13
 12 12 11 11 10 10 11 11 10 11 10 10 12 11 12 12 12 12 11 11 10 10 10 10
 11 10 11 11 11 11 12 12 12 12 11 11 10 10  9 10  9  9 10  9 17 16 17 16
 21 19 31 25 41 37 44 44 41 44 36 39 35 35 34 34 32 32 31 31 32 32 32 32
 30 31 29 29 27 28 27 26 29 28 29 29 29 29 28 28 22 27 21 22 18 20 16 17
 15 16 14 15 14 14 13 14]"
2024-11-25 20:32:44.002504,"(23.33, -30.0)","(5600, 5600)","[16  9 19 20 16 18 16 15 20 19 22 22 21 22 17 19 16 17 16 16 14 15 13 13
 12 12 11 11 10 10 11 11 10 11 10 10 12 11 12 12 12 12 11 11 10 10 10 10
 11 10 11 11 11 11 12 12 12 12 11 11 10 10  9 10  9  9 15 12 19 17 24 21
 28 27 27 28 38 32 40 39 39 40 39 39 41 40 40 41 37 38 35 36 32 34 30 31
 27 28 30 28 31 30 29 30 30 29 31 32 31 31 30 30 29 30 24 24 24 24 24 24
 23 23 21 22 20 21 20 20]"
2024-11-25 20:32:59.790908,"(30.0, -30.0)","(5600, 5600)","[16  4 19 20 16 18 16 15 20 19 22 22 21 22 17 19 16 17 16 16 14 15 13 13
 12 12 11 11 10 10 11 11 10 11 10 10 12 11 12 12 12 12 11 11 10 10 10 10
 11 10 11 11 11 11 12 12 12 12 11 11 10 10  9 10  9  9 10  9 11 11 10 11
 14  9 13 13 13 11 20 18 18 20 19 18 24 22 24 24 25 24 32 27 37 35 36 37
 31 35 27 28 29 28 34 33 35 35 33 34 33 33 35 35 31 34 28 29 22 26 20 21
 19 20 18 19 16 17 15 16]"
2024-11-25 20:33:14.561092,"(36.66, -30.0)","(5600, 5600)","[16  7 19 20 16 18 16 15 20 19 22 22 21 22 17 19 16 17 16 16 14 15 13 13
 12 12 11 11 10 10 11 11 10 11 10 10 12 11 12 12 12 12 11 11 10 10 10 10
 11 10 11 11 11 11 12 12 12 12 11 11 10 10  9 10  9  9 10  9 11 11 10 11
  9  9  9  9 12 11 13 12 14 15 13 14 12 13 11 11 10 10 23 15 33 28 33 33
 31 32 29 30 28 28 32 31 34 33 35 35 33 34 30 31 28 29 25 27 19 24 19 19
 18 19 16 17 13 15 11 12]"
2024-11-25 20:33:29.833972,"(43.33, -30.0)","(5600, 5600)","[16 12 19 20 16 18 16 15 20 19 22 22 21 22 17 19 16 17 16 16 14 15 13 13
 12 12 11 11 10 10 11 11 10 11 10 10 12 11 12 12 12 12 11 11 10 10 10 10
 11 10 11 11 11 11 12 12 12 12 11 11 10 10  9 10  9  9 10  9 11 11 10 11
 12  9 18 15 23 21 25 24 24 25 21 23 29 24 33 32 33 33 36 34 41 39 40 41
 36 39 31 34 28 30 29 28 34 31 35 35 34 35 29 32 22 26 20 21 19 20 16 17
 14 15 12 13 11 11  9 10]"
2024-11-25 20:33:44.604104,"(50.0, -30.0)","(5600, 5600)","[17 14 19 20 16 18 16 15 20 19 22 22 21 22 17 19 16 17 16 16 14 15 13 13
 12 12 11 11 10 10 11 11 10 11 10 10 12 11 12 12 12 12 11 11 10 10 10 10
 11 10 11 11 11 11 12 12 12 12 11 11 10 10  9 10  9  9 10  9 11 11 16 11
 20 16 27 24 31 29 34 33 32 33 29 31 24 26 22 23 20 21 20 20 23 21 23 23
 21 22 20 21 22 21 22 22 28 22 32 31 31 32 28 30 25 26 24 24 19 19 18 19
 16 17 14 15 13 14 11 12]"
2024-11-25 20:33:59.376684,"(56.66, -30.0)","(5600, 5600)","[16  9 19 20 16 18 16 15 20 19 22 22 21 22 17 19 16 17 16 16 14 15 13 13
 12 12 11 11 10 10 11 11 10 11 10 10 12 11 12 12 12 12 11 11 10 10 10 10
 11 10 11 11 11 11 12 12 12 12 11 11 10 10  9 10  9  9 18 13 23 21 24 24
 26 24 32 29 35 34 35 35 33 34 30 32 26 28 24 25 23 24 22 23 17 17 17 17
 17 17 15 16 13 14 16 12 24 21 26 26 24 25 24 22 30 27 32 32 29 30 23 25
 17 20 16 16 14 15 13 13]"
2024-11-25 20:34:15.165872,"(63.33, -30.0)","(5600, 5600)","[16  8 19 20 16 18 16 15 20 19 22 22 21 22 17 19 16 17 16 16 14 15 13 13
 12 12 11 11 10 10 11 11 10 11 10 10 12 11 12 12 12 12 11 11 10 10 10 10
 11 10 11 11 11 11 12 12 12 12 11 11 20 15 26 23 29 29 31 30 37 34 36 37
 35 35 36 35 38 37 36 37 32 35 27 29 23 25 23 22 24 24 25 24 34 29 35 35
 31 34 25 28 21 21 20 20 18 19 16 18 14 15 17 13 24 21 25 25 22 24 15 20
 14 15 12 13 10 11  9  9]"
2024-11-25 20:34:29.938927,"(70.0, -30.0)","(5600, 5600)","[16  9 19 20 16 18 16 15 20 19 22 22 21 22 17 19 16 17 16 16 14 15 13 13
 12 12 11 11 10 10 11 11 10 11 10 10 12 11 12 12 12 12 11 11 10 10 10 10
 11 10 11 11 11 11 12 12 17 12 26 22 33 30 35 34 34 35 34 34 39 36 38 39
 34 37 31 32 29 30 27 28 25 26 23 24 22 19 25 24 25 25 33 27 38 36 39 39
 37 39 33 36 29 31 28 29 24 28 23 23 20 22 18 19 17 17 16 16 15 15 14 14
 13 13 13 13 13 13 14 14]"
2024-11-25 20:34:45.715202,"(76.66, -30.0)","(5600, 5600)","[17 13 19 20 16 18 16 15 20 19 22 22 21 22 17 19 16 17 16 16 14 15 13 13
 12 12 11 11 10 10 11 11 10 11 10 10 12 11 12 12 12 12 11 11 10 10 10 10
 11 10 11 11 11 11 22 17 30 26 36 33 39 38 38 39 36 37 33 34 30 31 27 29
 22 24 16 16 14 15 13 13 14 15 13 14 24 19 26 25 31 26 36 34 35 36 31 33
 29 30 26 27 23 25 18 23 23 18 24 24 19 24 18 19 17 18 16 16 14 15 13 14
 12 13 11 11  9 10  9  9]"
2024-11-25 20:35:00.488622,"(83.33, -30.0)","(5600, 5600)","[16 12 19 20 16 18 16 15 20 19 22 22 21 22 17 19 16 17 16 16 14 15 13 13
 12 12 11 11 10 10 11 11 10 11 10 10 12 11 12 12 12 12 11 11 10 10 10 10
 11 10 11 11 14 11 22 19 24 23 31 27 34 33 31 33 27 29 25 25 24 24 23 24
 19 21 13 13 13 13 13 13 14 15 13 14 21 16 24 23 23 23 22 23 21 22 23 22
 23 24 22 23 22 22 25 24 23 24 21 21 21 21 16 20 15 15 13 14 12 13 11 12
 10 11 10 10  9 10  9  9]"
