Measure Time,Commanded trajectory,Real trajectory,Curve,az LS,5600,el LS,5600
2024-11-26 13:00:11.886992,"(0.0, 0.0)","(5600, 5600)","[23 26 20 22 18 19 18 17 20 19 22 22 21 22 17 19 16 17 16 16 14 15 13 13
 12 12 11 11 10 10 11 11 10 11 10 10 12 11 12 12 12 12 11 11 10 10 10 10
 11 10 11 11 11 11 12 12 12 12 11 11 10 10  9 10  9  9 10  9 11 11 10 11
  9  9  9  9 17 14 22 19 28 24 36 31 40 38 43 40 56 47 68 64 70 70 68 70
 65 67 59 62 52 56 46 49 40 43 34 37 29 31 26 27 22 24 19 20 16 18 14 15
 12 13 12 12 12 12 12 12]"
2024-11-26 13:00:50.925105,"(-90.0, 3.33)","(5600, 5600)","[23  5 19 22 23 21 25 25 24 24 24 24 23 24 21 22 20 20 18 19 14 16 13 13
 12 12 11 11 10 10 11 11 10 11 10 10 12 11 12 12 12 12 11 11 10 10 10 10
 11 10 11 11 11 11 12 12 12 12 11 11 10 10  9 10 14  9 14 14 11 11 15 11
 14 15  9  9 12 11 13 12 19 15 23 22 23 23 25 23 38 30 51 46 55 53 53 54
 49 51 43 47 38 41 33 36 28 31 23 24 20 22 17 19 14 16 12 13 11 12 11 11
 10 11  9 10  9  9  9  9]"
2024-11-26 13:01:20.717233,"(-30.0, 3.33)","(5600, 5600)","[23  9 19 22 24 21 27 26 26 26 25 25 23 24 21 22 19 19 17 18 14 16 13 13
 12 12 11 11 10 10 11 11 10 11 10 10 12 11 12 12 12 12 11 11 10 10 10 10
 11 10 11 11 11 11 12 12 12 12 11 11 10 10  9 10  9  9 10  9 11 11 10 11
 14  9 14 14 12 11 13 12 14 15 22 19 21 22 23 20 38 29 49 45 51 51 49 50
 43 47 38 40 35 36 30 32 25 27 21 22 19 20 17 18 15 16 13 14 12 12 11 11
 10 10 10 10 10 10 10 10]"
2024-11-26 13:01:50.508819,"(30.0, 3.33)","(5600, 5600)","[23 24 23 23 25 24 26 26 25 26 25 25 23 24 21 22 19 19 16 18 14 15 13 13
 12 12 11 11 10 10 11 11 10 11 10 10 12 11 12 12 12 12 11 11 10 10 10 10
 11 10 11 11 11 11 12 12 12 12 11 11 10 10  9 10  9  9 10  9 11 11 10 11
  9  9  9  9 16 11 20 19 19 20 23 20 23 23 27 23 40 33 50 46 51 51 49 50
 47 48 45 46 39 42 34 36 31 32 27 29 23 24 21 22 19 20 16 17 13 14 12 12
 11 11 10 11  9 10  9  9]"
2024-11-26 13:02:21.307642,"(90.0, 3.33)","(5600, 5600)","[22  7 19 22 24 21 26 26 24 25 23 23 22 23 20 21 17 18 16 17 14 15 13 13
 12 12 11 11 10 10 11 11 10 11 10 10 12 11 12 12 12 12 11 11 10 10 10 10
 11 10 11 11 11 11 12 12 12 12 11 11 10 10  9 10  9  9 10  9 11 11 10 11
  9  9  9  9 16 11 19 18 14 19 23 19 24 24 35 30 48 40 58 54 59 59 55 56
 52 53 48 50 43 46 37 40 30 34 25 26 22 23 20 21 18 19 16 17 15 15 13 14
 11 12  9 10  9  9  9  9]"
2024-11-26 13:03:07.827781,"(-30.0, -3.33)","(5600, 5600)","[23 18 22 23 20 20 25 23 27 27 25 26 24 24 25 24 26 26 25 25 24 25 23 24
 22 23 20 21 19 20 17 18 15 16 13 14 12 12 12 12 12 12 11 11 10 10 10 10
 11 10 11 11 11 11 12 12 12 12 11 11 13 10 18 16 18 18 17 17 18 18 21 20
 21 21 24 22 29 26 33 30 38 35 41 39 44 42 45 45 52 46 61 57 63 62 62 63
 59 61 54 57 48 51 43 45 38 40 32 33 31 32 28 29 26 27 25 25 24 24 23 23
 23 23 23 23 23 23 23 23]"
2024-11-26 13:03:37.607509,"(30.0, -3.33)","(5600, 5600)","[22 17 20 22 20 19 24 22 26 26 24 25 23 23 21 22 21 21 21 21 19 20 16 18
 13 14 11 12 10 10 11 11 10 11 10 10 12 11 12 12 12 12 11 11 10 10 10 10
 11 10 11 11 11 11 12 12 12 12 11 11 10 10 14 10 14 14 13 13 11 11 10 11
  9  9  9  9 15 11 21 17 29 26 33 31 36 35 38 37 46 39 55 51 57 56 55 56
 53 55 50 52 46 48 40 43 34 37 27 28 25 26 22 24 21 21 21 21 21 21 21 21
 21 21 21 21 21 21 20 21]"
2024-11-26 13:04:24.132424,"(-90.0, 6.66)","(5600, 5600)","[22  7 20 22 19 19 18 18 20 19 22 22 21 22 17 19 17 17 17 17 15 16 13 13
 12 12 11 11 10 10 11 11 10 11 10 10 12 11 12 12 12 12 11 11 10 10 10 10
 11 10 11 11 11 11 12 12 12 12 11 11 10 10  9 10  9  9 10  9 11 11 10 11
  9  9  9  9 12 11 13 12 14 15 13 14 12 13 11 11 17 10 32 24 40 37 42 41
 40 41 36 39 33 34 30 32 27 29 25 26 18 24 17 18 15 16 13 14 12 12 10 11
  9 10  9  9 14  9 16 16]"
2024-11-26 13:04:45.410339,"(-60.0, 6.66)","(5600, 5600)","[22 13 20 21 19 19 18 18 20 19 22 22 21 22 17 19 16 17 16 16 14 15 13 13
 12 12 11 11 10 10 11 11 10 11 10 10 12 11 12 12 12 12 11 11 10 10 10 10
 11 10 11 11 11 11 12 12 12 12 11 11 10 10  9 10  9  9 10  9 11 11 10 11
  9  9  9  9 12 11 13 12 14 15 13 14 12 13 11 11 22 10 38 31 44 42 43 44
 38 41 35 36 34 35 30 32 25 27 21 23 16 17 14 15 11 12 10 11  8  9  7  8
  7  7 17 11 21 20 20 21]"
2024-11-26 13:05:06.683747,"(-30.0, 6.66)","(5600, 5600)","[22 11 20 21 19 19 18 18 20 19 22 22 21 22 18 19 19 18 19 19 16 18 13 14
 12 12 11 11 10 11 11 11 10 11 10 10 12 11 12 12 12 12 11 11 10 10 10 10
 11 10 11 11 11 11 12 12 12 12 11 11 10 10  9 10  9  9 10  9 11 11 10 11
  9  9 14 13 12 15 13 12 14 15 13 14 12 13 11 11 22 10 38 30 44 42 43 44
 41 43 36 39 31 34 26 28 21 24 17 18 16 17 14 15 13 14 12 13 10 11  9 10
  8  8  8  8  9  9  9  9]"
2024-11-26 13:05:27.947855,"(0.0, 6.66)","(5600, 5600)","[22 17 20 21 19 19 18 18 20 19 22 22 21 22 20 20 21 21 20 21 19 20 17 18
 15 16 12 13 10 11 11 11 10 11 10 10 12 11 12 12 12 12 11 11 10 10 10 10
 11 10 11 11 11 11 12 12 12 12 11 11 10 10  9 10  9  9 10  9 11 11 13 11
 24 17 35 31 36 36 32 34 30 31 27 28 25 26 29 25 41 35 51 46 55 54 53 55
 49 51 45 47 40 43 33 36 33 31 38 35 39 39 37 38 33 35 28 28 25 27 22 24
 19 21 16 17 14 15 12 13]"
2024-11-26 13:05:49.210524,"(30.0, 6.66)","(5600, 5600)","[22  9 20 21 19 19 18 18 20 19 22 22 21 22 17 19 16 17 16 16 14 15 13 13
 12 12 11 11 10 10 11 11 10 11 10 10 12 11 12 12 12 12 11 11 10 10 10 10
 11 10 11 11 11 11 12 12 12 12 11 11 10 10  9 10  9  9 10  9 11 11 10 11
 19  9 35 28 42 39 41 42 38 41 32 35 28 30 25 27 32 24 46 40 52 50 51 52
 47 49 42 44 38 40 33 35 33 31 39 36 40 40 37 39 31 34 26 27 22 24 18 20
 15 17 13 14 11 12  9 10]"
2024-11-26 13:06:10.482648,"(60.0, 6.66)","(5600, 5600)","[22  9 20 21 19 19 18 18 20 19 22 22 21 22 18 19 18 18 18 18 16 17 13 14
 12 12 11 11 10 10 11 11 10 11 10 10 12 11 12 12 12 12 11 11 10 10 10 10
 11 10 11 11 11 11 12 12 12 12 11 11 10 10  9 10  9  9 10  9 11 11 14 11
 26 19 34 31 34 34 30 31 27 28 23 25 21 22 21 20 33 23 46 41 50 49 48 49
 44 45 41 42 35 38 29 33 23 26 31 28 31 31 24 29 23 24 20 21 17 19 15 16
 13 14 11 12  9 10  9  9]"
2024-11-26 13:06:31.747022,"(90.0, 6.66)","(5600, 5600)","[21  5 20 21 18 19 18 18 20 19 22 22 21 22 17 19 17 17 17 17 16 17 14 15
 13 14 12 12 10 11 11 11 10 11 10 10 12 11 12 12 12 12 11 11 10 10 10 10
 11 10 11 11 11 11 12 12 12 12 11 11 10 10  9 10  9  9 10  9 11 11 18 11
 31 26 36 35 36 36 35 36 31 34 26 28 23 24 23 22 34 26 47 42 51 50 49 50
 44 47 39 41 34 37 29 31 24 28 33 30 32 33 29 31 24 27 22 23 18 20 15 17
 13 14 11 12 10 10  9  9]"
2024-11-26 13:07:26.485043,"(-60.0, -6.66)","(5600, 5600)","[21 14 19 21 19 19 20 20 20 19 22 22 21 22 17 19 16 17 16 16 14 15 13 13
 12 12 11 11 10 10 11 11 10 11 10 10 12 11 12 12 12 12 11 11 10 10 10 10
 11 10 11 11 11 11 12 12 12 12 11 11 10 10  9 10  9  9 10  9 11 11 10 11
  9  9  9  9 12 11 13 12 14 15 13 14 14 13 21 16 35 27 45 41 45 46 42 43
 40 41 38 39 34 36 30 32 25 27 19 19 17 18 16 16 16 16 21 19 31 26 34 33
 32 33 28 30 19 25 18 18]"
2024-11-26 13:07:47.756330,"(-30.0, -6.66)","(5600, 5600)","[21  8 19 21 19 19 20 20 20 19 22 22 21 22 17 19 16 17 16 16 14 15 13 13
 12 12 11 11 10 10 11 11 10 11 10 10 12 11 12 12 12 12 11 11 10 10 10 10
 11 10 11 11 11 11 12 12 12 12 11 11 10 10  9 10  9  9 10  9 11 11 10 11
  9  9  9  9 12 11 13 12 14 15 13 14 18 16 21 20 28 21 38 34 38 39 39 38
 39 40 37 39 34 36 29 32 24 26 18 18 16 17 20 16 26 25 29 28 35 32 36 36
 34 36 31 33 27 29 20 24]"
2024-11-26 13:08:09.019333,"(0.0, -6.66)","(5600, 5600)","[21  4 19 21 19 19 20 20 20 19 22 22 21 22 17 19 16 17 16 16 14 15 13 13
 12 12 11 11 10 10 11 11 10 11 10 10 12 11 12 12 12 12 11 11 10 10 10 10
 11 10 11 11 11 11 12 12 12 12 11 11 10 10  9 10  9  9 10  9 11 11 10 11
  9  9  9  9 12 11 13 12 14 15 13 14 18 17 24 20 31 29 38 34 46 42 49 48
 48 48 43 46 39 41 35 37 30 33 24 27 20 21 22 19 28 26 30 30 30 30 28 29
 25 27 20 21 18 19 15 16]"
2024-11-26 13:08:30.275406,"(30.0, -6.66)","(5600, 5600)","[21  7 19 21 21 20 21 22 21 20 22 22 21 22 17 19 16 17 16 16 14 15 13 13
 12 12 11 11 10 10 11 11 10 11 10 10 12 11 12 12 12 12 11 11 10 10 10 10
 11 10 11 11 11 11 12 12 12 12 11 11 10 10  9 10  9  9 10  9 11 11 10 11
  9  9  9  9 12 11 13 12 14 15 13 14 13 13 24 17 34 31 38 37 47 43 50 50
 50 50 46 48 41 43 35 38 28 31 21 21 19 20 21 19 26 24 27 27 25 26 19 24
 18 19 15 16 13 14 11 12]"
2024-11-26 13:08:51.538525,"(60.0, -6.66)","(5600, 5600)","[21  8 19 21 21 20 21 21 21 20 22 22 21 22 17 19 16 17 16 16 14 15 13 13
 12 12 11 11 10 10 11 11 10 11 10 10 12 11 12 12 12 12 11 11 10 10 10 10
 11 10 11 11 11 11 12 12 12 12 11 11 10 10  9 10  9  9 10  9 11 11 10 11
  9  9  9  9 12 11 13 12 14 15 13 14 12 13 21 15 33 28 41 37 46 44 47 47
 46 47 42 45 39 41 35 37 29 32 25 27 21 21 20 20 20 20 20 20 19 19 16 17
 14 15 13 13 13 13 12 13]"
2024-11-26 13:09:46.284976,"(-90.0, 10.0)","(5600, 5600)","[20 19 19 21 19 19 18 18 20 19 22 22 21 22 17 19 16 17 16 16 14 15 13 13
 12 12 11 11 10 10 11 11 10 11 10 10 12 11 12 12 12 12 11 11 10 10 10 10
 11 10 11 11 11 11 12 12 12 12 11 11 10 10  9 10  9  9 10  9 11 11 10 11
  9  9  9  9 12 11 13 12 14 15 13 14 12 13 18 11 30 23 46 37 59 53 64 63
 63 64 57 61 49 53 43 46 38 41 33 35 26 30 23 24 21 22 18 19 16 17 14 15
 13 13 20 17 30 25 35 34]"
2024-11-26 13:10:04.914962,"(-70.0, 10.0)","(5600, 5600)","[20  5 19 21 19 19 18 18 20 19 22 22 21 22 17 19 16 17 16 16 14 15 13 13
 12 12 11 11 10 10 11 11 10 11 10 10 12 11 12 12 12 12 11 11 10 10 10 10
 11 10 11 11 11 11 12 12 12 12 11 11 10 10  9 10  9  9 10  9 11 11 14 11
 15 15 14 15 12 11 13 12 14 15 13 14 13 13 21 16 32 26 42 37 48 45 48 48
 46 48 41 44 35 38 31 33 26 28 20 20 17 19 15 16 13 14 11 12 10 10  8  9
 13  8 17 16 19 18 20 19]"
2024-11-26 13:10:23.542244,"(-50.0, 10.0)","(5600, 5600)","[20 11 19 21 19 19 18 18 20 19 22 22 21 22 17 19 16 17 16 16 14 15 13 13
 12 12 11 11 10 10 11 11 10 11 10 10 12 11 12 12 12 12 11 11 10 10 10 10
 11 10 11 11 11 11 12 12 12 12 11 11 10 10 16 10 18 18 16 17 11 15 10 11
  9  9  9  9 12 11 13 12 14 15 13 14 12 13 17 11 27 20 42 35 49 46 49 49
 47 48 43 45 39 41 32 35 26 29 20 21 18 19 15 17 13 14 12 13 11 11  9 10
  8  9 15 11 21 18 23 22]"
2024-11-26 13:10:42.169877,"(-30.0, 10.0)","(5600, 5600)","[20  7 19 21 18 19 18 18 20 19 22 22 21 22 17 19 16 17 16 16 14 15 13 13
 12 12 11 11 10 10 11 11 10 11 10 10 12 11 12 12 12 12 11 11 10 10 10 10
 11 10 11 11 11 11 12 12 12 12 11 11 10 10  9 10  9  9 10  9 11 11 10 11
 19  9 31 25 38 35 39 39 37 39 34 35 31 32 27 29 29 25 42 34 50 46 51 51
 48 51 41 45 36 38 30 33 23 27 20 22 17 18 14 15 12 13 10 11  9  9  8  8
  7  7  8  7  9  9  9  9]"
2024-11-26 13:11:01.815237,"(-10.0, 10.0)","(5600, 5600)","[20  3 19 21 18 19 18 18 20 19 22 22 21 22 17 19 16 17 16 16 14 15 13 13
 12 12 11 11 10 10 11 11 10 11 10 10 12 11 12 12 12 12 11 11 10 10 10 10
 11 10 11 11 11 11 12 12 12 12 11 11 10 10  9 10  9  9 10  9 11 11 14 11
 28 18 42 36 47 45 46 47 42 45 35 39 31 33 28 29 26 26 33 28 38 36 38 38
 35 37 31 33 27 29 21 25 18 20 15 16 13 14 12 12 11 12 11 11  9 10  8  9
  7  7  8  7  9  9  9  9]"
2024-11-26 13:11:20.436360,"(10.0, 10.0)","(5600, 5600)","[21  5 21 22 18 20 18 18 20 19 22 22 21 22 17 19 16 17 16 16 14 15 13 13
 12 12 11 11 10 10 11 11 10 11 10 10 12 11 12 12 12 12 11 11 10 10 10 10
 11 10 11 11 11 11 12 12 12 12 11 11 10 10  9 10  9  9 10  9 11 11 15 11
 28 19 41 36 49 46 51 51 49 50 44 47 37 40 32 34 33 31 41 36 42 42 40 41
 37 38 33 35 30 32 24 28 22 23 18 20 15 17 13 14 12 13 11 11  9 10  9  9
  9  9  9  9  9  9  9  9]"
2024-11-26 13:11:40.078662,"(30.0, 10.0)","(5600, 5600)","[20 12 19 21 18 19 18 18 20 19 22 22 21 22 17 19 16 17 16 16 14 15 13 13
 12 12 11 11 10 10 11 11 10 11 10 10 12 11 12 12 12 12 11 11 10 10 10 10
 11 10 11 11 11 11 12 12 12 12 11 11 10 10  9 10  9  9 10  9 11 11 10 11
 22  9 35 29 43 40 44 44 42 44 37 40 30 34 24 27 28 23 39 34 42 41 41 41
 39 40 36 37 32 34 27 30 21 24 19 20 16 17 13 15 12 12 10 11  9 10  9  9
  8  8  8  8  9  9  9  9]"
2024-11-26 13:11:58.703607,"(50.0, 10.0)","(5600, 5600)","[20 11 19 21 18 19 18 18 20 19 22 22 21 22 17 19 16 17 16 16 14 15 13 13
 12 12 11 11 10 10 11 11 10 11 10 10 12 11 12 12 12 12 11 11 10 10 10 10
 11 10 11 11 11 11 12 12 12 12 11 11 10 10  9 10  9  9 10  9 11 11 14 11
 27 20 36 32 43 39 46 45 44 46 40 42 32 36 25 28 23 23 36 26 45 41 44 45
 39 42 34 36 29 31 23 27 20 22 18 19 15 16 13 14 11 12 10 11  8  9  7  8
  7  7  8  7  9  9  9  9]"
2024-11-26 13:12:17.330235,"(70.0, 10.0)","(5600, 5600)","[20 18 19 21 18 19 18 18 20 19 22 22 21 22 17 19 16 17 16 16 14 15 13 13
 12 12 11 11 10 10 11 11 10 11 10 10 12 11 12 12 12 12 11 11 10 10 10 10
 11 10 11 11 11 11 12 12 12 12 11 11 10 10  9 10  9  9 10  9 11 11 21 15
 34 27 43 39 43 43 41 43 36 39 30 33 25 28 23 23 33 25 43 39 44 44 42 43
 40 41 36 38 30 33 23 28 21 22 18 19 15 16 13 14 11 12 10 11  8  9  7  8
  7  7  8  7  9  9  9  9]"
2024-11-26 13:12:35.960732,"(90.0, 10.0)","(5600, 5600)","[20 12 19 21 18 19 18 18 20 19 22 22 21 22 17 19 16 17 16 16 14 15 13 13
 12 12 11 11 10 10 11 11 10 11 10 10 12 11 12 12 12 12 11 11 10 10 10 10
 11 10 11 11 11 11 12 12 12 12 11 11 10 10  9 10  9  9 10  9 11 11 14 11
 29 21 38 34 38 38 35 37 31 33 27 29 24 26 23 22 33 24 44 40 46 46 44 45
 42 43 37 40 31 34 23 29 22 23 20 21 18 19 16 17 14 15 12 13 10 11  9 10
  9  9  9  9  9  9  9  9]"
2024-11-26 13:13:34.560743,"(-70.0, -10.0)","(5600, 5600)","[20 10 19 20 18 18 18 18 20 19 22 22 21 22 17 19 16 17 16 16 14 15 13 13
 12 12 11 11 10 10 11 11 10 11 10 10 12 11 12 12 12 12 11 11 10 10 10 10
 11 10 11 11 11 11 12 12 12 12 11 11 10 10  9 10  9  9 10  9 11 11 10 11
 14  9 19 18 18 19 13 17 14 15 13 14 12 13 11 11 10 10 15 12 31 23 36 34
 36 36 35 36 30 33 25 28 21 24 16 16 15 15 14 15 13 14 12 13 11 12 11 11
 10 10  9  9  9  9  9  9]"
2024-11-26 13:13:52.989739,"(-50.0, -10.0)","(5600, 5600)","[20 14 19 20 18 18 18 18 20 19 22 22 21 22 17 19 16 17 16 16 14 15 13 13
 12 12 11 11 10 10 11 11 10 11 10 10 12 11 12 12 12 12 11 11 10 10 10 10
 11 10 11 11 11 11 12 12 12 12 11 11 10 10  9 10  9  9 10  9 11 11 10 11
  9  9  9  9 12 11 13 12 14 15 13 14 12 13 11 11 21 10 35 29 40 38 40 40
 38 39 35 37 30 32 24 27 21 22 16 17 15 16 13 14 11 12 10 11 17 14 19 19
 17 19 15 16 11 11 11 11]"
2024-11-26 13:14:11.620699,"(-30.0, -10.0)","(5600, 5600)","[20  8 19 20 18 18 18 18 21 19 22 22 21 22 17 19 16 17 16 16 14 15 13 13
 12 12 11 11 10 10 11 11 10 11 10 10 12 11 12 12 12 12 11 11 10 10 10 10
 11 10 11 11 11 11 12 12 12 12 11 11 10 10  9 10  9  9 10  9 11 11 10 11
 14  9 20 18 23 22 22 23 19 20 13 14 15 13 23 20 25 26 23 24 23 22 27 25
 27 28 27 27 25 26 22 23 16 20 15 16 14 15 13 14 12 12 12 11 21 18 22 22
 21 22 19 20 13 18 13 13]"
2024-11-26 13:14:30.251326,"(-10.0, -10.0)","(5600, 5600)","[20 10 19 20 18 18 18 18 20 19 22 22 21 22 17 19 16 17 16 16 14 15 13 13
 12 12 11 11 10 10 11 11 10 11 10 10 12 11 12 12 12 12 11 11 10 10 10 10
 11 10 11 11 11 11 12 12 12 12 11 11 10 10  9 10  9  9 10  9 11 11 10 11
  9  9 17 14 20 19 21 21 20 21 19 20 26 22 30 28 29 30 27 29 27 27 29 29
 28 28 28 27 27 27 24 26 21 23 17 17 17 17 15 16 14 15 13 13 12 12 11 12
 11 11 11 11 10 10 10 10]"
2024-11-26 13:14:48.875411,"(10.0, -10.0)","(5600, 5600)","[20  5 19 20 18 18 18 18 20 19 22 22 21 22 17 19 16 17 16 16 14 15 13 13
 12 12 11 11 10 10 11 11 10 11 10 10 12 11 12 12 12 12 11 11 10 10 10 10
 11 10 11 11 11 11 12 12 12 12 11 11 10 10  9 10  9  9 10  9 11 11 10 11
  9  9  9  9 12 11 13 12 14 15 23 20 28 26 31 29 36 35 36 36 36 35 40 39
 40 41 39 40 35 38 32 34 30 31 27 29 21 25 19 20 17 18 14 15 13 13 12 12
 11 11 10 10  9 10  9  9]"
2024-11-26 13:15:08.004240,"(30.0, -10.0)","(5600, 5600)","[19  1 19 20 18 18 18 18 20 19 22 22 21 22 17 19 16 17 16 16 14 15 13 13
 12 12 11 11 10 10 11 11 10 11 10 10 12 11 12 12 12 12 11 11 10 10 10 10
 11 10 11 11 11 11 12 12 12 12 11 11 10 10  9 10  9  9 10  9 11 11 10 11
  9  9  9  9 12 11 13 12 14 15 13 14 27 18 41 35 47 46 47 48 44 45 45 45
 46 46 45 45 41 43 37 39 35 36 34 35 32 33 24 30 22 23 20 21 18 19 16 17
 14 15 13 13 12 12 11 12]"
2024-11-26 13:15:27.648521,"(50.0, -10.0)","(5600, 5600)","[19  5 19 20 18 18 18 18 20 19 22 22 21 22 17 19 16 17 16 16 14 15 13 13
 12 12 11 11 10 10 11 11 10 11 10 10 12 11 12 12 12 12 11 11 10 10 10 10
 11 10 11 11 11 11 12 12 12 12 11 11 10 10  9 10  9  9 10  9 11 11 10 11
  9  9  9  9 12 11 13 12 14 15 13 14 22 16 33 29 38 37 37 38 37 36 43 40
 45 44 44 45 41 43 35 38 32 33 30 31 28 29 22 27 21 22 19 20 17 18 15 16
 13 14 11 12 10 11  9 10]"
2024-11-26 13:15:46.273878,"(70.0, -10.0)","(5600, 5600)","[19  8 19 20 18 18 18 18 20 19 22 22 21 22 17 19 16 17 16 16 14 15 13 13
 12 12 11 11 10 10 11 11 10 11 10 10 12 11 12 12 12 12 11 11 10 10 10 10
 11 10 11 11 11 11 12 12 12 12 11 11 10 10  9 10  9  9 10  9 11 11 10 11
  9  9  9  9 12 11 13 12 14 15 13 14 12 13 15 11 25 19 35 30 38 37 38 38
 41 39 41 42 39 40 33 36 27 30 22 24 18 18 17 17 15 16 14 14 12 13 10 11
  9 10  9  9 15 13 14 15]"
2024-11-26 13:16:43.871658,"(-90.0, 13.33)","(5600, 5600)","[22 21 24 24 21 23 18 19 20 19 22 22 21 22 17 19 16 17 16 16 14 15 13 13
 12 12 11 11 10 10 11 11 10 11 10 10 12 11 12 12 12 12 11 11 10 10 10 10
 11 10 11 11 11 11 12 12 12 12 11 11 10 10  9 10  9  9 10  9 11 11 10 11
  9  9  9  9 12 11 13 12 14 15 13 14 16 13 27 22 34 31 44 38 47 46 49 46
 52 53 50 52 45 48 40 42 35 37 30 32 23 28 21 22 18 19 15 16 13 14 11 12
 10 10  9  9  9  9  9  9]"
2024-11-26 13:17:01.081625,"(-75.0, 13.33)","(5600, 5600)","[19  7 19 20 18 18 18 18 20 19 22 22 21 22 17 19 16 17 16 16 14 15 13 13
 12 12 11 11 10 10 11 11 10 11 10 10 12 11 12 12 12 12 11 11 10 10 10 10
 11 10 11 11 11 11 12 12 12 12 11 11 10 10 11 10 16 16 13 15 11 11 10 11
  9  9  9  9 12 11 13 12 14 15 13 14 16 13 32 24 43 39 48 46 49 49 49 49
 47 48 43 45 38 41 34 36 30 32 24 27 19 21 16 17 13 14 12 12 10 11  9 10
  8  8  8  8  9  9  9  9]"
2024-11-26 13:17:18.290716,"(-60.0, 13.33)","(5600, 5600)","[19  7 19 20 18 18 18 18 20 19 22 22 21 22 17 19 16 17 16 16 14 15 13 13
 12 12 11 11 10 10 12 11 11 12 10 11 12 11 12 12 12 12 11 11 10 10 10 10
 11 10 11 11 11 11 12 12 12 12 11 11 10 10 15 10 19 18 19 19 18 19 17 18
 15 15 13 14 12 11 13 12 14 15 13 14 14 13 23 16 38 32 47 43 52 50 53 53
 51 52 48 50 45 47 39 42 31 35 23 24 20 21 17 18 14 15 12 13 10 11  8  9
  8  8  8  8 17 13 17 17]"
2024-11-26 13:17:35.500230,"(-45.0, 13.33)","(5600, 5600)","[19  5 19 20 18 18 18 18 20 19 22 22 21 22 17 19 16 17 16 16 14 15 13 13
 12 12 11 11 10 10 11 11 10 11 10 10 12 11 12 12 12 12 11 11 10 10 10 10
 11 10 11 11 11 11 12 12 12 12 11 11 10 10  9 10  9  9 10  9 11 11 10 11
  9  9  9  9 18 15 17 18 14 16 13 14 12 13 11 11 18 10 31 23 43 37 46 45
 44 46 40 43 36 38 33 35 28 31 22 25 18 19 16 17 13 14 12 13 10 11  9 10
  8  8  8  8 14  9 16 15]"
2024-11-26 13:17:52.713377,"(-30.0, 13.33)","(5600, 5600)","[19  4 19 20 18 18 18 17 20 19 22 22 21 22 17 19 16 17 16 16 14 15 13 13
 12 12 11 11 10 10 11 11 10 11 10 10 12 11 12 12 12 12 11 11 10 10 10 10
 11 10 11 11 11 11 12 12 12 12 11 11 10 10  9 10  9  9 10  9 11 11 10 11
  9  9 21 15 28 25 27 28 23 25 21 22 18 19 17 17 17 16 28 20 42 35 47 45
 45 47 38 43 34 36 30 33 24 27 19 20 16 18 14 15 12 13 10 12  9  9  8  8
  8  8  8  8  9  9  9  9]"
2024-11-26 13:18:10.943866,"(-15.0, 13.33)","(5600, 5600)","[19  7 19 20 18 18 18 17 20 19 22 22 21 22 17 19 16 17 16 16 14 15 13 13
 12 12 11 11 10 10 11 11 10 11 10 10 12 11 12 12 12 12 11 11 10 10 10 10
 11 10 11 11 11 11 12 12 12 12 11 11 10 10  9 10  9  9 10  9 11 11 10 11
 12  9 28 18 39 34 41 41 38 40 35 36 32 33 30 31 26 28 23 25 24 23 35 31
 37 37 35 36 32 33 29 31 26 28 20 20 18 19 15 16 13 14 11 12 10 10  9  9
  8  8  8  8  9  9  9  9]"
2024-11-26 13:18:28.149889,"(0.0, 13.33)","(5600, 5600)","[20 21 19 20 18 18 18 17 20 19 22 22 21 22 17 19 16 17 16 16 14 15 13 13
 12 12 11 11 10 10 11 11 10 11 10 10 12 11 12 12 12 12 11 11 10 10 10 10
 11 10 11 11 11 11 12 12 12 12 11 11 10 10  9 10  9  9 10  9 11 11 13 11
 29 19 46 38 53 50 52 53 48 51 42 45 35 38 32 33 30 31 29 29 31 30 33 32
 32 33 31 32 29 30 23 27 21 22 19 20 18 18 16 17 15 16 13 14 12 12 11 11
 10 10  9  9  9  9  9  9]"
2024-11-26 13:18:45.356535,"(15.0, 13.33)","(5600, 5600)","[19  7 20 21 18 19 18 17 20 19 22 22 21 22 17 19 16 17 16 16 14 15 13 13
 12 12 11 11 10 10 11 11 10 11 10 10 12 11 12 12 12 12 11 11 10 10 10 10
 11 10 11 11 11 11 12 12 12 12 11 11 10 10  9 10  9  9 10  9 11 11 10 11
 25  9 43 36 49 47 48 49 45 46 41 43 38 40 34 36 32 33 36 33 42 39 41 42
 39 41 34 37 30 32 24 27 21 23 20 20 20 20 20 20 17 19 15 16 13 14 12 12
 11 11 10 10  9 10  9  9]"
2024-11-26 13:19:02.561405,"(30.0, 13.33)","(5600, 5600)","[19  8 19 20 18 18 18 17 20 19 22 22 21 22 17 19 16 17 16 16 14 15 13 13
 12 12 11 11 10 10 11 11 10 11 10 10 12 11 12 12 12 12 11 11 10 10 10 10
 11 10 11 11 11 11 12 12 12 12 11 11 10 10  9 10  9  9 10  9 11 11 10 11
 15  9 22 18 31 27 33 32 33 33 31 32 27 29 22 25 20 20 30 23 39 35 40 40
 37 39 33 35 29 31 25 27 19 23 18 18 16 17 14 15 12 13 10 11  9 10  8  9
  8  8  8  8  9  9  9  9]"
2024-11-26 13:19:19.768682,"(45.0, 13.33)","(5600, 5600)","[19  8 19 20 18 18 18 17 20 19 22 22 21 22 17 19 16 17 16 16 14 15 13 13
 12 12 11 11 10 10 11 11 10 11 10 10 12 11 12 12 12 12 11 11 10 10 10 10
 11 10 11 11 11 11 12 12 12 12 11 11 10 10  9 10  9  9 10  9 11 11 10 11
  9  9 18 12 24 22 25 25 24 25 22 23 19 20 16 17 17 15 27 21 35 31 38 37
 36 38 33 35 29 31 26 28 22 24 17 18 16 17 15 15 13 14 10 11  9  9  7  8
  7  7  8  7  9  9  9  9]"
2024-11-26 13:19:36.975621,"(60.0, 13.33)","(5600, 5600)","[19 11 19 20 18 18 18 17 20 19 22 22 21 22 17 19 16 17 16 16 14 15 13 13
 12 12 11 11 10 10 11 11 10 11 10 10 12 11 12 12 12 12 11 11 10 10 10 10
 11 10 11 11 11 11 12 12 12 12 11 11 10 10  9 10  9  9 10  9 11 11 10 11
 19  9 28 24 33 31 36 34 39 38 40 40 37 39 30 33 25 26 25 24 31 28 35 34
 35 35 32 34 26 29 20 23 18 19 15 16 13 14 12 13 11 12 10 11  9 10  8  8
  7  7  8  7  9  9  9  9]"
2024-11-26 13:19:54.181696,"(75.0, 13.33)","(5600, 5600)","[19  9 19 20 18 18 17 17 20 19 22 22 21 22 17 19 16 17 16 16 14 15 13 13
 12 12 11 11 10 10 11 11 10 11 10 10 12 11 12 12 12 12 11 11 10 10 10 10
 11 10 11 11 11 11 12 12 12 12 11 11 10 10  9 10  9  9 10  9 11 11 16 11
 27 20 40 34 45 43 44 45 40 43 35 37 29 32 22 25 22 20 33 26 40 37 39 40
 37 38 33 35 27 30 22 26 21 21 20 20 19 19 18 18 16 17 15 16 13 14 11 12
  9 10  9  9  9  9  9  9]"
2024-11-26 13:20:11.390248,"(90.0, 13.33)","(5600, 5600)","[19  7 19 20 18 18 17 17 20 19 22 22 21 22 17 19 16 17 16 16 14 15 13 13
 12 12 11 11 10 10 11 11 10 11 10 10 12 11 12 12 12 12 11 11 10 10 14 10
 15 15 11 11 11 11 12 12 12 12 11 11 10 10  9 10  9  9 10  9 11 11 10 11
 26  9 42 36 48 46 47 48 42 45 34 38 27 30 23 25 17 20 15 16 21 18 23 23
 23 23 20 22 16 16 14 15 13 14 13 13 12 12 11 11 11 12 10 11  8  9  7  8
  7  7  8  7  9  9  9  9]"
2024-11-26 13:21:11.414411,"(-75.0, -13.33)","(5600, 5600)","[19  7 19 20 18 18 18 17 22 21 22 22 21 22 17 19 16 17 16 16 14 15 13 13
 12 12 11 11 10 10 11 11 10 11 10 10 12 11 12 12 12 12 11 11 10 10 10 10
 11 10 11 11 11 11 12 12 12 12 11 11 10 10  9 10  9  9 10  9 11 11 14 11
 26 19 35 31 35 35 33 34 29 30 27 28 23 25 20 21 14 19 21 19 34 27 38 37
 36 37 32 34 28 30 25 27 20 24 19 19 17 18 16 17 15 16 14 15 12 13 11 12
 10 10  9  9  9  9  9  9]"
2024-11-26 13:21:28.623912,"(-60.0, -13.33)","(5600, 5600)","[19  3 19 20 18 18 17 17 20 19 22 22 21 22 17 19 16 17 16 16 14 15 13 13
 12 12 11 11 10 10 11 11 10 11 10 10 12 11 12 12 12 12 11 11 10 10 10 10
 11 10 11 11 11 11 12 12 12 12 11 11 10 10  9 10  9  9 10  9 11 11 10 11
  9  9 16 14 18 17 13 18 14 15 13 14 12 13 11 11 19 10 35 28 45 41 47 47
 45 47 39 42 32 35 26 29 18 23 17 18 15 16 14 15 14 14 12 13 11 12 10 10
  9  9  9  9  9  9  9  9]"
2024-11-26 13:21:45.837292,"(-45.0, -13.33)","(5600, 5600)","[19  8 19 20 18 18 17 17 20 19 22 22 21 22 17 19 16 17 16 16 14 15 13 13
 12 12 11 11 10 10 11 11 10 11 10 10 12 11 12 12 12 12 11 11 10 10 10 10
 11 10 11 11 11 11 12 12 12 12 11 11 10 10  9 10  9  9 10  9 11 11 10 11
 12  9 16 15 12 16 13 12 14 15 13 14 12 13 11 11 19 10 32 27 36 35 34 35
 32 33 30 31 27 29 22 25 20 21 15 15 15 15 14 15 12 13 11 12 11 11 11 11
 10 11 10 10  9 10  9  9]"
2024-11-26 13:22:03.047138,"(-30.0, -13.33)","(5600, 5600)","[19  7 19 20 18 18 17 17 20 19 22 22 21 22 17 19 16 17 16 16 14 15 13 13
 12 12 11 11 10 10 11 11 10 11 10 10 12 11 12 12 12 12 11 11 10 10 10 10
 11 10 11 11 11 11 12 12 12 12 11 11 10 10  9 10  9  9 10  9 11 11 10 11
 13  9 18 15 21 19 21 21 21 21 21 21 21 21 21 21 20 21 31 23 38 35 37 38
 34 36 32 33 28 30 23 25 17 21 16 17 14 15 12 13 11 12 11 11 10 10 10 10
  9 10  9  9  9  9  9  9]"
2024-11-26 13:22:20.258189,"(-15.0, -13.33)","(5600, 5600)","[18  5 19 20 17 18 17 17 20 19 22 22 21 22 17 19 16 17 16 16 14 15 13 13
 12 12 11 11 10 10 11 11 10 11 10 10 12 11 12 12 12 12 11 11 10 10 10 10
 11 10 11 11 11 11 12 12 12 12 11 11 10 10  9 10  9  9 10  9 11 11 15 11
 24 20 28 26 28 29 27 28 30 27 34 32 34 34 31 33 28 30 27 27 31 29 37 35
 35 37 32 34 29 30 24 26 19 22 18 19 16 17 14 15 14 14 15 15 15 15 14 15
 14 14 12 13 11 12  9 10]"
2024-11-26 13:22:38.480747,"(0.0, -13.33)","(5600, 5600)","[18  7 19 20 17 18 18 17 21 20 22 22 21 22 17 19 16 17 16 16 14 15 13 13
 12 12 11 11 10 10 11 11 10 11 10 10 12 11 12 12 12 12 11 11 10 10 10 10
 11 10 11 11 11 11 12 12 12 12 11 11 10 10  9 10  9  9 10  9 11 11 10 11
  9  9 15 13 12 16 13 12 25 15 33 30 33 34 30 32 26 28 23 24 27 25 30 29
 27 29 24 26 22 23 16 20 15 16 13 14 12 12 11 12 11 12 10 11 10 10 10 10
 10 10 10 10  9 10  9  9]"
2024-11-26 13:22:55.688466,"(15.0, -13.33)","(5600, 5600)","[18  3 19 20 17 18 17 17 20 19 22 22 21 22 17 19 16 17 16 16 14 15 13 13
 12 12 11 11 10 10 11 11 10 11 10 10 12 11 12 12 12 12 11 11 10 10 10 10
 11 10 11 11 11 11 12 12 12 12 11 11 10 10  9 10  9  9 10  9 11 11 10 11
  9  9  9  9 12 11 13 12 18 15 30 24 36 33 38 37 38 38 36 37 34 35 32 33
 31 31 30 31 27 29 24 25 18 23 19 19 19 19 19 19 19 19 19 19 18 19 17 18
 15 16 13 14 13 13 12 12]"
2024-11-26 13:23:12.895942,"(30.0, -13.33)","(5600, 5600)","[18  5 19 20 17 18 17 17 20 19 22 22 21 22 17 19 16 17 16 16 14 15 13 13
 12 12 11 11 10 10 11 11 10 11 10 10 12 11 12 12 12 12 11 11 10 10 10 10
 11 10 11 11 11 11 12 12 12 12 11 11 10 10  9 10  9  9 10  9 11 11 10 11
  9  9  9  9 12 11 13 12 20 15 33 27 40 37 44 42 45 45 43 44 42 42 41 41
 40 40 38 39 35 37 28 31 22 26 22 22 22 22 21 22 21 21 21 21 20 20 18 19
 16 17 15 16 13 14 12 13]"
2024-11-26 13:23:30.103550,"(45.0, -13.33)","(5600, 5600)","[18 12 19 20 17 18 17 17 20 19 22 22 21 22 17 19 16 17 16 16 14 15 13 13
 12 12 11 11 10 10 11 11 10 11 10 10 12 11 12 12 12 12 11 11 10 10 10 10
 11 10 11 11 11 11 12 12 12 12 11 11 10 10  9 10  9  9 10  9 11 11 10 11
  9  9 17 14 12 17 18 12 24 21 28 26 30 29 30 30 30 31 28 29 39 33 43 42
 41 43 36 39 32 34 29 30 26 27 24 25 20 20 19 19 17 18 16 16 14 15 13 13
 11 12 10 11 10 10 10 10]"
2024-11-26 13:23:47.309950,"(60.0, -13.33)","(5600, 5600)","[18 12 19 20 17 18 17 17 21 19 22 22 21 22 17 19 16 17 16 16 14 15 13 13
 12 12 11 11 10 10 11 11 10 11 10 10 12 11 12 12 12 12 11 11 10 10 10 10
 11 10 11 11 11 11 12 12 12 12 11 11 10 10  9 10  9  9 10  9 11 11 10 11
  9  9  9  9 12 11 13 12 14 15 13 14 12 13 11 11 20 10 22 23 34 28 43 39
 43 44 41 43 37 39 33 36 29 31 26 27 19 24 18 19 16 17 14 15 12 13 11 11
  9 10 14 11 25 20 27 27]"
2024-11-26 13:24:04.516838,"(75.0, -13.33)","(5600, 5600)","[18 12 19 20 17 18 17 17 20 19 22 22 21 22 17 19 16 17 16 16 14 15 13 13
 12 12 11 11 10 10 11 11 10 11 10 10 12 11 12 12 12 12 11 11 10 10 10 10
 11 10 11 11 11 11 12 12 12 12 11 11 10 10  9 10  9  9 10  9 11 11 10 11
  9  9  9  9 12 11 13 12 14 15 13 14 12 13 11 11 16 10 29 21 41 35 45 44
 45 46 42 44 37 40 30 34 25 28 21 23 17 18 16 16 14 15 14 14 14 14 12 13
 10 11 15 12 28 22 31 30]"
2024-11-26 13:25:03.535770,"(-90.0, 16.66)","(5600, 5600)","[19 19 19 20 17 18 17 17 20 19 22 22 21 22 17 19 16 17 16 16 14 15 13 13
 12 12 11 11 10 10 11 11 10 11 10 10 12 11 12 12 12 12 11 11 10 10 10 10
 11 10 11 11 11 11 12 12 12 12 11 11 13 10 22 18 27 25 30 29 29 29 25 27
 21 22 19 20 12 17 13 12 14 15 13 14 22 20 23 21 34 28 47 40 56 52 57 57
 55 57 50 53 42 46 37 40 32 35 25 26 22 23 18 20 15 16 12 13 11 12 10 10
 10 10 10 10 13 10 16 15]"
2024-11-26 13:25:19.729164,"(-78.0, 16.66)","(5600, 5600)","[18 16 19 20 17 18 17 17 20 19 22 22 21 22 17 19 16 17 16 16 14 15 13 13
 12 12 11 11 10 10 11 11 10 11 10 10 12 11 12 12 12 12 11 11 10 10 10 10
 11 10 11 11 11 11 12 12 12 12 11 11 11 10 21 16 29 26 32 31 32 32 29 31
 25 27 21 23 18 20 14 17 14 15 13 14 23 20 27 26 34 27 43 40 46 45 46 46
 44 45 41 43 35 38 31 33 27 30 22 23 19 20 16 17 14 15 12 13 11 11 10 10
  9  9  8  8  9  9  9  9]"
2024-11-26 13:25:36.125556,"(-66.0, 16.66)","(5600, 5600)","[18  4 19 20 17 18 17 17 20 19 22 22 21 22 17 19 16 17 16 16 14 15 13 13
 12 12 11 11 10 10 11 11 10 11 10 10 12 11 12 12 12 12 11 11 10 10 10 10
 11 10 11 11 11 11 12 12 12 12 11 11 22 14 36 30 40 40 38 39 34 36 31 33
 27 29 21 24 15 20 15 15 14 15 18 16 22 20 22 22 22 23 29 24 40 35 42 42
 39 41 36 38 32 35 27 30 21 26 19 20 16 18 14 15 13 13 13 13 13 13 12 13
 11 11 16 13 11 16 16 11]"
2024-11-26 13:25:52.521449,"(-54.0, 16.66)","(5600, 5600)","[18 10 19 20 17 18 17 17 20 19 22 22 21 22 17 19 16 17 16 16 14 15 13 13
 12 12 11 11 10 10 11 11 10 11 10 10 12 11 12 12 12 12 11 11 10 10 10 10
 11 10 11 11 11 11 12 12 12 12 11 11 20 14 33 28 36 36 34 35 28 31 24 26
 22 23 19 20 13 17 13 13 14 15 13 14 12 13 11 11 10 10 26 16 39 33 40 40
 39 40 37 38 34 36 30 33 25 28 18 18 16 17 13 15 12 13 11 11 10 11 10 10
 15 10 20 18 20 20 19 20]"
2024-11-26 13:26:08.716923,"(-42.0, 16.66)","(5600, 5600)","[18  7 19 20 17 18 17 16 20 19 22 22 21 22 17 19 16 17 16 16 14 15 13 13
 12 12 11 11 10 10 11 11 10 11 10 10 12 11 12 12 12 12 11 11 10 10 10 10
 11 10 11 11 11 11 12 12 12 12 11 11 11 10 18 14 22 21 21 22 18 20 16 17
 15 15 13 14 12 11 13 12 14 15 13 14 12 13 11 11 10 10 25 16 40 33 45 43
 43 44 37 41 32 35 29 31 26 28 22 24 18 18 15 16 13 14 12 13 11 12 10 11
 10 10 10 10 10 10  9  9]"
2024-11-26 13:26:24.911988,"(-30.0, 16.66)","(5600, 5600)","[18  6 19 20 17 18 17 16 20 19 22 22 21 22 17 19 16 17 16 16 14 15 13 13
 12 12 11 11 10 10 11 11 10 11 10 10 12 11 12 12 12 12 11 11 10 10 10 10
 11 10 11 11 11 11 12 12 12 12 11 11 10 10  9 10 13  9 16 15 11 15 10 11
  9  9  9  9 12 11 13 12 14 15 20 18 20 21 19 20 17 17 20 17 32 26 34 34
 34 32 36 36 34 35 32 33 27 30 22 25 16 17 15 15 14 14 13 14 12 12 10 11
  8  9  8  8  9  9  9  9]"
2024-11-26 13:26:41.105783,"(-18.0, 16.66)","(5600, 5600)","[18  7 19 20 17 18 17 16 20 19 22 22 21 22 17 19 16 17 16 16 14 15 13 13
 12 12 11 11 10 10 11 11 10 11 10 10 12 11 12 12 12 12 11 11 10 10 10 10
 11 10 11 11 11 11 12 12 12 12 11 11 10 10  9 10  9  9 10  9 11 11 10 11
 15  9 30 22 42 37 45 45 44 45 39 42 36 38 30 33 24 27 23 23 32 27 43 39
 46 45 45 46 41 43 35 39 28 32 22 23 18 20 15 16 13 14 12 12 11 11 10 10
 10 10  9 10  9  9  9  9]"
2024-11-26 13:26:57.297655,"(-6.0, 16.66)","(5600, 5600)","[18  8 19 20 17 18 17 16 20 19 22 22 21 22 17 19 16 17 16 16 14 15 13 13
 12 12 11 11 10 10 11 11 10 11 10 10 12 11 12 12 12 12 11 11 10 10 10 10
 11 10 11 11 11 11 12 12 12 12 11 11 10 10  9 10  9  9 10  9 11 11 10 11
 20  9 36 28 47 42 49 49 47 49 42 45 34 38 28 31 23 25 17 18 17 17 20 16
 24 23 24 24 22 23 17 21 15 16 13 14 11 12 11 11 11 12 10 11 10 10 10 10
  9  9  9  9  9  9  9  9]"
2024-11-26 13:27:13.690993,"(6.0, 16.66)","(5600, 5600)","[18 12 19 20 17 18 17 16 20 19 22 22 21 22 17 19 16 17 16 16 14 15 13 13
 12 12 11 11 10 10 11 11 10 11 10 10 12 11 12 12 12 12 11 11 10 10 10 10
 11 10 11 11 11 11 12 12 12 12 11 11 10 10  9 10  9  9 10  9 11 11 16 11
 30 21 46 38 54 50 54 54 51 53 46 49 36 41 30 32 26 27 21 21 21 21 21 21
 20 20 19 19 18 19 17 18 15 16 13 14 12 12 11 11 11 12 10 11  9  9  9  9
  9  9  9  9  9  9  9  9]"
2024-11-26 13:27:30.086690,"(18.0, 16.66)","(5600, 5600)","[18  7 19 20 17 18 17 16 20 19 22 22 21 22 17 19 16 17 16 16 14 15 13 13
 12 12 11 11 10 10 11 11 10 11 10 10 12 11 12 12 12 12 11 11 10 10 10 10
 11 10 11 11 11 11 12 12 12 12 11 11 10 10  9 10  9  9 10  9 11 11 10 11
 22  9 39 31 49 45 50 50 48 50 43 46 37 40 32 35 29 30 28 28 33 30 35 34
 34 35 32 34 27 30 21 24 18 20 15 17 13 14 12 12 11 12 10 11 10 10 10 10
  9 10  9  9  9  9  9  9]"
2024-11-26 13:27:46.480018,"(30.0, 16.66)","(5600, 5600)","[18  8 19 20 17 18 17 16 20 19 22 22 21 22 17 19 16 17 16 16 14 15 13 13
 12 12 11 11 10 10 11 11 10 11 10 10 12 11 12 12 12 12 11 11 10 10 10 10
 11 10 11 11 11 11 12 12 12 12 11 11 10 10  9 10  9  9 10  9 11 11 10 11
  9  9 17 13 26 22 28 28 25 27 21 23 17 19 11 15 11 11 21 16 29 25 36 33
 38 38 35 37 30 33 27 29 22 25 17 17 15 16 12 13 11 12 10 11 10 10 10 10
 10 10  9  9  9  9  9  9]"
2024-11-26 13:28:02.673001,"(42.0, 16.66)","(5600, 5600)","[18  9 19 20 17 18 17 16 20 19 22 22 21 22 17 19 16 17 16 16 14 15 13 13
 12 12 11 11 10 10 11 11 10 11 10 10 12 11 12 12 12 12 11 11 10 10 10 10
 11 10 11 11 11 11 12 12 12 12 11 11 10 10  9 10  9  9 10  9 11 11 10 11
  9  9  9  9 17 13 19 18 19 19 19 20 17 18 11 16 10 10 10 10 23 18 27 26
 26 27 24 25 23 24 21 22 18 19 13 13 12 13 11 11 11 12 10 11  9  9  8  8
  8  8  8  8  9  9  9  9]"
2024-11-26 13:28:19.069744,"(54.0, 16.66)","(5600, 5600)","[18  6 19 20 17 18 17 16 20 19 22 22 21 22 17 19 16 17 16 16 14 15 13 13
 12 12 11 11 10 10 11 11 10 11 10 10 12 11 12 12 12 12 11 11 10 10 10 10
 11 10 11 11 11 11 12 12 12 12 11 11 10 10  9 10  9  9 10  9 11 11 10 11
  9  9  9  9 12 11 17 12 27 24 28 28 25 27 20 22 17 18 22 18 31 26 35 33
 35 35 32 34 27 30 23 25 17 22 15 16 13 14 12 12 11 12 10 11  8  9  7  8
  7  7  8  7  9  9  9  9]"
2024-11-26 13:28:35.466723,"(66.0, 16.66)","(5600, 5600)","[18  8 19 20 17 18 17 16 20 19 22 22 21 22 17 19 16 17 16 16 14 15 13 13
 12 12 11 11 10 10 11 11 10 11 10 10 12 11 12 12 12 12 11 11 10 10 10 10
 11 10 11 11 11 11 12 12 12 12 11 11 10 10  9 10  9  9 10  9 11 11 10 11
 15  9 30 22 39 36 40 40 39 40 38 39 33 35 27 30 29 24 40 34 45 43 45 45
 43 44 40 42 34 37 24 31 22 23 19 20 15 17 12 14 12 12 11 11 10 11  9 10
  8  8  8  8  9  9  9  9]"
2024-11-26 13:28:51.861512,"(78.0, 16.66)","(5600, 5600)","[18  7 19 20 17 18 17 16 20 19 22 22 21 22 17 19 16 17 16 16 14 15 13 13
 12 12 11 11 10 10 11 11 10 11 10 10 12 11 12 12 12 12 11 11 10 10 10 10
 11 10 11 11 11 11 12 12 12 12 11 11 10 10  9 10  9  9 10  9 11 11 10 11
 18  9 33 25 43 39 44 44 42 43 37 40 30 33 24 27 17 21 29 23 34 32 32 33
 29 30 28 29 26 27 20 24 18 19 15 17 13 14 11 12 11 12 10 11  8  9  7  8
  7  7  8  7  9  9  9  9]"
2024-11-26 13:29:08.256624,"(90.0, 16.66)","(5600, 5600)","[18 11 19 20 17 18 17 16 20 19 22 22 21 22 17 19 16 17 16 16 14 15 13 13
 12 12 11 11 10 10 11 11 10 11 10 10 12 11 12 12 12 12 11 11 10 10 19 15
 21 21 19 20 17 18 12 16 12 12 11 11 10 10  9 10  9  9 10  9 11 11 10 11
 20  9 37 29 47 43 48 48 45 47 37 42 29 33 23 26 17 20 16 16 14 15 19 14
 21 21 19 20 15 15 14 15 14 14 13 13 12 13 12 12 11 12 11 11 10 10 10 10
 10 10  9  9  9  9  9  9]"
2024-11-26 13:30:09.080652,"(-78.0, -16.66)","(5600, 5600)","[18 10 19 20 17 18 17 16 21 20 22 22 21 22 17 19 16 17 16 16 14 15 13 13
 12 12 11 11 10 10 11 11 10 11 10 10 12 11 12 12 12 12 11 11 10 10 10 10
 11 10 11 11 11 11 12 12 12 12 11 11 10 10  9 10  9  9 10  9 11 11 10 11
 18  9 27 23 27 27 26 27 29 26 30 31 28 29 23 25 22 21 31 25 38 35 39 39
 38 39 32 36 27 30 20 25 19 19 17 18 14 15 14 14 14 14 13 13 13 13 11 12
 11 11  9 10  9  9  9  9]"
2024-11-26 13:30:25.274827,"(-66.0, -16.66)","(5600, 5600)","[18  6 19 20 17 18 17 16 21 20 22 22 21 22 17 19 16 17 16 16 14 15 13 13
 12 12 11 11 10 10 11 11 10 11 10 10 12 11 12 12 12 12 11 11 10 10 10 10
 11 10 11 11 11 11 12 12 12 12 11 11 10 10  9 10  9  9 10  9 11 11 10 11
 17  9 24 21 24 25 22 23 19 20 13 14 12 13 11 11 15 10 24 18 36 30 41 40
 40 41 35 38 28 31 23 25 17 21 17 17 16 16 15 15 14 14 14 14 14 14 13 13
 12 12 10 11  9 10  9  9]"
2024-11-26 13:30:41.472932,"(-54.0, -16.66)","(5600, 5600)","[18  7 19 20 17 18 17 16 20 19 22 22 21 22 17 19 16 17 16 16 14 15 13 13
 12 12 11 11 10 10 11 11 10 11 10 10 12 11 12 12 12 12 11 11 10 10 10 10
 11 10 11 11 11 11 12 12 12 12 11 11 10 10  9 10  9  9 10  9 11 11 10 11
 13  9 20 17 21 21 18 20 14 17 13 14 12 13 11 11 10 10 24 14 38 31 42 41
 41 42 36 39 28 32 23 25 16 21 15 16 14 14 13 13 12 12 12 12 12 12 12 12
 11 12 10 10  9  9  9  9]"
2024-11-26 13:30:57.869697,"(-42.0, -16.66)","(5600, 5600)","[18  6 19 20 17 18 17 16 20 19 22 22 21 22 17 19 16 17 16 16 14 15 13 13
 12 12 11 11 10 10 11 11 10 11 10 10 12 11 12 12 12 12 11 11 10 10 10 10
 11 10 11 11 11 11 12 12 12 12 11 11 10 10  9 10  9  9 10  9 11 11 10 11
 14  9 18 16 18 18 13 17 14 15 13 14 12 13 11 11 10 10 24 16 35 30 39 38
 39 39 35 37 29 32 25 27 21 23 15 16 14 15 12 12 11 12 11 11 11 11 11 12
 10 11  9  9  9  9  9  9]"
2024-11-26 13:31:14.066163,"(-30.0, -16.66)","(5600, 5600)","[18  7 19 20 17 18 17 16 20 19 22 22 21 22 17 19 16 17 16 16 14 15 13 13
 12 12 11 11 10 10 11 11 10 11 10 10 12 11 12 12 12 12 11 11 10 10 10 10
 11 10 11 11 11 11 12 12 12 12 11 11 10 10  9 10  9  9 10  9 11 11 10 11
 13  9 17 16 17 17 13 16 14 15 13 14 12 13 11 11 10 10 24 16 34 29 38 37
 39 39 37 38 30 33 27 28 24 25 21 23 16 17 15 15 14 14 14 14 13 14 12 13
 10 11  9 10  9  9  9  9]"
2024-11-26 13:31:30.261093,"(-18.0, -16.66)","(5600, 5600)","[18  6 19 20 17 18 17 16 20 19 22 22 21 22 17 19 16 17 16 16 14 15 13 13
 12 12 11 11 10 10 11 11 10 11 10 10 12 11 12 12 12 12 11 11 10 10 10 10
 11 10 11 11 11 11 12 12 12 12 11 11 10 10  9 10  9  9 10  9 11 11 20 11
 30 27 33 32 32 32 28 30 29 27 34 32 34 34 33 34 32 33 29 31 29 28 36 33
 37 38 33 36 28 31 20 26 19 20 17 18 16 17 15 15 14 15 14 14 12 13 11 12
 11 11 11 11  9 10  9  9]"
2024-11-26 13:31:47.470205,"(-6.0, -16.66)","(5600, 5600)","[18 12 19 20 17 18 17 16 20 19 22 22 21 22 17 19 16 17 16 16 14 15 13 13
 12 12 11 11 10 10 11 11 10 11 10 10 12 11 12 12 12 12 11 11 10 10 10 10
 11 10 11 11 11 11 12 12 12 12 11 11 10 10  9 10  9  9 10  9 11 11 17 11
 28 25 31 31 30 31 35 30 45 42 49 48 48 48 44 46 38 41 32 35 30 31 29 29
 29 29 28 29 22 27 21 22 19 20 18 18 16 17 16 16 15 16 14 15 14 14 20 15
 21 21 20 21 15 15 14 15]"
2024-11-26 13:32:03.864102,"(6.0, -16.66)","(5600, 5600)","[18 14 19 20 17 18 17 16 20 19 22 22 21 22 17 19 16 17 16 16 14 15 13 13
 12 12 11 11 10 10 11 11 10 11 10 10 12 11 12 12 12 12 11 11 10 10 10 10
 11 10 11 11 11 11 12 12 12 12 11 11 10 10  9 10  9  9 10  9 11 11 10 11
 15  9 20 18 22 21 26 24 29 27 42 34 46 45 44 45 37 41 29 32 26 27 30 27
 34 33 34 34 30 32 25 27 20 23 18 19 16 17 20 16 22 22 21 22 23 22 25 23
 27 27 26 26 23 25 18 22]"
2024-11-26 13:32:20.761904,"(18.0, -16.66)","(5600, 5600)","[18  8 19 20 17 18 17 16 20 19 22 22 21 22 17 19 16 17 16 16 14 15 13 13
 12 12 11 11 10 10 11 11 10 11 10 10 12 11 12 12 12 12 11 11 10 10 10 10
 11 10 11 11 11 11 12 12 12 12 11 11 10 10  9 10  9  9 10  9 11 11 10 11
 12  9 20 16 21 21 23 21 29 25 37 32 40 38 40 40 39 40 37 38 36 37 34 35
 32 33 31 31 30 30 29 30 28 28 27 28 22 26 21 21 21 21 21 21 22 21 21 22
 19 20 18 19 16 17 14 15]"
2024-11-26 13:32:37.158016,"(30.0, -16.66)","(5600, 5600)","[18  7 19 20 17 18 17 16 20 19 22 22 21 22 17 19 16 17 16 16 14 15 13 13
 12 12 11 11 10 10 11 11 10 11 10 10 12 11 12 12 12 12 11 11 10 10 10 10
 11 10 11 11 11 11 12 12 12 12 11 11 10 10  9 10  9  9 10  9 11 11 10 11
  9  9 21 15 25 24 25 25 27 24 33 30 36 35 40 38 42 42 41 42 41 41 42 42
 42 42 40 41 37 38 34 35 33 33 32 32 25 31 24 25 23 24 22 23 20 21 19 19
 23 19 24 24 19 19 18 19]"
2024-11-26 13:32:53.551831,"(42.0, -16.66)","(5600, 5600)","[18 15 19 20 17 18 17 16 20 19 22 22 21 22 17 19 16 17 16 16 14 15 13 13
 12 12 11 11 10 10 11 11 10 11 10 10 12 11 12 12 12 12 11 11 10 10 10 10
 11 10 11 11 11 11 12 12 12 12 11 11 10 10  9 10  9  9 10  9 11 11 10 11
  9  9 15 12 12 16 13 12 14 15 27 20 31 30 29 30 27 26 33 29 38 36 40 40
 38 40 35 36 32 34 29 30 27 28 26 27 20 26 20 20 19 19 17 18 16 17 14 15
 13 14 12 12 11 11 10 10]"
2024-11-26 13:33:09.947443,"(54.0, -16.66)","(5600, 5600)","[18  9 19 20 17 18 17 16 21 19 22 22 21 22 17 19 16 17 16 16 14 15 13 13
 12 12 11 11 10 10 11 11 10 11 10 10 12 11 12 12 12 12 11 11 10 10 10 10
 11 10 11 11 11 11 12 12 12 12 11 11 10 10  9 10  9  9 10  9 11 11 10 11
  9  9  9  9 12 11 13 12 14 15 13 14 19 17 31 25 40 36 41 42 41 41 44 43
 44 45 40 43 36 38 32 34 28 30 24 26 20 21 17 19 15 16 15 15 15 15 15 15
 14 15 14 14 14 14 13 13]"
2024-11-26 13:33:26.342102,"(66.0, -16.66)","(5600, 5600)","[18 11 19 20 17 18 18 16 24 22 24 24 21 23 18 19 17 17 16 16 14 15 13 13
 12 12 11 11 10 10 11 11 10 11 10 10 12 11 12 12 12 12 11 11 10 10 10 10
 11 10 11 11 11 11 12 12 12 12 11 11 10 10  9 10  9  9 10  9 11 11 10 11
  9  9  9  9 12 11 13 12 14 15 13 14 12 13 19 15 27 25 29 29 34 31 43 39
 45 45 43 44 39 42 35 37 30 32 26 28 20 25 18 19 16 17 13 15 12 13 11 12
 10 11 10 10 16 13 17 17]"
2024-11-26 13:33:42.735957,"(78.0, -16.66)","(5600, 5600)","[18 14 19 20 17 18 19 16 26 25 26 27 23 24 19 21 17 18 16 16 14 15 13 13
 12 12 11 11 10 10 11 11 10 11 10 10 12 11 12 12 12 12 11 11 10 10 10 10
 11 10 11 11 11 11 12 12 12 12 11 11 10 10  9 10  9  9 10  9 11 11 10 11
  9  9 15 13 23 19 24 24 21 23 19 20 18 19 20 18 24 22 26 26 42 34 46 45
 45 46 41 43 36 39 32 34 28 31 24 26 20 20 19 19 17 18 16 17 15 15 14 14
 12 13 10 11  9 10  9  9]"
2024-11-26 13:34:42.557617,"(-90.0, 20.0)","(5600, 5600)","[20 21 19 20 16 18 17 16 20 19 22 22 21 22 17 19 16 17 16 16 14 15 13 13
 12 12 11 11 10 10 11 11 10 11 10 10 12 11 12 12 12 12 11 11 10 10 10 10
 11 10 11 11 11 11 12 12 12 12 11 11 18 13 30 25 34 33 35 35 32 34 30 31
 29 29 29 29 28 29 26 27 24 25 21 23 16 16 15 15 24 14 39 32 48 44 49 49
 47 49 44 46 39 41 33 36 28 31 23 24 20 21 17 18 14 15 12 13 11 12 10 11
  9 10  9  9  9  9  9  9]"
2024-11-26 13:34:58.344231,"(-80.0, 20.0)","(5600, 5600)","[18  9 19 20 16 18 17 16 20 19 22 22 21 22 17 19 16 17 16 16 14 15 13 13
 12 12 11 11 10 10 11 11 10 11 10 10 12 11 12 12 12 12 11 11 10 10 10 10
 11 10 11 11 11 11 12 12 12 12 11 11 18 12 30 25 35 34 35 35 32 34 29 31
 27 28 26 27 25 26 25 25 24 25 22 23 21 21 16 20 26 16 34 31 33 34 38 35
 42 41 41 42 38 40 34 36 29 32 22 23 19 21 16 18 14 15 12 13 10 11  9 10
  8  8  8  8  9  9  9  9]"
2024-11-26 13:35:14.135706,"(-70.0, 20.0)","(5600, 5600)","[18  8 19 20 16 18 16 16 20 19 22 22 21 22 17 19 16 17 16 16 14 15 13 13
 12 12 11 11 10 10 11 11 10 11 10 10 12 11 12 12 12 12 11 11 10 10 10 10
 11 10 11 11 11 11 12 12 12 12 11 11 19 13 33 27 37 37 36 37 33 35 32 32
 29 31 25 27 24 24 22 23 24 20 31 28 32 32 29 31 26 27 28 26 31 29 32 32
 34 32 35 35 32 34 27 30 21 25 18 20 15 17 13 14 11 12 11 11 16 14 11 16
 11 11 11 11 11 11 10 10]"
2024-11-26 13:35:29.926087,"(-60.0, 20.0)","(5600, 5600)","[18  9 19 20 16 18 16 16 20 19 22 22 21 22 17 19 16 17 16 16 14 15 13 13
 12 12 11 11 10 10 11 11 10 11 10 10 12 11 12 12 12 12 11 11 10 10 10 10
 11 10 11 11 11 11 12 12 12 12 11 11 16 10 28 23 33 33 33 33 29 31 25 27
 22 23 20 20 20 20 19 19 20 19 25 23 27 26 25 26 22 23 29 24 37 34 40 39
 38 40 34 37 31 33 25 28 20 22 18 19 16 17 15 16 14 14 14 14 14 14 13 13
 12 12 12 12 12 12 11 11]"
2024-11-26 13:35:45.715487,"(-50.0, 20.0)","(5600, 5600)","[18  8 19 20 16 18 16 16 20 19 22 22 21 22 17 19 16 17 16 16 14 15 13 13
 12 12 11 11 10 10 11 11 10 11 10 10 12 11 12 12 12 12 11 11 10 10 10 10
 11 10 11 11 11 11 12 12 12 12 11 11 15 10 31 24 37 36 37 38 33 35 26 29
 21 23 18 19 13 13 14 13 14 15 13 14 24 19 25 25 24 25 30 25 38 35 39 39
 36 39 34 35 31 32 28 30 25 26 20 20 20 20 20 20 18 19 16 17 15 15 13 14
 11 12 10 10 14 10 15 15]"
2024-11-26 13:36:01.503087,"(-40.0, 20.0)","(5600, 5600)","[18 11 19 20 16 18 16 16 20 19 22 22 21 22 17 19 16 17 16 16 14 15 13 13
 12 12 11 11 10 10 11 11 10 11 10 10 12 11 12 12 12 12 11 11 10 10 10 10
 11 10 11 11 11 11 12 12 12 12 11 11 10 10 17 10 28 25 31 31 29 30 24 26
 21 22 18 19 12 16 13 12 14 15 19 14 30 25 32 32 31 32 27 29 32 29 40 37
 40 41 36 39 29 33 24 27 19 22 16 18 14 15 13 14 12 13 11 12 11 11 10 10
  9  9  9  9 16 14 21 19]"
2024-11-26 13:36:17.290396,"(-30.0, 20.0)","(5600, 5600)","[18 12 19 20 16 18 16 15 20 19 22 22 21 22 17 19 16 17 16 16 14 15 13 13
 12 12 11 11 10 10 11 11 10 11 10 10 12 11 12 12 12 12 11 11 10 10 10 10
 11 10 11 11 11 11 12 12 12 12 11 11 10 10  9 10  9  9 10  9 11 11 10 11
  9  9  9  9 12 11 13 12 14 15 13 14 12 13 14 11 16 15 19 17 26 23 30 27
 38 33 41 41 38 40 34 36 30 32 25 27 18 22 17 17 15 16 13 14 12 12 10 11
  8  9  8  8  9  9  9  9]"
2024-11-26 13:36:33.079522,"(-20.0, 20.0)","(5600, 5600)","[18  9 19 20 16 18 16 15 20 19 22 22 21 22 17 19 16 17 16 16 14 15 13 13
 12 12 11 11 10 10 11 11 10 11 10 10 12 11 12 12 12 12 11 11 10 10 10 10
 11 10 11 11 11 11 12 12 12 12 11 11 10 10  9 10  9  9 10  9 11 11 10 11
  9  9 15 13 24 19 28 27 28 29 25 27 20 22 16 17 11 14 11 11 16 11 36 27
 46 43 48 48 46 47 42 44 37 40 29 33 21 26 19 20 17 18 15 16 13 14 11 12
 10 10  9  9  9  9  9  9]"
2024-11-26 13:36:48.865044,"(-10.0, 20.0)","(5600, 5600)","[18  6 19 20 16 18 16 15 20 19 22 22 21 22 17 19 16 17 16 16 14 15 13 13
 12 12 11 11 10 10 11 11 10 11 10 10 12 11 12 12 12 12 11 11 10 10 10 10
 11 10 11 11 11 11 12 12 12 12 11 11 10 10  9 10  9  9 10  9 11 11 10 11
  9  9 23 15 37 31 42 40 40 41 36 39 30 33 24 27 20 21 15 15 18 15 27 21
 39 36 41 41 39 41 36 38 31 34 25 28 19 20 17 18 14 15 12 13 10 11  8  9
  7  7  8  7  9  9  9  9]"
2024-11-26 13:37:04.651467,"(0.0, 20.0)","(5600, 5600)","[18  4 19 20 16 18 16 15 20 19 22 22 21 22 17 19 16 17 16 16 14 15 13 13
 12 12 11 11 10 10 11 11 10 11 10 10 12 11 12 12 12 12 11 11 10 10 10 10
 11 10 11 11 11 11 12 12 12 12 11 11 10 10  9 10  9  9 10  9 11 11 10 11
 13  9 25 17 37 32 42 40 41 42 38 40 30 34 25 27 21 23 16 16 18 16 25 20
 35 32 36 36 33 35 27 30 22 25 17 19 14 16 12 13 11 12 10 11  8  9  8  8
  7  8  8  8  9  9  9  9]"
2024-11-26 13:37:20.438069,"(10.0, 20.0)","(5600, 5600)","[18 10 19 20 16 18 16 15 20 19 22 22 21 22 17 19 16 17 16 16 14 15 13 13
 12 12 11 11 10 10 11 11 10 11 10 10 12 11 12 12 12 12 11 11 10 10 10 10
 11 10 11 11 11 11 12 12 12 12 11 11 10 10  9 10  9  9 10  9 11 11 10 11
  9  9 23 13 39 31 45 43 45 46 40 44 35 38 31 33 26 29 22 24 20 21 30 25
 38 36 39 39 36 38 30 33 24 26 19 20 16 17 13 14 11 12 10 11  8  9  8  8
  7  7  8  7  9  9  9  9]"
2024-11-26 13:37:36.223375,"(20.0, 20.0)","(5600, 5600)","[18  9 19 20 16 18 16 15 20 19 22 22 21 22 17 19 16 17 16 16 14 15 13 13
 12 12 11 11 10 10 11 11 10 11 10 10 12 11 12 12 12 12 11 11 10 10 10 10
 11 10 11 11 11 11 12 12 12 12 11 11 10 10  9 10  9  9 10  9 11 11 10 11
  9  9 18 15 28 23 33 31 32 33 28 30 23 26 19 21 16 17 12 12 19 17 28 23
 37 34 38 38 36 37 30 33 24 26 17 18 16 17 14 15 12 13 11 12 10 11  9 10
  8  9  8  8  9  9  9  9]"
2024-11-26 13:37:52.008420,"(30.0, 20.0)","(5600, 5600)","[17  5 19 20 16 18 16 15 20 19 22 22 21 22 17 19 16 17 16 16 14 15 13 13
 12 12 11 11 10 10 11 11 10 11 10 10 12 11 12 12 12 12 11 11 10 10 10 10
 11 10 11 11 11 11 12 12 12 12 11 11 10 10  9 10  9  9 10  9 11 11 10 11
  9  9  9  9 12 11 13 12 14 15 13 14 12 13 11 11 10 10 16 13 22 18 36 30
 40 40 39 40 35 38 28 31 23 25 19 21 15 16 13 14 12 13 11 11  9 10  8  9
  7  8  8  8  9  9  9  9]"
2024-11-26 13:38:07.793603,"(40.0, 20.0)","(5600, 5600)","[17 11 19 20 16 18 16 15 20 19 22 22 21 22 17 19 16 17 16 16 14 15 13 13
 12 12 11 11 10 10 11 11 10 11 10 10 12 11 12 12 12 12 11 11 10 10 10 10
 11 10 11 11 11 11 12 12 12 12 11 11 10 10  9 10  9  9 10  9 11 11 10 11
  9  9  9  9 12 11 13 12 14 15 13 14 12 13 11 11 10 10 18 13 21 20 23 21
 26 26 25 25 24 25 20 22 17 18 12 12 11 11 11 11 11 12 10 11  8  9  7  8
  7  7  8  7  9  9  9  9]"
2024-11-26 13:38:23.576814,"(50.0, 20.0)","(5600, 5600)","[17  7 19 20 16 18 16 15 20 19 22 22 21 22 17 19 16 17 16 16 14 15 13 13
 12 12 11 11 10 10 11 11 10 11 10 10 12 11 12 12 12 12 20 16 24 22 23 24
 20 22 16 18 11 11 12 12 12 12 11 11 10 10  9 10  9  9 10  9 11 11 10 11
  9  9  9  9 12 11 13 12 14 15 13 14 12 13 11 11 10 10 10 10 16 15 23 19
 30 28 32 32 29 31 24 26 20 22 16 18 12 13 11 11 11 12 10 11  9  9  8  8
  7  8  8  7  9  9  9  9]"
2024-11-26 13:38:39.863085,"(60.0, 20.0)","(5600, 5600)","[17 10 19 20 16 18 16 15 20 19 22 22 21 22 17 19 16 17 16 16 14 15 13 13
 12 12 11 11 10 10 11 11 10 11 10 10 12 11 12 12 12 12 11 11 18 17 18 18
 16 17 11 11 11 11 12 12 12 12 11 11 10 10  9 10  9  9 10  9 11 11 10 11
  9  9  9  9 18 14 20 19 20 20 19 20 17 18 11 16 10 10 10 10 14 10 23 18
 28 28 27 28 24 26 20 22 17 19 13 13 12 12 11 11 11 12 10 11  8  9  7  8
  7  7  8  7  9  9  9  9]"
2024-11-26 13:38:55.649430,"(70.0, 20.0)","(5600, 5600)","[17  9 19 20 16 18 16 15 20 19 22 22 21 22 17 19 16 17 16 16 14 15 13 13
 12 12 11 11 10 10 11 11 10 11 10 10 12 11 12 12 12 12 11 11 10 10 10 10
 11 10 11 11 11 11 12 12 12 12 11 11 10 10  9 10  9  9 10  9 11 11 10 11
  9  9 22 15 34 28 35 35 34 34 34 34 32 33 26 29 21 23 22 20 28 25 30 29
 30 31 28 29 25 27 18 23 17 18 14 16 13 13 12 12 11 12 10 11  8  9  8  8
  7  8  8  7  9  9  9  9]"
2024-11-26 13:39:11.435305,"(80.0, 20.0)","(5600, 5600)","[17  7 19 20 16 18 16 15 20 19 22 22 21 22 17 19 16 17 16 16 14 15 13 13
 12 12 11 11 10 10 11 11 10 11 10 10 12 11 12 12 12 12 11 11 10 10 10 10
 11 10 11 11 11 11 12 12 12 12 11 11 10 10  9 10  9  9 10  9 11 11 10 11
  9  9 21 13 33 28 36 35 34 36 28 32 24 26 20 22 18 18 21 19 22 22 23 21
 27 26 25 26 23 24 21 22 16 20 15 15 13 14 12 12 11 12 10 11  8  9  7  8
  7  7  8  7  9  9  9  9]"
2024-11-26 13:39:27.222335,"(90.0, 20.0)","(5600, 5600)","[17 10 19 20 16 18 16 15 20 19 22 22 21 22 17 19 16 17 16 16 14 15 13 13
 12 12 11 11 10 10 11 11 10 11 10 10 12 11 12 12 12 12 11 11 10 10 13 10
 15 16 11 11 11 11 12 12 12 12 11 11 10 10  9 10  9  9 10  9 11 11 10 11
  9  9 21 14 31 26 33 33 31 33 25 28 21 23 18 20 12 17 12 12 18 16 24 20
 32 29 33 33 29 31 24 26 20 22 15 16 13 14 12 12 11 12 10 11  8  9  7  8
  7  7  8  7  9  9  9  9]"
2024-11-26 13:40:27.657687,"(-80.0, -20.0)","(5600, 5600)","[17  5 19 20 16 18 16 15 20 19 22 22 21 22 17 19 16 17 16 16 14 15 13 13
 12 12 11 11 10 10 11 11 10 11 10 10 12 11 12 12 12 12 11 11 16 13 18 17
 17 17 11 11 11 11 12 12 12 12 11 11 10 10  9 10  9  9 10  9 11 11 10 11
  9  9 19 13 25 23 24 25 22 24 19 20 12 17 11 11 10 10 21 15 29 25 36 33
 39 39 38 38 33 36 26 29 21 24 16 17 13 15 12 12 11 12 10 11  8  9  7  8
  7  7  8  7  9  9  9  9]"
2024-11-26 13:40:43.444313,"(-70.0, -20.0)","(5600, 5600)","[17 11 19 20 16 18 16 15 20 19 22 22 21 22 17 19 16 17 16 16 14 15 13 13
 12 12 11 11 10 10 11 11 10 11 10 10 12 11 12 12 12 12 11 11 10 10 10 10
 11 10 11 11 11 11 12 12 12 12 11 11 10 10  9 10  9  9 10  9 11 11 10 11
 13  9 21 16 26 24 25 26 21 23 18 19 12 13 11 11 15 10 20 17 26 23 31 28
 32 32 31 32 25 28 21 23 15 18 13 14 12 12 11 11 11 12 10 11  8  9  8  8
  7  7  8  7  9  9  9  9]"
2024-11-26 13:40:59.233972,"(-60.0, -20.0)","(5600, 5600)","[17  4 19 20 16 18 16 15 20 19 22 22 21 22 17 19 16 17 16 16 14 15 13 13
 12 12 11 11 10 10 11 11 10 11 10 10 12 11 12 12 12 12 11 11 10 10 10 10
 11 10 11 11 11 11 12 12 12 12 11 11 10 10  9 10  9  9 10  9 11 11 10 11
  9  9  9  9 17 15 13 17 14 15 13 14 12 13 11 11 10 10 10 10 21 15 30 26
 34 34 33 34 28 31 24 26 20 22 17 19 14 14 13 13 11 12 10 11  9 10  9  9
  8  9  8  8  9  9  9  9]"
2024-11-26 13:41:15.022108,"(-50.0, -20.0)","(5600, 5600)","[17  9 19 20 16 18 16 15 20 19 22 22 21 22 17 19 16 17 16 16 14 15 13 13
 12 12 11 11 10 10 11 11 10 11 10 10 12 11 12 12 12 12 11 11 10 10 10 10
 11 10 11 11 11 11 12 12 12 12 11 11 10 10  9 10  9  9 10  9 11 11 10 11
  9  9  9  9 12 11 13 12 14 15 13 14 12 13 11 11 12 10 18 16 19 18 30 25
 35 35 35 35 32 33 28 30 24 26 19 22 14 15 14 14 13 14 12 13 11 11 10 10
  9  9  9  9  9  9  9  9]"
2024-11-26 13:41:30.810740,"(-40.0, -20.0)","(5600, 5600)","[17  9 19 20 16 18 16 15 20 19 22 22 21 22 17 19 16 17 16 16 14 15 13 13
 12 12 11 11 10 10 11 11 10 11 10 10 12 11 12 12 12 12 11 11 10 10 10 10
 11 10 11 11 11 11 12 12 12 12 11 11 10 10  9 10  9  9 10  9 11 11 10 11
  9  9 16 14 12 17 13 12 14 15 13 14 12 13 11 11 21 10 32 27 34 33 32 33
 32 31 32 32 31 32 29 31 26 28 24 25 17 23 17 17 16 17 16 16 15 16 13 14
 11 12 10 11  9 10  9  9]"
2024-11-26 13:41:46.598659,"(-30.0, -20.0)","(5600, 5600)","[17 10 19 20 16 18 16 15 20 19 22 22 21 22 17 19 16 17 16 16 14 15 13 13
 12 12 11 11 10 10 11 11 10 11 10 10 12 11 12 12 12 12 11 11 10 10 10 10
 11 10 11 11 11 11 12 12 12 12 11 11 10 10  9 10  9  9 10  9 11 11 10 11
  9  9  9  9 12 11 13 12 14 15 13 14 12 13 11 11 15 10 25 20 29 28 29 29
 29 28 29 29 28 29 26 27 23 25 20 21 15 15 13 13 11 12 11 11 11 11 11 11
 11 11 10 11 10 10  9  9]"
2024-11-26 13:42:02.388321,"(-20.0, -20.0)","(5600, 5600)","[17  6 19 20 16 18 16 15 20 19 22 22 21 22 17 19 16 17 16 16 14 15 13 13
 12 12 11 11 10 10 11 11 10 11 10 10 12 11 12 12 12 12 11 11 10 10 10 10
 11 10 11 11 11 11 12 12 12 12 11 11 10 10  9 10  9  9 10  9 14 11 20 18
 20 20 18 19 18 18 24 22 24 24 23 24 19 21 17 18 17 17 12 12 22 18 32 28
 37 36 37 37 34 36 30 32 26 29 21 24 17 18 15 16 14 14 13 13 13 13 12 12
 10 11  9 10  9  9  9  9]"
2024-11-26 13:42:18.174375,"(-10.0, -20.0)","(5600, 5600)","[17  5 19 20 16 18 16 15 20 19 22 22 21 22 17 19 16 17 16 16 14 15 13 13
 12 12 11 11 10 10 11 11 10 11 10 10 12 11 12 12 12 12 11 11 10 10 10 10
 11 10 11 11 11 11 12 12 12 12 11 11 10 10  9 10  9  9 10  9 25 20 29 28
 27 28 28 27 31 29 41 36 48 46 49 49 48 49 44 46 40 42 35 37 30 32 30 29
 36 33 37 37 34 35 33 33 30 32 25 25 24 24 23 23 21 22 19 20 18 19 17 17
 21 17 23 23 23 23 18 22]"
2024-11-26 13:42:33.958693,"(0.0, -20.0)","(5600, 5600)","[17 10 19 20 16 18 16 15 20 19 22 22 21 22 17 19 16 17 16 16 14 15 13 13
 12 12 11 11 10 10 11 11 10 11 10 10 12 11 12 12 12 12 11 11 10 10 10 10
 11 10 11 11 11 11 12 12 12 12 11 11 10 10  9 10  9  9 10  9 12 11 17 15
 17 18 17 17 32 23 47 40 52 51 53 53 51 52 48 50 43 46 37 40 33 35 33 33
 33 33 32 33 30 31 25 29 24 25 22 23 20 21 17 19 15 16 13 14 14 13 24 19
 32 29 36 34 35 36 32 34]"
2024-11-26 13:42:49.743039,"(10.0, -20.0)","(5600, 5600)","[18 17 19 20 16 18 16 15 20 19 22 22 21 22 17 19 16 17 16 16 14 15 13 13
 12 12 11 11 10 10 11 11 10 11 10 10 12 11 12 12 12 12 11 11 10 10 10 10
 11 10 11 11 11 11 12 12 12 12 11 11 10 10  9 10  9  9 10  9 11 11 10 11
  9  9 19 15 23 21 35 28 47 42 53 51 52 53 49 51 42 46 36 39 33 35 32 32
 38 34 40 40 37 39 31 34 23 28 22 23 21 22 20 21 19 20 16 17 17 15 24 22
 25 26 30 26 30 31 26 28]"
2024-11-26 13:43:05.529181,"(20.0, -20.0)","(5600, 5600)","[17  8 19 20 16 18 16 15 20 19 22 22 21 22 17 19 16 17 16 16 14 15 13 13
 12 12 11 11 10 10 11 11 10 11 10 10 12 11 12 12 12 12 11 11 10 10 10 10
 11 10 11 11 11 11 12 12 12 12 11 11 10 10  9 10  9  9 10  9 11 11 10 11
  9  9  9  9 16 11 26 19 40 35 43 43 42 43 41 42 39 41 36 38 35 36 33 34
 29 31 27 28 25 26 20 25 20 20 20 20 25 20 26 26 21 26 21 21 21 21 21 21
 21 21 21 21 21 21 19 20]"
2024-11-26 13:43:21.316424,"(30.0, -20.0)","(5600, 5600)","[17  9 19 20 16 18 16 15 20 19 22 22 21 22 17 19 16 17 16 16 14 15 13 13
 12 12 11 11 10 10 11 11 10 11 10 10 12 11 12 12 12 12 11 11 10 10 10 10
 11 10 11 11 11 11 12 12 12 12 11 11 10 10  9 10  9  9 10  9 11 11 10 11
 15  9 20 18 22 21 21 21 22 20 30 25 34 33 32 33 32 32 32 33 31 32 30 30
 35 32 36 36 35 36 33 34 31 32 29 30 21 27 26 21 27 27 26 27 22 22 22 22
 22 22 22 22 22 22 22 22]"
2024-11-26 13:43:37.102664,"(40.0, -20.0)","(5600, 5600)","[17  8 19 20 16 18 16 15 20 19 22 22 21 22 17 19 16 17 16 16 14 15 13 13
 12 12 11 11 10 10 11 11 10 11 10 10 12 11 12 12 12 12 11 11 10 10 10 10
 11 10 11 11 11 11 12 12 12 12 11 11 10 10  9 10  9  9 10  9 11 11 10 11
  9  9  9  9 12 11 13 12 14 15 22 17 26 25 24 25 26 22 33 30 33 34 30 32
 28 28 32 29 33 33 32 33 31 31 29 30 27 28 25 25 19 24 19 19 19 19 17 18
 15 16 14 15 14 14 13 13]"
2024-11-26 13:43:52.890468,"(50.0, -20.0)","(5600, 5600)","[17  6 19 20 16 18 16 15 20 19 22 22 21 22 17 19 16 17 16 16 14 15 13 13
 12 12 11 11 10 10 11 11 10 11 10 10 12 11 12 12 12 12 11 11 10 10 10 10
 11 10 11 11 11 11 12 12 12 12 11 11 10 10  9 10  9  9 10  9 11 11 11 11
 21 17 23 23 22 23 19 20 14 18 13 14 15 13 31 24 41 37 43 43 40 42 35 37
 33 34 35 34 35 35 32 34 30 31 26 28 20 21 19 20 24 19 26 26 25 26 19 22
 17 18 15 16 13 14 11 12]"
2024-11-26 13:44:08.678774,"(60.0, -20.0)","(5600, 5600)","[17  7 19 20 16 18 16 15 20 19 22 22 21 22 17 19 16 17 16 16 14 15 13 13
 12 12 11 11 10 10 11 11 10 11 10 10 12 11 12 12 12 12 11 11 10 10 10 10
 11 10 11 11 11 11 12 12 12 12 11 11 10 10  9 10  9  9 10  9 11 11 14 11
 24 20 26 26 24 25 23 23 21 22 20 21 20 19 30 24 40 37 41 41 36 39 35 36
 36 35 37 37 36 36 32 34 29 31 26 28 21 21 19 20 17 17 23 21 18 23 17 18
 16 16 14 15 12 13 11 11]"
2024-11-26 13:44:24.463737,"(70.0, -20.0)","(5600, 5600)","[17  5 19 20 16 18 16 15 20 19 22 22 21 22 17 19 16 17 16 16 14 15 13 13
 12 12 11 11 10 10 11 11 10 11 10 10 12 11 12 12 12 12 11 11 10 10 10 10
 11 10 11 11 11 11 12 12 12 12 11 11 10 10  9 10  9  9 16 14 19 18 18 19
 16 17 14 15 12 11 13 12 14 15 13 14 23 18 31 28 34 34 33 33 29 31 28 28
 30 28 31 31 29 30 27 28 25 26 23 24 18 23 18 18 18 18 17 17 15 16 13 14
 12 12 10 11  9 10  9  9]"
2024-11-26 13:44:40.248709,"(80.0, -20.0)","(5600, 5600)","[17  9 19 20 16 18 16 15 20 19 22 22 21 22 17 19 16 17 16 16 14 15 13 13
 12 12 11 11 10 10 11 11 10 11 10 10 12 11 12 12 12 12 11 11 10 10 10 10
 11 10 11 11 11 11 12 12 12 12 11 11 10 10 14 10 24 21 28 27 27 28 26 27
 23 25 21 22 21 20 26 24 25 26 25 25 28 26 29 29 29 29 30 29 31 30 31 31
 30 30 28 29 26 27 20 24 19 19 18 18 18 18 16 17 15 16 14 15 14 14 12 13
 10 11  9  9  9  9  9  9]"
2024-11-26 13:45:40.684338,"(-90.0, 23.33)","(5600, 5600)","[17  9 19 20 16 18 16 15 20 19 22 22 21 22 17 19 16 17 16 16 14 15 13 13
 12 12 11 11 10 10 11 11 10 11 10 10 12 11 12 12 12 12 11 11 10 10 10 10
 11 10 11 11 21 17 23 22 25 23 32 28 32 32 29 31 28 28 27 28 25 27 22 24
 15 20 15 15 14 15 14 13 14 15 13 14 12 13 11 11 10 10 10 10 17 14 22 20
 26 25 28 27 27 28 27 27 27 27 26 27 25 26 23 24 20 21 15 15 15 15 15 15
 14 15 13 14 12 12 12 12]"
2024-11-26 13:45:56.066694,"(-81.42, 23.33)","(5600, 5600)","[17  8 19 20 16 18 16 15 20 19 22 22 21 22 17 19 16 17 16 16 14 15 13 13
 12 12 11 11 10 10 11 11 10 11 10 10 12 11 12 12 12 12 11 11 10 10 10 10
 11 10 11 11 21 16 28 25 31 30 32 32 31 31 33 32 32 33 29 31 28 28 32 31
 32 33 29 31 23 26 17 21 16 17 14 15 12 13 11 11 10 10 10 10  9 10 16  9
 24 21 26 26 26 26 25 26 26 25 27 27 25 26 21 23 18 19 14 14 13 14 12 13
 11 12  9 10  9  9  9  9]"
2024-11-26 13:46:12.465852,"(-72.85, 23.33)","(5600, 5600)","[17 12 19 20 16 18 16 15 20 19 22 22 21 22 17 19 16 17 16 16 14 15 13 13
 12 12 11 11 10 10 11 11 10 11 10 10 12 11 12 12 12 12 11 11 10 10 10 10
 11 10 11 11 22 16 30 27 31 31 31 31 30 31 33 30 43 38 49 47 49 50 46 48
 42 44 36 39 29 32 22 26 20 21 17 18 15 16 14 14 19 14 18 19 19 14 20 21
 20 18 24 22 24 24 23 24 22 23 22 22 17 21 17 17 16 17 15 16 13 14 12 12
 10 11  9 10  9  9  9  9]"
2024-11-26 13:46:28.350357,"(-64.28, 23.33)","(5600, 5600)","[17  8 19 20 16 18 16 15 20 19 22 22 21 22 17 19 16 17 16 16 14 15 13 13
 12 12 11 11 10 10 11 11 10 11 10 10 12 11 12 12 12 12 11 11 10 10 10 10
 11 10 11 11 11 11 14 12 24 20 29 27 31 30 39 35 45 43 45 45 42 44 37 40
 30 34 24 27 19 19 17 18 15 15 13 14 20 16 23 22 24 24 22 23 20 21 20 20
 23 21 27 26 27 27 26 26 25 26 24 25 22 23 18 22 17 18 16 17 14 15 12 13
 10 11  9  9  9  9  9  9]"
2024-11-26 13:46:43.734772,"(-55.71, 23.33)","(5600, 5600)","[17  9 19 20 16 18 16 15 20 19 22 22 21 22 17 19 16 17 16 16 14 15 13 13
 12 12 11 11 10 10 11 11 10 11 10 10 12 11 12 12 12 12 11 11 10 10 10 10
 11 10 11 11 11 11 12 12 12 12 11 11 21 17 30 25 37 36 38 38 39 38 37 38
 33 36 28 30 25 26 24 25 21 23 17 17 26 22 29 29 28 29 25 27 19 23 19 19
 18 18 24 20 24 24 18 22 18 18 18 18 17 17 15 16 13 14 12 12 11 11 10 10
 10 10  9  9  9  9  9  9]"
2024-11-26 13:46:59.115581,"(-47.14, 23.33)","(5600, 5600)","[17 12 19 20 16 18 16 15 20 19 22 22 21 22 17 19 16 17 16 16 14 15 13 13
 12 12 11 11 10 10 11 11 10 11 10 10 12 11 12 12 12 12 11 11 10 10 10 10
 11 10 11 11 11 11 12 12 12 12 11 11 10 10  9 10 16  9 28 21 36 32 38 38
 36 38 30 34 28 29 27 28 25 27 23 24 28 25 31 29 33 33 33 33 29 31 25 27
 19 24 19 19 27 24 26 26 27 27 26 27 20 25 19 20 18 18 17 17 15 16 13 14
 11 12  9 10  9  9  9  9]"
2024-11-26 13:47:14.496062,"(-38.57, 23.33)","(5600, 5600)","[17  7 19 20 16 18 16 15 20 19 22 22 21 22 17 19 16 17 16 16 14 15 13 13
 12 12 11 11 10 10 11 11 10 11 10 10 12 11 12 12 12 12 11 11 10 10 10 10
 11 10 11 11 11 11 12 12 12 12 11 11 10 10  9 10 20  9 29 25 31 31 30 31
 27 29 22 25 19 21 13 18 14 15 13 14 28 21 44 37 51 50 51 52 48 50 41 45
 35 37 31 32 31 31 30 30 29 30 24 24 21 23 18 20 15 17 12 14 10 11  9  9
  9  9  9  9  9  9  9  9]"
2024-11-26 13:47:29.877756,"(-30.0, 23.33)","(5600, 5600)","[17 10 19 20 16 18 16 15 20 19 22 22 21 22 17 19 16 17 16 16 14 15 13 13
 12 12 11 11 10 10 11 11 10 11 10 10 12 11 12 12 12 12 11 11 10 10 10 10
 11 10 11 11 11 11 12 12 12 12 11 11 10 10  9 10 17  9 31 24 37 34 36 36
 32 34 26 29 20 23 13 18 14 15 13 14 20 17 24 22 28 27 29 29 28 29 29 28
 30 29 32 31 33 32 33 33 34 34 33 34 28 31 21 25 19 20 17 18 15 16 13 14
 10 11  9 10  9  9  9  9]"
2024-11-26 13:47:45.260018,"(-21.42, 23.33)","(5600, 5600)","[17  8 19 20 16 18 16 15 20 19 22 22 21 22 17 19 16 17 16 16 14 15 13 13
 12 12 11 11 10 10 11 11 10 11 10 10 12 11 12 12 12 12 11 11 10 10 10 10
 11 10 11 11 11 11 12 12 12 12 11 11 10 10  9 10 13  9 22 17 24 24 23 24
 22 23 19 21 12 17 13 12 14 15 13 14 12 13 17 11 22 21 22 23 18 20 17 17
 18 17 17 18 19 18 27 24 31 29 31 32 28 30 23 26 16 21 16 16 15 15 14 14
 12 13 11 11 10 10  9  9]"
2024-11-26 13:48:00.642999,"(-12.85, 23.33)","(5600, 5600)","[17 11 19 20 16 18 16 15 20 19 22 22 21 22 17 19 16 17 16 16 14 15 13 13
 12 12 11 11 10 10 11 11 10 11 10 10 12 11 12 12 12 12 11 11 10 10 10 10
 11 10 11 11 11 11 12 12 12 12 11 11 10 10  9 10  9  9 10  9 11 11 10 11
  9  9  9  9 12 11 13 12 14 15 13 14 12 13 11 11 10 10 10 10  9 10  9  9
 15 10 16 16 32 23 39 37 40 41 37 39 29 33 22 25 15 20 14 15 12 13 10 11
  9  9  8  8  9  9  9  9]"
2024-11-26 13:48:16.025486,"(-4.28, 23.33)","(5600, 5600)","[17  6 19 20 16 18 16 15 20 19 22 22 21 22 17 19 16 17 16 16 14 15 13 13
 12 12 11 11 10 10 11 11 10 11 10 10 12 11 12 12 12 12 11 11 10 10 10 10
 11 10 11 11 11 11 12 12 12 12 11 11 10 10  9 10  9  9 10  9 11 11 10 11
  9  9  9  9 12 11 13 12 14 15 13 14 12 13 11 11 10 10 10 10  9 10  9  9
 10 10 15 13 26 20 34 31 35 36 32 34 26 29 21 23 14 18 13 13 11 12 10 11
  9 10  8  8  9  9  9  9]"
2024-11-26 13:48:31.405399,"(4.28, 23.33)","(5600, 5600)","[17  6 19 20 16 18 16 15 20 19 22 22 21 22 17 19 16 17 16 16 14 15 13 13
 12 12 11 11 10 10 11 11 10 11 10 10 12 11 12 12 12 12 11 11 10 10 10 10
 11 10 11 11 11 11 12 12 12 12 11 11 10 10  9 10  9  9 10  9 11 11 10 11
  9  9  9  9 12 11 13 12 14 15 13 14 12 13 11 11 10 10 14 13 19 17 22 21
 21 22 20 21 27 23 36 32 39 39 38 39 33 35 26 29 22 24 16 16 14 15 12 13
 10 11  9 10  9  9  9  9]"
2024-11-26 13:48:46.788593,"(12.85, 23.33)","(5600, 5600)","[17  5 19 20 16 18 16 15 20 19 22 22 21 22 17 19 16 17 16 16 14 15 13 13
 12 12 11 11 10 10 11 11 10 11 10 10 12 11 12 12 12 12 11 11 10 10 10 10
 11 10 11 11 11 11 12 12 12 12 11 11 10 10  9 10  9  9 10  9 11 11 10 11
  9  9  9  9 12 11 13 12 14 15 13 14 12 13 11 11 10 10 16 13 21 19 20 21
 19 20 26 20 35 31 39 38 39 39 36 38 28 32 23 26 16 21 15 16 13 14 11 12
 10 11  9 10  9  9  9  9]"
2024-11-26 13:49:02.168893,"(21.42, 23.33)","(5600, 5600)","[17  4 19 20 16 18 16 15 20 19 22 22 21 22 17 19 16 17 16 16 14 15 13 13
 12 12 11 11 10 10 11 11 10 11 10 10 12 11 12 12 12 12 11 11 10 10 10 10
 11 10 11 11 11 11 12 12 12 12 11 11 10 10  9 10  9  9 10  9 11 11 10 11
  9  9  9  9 12 11 13 12 14 15 13 14 12 13 11 11 10 10 10 10 18 15 18 18
 16 17 18 16 27 23 27 28 24 25 22 23 18 20 12 17 12 12 11 11  9 10  8  9
  7  8  8  8  9  9  9  9]"
2024-11-26 13:49:17.549950,"(30.0, 23.33)","(5600, 5600)","[17 11 19 20 16 18 16 15 20 19 22 22 21 22 17 19 16 17 16 16 14 15 13 13
 12 12 11 11 10 10 11 11 10 11 10 10 12 11 12 12 12 12 11 11 10 10 10 10
 11 10 11 11 11 11 12 12 12 12 11 11 10 10  9 10  9  9 10  9 11 11 10 11
  9  9  9  9 12 11 13 12 14 15 13 14 12 13 11 11 10 10 10 10  9 10  9  9
 10 10 18 13 29 24 31 31 29 31 25 27 20 22 17 18 12 15 11 12 10 10  8  9
  7  8  8  7  9  9  9  9]"
2024-11-26 13:49:32.931206,"(38.57, 23.33)","(5600, 5600)","[17 10 19 20 16 18 16 15 20 19 22 22 21 22 17 19 16 17 16 16 14 15 13 13
 12 12 11 11 10 10 11 11 10 11 10 10 12 11 12 12 12 12 11 11 10 10 10 10
 11 10 11 11 11 11 12 12 12 12 11 11 10 10  9 10  9  9 10  9 11 11 10 11
  9  9  9  9 12 11 13 12 14 15 13 14 12 13 11 11 10 10 10 10  9 10  9  9
 15 10 26 19 33 30 34 34 32 34 28 30 22 25 14 19 13 14 12 13 11 11 10 10
  9  9  9  9  9  9  9  9]"
2024-11-26 13:49:49.334790,"(47.14, 23.33)","(5600, 5600)","[17  8 19 20 16 18 16 15 20 19 22 22 21 22 17 19 16 17 16 16 14 15 13 13
 12 12 11 11 10 10 11 11 10 11 10 10 12 11 12 12 12 12 11 11 16 14 16 17
 14 16 11 11 11 11 12 12 12 12 11 11 10 10  9 10  9  9 10  9 11 11 10 11
  9  9  9  9 12 11 13 12 14 15 13 14 12 13 11 11 10 10 10 10  9 10  9  9
 10 10 24 17 33 29 35 34 34 35 31 33 25 28 21 23 18 19 14 14 13 13 11 12
 10 11  9 10  9  9  9  9]"
2024-11-26 13:50:04.715552,"(55.71, 23.33)","(5600, 5600)","[17 11 19 20 16 18 16 15 20 19 22 22 21 22 17 19 16 17 16 16 14 15 13 13
 12 12 11 11 10 10 11 11 10 11 10 10 12 11 12 12 12 12 15 11 22 19 21 22
 18 20 14 16 11 11 12 12 12 12 11 11 10 10  9 10  9  9 10  9 11 11 10 11
  9  9  9  9 12 11 13 12 14 15 13 14 12 13 11 11 10 10 10 10 11 10 15 14
 10 14 20 16 29 25 31 30 29 30 26 28 21 24 18 19 12 16 12 12 11 11 10 10
  8  9  8  8  9  9  9  9]"
2024-11-26 13:50:20.096486,"(64.28, 23.33)","(5600, 5600)","[17 10 19 20 16 18 16 15 20 19 22 22 21 22 17 19 16 17 16 16 14 15 13 13
 12 12 11 11 10 10 11 11 10 11 10 10 12 11 12 12 12 12 11 11 16 14 15 16
 11 14 11 11 11 11 12 12 12 12 11 11 10 10  9 10  9  9 10  9 11 11 10 11
  9  9  9  9 12 11 13 12 14 15 13 14 12 13 11 11 10 10 10 10 14 10 15 15
 16 15 25 19 36 31 40 39 40 41 36 39 29 33 23 26 19 21 15 16 13 14 11 12
  9 10  9  9  9  9  9  9]"
2024-11-26 13:50:35.479672,"(72.85, 23.33)","(5600, 5600)","[17  8 19 20 16 18 16 15 20 19 22 22 21 22 17 19 16 17 16 16 14 15 13 13
 12 12 11 11 10 10 11 11 10 11 10 10 12 11 12 12 12 12 11 11 10 10 10 10
 11 10 11 11 11 11 12 12 12 12 11 11 10 10  9 10  9  9 10  9 11 11 10 11
  9  9  9  9 12 11 13 12 14 15 13 14 12 13 11 11 10 10 10 10 15 14 15 15
 14 15 20 15 31 25 35 34 34 35 30 33 25 27 22 23 18 20 14 14 12 13 11 12
 10 11  9  9  9  9  9  9]"
2024-11-26 13:50:50.860417,"(81.42, 23.33)","(5600, 5600)","[17  3 19 20 16 18 17 16 20 19 22 22 21 22 18 19 19 18 19 19 19 19 16 18
 12 14 11 11 10 10 11 11 10 11 10 10 12 11 12 12 12 12 11 11 10 10 10 10
 11 10 11 11 11 11 12 12 12 12 11 11 10 10  9 10  9  9 10  9 11 11 10 11
  9  9  9  9 12 11 13 12 14 15 13 14 12 13 11 11 10 10 16 14 18 17 17 17
 15 16 15 15 21 17 26 24 27 27 25 26 21 23 18 19 12 16 12 12 12 12 11 12
 11 11 10 10  9 10  9  9]"
2024-11-26 13:51:06.242067,"(90.0, 23.33)","(5600, 5600)","[17  8 19 20 16 18 16 15 20 19 22 22 21 22 17 19 16 17 16 16 14 15 13 13
 12 12 11 11 10 10 11 11 10 11 10 10 12 11 12 12 12 12 11 11 10 10 10 10
 11 10 11 11 11 11 12 12 12 12 11 11 10 10  9 10  9  9 10  9 11 11 10 11
  9  9  9  9 12 11 13 12 14 15 13 14 12 13 11 11 10 10 10 10 14 10 16 16
 16 16 19 17 31 25 36 34 36 37 33 35 27 30 21 24 15 18 14 14 12 13 11 12
  9 10  9  9  9  9  9  9]"
2024-11-26 13:52:07.073720,"(-81.42, -23.33)","(5600, 5600)","[17  7 19 20 16 18 16 15 20 19 22 22 21 22 17 19 16 17 16 16 14 15 13 13
 12 12 11 11 10 10 11 11 10 11 10 10 12 11 12 12 12 12 11 11 15 10 20 19
 21 21 19 20 11 17 12 12 12 12 11 11 10 10  9 10  9  9 10  9 11 11 10 11
  9  9  9  9 12 11 13 12 14 15 13 14 12 13 11 11 10 10 16 13 19 17 26 22
 31 30 32 32 31 32 27 30 22 25 17 19 13 14 12 13 11 12 10 11  9  9  8  9
  8  8  8  8  9  9  9  9]"
2024-11-26 13:52:22.455206,"(-72.85, -23.33)","(5600, 5600)","[17  3 19 20 16 18 16 15 20 19 22 22 21 22 17 19 16 17 16 16 14 15 13 13
 12 12 11 11 10 10 11 11 10 11 10 10 12 11 12 12 12 12 11 11 10 10 10 10
 11 10 11 11 11 11 12 12 12 12 11 11 10 10  9 10  9  9 10  9 11 11 10 11
  9  9  9  9 12 11 13 12 14 15 13 14 12 13 11 11 10 10 10 10 17 15 24 21
 27 27 29 28 30 30 28 29 24 26 19 22 13 17 12 13 11 12 10 11  8  9  7  8
  7  7  8  7  9  9  9  9]"
2024-11-26 13:52:37.836764,"(-64.28, -23.33)","(5600, 5600)","[17  5 19 20 16 18 16 15 20 19 22 22 21 22 17 19 16 17 16 16 14 15 13 13
 12 12 11 11 10 10 11 11 10 11 10 10 12 11 12 12 12 12 11 11 10 10 10 10
 11 10 11 11 11 11 12 12 12 12 11 11 10 10  9 10  9  9 10  9 11 11 10 11
  9  9  9  9 12 11 13 12 14 15 13 14 12 13 11 11 10 10 10 10 13 10 25 20
 29 29 29 29 30 30 28 29 24 26 20 22 18 19 13 17 13 13 12 12 11 11  9 10
  8  9  8  8  9  9  9  9]"
2024-11-26 13:52:53.219817,"(-55.71, -23.33)","(5600, 5600)","[17  5 19 20 16 18 16 15 20 19 22 22 21 22 17 19 16 17 16 16 14 15 13 13
 12 12 11 11 10 10 11 11 10 11 10 10 12 11 12 12 12 12 11 11 10 10 10 10
 11 10 11 11 11 11 12 12 12 12 11 11 10 10  9 10  9  9 10  9 11 11 10 11
  9  9  9  9 12 11 13 12 14 15 13 14 12 13 11 11 10 10 10 10 12 10 19 15
 27 22 34 32 34 35 30 33 25 28 20 22 13 18 12 13 11 12 10 11 10 10  9  9
  8  9  8  8  9  9  9  9]"
2024-11-26 13:53:08.602491,"(-47.14, -23.33)","(5600, 5600)","[17  8 19 20 16 18 16 15 20 19 22 22 21 22 17 19 16 17 16 16 14 15 13 13
 12 12 11 11 10 10 11 11 10 11 10 10 12 11 12 12 12 12 11 11 10 10 10 10
 11 10 11 11 11 11 12 12 12 12 11 11 10 10  9 10  9  9 10  9 11 11 10 11
 13  9 19 16 19 19 17 18 14 15 13 14 12 13 11 11 14 10 22 18 23 23 23 20
 32 28 34 34 33 34 30 32 26 28 21 23 16 16 15 15 13 14 11 12  9 10  8  9
  7  8  8  8  9  9  9  9]"
2024-11-26 13:53:23.983184,"(-38.57, -23.33)","(5600, 5600)","[17  8 19 20 16 18 16 15 20 19 22 22 21 22 17 19 16 17 16 16 14 15 13 13
 12 12 11 11 10 10 11 11 10 11 10 10 12 11 12 12 12 12 11 11 10 10 10 10
 11 10 11 11 11 11 12 12 12 12 11 11 10 10  9 10  9  9 10  9 11 11 10 11
 13  9 19 16 20 20 19 19 14 18 13 14 12 13 11 11 17 10 27 23 29 29 28 28
 31 27 35 34 35 35 33 35 29 32 23 26 17 21 16 17 14 14 12 13 11 12 10 10
  9  9  8  8  9  9  9  9]"
2024-11-26 13:53:39.368482,"(-30.0, -23.33)","(5600, 5600)","[17 10 19 20 16 18 16 15 20 19 22 22 21 22 17 19 16 17 16 16 14 15 13 13
 12 12 11 11 10 10 11 11 10 11 10 10 12 11 12 12 12 12 11 11 10 10 10 10
 11 10 11 11 11 11 12 12 12 12 11 11 10 10  9 10  9  9 10  9 11 11 10 11
  9  9  9  9 12 11 13 12 14 15 13 14 12 13 11 11 10 10 16 13 20 18 21 20
 23 23 23 23 25 24 24 25 21 23 17 19 12 12 12 12 11 12 11 11 10 11  9 10
  8  8  8  8  9  9  9  9]"
2024-11-26 13:53:54.751324,"(-21.42, -23.33)","(5600, 5600)","[17  6 19 20 16 18 16 15 20 19 22 22 21 22 17 19 16 17 16 16 14 15 13 13
 12 12 11 11 10 10 11 11 10 11 10 10 12 11 12 12 12 12 11 11 10 10 10 10
 11 10 11 11 11 11 12 12 12 12 11 11 10 10  9 10  9  9 10  9 11 11 10 11
  9  9  9  9 12 11 13 12 14 15 19 17 18 19 16 17 10 15 10 10 13 10 19 15
 29 26 30 31 28 29 26 27 23 25 20 22 14 18 12 13 11 12 10 11  9  9  8  8
  7  8  8  7  9  9  9  9]"
2024-11-26 13:54:10.133665,"(-12.85, -23.33)","(5600, 5600)","[17 12 19 20 16 18 16 15 20 19 22 22 21 22 17 19 16 17 16 16 14 15 13 13
 12 12 11 11 10 10 11 11 10 11 10 10 12 11 12 12 12 12 11 11 10 10 10 10
 11 10 11 11 11 11 12 12 12 12 11 11 10 10  9 10  9  9 10  9 25 20 30 28
 30 31 27 29 29 27 37 33 39 39 38 39 36 37 33 34 32 32 31 31 30 30 29 29
 27 29 25 26 21 21 20 20 19 19 17 18 15 16 14 14 19 14 19 20 14 18 13 13
 12 12 12 12 11 12 10 11]"
2024-11-26 13:54:25.513164,"(-4.28, -23.33)","(5600, 5600)","[17  9 19 20 16 18 16 15 20 19 22 22 21 22 17 19 16 17 16 16 14 15 13 13
 12 12 11 11 10 10 11 11 10 11 10 10 12 11 12 12 12 12 11 11 10 10 10 10
 18 10 22 21 20 21 12 17 12 12 11 11 10 10  9 10  9  9 10  9 20 17 24 23
 23 24 26 23 41 34 51 47 55 55 55 56 51 53 46 48 43 44 40 41 36 38 34 35
 31 33 33 31 35 34 34 35 31 33 27 27 24 26 22 23 19 20 17 18 15 16 13 14
 12 12 11 11 17 11 28 23]"
2024-11-26 13:54:40.892639,"(4.28, -23.33)","(5600, 5600)","[17 11 19 20 16 18 16 15 20 19 22 22 21 22 17 19 16 17 16 16 14 15 13 13
 12 12 11 11 10 10 11 11 10 11 10 10 12 11 12 12 12 12 11 11 10 10 10 10
 19 10 23 22 21 22 18 19 12 16 11 11 10 10  9 10  9  9 10  9 11 11 10 11
  9  9 22 16 35 29 45 40 50 49 50 50 46 48 40 42 36 38 34 35 31 33 28 30
 26 27 21 21 33 28 34 34 30 33 28 28 23 23 23 23 23 23 21 22 19 20 16 17
 14 15 13 14 15 13 26 21]"
2024-11-26 13:54:56.272416,"(12.85, -23.33)","(5600, 5600)","[19 20 19 20 16 18 16 15 20 19 22 22 21 22 17 19 16 17 16 16 14 15 13 13
 12 12 11 11 10 10 11 11 10 11 10 10 12 11 12 12 12 12 11 11 10 10 10 10
 15 10 20 19 19 20 17 18 12 15 11 11 10 10  9 10  9  9 10  9 11 11 10 11
  9  9 20 15 30 25 45 38 52 50 53 53 49 51 42 45 35 39 31 32 29 30 25 27
 21 23 26 23 31 28 29 31 22 27 21 21 19 20 18 19 17 18 16 17 15 15 15 15
 14 14 14 14 14 14 18 14]"
2024-11-26 13:55:11.652179,"(21.42, -23.33)","(5600, 5600)","[17  9 19 20 16 18 16 15 20 19 22 22 21 22 17 19 16 17 16 16 14 15 13 13
 12 12 11 11 10 10 11 11 10 11 10 10 12 11 12 12 12 12 11 11 10 10 10 10
 11 10 11 11 11 11 12 12 12 12 11 11 10 10  9 10  9  9 10  9 11 11 12 11
 22 15 33 28 37 35 38 36 43 41 45 45 44 44 41 42 35 38 32 32 36 34 35 35
 32 34 30 31 30 30 30 30 28 29 23 23 31 29 32 32 31 32 27 29 23 24 22 22
 21 21 21 21 20 21 19 20]"
2024-11-26 13:55:27.033575,"(30.0, -23.33)","(5600, 5600)","[17  7 19 20 16 18 16 15 20 19 22 22 21 22 17 19 16 17 16 16 14 15 13 13
 12 12 11 11 10 10 11 11 10 11 10 10 12 11 12 12 12 12 11 11 10 10 10 10
 11 10 11 11 11 11 12 12 12 12 11 11 10 10  9 10  9  9 10  9 14 11 21 17
 32 25 43 38 47 45 45 46 42 44 39 41 37 38 35 36 33 34 31 32 29 30 26 27
 21 24 31 26 34 33 33 34 32 33 30 31 30 30 30 30 29 30 28 29 24 24 22 24
 20 21 19 19 17 18 16 17]"
2024-11-26 13:55:42.413628,"(38.57, -23.33)","(5600, 5600)","[17  8 19 20 16 18 16 15 20 19 22 22 21 22 17 19 16 17 16 16 14 15 13 13
 12 12 11 11 10 10 11 11 10 11 10 10 12 11 12 12 12 12 11 11 10 10 10 10
 11 10 11 11 11 11 12 12 12 12 11 11 10 10  9 10  9  9 10  9 11 11 10 11
 15  9 21 17 22 22 20 21 14 19 13 14 16 13 24 20 28 28 29 28 33 31 32 32
 36 32 43 39 45 45 43 44 38 41 34 36 30 32 27 29 23 25 22 22 22 22 20 21
 18 19 15 16 13 14 11 12]"
2024-11-26 13:55:57.796327,"(47.14, -23.33)","(5600, 5600)","[17  8 19 20 16 18 16 15 20 19 22 22 21 22 17 19 16 17 16 16 14 15 13 13
 12 12 11 11 10 10 11 11 10 11 10 10 12 11 12 12 12 12 11 11 10 10 10 10
 11 10 11 11 11 11 12 12 12 12 11 11 10 10  9 10  9  9 10  9 11 11 12 11
 21 17 24 23 23 24 21 22 22 21 25 24 24 25 27 24 36 34 38 38 37 38 38 37
 43 38 48 46 48 48 45 47 39 43 32 36 24 29 22 23 21 21 21 21 21 21 20 20
 17 19 15 16 12 14 11 12]"
2024-11-26 13:56:13.178670,"(55.71, -23.33)","(5600, 5600)","[17  6 19 20 16 18 16 14 20 19 22 22 21 22 17 19 16 17 16 16 14 15 13 13
 12 12 11 11 10 10 11 11 10 11 10 10 12 11 12 12 12 12 11 11 10 10 10 10
 11 10 11 11 11 11 12 12 12 12 11 11 10 10  9 10  9  9 10  9 11 11 10 11
 18  9 23 22 25 24 30 28 31 31 34 32 38 36 38 38 37 38 37 37 36 36 37 35
 43 40 46 46 45 46 40 43 33 37 26 30 22 23 18 20 15 16 14 14 14 15 14 14
 12 13 11 11 10 10  9 10]"
2024-11-26 13:56:28.560780,"(64.28, -23.33)","(5600, 5600)","[17  5 19 20 16 18 16 14 20 19 22 22 21 22 17 19 16 17 16 16 14 15 13 13
 12 12 11 11 10 10 11 11 10 11 10 10 12 11 12 12 12 12 11 11 10 10 10 10
 11 10 11 11 11 11 12 12 12 12 11 11 10 10  9 10 16  9 21 19 22 22 20 21
 18 19 24 20 35 30 41 39 40 41 38 39 35 36 33 34 31 32 30 30 29 30 28 28
 28 28 28 28 27 27 21 26 20 21 17 18 14 15 12 13 11 12 10 11 10 10 10 10
 10 10  9 10  9  9  9  9]"
2024-11-26 13:56:43.939686,"(72.85, -23.33)","(5600, 5600)","[17 10 19 20 16 18 16 14 20 19 22 22 21 22 17 19 16 17 16 16 14 15 13 13
 12 12 11 11 10 10 11 11 10 11 10 10 12 11 12 12 12 12 11 11 10 10 10 10
 11 10 11 11 11 11 12 12 12 12 11 11 10 10 12 10 24 18 29 28 28 29 24 26
 21 23 20 20 30 25 35 34 35 36 33 34 30 31 27 29 28 26 31 29 30 31 27 28
 24 25 25 24 26 25 20 25 20 20 18 19 15 16 13 14 12 13 11 11  9 10  8  8
  7  8  8  7  9  9  9  9]"
2024-11-26 13:57:00.336994,"(81.42, -23.33)","(5600, 5600)","[18 16 19 20 16 18 16 14 20 19 22 22 21 22 17 19 16 17 16 16 14 15 13 13
 12 12 11 11 10 10 11 11 10 11 10 10 12 11 12 12 12 12 11 11 10 10 10 10
 11 10 11 11 11 11 12 12 12 12 11 11 10 10 17 10 31 26 38 36 37 38 34 36
 29 32 32 28 42 37 44 44 41 43 33 37 26 29 27 25 33 31 33 34 32 32 30 31
 29 30 28 28 23 27 22 23 20 21 18 19 16 17 13 15 11 12 10 11  8  9  7  8
  7  7  8  7  9  9  9  9]"
2024-11-26 13:58:01.178816,"(-90.0, 26.66)","(5600, 5600)","[17  9 19 20 16 18 16 14 20 19 22 22 21 22 17 19 16 17 16 16 14 15 13 13
 12 12 11 11 10 10 11 11 10 11 10 10 12 11 12 12 12 12 11 11 10 10 16 10
 30 25 37 35 38 38 37 38 33 36 26 30 21 23 15 19 14 14 13 13 12 12 11 11
 10 10 10 10 12 11 13 12 14 15 13 14 12 13 11 11 10 10 14 13 16 15 17 17
 15 16 15 15 14 14 16 14 19 19 19 19 18 18 19 17 24 22 25 25 22 24 18 20
 13 17 11 12 11 11 11 11]"
2024-11-26 13:58:16.161866,"(-82.5, 26.66)","(5600, 5600)","[17 14 19 20 16 18 19 18 20 19 22 22 21 22 17 19 16 17 16 16 14 15 13 13
 12 12 11 11 10 10 11 11 10 11 10 10 12 11 12 12 12 12 11 11 10 10 15 10
 19 18 23 21 28 26 29 28 29 29 25 28 21 23 19 20 19 19 18 18 19 18 27 24
 29 29 26 28 23 25 16 21 15 16 13 14 12 13 11 11 10 10 17 14 18 18 19 19
 20 20 19 20 17 19 12 17 12 12 12 12 15 12 22 19 24 24 22 24 13 20 13 14
 13 13 12 12 11 11 11 11]"
2024-11-26 13:58:31.139100,"(-75.0, 26.66)","(5600, 5600)","[17  7 19 20 21 20 22 23 21 21 22 22 21 22 18 20 16 17 16 16 16 16 20 18
 20 20 18 19 15 16 12 13 10 11 10 10 12 11 12 12 12 12 11 11 10 10 14 10
 19 17 24 22 33 28 41 38 41 42 38 40 33 36 29 31 25 26 27 25 35 31 38 37
 37 38 34 36 30 32 26 28 21 24 19 20 16 17 15 15 15 15 15 15 15 15 15 15
 15 15 15 15 15 15 18 15 22 21 22 22 16 21 16 16 16 16 16 16 16 16 16 16
 15 15 13 14 12 12 12 12]"
2024-11-26 13:58:47.131181,"(-67.5, 26.66)","(5600, 5600)","[17 12 19 20 18 19 20 20 21 19 22 22 21 22 17 19 16 17 16 16 14 15 13 14
 12 12 11 11 10 10 11 11 10 11 10 10 12 11 12 12 12 12 11 11 10 10 10 10
 11 10 17 13 31 24 38 35 39 40 36 38 33 35 29 31 25 26 24 24 24 24 27 25
 30 30 28 29 25 27 18 23 18 18 16 17 14 15 13 14 17 12 21 20 21 22 21 21
 20 20 20 20 14 19 14 14 14 14 20 17 20 20 15 20 14 15 14 14 12 13 11 12
 11 11 10 10  9 10  9  9]"
2024-11-26 13:59:02.106743,"(-60.0, 26.66)","(5600, 5600)","[17 10 19 20 16 18 16 15 20 19 22 22 21 22 17 19 16 17 16 16 14 15 13 13
 12 12 11 11 10 10 11 11 10 11 10 10 12 11 12 12 12 12 11 11 10 10 10 10
 11 10 11 11 25 17 35 31 38 38 38 38 35 36 30 33 27 27 26 26 25 25 27 26
 26 27 23 25 17 21 16 16 14 15 13 14 12 13 11 11 10 10 10 10 14 10 15 15
 15 15 14 15 16 15 16 16 18 16 20 19 19 20 16 18 11 15 10 11  8  9  7  8
  7  7  8  7  9  9  9  9]"
2024-11-26 13:59:17.083396,"(-52.5, 26.66)","(5600, 5600)","[17  3 19 20 16 18 16 15 20 19 22 22 21 22 17 19 16 17 16 16 14 15 13 13
 12 12 11 11 10 10 11 11 10 11 10 10 12 11 12 12 12 12 11 11 10 10 10 10
 11 10 11 11 11 11 12 12 22 17 27 25 30 28 33 32 34 34 32 33 32 32 30 31
 27 28 24 26 21 23 15 19 14 15 13 14 13 13 17 13 22 19 23 23 22 22 20 21
 14 18 14 14 13 14 12 12 10 11 17 12 22 20 22 22 19 21 15 17 11 11 10 11
  9 10  9  9  9  9  9  9]"
2024-11-26 13:59:32.064550,"(-45.0, 26.66)","(5600, 5600)","[17  8 19 20 16 18 16 15 20 19 22 22 21 22 17 19 16 17 16 16 14 15 13 13
 12 12 11 11 10 10 11 11 10 11 10 10 12 11 12 12 12 12 11 11 10 10 10 10
 11 10 11 11 11 11 12 12 12 12 11 11 10 10 14 10 25 19 35 31 40 38 39 39
 37 38 33 35 27 30 21 24 15 19 14 15 17 14 29 24 35 34 35 35 31 33 25 27
 18 22 17 18 15 16 14 14 13 13 12 13 11 12 11 11 11 12 10 11  8  9  7  8
  7  7  8  7  9  9  9  9]"
2024-11-26 13:59:47.041730,"(-37.5, 26.66)","(5600, 5600)","[17 13 19 20 16 18 16 15 20 19 22 22 21 22 17 19 16 17 16 16 14 15 13 13
 12 12 11 11 10 10 11 11 10 11 10 10 12 11 12 12 12 12 11 11 10 10 10 10
 11 10 11 11 11 11 12 12 12 12 11 11 10 10 14 10 17 17 16 16 24 19 33 30
 35 35 33 34 27 30 24 25 25 24 28 27 30 29 36 32 42 41 42 43 38 41 30 34
 25 26 21 21 21 21 21 21 20 20 18 19 16 17 14 15 12 13 10 11  9 10  8  9
  8  8  8  8  9  9  9  9]"
2024-11-26 14:00:02.020461,"(-30.0, 26.66)","(5600, 5600)","[17  6 19 20 16 18 16 15 20 19 22 22 21 22 17 19 16 17 16 16 14 15 13 13
 12 12 11 11 10 10 11 11 10 11 10 10 12 11 12 12 12 12 11 11 10 10 10 10
 11 10 11 11 11 11 12 12 12 12 11 11 10 10  9 10  9  9 10  9 28 19 36 33
 37 38 35 36 29 32 25 27 23 24 21 22 25 23 26 26 26 26 25 26 26 26 25 25
 23 24 23 23 18 23 18 18 18 18 18 18 18 18 17 18 14 16 12 13 10 11 10 10
 10 10 10 10 10 10  9 10]"
2024-11-26 14:00:16.997969,"(-22.5, 26.66)","(5600, 5600)","[17 13 19 20 16 18 16 15 20 19 22 22 21 22 17 19 16 17 16 16 14 15 13 13
 12 12 11 11 10 10 11 11 10 11 10 10 12 11 12 12 12 12 11 11 10 10 10 10
 11 10 11 11 11 11 12 12 12 12 11 11 10 10  9 10  9  9 10  9 29 22 35 33
 35 36 33 35 27 30 22 25 19 20 13 14 12 13 15 12 19 19 18 19 13 18 13 13
 13 13 19 17 21 20 25 23 31 28 35 33 34 34 31 33 27 29 21 24 17 18 15 16
 13 14 12 12 10 11 10 10]"
2024-11-26 14:00:31.974248,"(-15.0, 26.66)","(5600, 5600)","[17 12 19 20 16 18 16 15 20 19 22 22 21 22 17 19 16 17 16 16 14 15 13 13
 12 12 11 11 10 10 11 11 10 11 10 10 12 11 12 12 12 12 11 11 10 10 10 10
 11 10 11 11 11 11 12 12 12 12 11 11 10 10  9 10  9  9 10  9 11 11 15 11
 15 14 15 16 12 14 13 12 14 15 13 14 12 13 11 11 10 10 14 14  9 14  9  9
 10 10  9  9 13  9 15 14 21 15 29 26 28 29 24 26 20 22 16 18 12 12 11 12
 10 10  9  9  9  9  9  9]"
2024-11-26 14:00:46.949098,"(-7.5, 26.66)","(5600, 5600)","[17  8 19 20 16 18 16 15 20 19 22 22 21 22 17 19 16 17 16 16 14 15 13 13
 12 12 11 11 10 10 11 11 10 11 10 10 12 11 12 12 12 12 11 11 10 10 10 10
 11 10 11 11 11 11 12 12 12 12 11 11 10 10  9 10  9  9 10  9 11 11 10 11
  9  9  9  9 12 11 13 12 14 15 13 14 12 13 11 11 10 10 10 10  9 10  9  9
 10 10  9  9 16 14 21 19 23 22 26 24 28 27 25 27 21 23 18 19 13 13 12 13
 11 11  9 10  9  9  9  9]"
2024-11-26 14:01:01.926041,"(0.0, 26.66)","(5600, 5600)","[17  4 19 20 22 20 24 23 22 23 22 22 21 22 19 20 17 18 16 16 14 15 13 13
 12 12 11 11 10 10 11 11 10 11 10 10 12 11 12 12 12 12 11 11 10 10 10 10
 11 10 11 11 11 11 12 12 12 12 11 11 10 10  9 10  9  9 10  9 11 11 10 11
 16  9 16 16 12 15 13 12 14 15 13 14 12 13 11 11 10 10 15 13 21 18 20 21
 20 20 19 19 18 18 20 16 32 26 39 37 39 40 36 38 30 33 26 28 18 23 17 18
 16 17 15 16 14 15 13 13]"
2024-11-26 14:01:16.901558,"(7.5, 26.66)","(5600, 5600)","[17  5 19 20 23 21 25 25 24 25 23 23 22 22 21 21 19 20 16 18 14 15 13 13
 12 12 11 11 10 10 11 11 10 11 10 10 12 11 12 12 12 12 11 11 10 10 10 10
 11 10 11 11 11 11 12 12 12 12 11 11 10 10  9 10  9  9 10  9 11 11 10 11
  9  9  9  9 12 11 13 12 14 15 13 14 12 13 11 11 10 10 18 15 18 18 16 17
 16 16 18 17 25 21 35 30 40 38 43 41 43 43 40 42 34 38 28 31 25 26 19 23
 18 19 17 18 15 16 13 14]"
2024-11-26 14:01:32.896995,"(15.0, 26.66)","(5600, 5600)","[17 12 19 20 16 18 16 15 20 19 22 22 21 22 17 19 16 17 16 16 14 15 13 13
 12 12 11 11 10 10 11 11 10 11 10 10 12 11 12 12 12 12 11 11 10 10 10 10
 11 10 11 11 11 11 12 12 12 12 11 11 10 10  9 10  9  9 10  9 11 11 10 11
  9  9  9  9 12 11 13 12 14 15 13 14 12 13 11 11 10 10 16 13 15 16 15 15
 15 15 14 14 13  8 23 18 31 28 33 32 32 32 28 30 23 25 19 21 14 14 12 13
 10 11  9  9  9  9  9  9]"
2024-11-26 14:01:47.872460,"(22.5, 26.66)","(5600, 5600)","[17  4 19 20 16 18 16 15 20 19 22 22 21 22 17 19 16 17 16 16 14 15 13 13
 12 12 11 11 10 10 11 11 10 11 10 10 12 11 12 12 12 12 11 11 10 10 10 10
 11 10 11 11 11 11 12 12 12 12 11 11 10 10  9 10  9  9 10  9 11 11 10 11
  9  9  9  9 12 11 13 12 14 15 13 14 12 13 11 11 10 10 16 13 18 17 16 17
 15 16 14 14 17 15 23 19 34 30 38 37 37 38 32 35 25 28 20 22 15 15 13 14
 11 12  9 10  9  9  9  9]"
2024-11-26 14:02:02.849499,"(30.0, 26.66)","(5600, 5600)","[17  7 19 20 16 18 16 15 20 19 22 22 21 22 17 19 16 17 16 16 14 15 13 13
 12 12 11 11 10 10 11 11 10 11 10 10 12 11 12 12 12 12 11 11 10 10 10 10
 11 10 11 11 11 11 12 12 12 12 11 11 10 10  9 10  9  9 10  9 11 11 10 11
  9  9  9  9 12 11 13 12 14 15 13 14 12 13 11 11 10 10 15 12 16 16 15 15
 10 14  9  9 14  9 19 16 27 23 30 29 29 30 25 27 20 23 16 18 12 13 10 11
  9  9  8  8  9  9  9  9]"
2024-11-26 14:02:17.825175,"(37.5, 26.66)","(5600, 5600)","[17 12 19 20 16 18 16 15 20 19 22 22 21 22 17 19 16 17 16 16 14 15 13 13
 12 12 11 11 10 10 11 11 10 11 10 10 12 11 12 12 12 12 11 11 10 10 10 10
 11 10 11 11 11 11 12 12 12 12 11 11 10 10  9 10  9  9 10  9 11 11 10 11
  9  9  9  9 12 11 13 12 14 15 13 14 12 13 11 11 10 10 10 10  9 10  9  9
 10 10  9  9 13  8 25 19 32 30 35 34 34 35 31 33 24 28 18 21 13 13 11 12
  9 10  9  9  9  9  9  9]"
2024-11-26 14:02:32.801745,"(45.0, 26.66)","(5600, 5600)","[17  7 19 20 16 18 16 15 20 19 22 22 21 22 17 19 16 17 16 16 14 15 13 13
 12 12 11 11 10 10 11 11 10 11 10 10 12 11 12 12 12 12 11 11 10 10 10 10
 11 10 11 11 11 11 12 12 12 12 11 11 10 10  9 10  9  9 10  9 11 11 10 11
  9  9  9  9 12 11 13 12 14 15 13 14 12 13 11 11 10 10 16 14 16 16 14 15
 10 14  9  9 14 13 24 20 24 26 24 23 25 25 22 24 18 20 16 17 12 12 11 12
  9 10  9  9  9  9  9  9]"
2024-11-26 14:02:47.777580,"(52.5, 26.66)","(5600, 5600)","[17  9 19 20 16 18 16 15 20 19 22 22 21 22 17 19 16 17 16 16 14 15 13 13
 12 12 11 11 10 10 11 11 10 11 10 10 12 11 12 12 12 12 11 11 17 15 18 18
 15 17 11 11 11 11 12 12 12 12 11 11 10 10  9 10  9  9 10  9 11 11 10 11
  9  9  9  9 12 11 13 12 14 15 13 14 12 13 11 11 10 10 15 14 15 16  9 14
 10 10  9  9 16 13 26 22 28 28 28 28 27 28 24 26 19 21 13 13 12 13 11 12
 10 10  9  9  9  9  9  9]"
2024-11-26 14:03:02.752839,"(60.0, 26.66)","(5600, 5600)","[17  9 19 20 16 18 16 15 20 19 22 22 21 22 17 19 16 17 16 16 14 15 13 13
 12 12 11 11 10 10 11 11 10 11 10 10 12 11 12 12 12 12 11 11 10 10 10 10
 11 10 11 11 11 11 12 12 12 12 11 11 10 10  9 10  9  9 10  9 11 11 10 11
  9  9  9  9 12 11 13 12 14 15 13 14 12 13 11 11 10 10 10 10 15 14 15 15
 14 15  9  9 16 14 29 24 31 32 29 30 28 28 26 27 22 24 18 20 14 14 13 13
 11 12 10 11  9 10  9  9]"
2024-11-26 14:03:18.226701,"(67.5, 26.66)","(5600, 5600)","[17  8 19 20 17 18 19 19 20 19 22 22 21 22 17 19 16 17 16 16 14 15 13 13
 12 12 11 11 10 10 11 11 10 11 10 10 12 11 12 12 12 12 11 11 10 10 10 10
 11 10 11 11 11 11 12 12 12 12 11 11 10 10  9 10  9  9 10  9 11 11 10 11
  9  9  9  9 12 11 13 12 14 15 13 14 12 13 11 11 10 10 15 13 17 16 16 16
 15 15 16 15 26 21 33 30 34 34 32 33 30 31 26 28 21 24 15 16 14 15 12 13
 11 12  9 10  9  9  9  9]"
2024-11-26 14:03:33.202081,"(75.0, 26.66)","(5600, 5600)","[17  6 19 20 20 19 21 21 21 21 22 22 21 22 18 20 17 17 16 16 14 15 13 13
 12 12 11 11 10 10 11 11 10 11 10 10 12 11 12 12 12 12 11 11 10 10 10 10
 11 10 11 11 11 11 12 12 12 12 11 11 10 10  9 10  9  9 10  9 11 11 10 11
  9  9  9  9 12 11 13 12 14 15 13 14 12 13 11 11 10 10 10 10  9 10  9  9
 15 10 14 15 17 15 25 23 25 25 30 27 30 30 26 28 20 23 14 14 14 14 14 14
 13 14 13 13 12 12 11 11]"
2024-11-26 14:03:48.175662,"(82.5, 26.66)","(5600, 5600)","[17  8 19 20 23 21 24 24 22 23 22 22 22 22 21 22 18 20 17 17 16 16 14 15
 12 12 11 11 10 10 11 11 10 11 10 10 12 11 12 12 12 12 11 11 10 10 10 10
 11 10 11 11 11 11 12 12 12 12 11 11 16 14 15 16 14 14 10  9 11 11 10 11
  9  9  9  9 12 11 13 12 14 15 13 14 12 13 11 11 10 10 10 10 17 15 17 18
 16 17 15 15 15 15 26 21 31 30 32 32 29 31 25 27 22 24 19 21 14 15 13 14
 12 13 12 12 11 12 11 11]"
2024-11-26 14:04:03.153656,"(90.0, 26.66)","(5600, 5600)","[17  4 19 20 16 18 16 15 20 19 22 22 21 22 17 19 16 17 16 16 14 15 13 13
 12 12 11 11 10 10 11 11 10 11 10 10 12 11 12 12 12 12 11 11 10 10 10 10
 11 10 11 11 11 11 12 12 12 12 11 11 10 10  9 10  9  9 10  9 11 11 10 11
  9  9  9  9 12 11 13 12 14 15 13 14 12 13 11 11 10 10 15 14 16 15 16 16
 15 15 15 14 24 19 32 29 36 35 36 36 34 35 30 32 25 27 21 22 16 16 14 15
 13 14 11 12  9 10  9  9]"
2024-11-26 14:05:04.191368,"(-82.5, -26.66)","(5600, 5600)","[17 11 19 20 16 18 16 15 20 19 22 22 21 22 17 19 16 17 16 16 14 15 13 13
 12 12 11 11 10 10 11 11 10 11 10 10 12 11 12 12 12 12 11 11 10 10 10 10
 11 10 11 11 11 11 12 12 12 12 11 11 10 10  9 10  9  9 10  9 11 11 10 11
  9  9  9  9 12 11 13 12 14 15 13 14 12 13 11 11 13 10 22 18 22 22 21 20
 30 24 39 36 40 40 38 40 33 36 26 29 16 23 15 16 13 14 12 12 11 11 10 10
  9  9  9  9  9  9  9  9]"
2024-11-26 14:05:19.168441,"(-75.0, -26.66)","(5600, 5600)","[17 12 19 20 16 18 16 15 20 19 22 22 21 22 17 19 16 17 16 16 14 15 13 13
 12 12 11 11 10 10 11 11 10 11 10 10 12 11 12 12 12 12 11 11 10 10 10 10
 11 10 11 11 11 11 12 12 12 12 11 11 10 10  9 10  9  9 10  9 11 11 10 11
  9  9  9  9 12 11 13 12 14 15 13 14 12 13 11 11 15 10 22 18 22 23 19 21
 20 18 23 21 26 25 26 27 23 25 20 22 13 18 13 13 11 12 10 11  9  9  8  8
  8  8  8  8  9  9  9  9]"
2024-11-26 14:05:34.147508,"(-67.5, -26.66)","(5600, 5600)","[17 11 19 20 16 18 16 15 20 19 22 22 21 22 17 19 16 17 16 16 14 15 13 13
 12 12 11 11 10 10 11 11 10 11 10 10 12 11 12 12 12 12 11 11 10 10 10 10
 11 10 11 11 11 11 12 12 12 12 11 11 10 10  9 10  9  9 10  9 11 11 10 11
  9  9  9  9 12 11 13 12 14 15 13 14 12 13 11 11 10 10 18 15 19 19 18 19
 22 18 30 26 34 32 32 33 28 31 22 25 14 19 13 13 11 12 10 11  8  9  8  8
  8  8  8  8  9  9  9  9]"
2024-11-26 14:05:49.129191,"(-60.0, -26.66)","(5600, 5600)","[17  8 19 20 16 18 16 15 20 19 22 22 21 22 17 19 16 17 16 16 14 15 13 13
 12 12 11 11 10 10 11 11 10 11 10 10 12 11 12 12 12 12 11 11 10 10 10 10
 11 10 11 11 11 11 12 12 12 12 11 11 10 10  9 10  9  9 10  9 11 11 10 11
  9  9  9  9 12 11 13 12 14 15 13 14 12 13 11 11 10 10 15 13 17 17 19 17
 27 21 36 32 38 38 36 38 31 34 26 29 21 24 16 20 15 16 14 15 13 13 11 12
  9 10  9  9  9  9  9  9]"
2024-11-26 14:06:04.108627,"(-52.5, -26.66)","(5600, 5600)","[17 11 19 20 16 18 16 15 20 19 22 22 21 22 17 19 16 17 16 16 14 15 13 13
 12 12 11 11 10 10 11 11 10 11 10 10 12 11 12 12 12 12 11 11 10 10 10 10
 11 10 11 11 11 11 12 12 12 12 11 11 10 10  9 10  9  9 10  9 11 11 10 11
  9  9  9  9 12 11 13 12 14 15 13 14 12 13 11 11 10 10 16 11 20 18 19 19
 26 18 36 32 37 37 35 36 31 32 27 29 21 24 15 19 14 15 12 13 11 12 10 10
  8  9  8  8  9  9  9  9]"
2024-11-26 14:06:19.087319,"(-45.0, -26.66)","(5600, 5600)","[17 11 19 20 16 18 16 15 20 19 22 22 21 22 17 19 16 17 16 16 14 15 13 13
 12 12 11 11 10 10 11 11 10 11 10 10 12 11 12 12 12 12 11 11 10 10 10 10
 11 10 11 11 11 11 12 12 12 12 11 11 10 10  9 10  9  9 10  9 11 11 10 11
  9  9  9  9 12 11 13 12 14 15 13 14 12 13 11 11 14 10 24 19 27 26 25 26
 23 23 27 24 33 30 35 35 35 35 31 33 28 29 25 26 21 23 17 17 17 17 15 16
 14 15 12 13 11 12 10 11]"
2024-11-26 14:06:34.067238,"(-37.5, -26.66)","(5600, 5600)","[17 11 19 20 16 18 16 15 20 19 22 22 21 22 17 19 16 17 16 16 14 15 13 13
 12 12 11 11 10 10 11 11 10 11 10 10 12 11 12 12 12 12 11 11 10 10 10 10
 11 10 11 11 11 11 12 12 12 12 11 11 10 10  9 10  9  9 10  9 11 11 10 11
  9  9  9  9 12 11 13 12 14 15 13 14 12 13 11 11 18 10 27 23 29 29 29 29
 30 30 35 31 43 39 43 43 40 42 35 38 32 34 30 31 27 29 24 26 19 20 17 18
 14 15 13 14 12 12 11 11]"
2024-11-26 14:06:49.048761,"(-30.0, -26.66)","(5600, 5600)","[17  8 19 20 16 18 16 15 20 19 22 22 21 22 17 19 16 17 16 16 14 15 13 13
 12 12 11 11 10 10 11 11 10 11 10 10 12 11 12 12 12 12 11 11 10 10 10 10
 11 10 11 11 11 11 12 12 12 12 11 11 10 10  9 10  9  9 10  9 11 11 10 11
  9  9  9  9 12 11 13 12 14 15 13 14 12 13 11 11 10 10 19 14 22 21 24 22
 29 27 31 30 40 35 42 41 40 41 36 38 32 34 30 31 28 29 24 26 19 19 17 18
 14 15 12 13 10 11  9  9]"
2024-11-26 14:07:04.025972,"(-22.5, -26.66)","(5600, 5600)","[17 11 19 20 16 18 16 15 20 19 22 22 21 22 17 19 16 17 16 16 14 15 13 13
 12 12 11 11 10 10 11 11 10 11 10 10 12 11 12 12 12 12 11 11 10 10 10 10
 11 10 11 11 11 11 12 12 12 12 11 11 10 10  9 10  9  9 16 14 17 17 15 17
  9 14  9  9 12 11 13 12 14 15 13 14 12 13 11 11 10 10 10 10 15 14 15 15
 18 17 19 18 36 27 42 40 42 42 38 40 31 35 29 30 28 28 25 27 18 23 17 18
 15 16 13 14 11 12 10 10]"
2024-11-26 14:07:19.003176,"(-15.0, -26.66)","(5600, 5600)","[17 10 19 20 16 18 16 15 20 19 22 22 21 22 17 19 16 17 16 16 14 15 13 13
 12 12 11 11 10 10 11 11 10 11 10 10 12 11 12 12 12 12 11 11 10 10 10 10
 11 10 11 11 11 11 12 12 12 12 11 11 10 10  9 10  9  9 19 14 22 21 20 21
 18 19 16 17 16 16 22 19 28 25 32 30 32 32 30 32 27 29 22 24 16 21 16 16
 16 16 27 21 35 32 37 36 36 36 33 35 28 31 21 26 20 20 18 19 17 18 14 15
 13 13 11 12 10 11  9 10]"
2024-11-26 14:07:33.976137,"(-7.5, -26.66)","(5600, 5600)","[17 11 19 20 16 18 16 15 20 19 22 22 21 22 17 19 16 17 16 16 14 15 13 13
 12 12 11 11 10 10 11 11 10 11 10 10 12 11 12 12 12 12 11 11 10 10 10 10
 19 10 23 22 21 22 18 19 12 16 11 11 10 10 11 10 23 15 33 29 34 34 32 33
 31 32 28 30 36 31 46 41 52 51 53 53 51 52 46 49 41 43 37 39 34 35 34 34
 33 34 27 27 27 27 27 27 26 27 25 26 22 24 20 21 19 20 18 19 16 17 14 15
 13 13 11 12 11 11 10 10]"
2024-11-26 14:07:48.949981,"(0.0, -26.66)","(5600, 5600)","[21 24 19 20 16 18 16 15 20 19 22 22 21 22 17 19 16 17 16 16 14 15 13 13
 12 12 11 11 10 10 11 11 10 11 10 10 12 11 12 12 12 12 11 11 10 10 15 10
 30 25 34 33 33 34 28 31 23 25 19 21 16 18 11 15 16 11 19 18 17 18 17 17
 20 18 31 24 42 37 51 47 58 56 59 59 56 58 49 53 41 43 37 39 33 35 27 32
 26 27 32 28 39 36 38 39 36 37 33 35 28 28 27 27 25 26 23 24 20 21 18 19
 18 18 19 18 19 19 19 19]"
2024-11-26 14:08:04.942859,"(7.5, -26.66)","(5600, 5600)","[18 15 19 20 16 18 16 15 20 19 22 22 21 22 17 19 16 17 16 16 14 15 13 13
 12 12 11 11 10 10 11 11 10 11 10 10 12 11 12 12 12 12 11 11 10 10 16 10
 28 24 32 31 31 32 26 29 22 24 18 20 11 17 11 11 18 11 24 22 24 25 22 24
 19 21 24 20 39 31 49 45 52 52 51 52 47 49 42 45 35 38 30 32 25 25 25 25
 24 24 32 27 36 35 35 36 33 34 30 31 26 26 24 25 23 24 21 22 19 20 16 17
 19 15 23 21 24 24 22 23]"
2024-11-26 14:08:19.917667,"(15.0, -26.66)","(5600, 5600)","[18 17 19 20 16 18 16 15 20 19 22 22 21 22 17 19 16 17 16 16 14 15 13 13
 12 12 11 11 10 10 11 11 10 11 10 10 12 11 12 12 12 12 11 11 10 10 10 10
 17 10 21 20 20 21 12 18 12 12 11 11 10 10  9 10  9  9 17 13 21 20 20 21
 19 20 21 19 37 28 48 44 53 52 52 53 48 50 44 46 41 42 38 39 35 36 32 33
 31 31 30 30 30 30 30 30 31 31 31 31 25 29 23 24 21 22 19 20 19 19 19 19
 19 19 19 19 18 18 17 17]"
2024-11-26 14:08:34.890947,"(22.5, -26.66)","(5600, 5600)","[17  4 19 20 16 18 16 15 20 19 22 22 21 22 17 19 16 17 16 16 14 15 13 13
 12 12 11 11 10 10 11 11 10 11 10 10 12 11 12 12 12 12 11 11 10 10 10 10
 11 10 11 11 11 11 12 12 12 12 11 11 10 10  9 10  9  9 16 14 11 16 17 11
 18 19 16 17 28 21 43 37 48 47 48 49 42 45 39 41 38 38 40 38 40 41 37 39
 34 34 32 33 30 31 29 30 24 29 24 24 24 24 22 23 19 20 17 18 17 17 17 17
 17 17 16 17 14 15 13 13]"
2024-11-26 14:08:49.866742,"(30.0, -26.66)","(5600, 5600)","[17  9 19 20 16 18 16 15 20 19 22 22 21 22 17 19 16 17 16 16 14 15 13 13
 12 12 11 11 10 10 11 11 10 11 10 10 12 11 12 12 12 12 11 11 10 10 10 10
 11 10 11 11 11 11 12 12 12 12 11 11 10 10  9 10  9  9 10  9 11 11 17 11
 20 21 28 22 32 30 30 31 28 28 32 29 33 33 31 33 28 28 34 29 37 36 36 37
 33 34 31 32 35 33 39 38 39 39 37 38 33 35 24 29 23 24 22 23 21 22 20 21
 18 18 17 17 15 16 13 14]"
2024-11-26 14:09:04.840887,"(37.5, -26.66)","(5600, 5600)","[17 12 19 20 16 18 16 15 20 19 22 22 21 22 17 19 16 17 16 16 14 15 13 13
 12 12 11 11 10 10 11 11 10 11 10 10 12 11 12 12 12 12 11 11 10 10 10 10
 11 10 11 11 11 11 12 12 12 12 11 11 10 10  9 10  9  9 10  9 11 11 10 11
  9  9 16 13 12 16 13 12 14 15 13 14 23 17 34 29 37 36 36 37 34 35 31 33
 32 29 40 35 43 42 41 42 38 39 36 37 33 35 29 31 27 28 22 22 21 22 18 20
 15 16 14 14 14 14 14 14]"
2024-11-26 14:09:19.819801,"(45.0, -26.66)","(5600, 5600)","[17 14 19 20 16 18 16 15 20 19 22 22 21 22 17 19 16 17 16 16 14 15 13 13
 12 12 11 11 10 10 11 11 10 11 10 10 12 11 12 12 12 12 11 11 10 10 10 10
 11 10 11 11 11 11 12 12 12 12 11 11 10 10  9 10  9  9 10  9 12 11 22 16
 33 29 36 35 34 35 31 33 26 28 22 23 19 20 20 18 27 25 29 29 29 29 30 29
 35 31 40 38 40 40 38 39 34 36 29 31 22 28 22 22 20 21 19 20 18 18 16 17
 15 15 14 14 13 14 12 12]"
2024-11-26 14:09:34.796947,"(52.5, -26.66)","(5600, 5600)","[17 11 19 20 16 18 16 15 20 19 22 22 21 22 17 19 16 17 16 16 14 15 13 13
 12 12 11 11 10 10 11 11 10 11 10 10 12 11 12 12 12 12 11 11 10 10 10 10
 11 10 11 11 11 11 12 12 12 12 11 11 10 10  9 10  9  9 10  9 18 14 32 25
 43 39 45 45 41 43 38 40 36 37 36 35 38 37 38 38 37 37 37 37 36 37 34 35
 33 33 33 33 32 32 29 31 24 28 22 23 21 21 19 20 18 18 26 24 27 27 25 26
 24 25 20 20 18 19 16 17]"
2024-11-26 14:09:49.773645,"(60.0, -26.66)","(5600, 5600)","[17  7 19 20 16 18 16 15 20 19 22 22 21 22 17 19 16 17 16 16 14 15 13 13
 12 12 11 11 10 10 11 11 10 11 10 10 12 11 12 12 12 12 11 11 10 10 10 10
 11 10 11 11 11 11 12 12 12 12 11 11 10 10  9 10 12  9 24 17 30 27 30 31
 31 30 37 33 39 39 42 41 42 43 42 42 41 41 39 40 37 38 35 36 33 34 30 31
 28 29 28 28 23 28 23 23 22 23 19 21 17 18 15 16 14 14 13 13 13 13 12 13
 11 12 10 10  9  9  9  9]"
2024-11-26 14:10:04.751516,"(67.5, -26.66)","(5600, 5600)","[17  3 19 20 16 18 16 15 20 19 22 22 21 22 17 19 16 17 16 16 14 15 13 13
 12 12 11 11 10 10 11 11 10 11 10 10 12 11 12 12 12 12 11 11 10 10 10 10
 11 10 11 11 11 11 12 12 12 12 11 11 10 10  9 10 22  9 38 32 42 40 41 42
 36 39 31 33 29 30 35 31 38 38 36 37 32 34 33 30 42 38 45 44 43 44 38 41
 32 35 27 30 23 24 21 22 20 20 19 19 18 18 16 17 14 15 13 13 11 12 10 11
  9 10  9  9  9  9  9  9]"
2024-11-26 14:10:20.743006,"(75.0, -26.66)","(5600, 5600)","[17  8 19 20 16 18 16 15 20 19 22 22 21 22 17 19 16 17 16 16 14 15 13 13
 12 12 11 11 10 10 11 11 10 11 10 10 12 11 12 12 12 12 11 11 10 10 10 10
 11 10 11 11 11 11 12 12 12 12 11 11 17 13 22 19 36 27 48 43 49 49 47 48
 40 44 33 36 31 32 34 32 35 35 33 34 29 31 28 26 37 33 40 39 38 39 32 35
 24 29 23 24 22 22 21 21 21 21 21 21 21 21 21 21 19 20 16 18 14 15 12 13
 11 12  9 10  9  9  9  9]"
2024-11-26 14:10:35.717565,"(82.5, -26.66)","(5600, 5600)","[17  7 19 20 16 18 16 15 20 19 22 22 21 22 17 19 16 17 16 16 14 15 13 13
 12 12 11 11 10 10 11 11 10 11 10 10 12 11 12 12 12 12 11 11 10 10 10 10
 11 10 11 11 11 11 12 12 12 12 11 11 13 10 25 18 40 33 49 46 50 50 47 49
 38 44 30 33 27 28 31 29 32 33 29 31 25 27 20 23 26 20 27 27 20 26 21 20
 21 21 19 20 18 19 23 18 27 26 27 28 24 26 19 22 17 18 15 16 12 14 10 11
  8  9  8  8  9  9  9  9]"
2024-11-26 14:11:36.763864,"(-90.0, 30.0)","(5600, 5600)","[17  8 19 20 16 18 16 15 20 19 22 22 21 22 17 19 16 17 16 16 14 15 13 13
 12 12 11 11 10 10 11 11 10 11 10 10 12 11 12 12 12 12 11 11 20 15 30 26
 35 34 36 36 35 36 31 33 25 28 20 23 13 18 12 13 11 11 10 10 11 11 13 11
 15 15 15 16 12 15 13 12 14 15 13 14 12 13 11 11 10 10 10 10 15 12 17 16
 17 17 18 17 17 17 15 16 19 15 22 21 21 21 24 22 25 26 22 24 19 21 14 18
 13 14 13 13 12 12 11 11]"
2024-11-26 14:11:51.538158,"(-83.33, 30.0)","(5600, 5600)","[17 11 19 20 21 20 22 22 21 21 22 22 21 22 18 19 17 17 16 16 14 15 13 13
 12 12 11 11 10 10 11 11 10 11 10 10 12 11 12 12 12 12 11 11 22 15 33 28
 38 37 39 39 35 37 29 32 23 26 20 21 14 18 13 14 13 13 13 13 13 13 12 13
 12 12 11 11 12 11 13 12 14 15 13 14 12 13 11 11 10 10 10 10 11 10 18 14
 20 20 19 20 17 18 17 17 18 18 17 18 17 17 25 22 31 29 32 32 30 31 25 27
 22 23 16 16 14 15 12 13]"
2024-11-26 14:12:07.329048,"(-76.66, 30.0)","(5600, 5600)","[18 16 19 20 20 19 22 21 21 21 22 22 21 22 17 19 16 17 16 16 14 15 13 13
 12 13 11 11 10 10 11 11 10 11 10 10 12 11 12 12 12 12 11 11 16 10 29 23
 33 33 33 34 31 32 28 30 26 27 21 24 18 19 13 16 12 12 11 11 13 11 17 15
 19 19 18 19 17 18 13 16 14 15 13 14 12 13 11 11 10 10 15 14 20 18 20 21
 19 20 19 19 18 18 19 18 20 20 19 20 19 19 20 19 24 21 25 25 24 25 22 23
 15 20 15 15 13 14 12 13]"
2024-11-26 14:12:22.105066,"(-70.0, 30.0)","(5600, 5600)","[17 12 19 20 20 20 23 22 22 23 22 22 21 22 18 19 17 17 16 16 14 15 13 14
 13 13 11 12 10 10 11 11 10 11 10 10 12 11 12 12 12 12 11 11 10 10 12 10
 23 15 32 29 36 34 36 36 34 36 30 33 26 28 22 24 18 20 15 15 14 14 17 14
 22 22 21 22 15 20 15 15 14 15 13 14 12 13 11 11 10 10 10 10 19 16 22 21
 21 22 20 21 18 19 17 17 12 16 12 12 12 12 12 12 12 12 11 12 10 10  9  9
  8  8  8  8  9  9  9  9]"
2024-11-26 14:12:38.898077,"(-63.33, 30.0)","(5600, 5600)","[17 10 19 20 21 20 22 22 21 21 22 22 21 22 17 19 16 17 16 16 14 15 13 13
 12 12 11 11 10 10 11 11 10 11 10 10 12 11 12 12 12 12 11 11 10 10 10 10
 11 10 24 17 34 30 37 36 35 36 34 34 32 33 28 30 24 26 21 22 16 16 15 16
 15 15 15 15 14 14 14 14 14 15 13 14 12 13 12 12 12 12 12 12 12 12 12 12
 12 12 12 12 12 12 18 13 20 19 22 21 22 22 20 21 14 19 14 14 12 13 11 12
  9 10  9  9  9  9  9  9]"
2024-11-26 14:12:53.673700,"(-56.66, 30.0)","(5600, 5600)","[17 10 19 20 16 18 16 15 20 19 22 22 21 22 17 19 16 17 16 16 14 15 13 13
 12 12 11 11 10 10 11 11 10 11 10 10 12 11 12 12 12 12 11 11 10 10 10 10
 11 10 21 15 30 26 32 32 31 32 34 32 32 33 29 31 26 28 23 24 15 21 20 15
 23 22 23 23 16 21 15 16 14 15 13 14 12 13 11 11 10 10 10 10 14 10 15 14
 15 15 15 15  9 14  9  9 17  9 23 20 23 23 21 22 18 20 15 16 12 12 11 11
 10 11  9 10  9  9  9  9]"
2024-11-26 14:13:08.447323,"(-50.0, 30.0)","(5600, 5600)","[17 10 19 20 16 18 16 15 20 19 22 22 21 22 17 19 16 17 16 16 14 15 13 13
 12 12 11 11 10 10 11 11 10 11 10 10 12 11 12 12 12 12 11 11 10 10 10 10
 11 10 11 11 11 11 22 17 27 26 28 28 30 29 32 32 31 32 27 30 22 24 24 22
 27 27 26 27 23 25 15 21 15 15 13 14 12 13 11 11 10 10 17 11 21 20 20 21
 19 19 17 18 17 17 16 16 11 16 11 11 11 11 11 11 11 12 10 11  9  9  8  9
  8  8  8  8  9  9  9  9]"
2024-11-26 14:13:23.220627,"(-43.33, 30.0)","(5600, 5600)","[17  6 19 20 16 18 16 15 20 19 22 22 21 22 17 19 16 17 16 16 14 15 13 13
 12 12 11 11 10 10 11 11 10 11 10 10 12 11 12 12 12 12 11 11 10 10 10 10
 11 10 11 11 11 11 12 12 12 12 18 16 21 19 32 28 36 36 36 36 35 35 34 34
 34 34 32 33 27 30 22 24 16 20 15 16 14 15 12 13 13 12 13 13 13 13 12 12
 11 11 10 10 10 10  9  9  9  9  8  8  8  8 11 10 11 12 10 11  8  9  7  8
  7  7  8  8  9  9  9  9]"
2024-11-26 14:13:39.013003,"(-36.66, 30.0)","(5600, 5600)","[17  8 19 20 16 18 16 15 20 19 22 22 21 22 17 19 16 17 16 16 14 15 13 13
 12 12 11 11 10 10 11 11 10 11 10 10 12 11 12 12 12 12 11 11 10 10 10 10
 11 10 11 11 11 11 12 12 12 12 11 11 10 10 15 10 19 18 18 19 36 26 45 41
 46 47 44 45 38 41 33 35 32 32 33 33 32 33 29 31 24 26 19 20 17 18 15 16
 14 15 12 13 11 12 11 11 11 11 11 11 11 11 11 11 11 12 11 11 11 11 10 11
  9  9  8  8  9  9  9  9]"
2024-11-26 14:13:53.786516,"(-30.0, 30.0)","(5600, 5600)","[17  9 19 20 16 18 16 15 20 19 22 22 21 22 17 19 16 17 16 16 14 15 13 13
 12 12 11 11 10 10 11 11 10 11 10 10 12 11 12 12 12 12 11 11 10 10 10 10
 11 10 11 11 11 11 12 12 12 12 11 11 10 10 11 10 16 14 16 17 29 22 35 34
 34 35 33 34 31 32 30 30 28 29 25 27 25 25 24 24 21 23 17 17 22 22 22 22
 17 21 17 17 16 16 16 16 16 16 15 15 14 14 14 14 14 14 12 13 11 12 10 11
  9 10  9  9  9  9  9  9]"
2024-11-26 14:14:08.559881,"(-23.33, 30.0)","(5600, 5600)","[17 10 19 20 16 18 16 15 20 19 22 22 21 22 17 19 16 17 16 16 14 15 13 13
 12 12 11 11 10 10 11 11 10 11 10 10 12 11 12 12 12 12 11 11 10 10 10 10
 11 10 11 11 11 11 12 12 12 12 11 11 10 10  9 10  9  9 10  9 19 12 32 27
 35 35 34 35 26 30 23 25 21 22 18 20 12 13 17 12 23 20 28 26 28 28 27 27
 27 26 28 28 29 29 29 29 28 29 28 28 28 28 26 27 20 24 19 19 16 18 14 15
 12 13 10 11  9 10  9  9]"
2024-11-26 14:14:24.350139,"(-16.66, 30.0)","(5600, 5600)","[17 11 19 20 16 18 16 15 20 19 22 22 21 22 17 19 16 17 16 16 14 15 13 13
 12 12 11 11 10 10 11 11 10 11 10 10 12 11 12 12 12 12 11 11 10 10 10 10
 11 10 11 11 11 11 12 12 12 12 11 11 10 10  9 10  9  9 10  9 11 11 25 18
 30 29 30 31 26 28 21 23 14 19 13 14 12 13 11 11 14 10 15 15 10 10 10 10
 16 10 17 17 17 17 18 17 17 18 21 18 28 25 27 28 26 26 25 25 21 23 15 18
 15 15 15 15 15 15 14 14]"
2024-11-26 14:14:39.120813,"(-10.0, 30.0)","(5600, 5600)","[17 12 19 20 16 18 16 15 20 19 22 22 21 22 17 19 16 17 16 16 14 15 13 13
 12 12 11 11 10 10 11 11 10 11 10 10 12 11 12 12 12 12 11 11 10 10 10 10
 11 10 11 11 11 11 12 12 12 12 11 11 10 10  9 10  9  9 10  9 11 11 10 11
  9  9  9  9 12 11 13 12 14 15 13 14 12 13 11 11 10 10 10 10  9 10  9  9
 10 10  9  9 13 13 13 12 20 15 29 25 32 31 31 32 31 31 29 30 24 27 20 21
 15 18 14 14 13 13 12 12]"
2024-11-26 14:14:53.891876,"(-3.33, 30.0)","(5600, 5600)","[17  7 19 20 21 20 22 22 21 21 22 22 21 22 17 19 16 17 16 16 14 15 13 13
 12 12 11 11 10 10 11 11 10 11 10 10 12 11 12 12 12 12 11 11 10 10 10 10
 11 10 11 11 11 11 12 12 12 12 11 11 10 10  9 10  9  9 10  9 11 11 10 11
  9  9  9  9 12 11 13 12 14 15 13 14 12 13 11 11 10 10 10 10  9 10  9  9
 10 10  9  9  8  8 14  8 21 17 28 25 29 29 29 29 29 29 27 28 24 26 19 21
 14 17 13 13 11 12 10 11]"
2024-11-26 14:15:08.661363,"(3.33, 30.0)","(5600, 5600)","[17 12 19 20 19 19 21 21 22 21 25 23 24 25 22 23 18 20 16 17 14 15 13 13
 12 12 11 11 10 10 11 11 10 11 10 10 12 11 12 12 12 12 11 11 10 10 10 10
 11 10 11 11 11 11 12 12 12 12 11 11 10 10  9 10  9  9 10  9 11 11 10 11
  9  9  9  9 12 11 13 12 14 15 13 14 12 13 11 11 10 10 10 10  9 10  9  9
 10 10 14 14 14 14 19 15 33 26 43 39 44 44 42 43 36 40 32 34 27 29 23 25
 18 22 18 18 17 18 15 16]"
2024-11-26 14:15:23.432339,"(10.0, 30.0)","(5600, 5600)","[17  4 19 20 21 20 23 23 22 23 22 22 21 22 19 20 17 18 16 16 14 15 13 13
 12 12 11 11 10 10 11 11 10 11 10 10 12 11 12 12 12 12 11 11 10 10 10 10
 11 10 11 11 11 11 12 12 12 12 11 11 10 10  9 10  9  9 10  9 11 11 10 11
  9  9  9  9 12 11 13 12 14 15 13 14 12 13 11 11 10 10 10 10  9 10  9  9
 10 10  9  9  9  9 17  9 31 25 39 36 41 40 37 40 31 33 28 30 24 26 17 22
 16 17 15 15 13 14 12 13]"
2024-11-26 14:15:39.725008,"(16.66, 30.0)","(5600, 5600)","[17  9 19 20 18 19 19 19 20 19 22 22 21 22 17 19 16 17 16 16 14 15 13 13
 12 12 11 11 10 10 11 11 10 11 10 10 12 11 12 12 12 12 11 11 10 10 10 10
 11 10 11 11 11 11 12 12 12 12 11 11 10 10  9 10  9  9 10  9 11 11 10 11
  9  9  9  9 12 11 13 12 14 15 13 14 12 13 11 11 10 10 10 10  9 10  9  9
 14 10 15 15 14 15  9 14 18  9 22 21 25 23 29 28 27 28 23 25 19 21 13 17
 12 13 11 12 10 10  9  9]"
2024-11-26 14:15:54.498214,"(23.33, 30.0)","(5600, 5600)","[17  7 19 20 17 18 16 15 20 19 22 22 21 22 17 19 16 17 16 16 14 15 13 13
 12 12 11 11 10 10 11 11 10 11 10 10 12 11 12 12 12 12 11 11 10 10 10 10
 11 10 11 11 11 11 12 12 12 12 11 11 10 10  9 10  9  9 10  9 11 11 10 11
  9  9  9  9 12 11 13 12 14 15 13 14 12 13 11 11 10 10 10 10  9 10  9  9
 10 10 14 12 14 14 17 14 27 23 33 31 33 33 32 33 29 31 25 27 20 22 14 18
 13 14 11 12  9 10  9  9]"
2024-11-26 14:16:09.271114,"(30.0, 30.0)","(5600, 5600)","[17 13 19 20 16 18 16 15 20 19 22 22 21 22 17 19 16 17 16 16 14 15 13 13
 12 12 11 11 10 10 11 11 10 11 10 10 12 11 12 12 12 12 11 11 10 10 10 10
 11 10 11 11 11 11 12 12 12 12 11 11 10 10  9 10  9  9 10  9 11 11 10 11
  9  9  9  9 12 11 13 12 14 15 13 14 12 13 11 11 10 10 10 10  9 10  9  9
 14 10 15 15 15 15 14 15 18 14 23 22 23 23 21 22 18 19 16 17 12 12 11 12
 10 11  9 10  9  9  9  9]"
2024-11-26 14:16:25.060732,"(36.66, 30.0)","(5600, 5600)","[17  8 19 20 16 18 16 15 20 19 22 22 21 22 17 19 16 17 16 16 14 15 13 13
 12 12 11 11 10 10 11 11 10 11 10 10 12 11 12 12 12 12 11 11 10 10 10 10
 11 10 11 11 11 11 12 12 12 12 11 11 10 10  9 10  9  9 10  9 11 11 10 11
  9  9  9  9 12 11 13 12 14 15 13 14 12 13 11 11 10 10 16 13 17 17 17 17
 16 17 15 16 14 14 17 14 28 22 36 33 38 38 36 37 31 34 24 28 16 22 15 16
 13 14 12 13 10 11  9  9]"
2024-11-26 14:16:39.835476,"(43.33, 30.0)","(5600, 5600)","[17  9 19 20 16 18 16 15 20 19 22 22 21 22 17 19 16 17 16 16 14 15 13 13
 12 12 11 11 10 10 11 11 10 11 10 10 12 11 12 12 12 12 11 11 10 10 10 10
 11 10 11 11 11 11 12 12 12 12 11 11 10 10  9 10  9  9 10  9 11 11 10 11
  9  9  9  9 12 11 13 12 14 15 13 14 12 13 11 11 10 10 15 10 19 18 19 19
 18 18 17 17 15 16 14 14 21 16 27 24 31 29 32 32 30 32 24 27 19 21 14 17
 13 14 12 12 10 11  9 10]"
2024-11-26 14:16:54.608919,"(50.0, 30.0)","(5600, 5600)","[17  8 19 20 16 18 16 15 20 19 22 22 21 22 17 19 16 17 16 16 14 15 13 13
 12 12 11 11 10 10 11 11 10 11 10 10 12 11 12 12 12 12 11 11 10 10 10 10
 11 10 11 11 11 11 12 12 12 12 11 11 10 10  9 10  9  9 10  9 11 11 10 11
  9  9  9  9 12 11 13 12 14 15 13 14 12 13 11 11 10 10 10 10 18 16 18 18
 17 18 15 16  9 14 13  9 22 15 31 27 32 32 29 31 24 27 20 22 14 18 13 13
 11 12  9 10  9  9  9  9]"
2024-11-26 14:17:09.380493,"(56.66, 30.0)","(5600, 5600)","[17  7 19 20 16 18 16 15 20 19 22 22 21 22 17 19 16 17 16 16 14 15 13 13
 12 12 11 11 10 10 11 11 10 11 10 10 12 11 12 12 12 12 11 11 10 10 10 10
 11 10 11 11 11 11 12 12 12 12 11 11 10 10  9 10  9  9 10  9 11 11 10 11
  9  9  9  9 12 11 13 12 14 15 13 14 12 13 11 11 10 10 10 10  9 10  9  9
 15 10 15 16 15 15 14 14 18 13 27 23 32 30 31 31 28 30 23 26 14 20 13 14
 12 13 11 11  9 10  9  9]"
2024-11-26 14:17:24.155634,"(63.33, 30.0)","(5600, 5600)","[17 10 19 20 16 18 16 15 20 19 22 22 21 22 17 19 16 17 16 16 14 15 13 13
 12 12 11 11 10 10 11 11 10 11 10 10 12 11 12 12 12 12 11 11 10 10 10 10
 11 10 11 11 11 11 12 12 12 12 11 11 10 10  9 10  9  9 10  9 11 11 10 11
  9  9  9  9 12 11 13 12 14 15 13 14 12 13 11 11 10 10 10 10  9 10  9  9
 10 10  9  9 13  8 17 15 23 19 32 28 34 34 32 33 28 30 23 26 18 20 13 16
 12 12 10 11  9 10  9  9]"
2024-11-26 14:17:38.926896,"(70.0, 30.0)","(5600, 5600)","[17  4 19 20 21 20 24 23 22 23 22 22 22 22 19 20 17 18 16 16 14 15 13 13
 12 12 11 11 10 10 11 11 10 11 10 10 12 11 12 12 12 12 11 11 10 10 10 10
 11 10 11 11 11 11 12 12 12 12 11 11 10 10  9 10  9  9 10  9 11 11 10 11
  9  9  9  9 12 11 13 12 14 15 13 14 12 13 11 11 10 10 10 10  9 10  9  9
 10 10  9  9 12  9 15 13 19 17 28 23 33 31 31 32 26 28 23 24 20 21 14 18
 14 14 13 14 12 12 10 11]"
2024-11-26 14:17:53.698117,"(76.66, 30.0)","(5600, 5600)","[17 11 20 20 19 19 19 19 20 19 22 22 21 22 18 19 17 17 16 16 14 15 13 13
 12 12 11 11 10 10 11 11 10 11 10 10 12 11 12 12 12 12 11 11 10 10 10 10
 11 10 11 11 11 11 12 12 12 12 11 11 10 10  9 10  9  9 10  9 11 11 10 11
  9  9  9  9 12 11 13 12 14 15 13 14 12 13 11 11 10 10 10 10  9 10  9  9
 10 10  9  9  9  9 15  9 25 20 31 29 31 31 30 30 27 29 22 25 19 21 14 17
 13 13 11 12  9 10  9  9]"
2024-11-26 14:18:08.469234,"(83.33, 30.0)","(5600, 5600)","[17  7 19 20 17 18 21 20 21 21 22 22 21 22 17 19 16 17 16 16 14 15 13 13
 12 12 11 11 10 10 11 11 10 11 10 10 12 11 12 12 12 12 11 11 10 10 10 10
 11 10 11 11 11 11 12 12 12 12 11 11 10 10  9 10  9  9 10  9 11 11 10 11
  9  9  9  9 12 11 13 12 14 15 13 14 12 13 11 11 10 10 10 10  9 10  9  9
 10 10  9  9  8  8 13  8 21 15 30 25 35 33 36 36 35 36 32 34 27 30 23 25
 16 21 15 16 14 15 12 13]"
2024-11-26 14:18:24.261116,"(90.0, 30.0)","(5600, 5600)","[17  9 19 20 18 18 20 19 21 19 22 22 21 22 17 19 16 17 16 16 14 15 13 13
 12 12 11 11 10 10 11 11 10 11 10 10 12 11 12 12 12 12 11 11 10 10 10 10
 11 10 11 11 11 11 12 12 12 12 11 11 10 10  9 10  9  9 10  9 11 11 10 11
  9  9  9  9 12 11 13 12 14 15 13 14 12 13 11 11 10 10 10 10  9 10  9  9
 10 10  9  9  8  9 14  8 23 17 28 27 28 28 31 30 29 31 25 27 22 23 19 21
 15 19 15 15 14 14 12 13]"
2024-11-26 14:19:26.005368,"(-83.33, -30.0)","(5600, 5600)","[17  8 19 20 17 18 16 16 20 19 22 22 21 22 17 19 16 17 16 16 14 15 13 13
 12 12 11 11 10 10 11 11 10 11 10 10 12 11 12 12 12 12 11 11 10 10 10 10
 11 10 11 11 11 11 12 12 12 12 11 11 10 10  9 10  9  9 10  9 11 11 10 11
  9  9  9  9 12 11 13 12 14 15 13 14 12 13 11 11 10 10 10 10 18 16 17 17
 16 17 23 18 34 29 39 37 40 40 37 39 31 34 25 28 21 23 16 16 14 15 12 13
 10 11  9  9  9  9  9  9]"
2024-11-26 14:19:40.782443,"(-76.66, -30.0)","(5600, 5600)","[17  9 19 20 17 18 16 16 20 19 22 22 21 22 17 19 16 17 16 16 14 15 13 13
 12 12 11 11 10 10 11 11 10 11 10 10 12 11 12 12 12 12 11 11 10 10 10 10
 11 10 11 11 11 11 12 12 12 12 11 11 10 10  9 10  9  9 10  9 11 11 10 11
  9  9  9  9 12 11 13 12 14 15 13 14 12 13 11 11 10 10 16 13 18 17 16 17
 15 15 19 16 29 24 33 32 32 33 30 31 25 27 20 23 14 18 13 14 11 12 10 11
  8  9  8  8  9  9  9  9]"
2024-11-26 14:19:55.557188,"(-70.0, -30.0)","(5600, 5600)","[17  7 19 20 17 18 16 15 20 19 22 22 21 22 17 19 16 17 16 16 14 15 13 13
 12 12 11 11 10 10 11 11 10 11 10 10 12 11 12 12 12 12 11 11 10 10 10 10
 11 10 11 11 11 11 12 12 12 12 11 11 10 10  9 10  9  9 10  9 11 11 10 11
  9  9  9  9 12 11 13 12 14 15 13 14 12 13 11 11 10 10 16 14 18 17 16 17
 15 15 14 14 25 19 32 30 30 32 27 29 23 25 19 21 17 18 13 13 12 13 11 12
 10 11  9  9  9  9  9  9]"
2024-11-26 14:20:10.331900,"(-63.33, -30.0)","(5600, 5600)","[17  9 19 20 17 18 16 15 20 19 22 22 21 22 17 19 16 17 16 16 14 15 13 13
 12 12 11 11 10 10 11 11 10 11 10 10 12 11 12 12 12 12 11 11 10 10 10 10
 11 10 11 11 11 11 12 12 12 12 11 11 10 10  9 10  9  9 10  9 11 11 10 11
  9  9  9  9 12 11 13 12 14 15 13 14 12 13 11 11 10 10 10 10  9 10  9  9
 10 10  9  9 18 13 29 25 29 30 26 28 24 25 24 24 21 23 17 19 13 13 12 12
 10 11  9 10  9  9  9  9]"
2024-11-26 14:20:25.106322,"(-56.66, -30.0)","(5600, 5600)","[17 10 19 20 17 18 16 15 20 19 22 22 21 22 17 19 16 17 16 16 14 15 13 13
 12 12 11 11 10 10 11 11 10 11 10 10 12 11 12 12 12 12 11 11 10 10 10 10
 11 10 11 11 11 11 12 12 12 12 11 11 10 10  9 10  9  9 10  9 11 11 10 11
  9  9  9  9 12 11 13 12 14 15 13 14 12 13 11 11 10 10 10 10  9 10  9  9
 10 10  9  9 17 16 20 17 25 25 25 25 21 23 19 20 17 18 15 16 11 11 10 11
 10 10  9 10  9  9  9  9]"
2024-11-26 14:20:41.397318,"(-50.0, -30.0)","(5600, 5600)","[17 13 19 20 17 18 16 15 20 19 22 22 21 22 17 19 16 17 16 16 14 15 13 13
 12 12 11 11 10 10 11 11 10 11 10 10 12 11 12 12 12 12 11 11 10 10 10 10
 11 10 11 11 11 11 12 12 12 12 11 11 10 10  9 10  9  9 10  9 11 11 10 11
  9  9  9  9 12 11 13 12 14 15 13 14 12 13 11 11 10 10 10 10 16 15 15 16
 14 15 20 16 31 26 37 35 39 39 37 38 32 34 30 31 28 29 24 26 17 22 15 16
 14 14 12 13 10 11  9 10]"
2024-11-26 14:20:56.170142,"(-43.33, -30.0)","(5600, 5600)","[17  7 19 20 16 18 16 15 20 19 22 22 21 22 17 19 16 17 16 16 14 15 13 13
 12 12 11 11 10 10 11 11 10 11 10 10 12 11 12 12 12 12 11 11 10 10 10 10
 11 10 11 11 11 11 12 12 12 12 11 11 10 10  9 10  9  9 10  9 11 11 10 11
  9  9  9  9 12 11 13 12 14 15 13 14 12 13 11 11 10 10 18 13 23 21 21 22
 19 20 23 20 39 31 49 45 51 51 49 50 44 47 38 41 34 36 31 32 26 29 21 24
 18 20 16 17 14 15 12 13]"
2024-11-26 14:21:11.444494,"(-36.66, -30.0)","(5600, 5600)","[17  9 19 20 16 18 16 15 20 19 22 22 21 22 17 19 16 17 16 16 14 15 13 13
 12 12 11 11 10 10 11 11 10 11 10 10 12 11 12 12 12 12 11 11 10 10 10 10
 11 10 11 11 11 11 12 12 12 12 11 11 10 10  9 10  9  9 10  9 11 11 10 11
  9  9  9  9 12 11 13 12 14 15 13 14 12 13 11 11 12 10 21 16 29 25 36 33
 39 38 38 39 38 37 45 42 47 47 45 47 41 43 36 38 33 34 30 31 27 29 22 25
 20 21 18 19 15 17 13 14]"
2024-11-26 14:21:26.221236,"(-30.0, -30.0)","(5600, 5600)","[17 11 19 20 16 18 16 15 20 19 22 22 21 22 17 19 16 17 16 16 14 15 13 13
 12 12 11 11 10 10 11 11 10 11 10 10 12 11 12 12 12 12 11 11 10 10 10 10
 11 10 11 11 11 11 12 12 12 12 11 11 10 10  9 10  9  9 10  9 11 11 10 11
  9  9  9  9 12 11 13 12 14 15 13 14 12 13 11 11 10 10 17 15 21 19 32 27
 37 36 37 37 36 36 42 39 43 44 42 43 38 40 34 36 32 33 30 31 26 29 20 23
 18 19 16 17 14 15 14 14]"
2024-11-26 14:21:41.496458,"(-23.33, -30.0)","(5600, 5600)","[17  4 19 20 16 18 16 15 20 19 22 22 21 22 17 19 16 17 16 16 14 15 13 13
 12 12 11 11 10 10 11 11 10 11 10 10 12 11 12 12 12 12 11 11 10 10 10 10
 11 10 11 11 11 11 12 12 12 12 11 11 10 10  9 10  9  9 10  9 11 11 10 11
  9  9 15 14 17 16 13 17 14 15 13 14 12 13 11 11 10 10 15 13 21 18 27 24
 31 30 32 32 35 33 46 42 50 50 49 50 45 48 38 41 34 36 28 32 22 23 20 21
 17 19 15 16 14 14 12 13]"
2024-11-26 14:21:56.268850,"(-16.66, -30.0)","(5600, 5600)","[17 12 19 20 16 18 16 15 20 19 22 22 21 22 17 19 16 17 16 16 14 15 13 13
 12 12 11 11 10 10 11 11 10 11 10 10 12 11 12 12 12 12 11 11 10 10 10 10
 14 10 18 17 17 18 12 15 12 12 11 11 10 10  9 10  9  9 17 14 19 18 17 18
 16 16 17 16 21 19 21 21 20 20 13 14 12 13 11 11 11 11 11 11 16 11 20 18
 22 22 25 23 34 29 43 39 45 45 44 45 40 42 34 37 29 31 26 27 21 21 19 20
 18 18 16 17 14 15 11 13]"
2024-11-26 14:22:12.057730,"(-10.0, -30.0)","(5600, 5600)","[17 12 19 20 16 18 16 15 20 19 22 22 21 22 17 19 16 17 16 16 14 15 13 13
 12 12 11 11 10 10 11 11 10 11 10 10 12 11 12 12 12 12 11 11 10 10 10 10
 15 10 20 19 20 20 18 19 12 17 11 11 10 10 18 10 34 25 45 41 46 46 43 45
 37 40 34 34 37 35 39 38 37 38 34 36 28 31 28 28 30 30 30 30 29 29 23 28
 23 23 22 23 22 21 30 25 36 35 38 38 37 37 34 35 30 32 24 24 22 23 19 20
 18 18 17 17 16 16 14 15]"
2024-11-26 14:22:26.830159,"(-3.33, -30.0)","(5600, 5600)","[17  8 19 20 16 18 16 15 20 19 22 22 21 22 17 19 16 17 16 16 14 15 13 13
 12 12 11 11 10 10 11 11 10 11 10 10 12 11 12 12 12 12 11 11 10 10 12 10
 22 17 28 26 27 28 23 25 19 21 16 17 10 10 18 10 34 25 46 42 47 47 43 46
 39 40 43 39 51 48 53 53 53 53 50 52 45 48 40 42 39 39 37 38 35 36 29 33
 28 29 27 27 27 26 31 30 30 32 26 26 26 26 26 26 26 26 25 26 24 25 22 23
 21 22 18 20 16 17 14 14]"
2024-11-26 14:22:41.600916,"(3.33, -30.0)","(5600, 5600)","[17 10 19 20 16 18 16 15 20 19 22 22 21 22 17 19 16 17 16 16 14 15 13 13
 12 12 11 11 10 10 11 11 10 11 10 10 12 11 12 12 12 12 11 11 10 10 11 10
 23 18 29 27 28 29 24 27 20 22 16 18 10 15  9 10 15  9 21 19 23 22 21 22
 24 20 39 30 49 45 52 51 53 53 52 53 47 49 42 44 36 39 31 33 25 30 25 25
 24 25 24 24 29 24 33 32 32 33 31 31 37 34 38 38 36 38 32 34 26 26 24 25
 23 23 21 22 19 20 17 18]"
2024-11-26 14:22:56.873677,"(10.0, -30.0)","(5600, 5600)","[17 10 19 20 16 18 16 15 20 19 22 22 21 22 17 19 16 17 16 16 14 15 13 13
 12 12 11 11 10 10 11 11 10 11 10 10 12 11 12 12 12 12 11 11 10 10 10 10
 15 10 19 18 18 19 12 17 12 12 11 11 10 10  9 10 19  9 27 24 27 28 25 26
 23 23 32 25 44 38 47 46 46 46 46 46 42 44 38 40 34 36 28 31 23 23 22 23
 22 22 21 22 27 22 36 32 39 39 37 38 33 35 32 33 27 30 23 24 21 22 21 21
 21 21 19 20 18 19 17 18]"
2024-11-26 14:23:11.646264,"(16.66, -30.0)","(5600, 5600)","[17  7 19 20 16 18 16 15 20 19 22 22 21 22 17 19 16 17 16 16 14 15 13 13
 12 12 11 11 10 10 11 11 10 11 10 10 12 11 12 12 12 12 11 11 10 10 10 10
 11 10 11 11 11 11 12 12 12 12 11 11 10 10  9 10  9  9 10  9 11 11 16 11
 19 18 30 23 41 36 44 43 42 43 38 40 37 37 35 36 33 34 31 32 31 31 30 31
 29 30 28 28 27 27 22 25 22 22 21 22 21 20 27 25 29 29 28 29 21 26 21 21
 21 21 20 20 19 19 18 18]"
2024-11-26 14:23:27.424312,"(23.33, -30.0)","(5600, 5600)","[17 10 19 20 16 18 16 15 20 19 22 22 21 22 17 19 16 17 16 16 14 15 13 13
 12 12 11 11 10 10 11 11 10 11 10 10 12 11 12 12 12 12 11 11 10 10 10 10
 11 10 11 11 11 11 12 12 12 12 11 11 10 10  9 10  9  9 17 14 20 19 25 22
 28 28 28 28 38 32 40 39 40 40 41 40 42 42 41 42 39 40 37 38 32 34 30 31
 28 29 32 29 35 34 36 35 36 36 35 36 32 34 26 30 26 26 26 26 25 25 24 24
 23 23 23 23 21 22 18 20]"
2024-11-26 14:23:42.191586,"(30.0, -30.0)","(5600, 5600)","[17 10 19 20 16 18 16 15 20 19 22 22 21 22 17 19 16 17 16 16 14 15 13 13
 12 12 11 11 10 10 11 11 10 11 10 10 12 11 12 12 12 12 11 11 10 10 10 10
 11 10 11 11 11 11 12 12 12 12 11 11 10 10  9 10  9  9 10  9 11 11 10 11
 14  9 14 15 17 16 21 20 19 21 19 18 25 22 25 25 24 24 26 24 30 28 32 32
 32 32 30 31 30 30 37 33 46 43 47 47 45 46 42 44 38 40 32 35 25 30 25 25
 25 25 24 25 21 23 19 20]"
2024-11-26 14:23:56.955989,"(36.66, -30.0)","(5600, 5600)","[17  9 19 20 16 18 16 15 20 19 22 22 21 22 17 19 16 17 16 16 14 15 13 13
 12 12 11 11 10 10 11 11 10 11 10 10 12 11 12 12 12 12 11 11 10 10 10 10
 11 10 11 11 11 11 12 12 12 12 11 11 10 10  9 10  9  9 10  9 11 11 10 11
  9  9  9  9 12 11 13 12 14 15 13 14 12 13 11 11 16 10 29 21 38 34 39 39
 38 39 33 36 32 33 33 32 39 33 44 43 42 43 37 40 32 35 26 30 21 22 20 20
 20 20 19 19 18 19 16 17]"
2024-11-26 14:24:12.742041,"(43.33, -30.0)","(5600, 5600)","[17  9 19 20 16 18 16 15 20 19 22 22 21 22 17 19 16 17 16 16 14 15 13 13
 12 12 11 11 10 10 11 11 10 11 10 10 12 11 12 12 12 12 11 11 10 10 10 10
 11 10 11 11 11 11 12 12 12 12 11 11 10 10  9 10  9  9 10  9 11 11 10 11
 13  9 18 16 21 19 24 23 23 24 21 22 29 24 34 32 34 34 37 35 42 40 41 42
 38 40 32 36 30 31 31 31 31 31 30 31 28 29 22 26 20 21 18 19 15 16 13 14
 13 13 13 13 12 12 11 12]"
2024-11-26 14:24:27.501750,"(50.0, -30.0)","(5600, 5600)","[17 10 19 20 16 18 16 15 20 19 22 22 21 22 17 19 16 17 16 16 14 15 13 13
 12 12 11 11 10 10 11 11 10 11 10 10 12 11 12 12 12 12 11 11 10 10 10 10
 11 10 11 11 11 11 12 12 12 12 11 11 10 10  9 10  9  9 10  9 16 11 19 18
 18 19 22 19 31 27 35 34 34 35 30 32 25 28 22 23 22 22 21 22 16 21 16 16
 15 15 14 15 14 14 19 14 26 22 28 29 25 27 25 25 25 25 24 25 22 23 17 21
 16 17 14 15 13 14 12 13]"
2024-11-26 14:24:42.769585,"(56.66, -30.0)","(5600, 5600)","[17 15 19 20 16 18 16 15 20 19 22 22 21 22 17 19 16 17 16 16 14 15 13 13
 12 12 11 11 10 10 11 11 10 11 10 10 12 11 12 12 12 12 11 11 10 10 10 10
 11 10 11 11 11 11 12 12 12 12 11 11 10 10  9 10  9  9 20 14 26 24 28 27
 29 28 34 31 37 36 37 37 35 36 32 33 28 30 26 27 24 24 23 23 18 22 18 18
 17 18 16 16 14 15 16 13 23 21 24 24 20 22 25 21 32 30 33 33 30 32 24 27
 17 22 16 17 14 15 13 14]"
2024-11-26 14:24:57.532318,"(63.33, -30.0)","(5600, 5600)","[17 11 19 20 16 18 16 15 20 19 22 22 21 22 17 19 16 17 16 16 14 15 13 13
 12 12 11 11 10 10 11 11 10 11 10 10 12 11 12 12 12 12 11 11 10 10 10 10
 11 10 11 11 11 11 12 12 12 12 11 11 21 16 26 24 30 29 32 31 39 36 38 38
 36 37 36 36 37 36 35 36 32 34 25 29 19 24 19 19 19 19 26 24 35 31 36 36
 33 35 30 31 28 29 22 27 22 22 20 21 18 19 16 17 23 16 25 25 23 24 17 21
 15 16 12 13 10 11 12  9]"
2024-11-26 14:25:12.296731,"(70.0, -30.0)","(5600, 5600)","[17  6 19 20 16 18 16 15 20 19 22 22 21 22 17 19 16 17 16 16 14 15 13 13
 12 12 11 11 10 10 11 11 10 11 10 10 12 11 12 12 12 12 11 11 10 10 10 10
 11 10 11 11 11 11 12 12 21 12 27 24 33 30 35 35 35 36 35 35 40 37 39 40
 35 37 31 33 29 30 27 28 24 25 20 20 23 20 26 25 27 26 34 30 38 36 39 39
 37 39 34 36 31 32 30 30 25 29 23 24 20 22 18 19 16 17 14 15 14 14 14 14
 13 13 13 13 13 13 13 13]"
2024-11-26 14:25:28.077982,"(76.66, -30.0)","(5600, 5600)","[17 15 19 20 16 18 16 15 20 19 22 22 21 22 17 19 16 17 16 16 14 15 13 13
 12 12 11 11 10 10 11 11 10 11 10 10 12 11 12 12 12 12 11 11 10 10 10 10
 11 10 11 11 15 11 23 19 31 27 36 34 39 38 38 39 36 38 32 34 30 31 26 28
 22 24 16 16 15 16 14 15 14 15 13 14 24 18 27 26 31 27 35 34 35 35 32 33
 28 30 26 27 24 25 18 23 18 18 18 18 18 18 17 18 16 16 14 15 13 14 12 13
 11 12 11 11 10 10  9  9]"
2024-11-26 14:25:42.843907,"(83.33, -30.0)","(5600, 5600)","[17  8 19 20 16 18 16 15 20 19 22 22 21 22 17 19 16 17 16 16 14 15 13 13
 12 12 11 11 10 10 11 11 10 11 10 10 12 11 12 12 12 12 11 11 10 10 10 10
 11 10 11 11 17 11 24 21 24 24 30 26 33 32 30 32 27 28 25 26 23 24 20 21
 18 19 14 14 13 13 13 13 14 15 13 14 21 17 24 23 25 25 23 24 23 23 25 24
 25 26 24 25 28 26 30 29 28 30 24 27 18 23 17 17 16 16 14 15 13 14 12 13
 10 11  9 10  9  9  9  9]"
