Measure Time,Commanded trajectory,Real trajectory,Curve,az LS,5600,el LS,5600
2024-11-26 15:28:48.536577,"(0.0, 0.0)","(5600, 5600)","[30 31 27 29 22 24 20 21 20 19 22 22 21 22 17 19 16 17 16 16 14 15 13 13
 12 12 11 11 10 10 11 11 10 11 10 10 12 11 12 12 12 12 11 11 10 10 10 10
 11 10 11 11 11 11 12 12 12 12 11 11 10 10 13 10 14 14 13 13 11 11 10 11
  9  9  9  9 12 11 13 12 21 15 33 27 36 35 41 37 56 47 67 63 70 69 68 69
 65 67 59 62 53 56 46 49 40 43 33 36 29 30 25 27 22 24 19 20 16 18 14 15
 12 13 12 12 11 12 11 11]"
2024-11-26 15:29:26.554705,"(-90.0, 3.33)","(5600, 5600)","[30  6 26 29 23 25 25 25 24 24 24 24 23 23 21 22 19 19 17 18 14 16 13 13
 12 12 11 11 10 10 11 11 10 11 10 10 12 11 12 12 12 12 11 11 10 10 10 10
 11 10 11 11 11 11 12 12 12 12 11 11 10 10  9 10 13  9 13 13 11 11 10 11
  9  9  9  9 12 11 13 12 18 15 23 21 23 24 26 23 40 32 52 46 55 54 53 54
 50 52 44 47 39 42 34 37 30 32 23 24 21 22 18 20 15 17 13 14 13 13 12 13
 12 12 11 12 12 11 16 14]"
2024-11-26 15:29:56.349988,"(-30.0, 3.33)","(5600, 5600)","[30  9 26 29 24 25 27 26 26 27 25 26 24 25 22 23 21 21 19 20 15 17 13 14
 12 12 11 11 10 10 11 11 10 11 10 10 12 11 12 12 12 12 11 11 10 10 10 10
 11 10 11 11 11 11 12 12 12 12 11 11 10 10  9 10  9  9 10  9 11 11 10 11
 14  9 15 15 12 14 13 12 14 15 13 14 18 18 27 22 40 33 52 47 53 53 50 52
 44 47 40 41 37 39 32 35 27 29 22 23 20 21 17 19 15 16 13 14 12 13 11 11
  9 10  9  9 13  9 15 14]"
2024-11-26 15:30:26.139821,"(30.0, 3.33)","(5600, 5600)","[29  6 26 28 24 25 26 26 26 26 25 25 23 24 22 22 20 21 18 20 14 16 13 13
 12 12 11 11 10 10 11 11 10 11 10 10 12 11 12 12 12 12 11 11 10 10 10 10
 11 10 11 11 11 11 12 12 12 12 11 11 10 10  9 10  9  9 10  9 11 11 10 11
  9  9  9  9 14 11 18 17 14 18 23 19 22 22 32 27 45 38 55 51 56 56 53 55
 48 50 45 47 40 43 35 38 30 32 24 25 22 23 20 21 18 19 16 17 15 15 14 14
 13 13 11 12 10 10 10 10]"
2024-11-26 15:30:55.926111,"(90.0, 3.33)","(5600, 5600)","[29  9 26 28 25 25 27 26 25 26 24 24 22 23 21 22 19 20 17 19 15 16 13 14
 12 12 11 11 10 10 11 11 10 11 10 10 12 11 12 12 12 12 11 11 10 10 10 10
 11 10 11 11 11 11 12 12 12 12 11 11 10 10  9 10  9  9 10  9 11 11 10 11
 13  9 14 14 12 11 13 12 20 15 25 22 25 25 34 29 48 40 58 54 58 58 53 55
 51 52 46 49 41 44 37 39 33 35 31 32 26 26 25 26 22 24 19 20 16 17 15 15
 14 14 12 13 11 12 10 11]"
2024-11-26 15:31:42.457043,"(-30.0, -3.33)","(5600, 5600)","[28 22 26 28 23 24 24 23 26 26 24 25 24 24 24 24 25 25 25 25 24 25 23 24
 22 23 20 21 18 19 17 18 14 16 12 13 12 12 12 12 12 12 11 11 10 10 10 10
 11 10 11 11 11 11 12 12 12 12 11 11 10 10  9 10  9  9 10  9 15 11 18 17
 17 17 21 18 27 24 34 30 39 37 42 41 46 44 47 47 53 48 62 58 65 64 63 64
 60 62 55 58 48 51 43 45 39 41 35 37 31 32 28 30 24 26 21 22 21 21 21 21
 19 20 16 17 14 15 12 13]"
2024-11-26 15:32:13.259151,"(30.0, -3.33)","(5600, 5600)","[28  6 26 28 23 24 23 22 25 25 23 24 22 22 20 20 20 20 19 19 18 18 15 17
 12 13 11 11 10 10 11 11 10 11 10 10 12 11 12 12 12 12 11 11 10 10 10 10
 11 10 11 11 11 11 12 12 12 12 11 11 14 10 15 14 15 15 15 15 11 11 16 11
 16 16 16 16 18 17 24 21 29 27 32 31 36 34 38 37 45 39 55 50 57 56 55 56
 53 55 50 52 45 48 38 41 32 35 27 28 24 26 21 23 18 19 17 17 17 17 17 17
 16 16 14 15 13 14 12 13]"
2024-11-26 15:32:59.791857,"(-90.0, 6.66)","(5600, 5600)","[28  9 25 27 22 24 19 21 20 19 22 22 21 22 17 19 16 17 16 16 14 15 13 13
 12 12 11 11 10 10 11 11 10 11 10 10 12 11 12 12 12 12 11 11 10 10 10 10
 11 10 11 11 11 11 12 12 12 12 11 11 10 10  9 10  9  9 10  9 11 11 10 11
  9  9  9  9 12 11 13 12 14 15 13 14 12 13 11 11 20 10 33 27 41 37 43 42
 42 43 39 41 36 37 33 34 29 31 26 28 19 25 18 19 17 18 15 16 13 14 11 12
 10 10  9  9 19 15 24 23]"
2024-11-26 15:33:21.063573,"(-60.0, 6.66)","(5600, 5600)","[28 13 25 27 22 24 19 20 20 19 22 22 21 22 17 19 16 17 16 16 14 15 13 13
 12 12 11 11 10 10 11 11 10 11 10 10 12 11 12 12 12 12 11 11 10 10 10 10
 11 10 11 11 11 11 12 12 12 12 11 11 10 10  9 10  9  9 10  9 11 11 10 11
  9  9  9  9 12 11 13 12 14 15 13 14 12 13 11 11 23 10 39 33 44 42 42 43
 38 39 37 37 35 36 32 33 27 29 22 24 17 18 16 17 14 15 13 14 11 12  9 10
  9  9 18 14 23 21 22 22]"
2024-11-26 15:33:42.335054,"(-30.0, 6.66)","(5600, 5600)","[27 11 25 27 22 24 19 20 20 19 22 22 21 22 17 19 17 17 16 17 15 16 13 13
 12 12 11 11 10 10 11 11 10 11 10 10 12 11 12 12 12 12 11 11 10 10 10 10
 11 10 11 11 11 11 12 12 12 12 11 11 10 10  9 10  9  9 10  9 11 11 10 11
  9  9  9  9 12 11 13 12 14 15 13 14 12 13 11 11 20 10 37 29 43 41 42 43
 39 41 34 37 30 32 27 29 23 25 17 18 15 16 13 14 11 12 10 11 10 10  9  9
  8  8  8  8  9  9  9  9]"
2024-11-26 15:34:03.603257,"(0.0, 6.66)","(5600, 5600)","[27  5 25 27 22 23 19 20 20 19 22 22 21 22 17 19 16 17 16 16 15 16 13 14
 12 12 11 11 10 10 11 11 10 11 10 10 12 11 12 12 12 12 11 11 10 10 10 10
 11 10 11 11 11 11 12 12 12 12 11 11 10 10  9 10  9  9 10  9 11 11 10 11
  9  9  9  9 19 14 22 22 22 22 21 21 20 21 18 18 29 19 43 38 47 46 45 47
 40 43 36 38 31 34 26 29 20 25 20 20 26 25 25 26 20 24 18 19 15 16 13 14
 11 12 10 10  9 10  9  9]"
2024-11-26 15:34:24.867000,"(30.0, 6.66)","(5600, 5600)","[27  9 25 27 22 23 19 20 20 19 22 22 21 22 17 19 16 17 16 16 14 15 13 14
 12 12 11 11 10 10 11 11 10 11 10 10 12 11 12 12 12 12 11 11 10 10 10 10
 11 10 11 11 11 11 12 12 12 12 11 11 10 10  9 10  9  9 10  9 11 11 10 11
  9  9  9  9 20 16 21 21 20 21 19 20 17 18 17 16 30 19 43 38 46 45 42 45
 36 38 30 33 27 29 24 26 19 22 27 23 28 28 25 27 19 21 17 18 15 16 13 14
 12 12 10 11  9 10  9  9]"
2024-11-26 15:34:46.134077,"(60.0, 6.66)","(5600, 5600)","[27  6 25 27 22 23 19 20 20 19 22 22 21 22 17 19 17 17 16 16 15 15 13 13
 12 12 11 11 10 10 11 11 10 11 10 10 12 11 12 12 12 12 11 11 10 10 10 10
 11 10 11 11 11 11 12 12 12 12 11 11 10 10  9 10  9  9 10  9 11 11 10 11
 16  9 20 19 17 19 13 16 14 15 13 14 12 13 15 11 31 22 43 38 44 44 43 44
 40 41 36 38 30 33 27 28 27 26 32 29 33 33 33 33 30 32 25 28 20 21 16 18
 14 15 12 12 11 11 10 10]"
2024-11-26 15:35:07.399732,"(90.0, 6.66)","(5600, 5600)","[27  7 25 27 22 23 19 20 20 19 22 22 21 22 17 19 16 17 16 16 14 15 13 13
 12 12 11 11 10 10 11 11 10 11 10 10 12 11 12 12 12 12 11 11 10 10 10 10
 11 10 11 11 11 11 12 12 12 12 11 11 10 10  9 10  9  9 10  9 11 11 26 18
 41 36 47 45 46 46 41 44 35 38 29 32 24 26 22 23 30 21 45 38 51 49 50 51
 47 49 42 44 38 40 33 35 32 31 37 34 37 38 35 36 27 33 23 26 19 21 15 17
 13 14 10 12  9 10  9  9]"
2024-11-26 15:36:02.156480,"(-60.0, -6.66)","(5600, 5600)","[26 11 24 26 22 23 20 21 20 19 22 22 21 22 17 19 16 17 16 16 14 15 13 13
 12 12 11 11 10 10 11 11 10 11 10 10 12 11 12 12 12 12 11 11 10 10 10 10
 11 10 11 11 11 11 12 12 12 12 11 11 10 10  9 10  9  9 10  9 11 11 10 11
  9  9  9  9 12 11 13 12 14 15 13 14 15 13 18 16 28 20 38 34 39 39 39 39
 40 40 39 40 35 37 30 33 25 27 22 23 18 18 16 17 15 15 14 14 13 13 15 12
 22 18 28 26 28 28 26 27]"
2024-11-26 15:36:23.429686,"(-30.0, -6.66)","(5600, 5600)","[26  6 24 26 22 23 19 20 20 19 22 22 21 22 17 19 16 17 16 16 14 15 13 13
 12 12 11 11 10 10 11 11 10 11 10 10 12 11 12 12 12 12 11 11 10 10 10 10
 11 10 11 11 11 11 12 12 12 12 11 11 10 10  9 10  9  9 10  9 11 11 10 11
  9  9  9  9 12 11 13 12 14 15 13 14 16 13 25 20 34 30 39 36 43 41 44 43
 42 43 40 41 35 38 31 33 28 30 23 25 19 20 16 18 14 15 12 13 11 11 11 11
 23 11 31 29 31 32 30 31]"
2024-11-26 15:36:44.697645,"(0.0, -6.66)","(5600, 5600)","[26  7 24 26 22 23 19 20 20 19 22 22 21 22 17 19 16 17 16 16 14 15 13 13
 12 12 11 11 10 10 11 11 10 11 10 10 12 11 12 12 12 12 11 11 10 10 10 10
 11 10 11 11 11 11 12 12 12 12 11 11 10 10  9 10  9  9 10  9 11 11 10 11
  9  9  9  9 12 11 13 12 14 15 13 14 25 21 33 30 39 36 44 41 48 46 49 49
 48 49 43 46 39 41 35 37 30 33 24 27 20 21 18 19 16 17 14 15 13 13 12 12
 11 11 11 11 17 17 21 20]"
2024-11-26 15:37:05.963393,"(30.0, -6.66)","(5600, 5600)","[25  2 24 26 23 23 23 24 22 22 22 22 21 22 18 19 16 17 16 16 14 15 13 13
 12 12 11 11 10 10 11 11 10 11 10 10 12 11 12 12 12 12 11 11 10 10 10 10
 11 10 11 11 11 11 12 12 12 12 11 11 10 10  9 10  9  9 10  9 11 11 10 11
  9  9  9  9 12 11 13 12 14 15 13 14 17 13 32 25 42 39 46 45 50 48 52 51
 50 51 47 49 41 44 35 38 30 32 26 28 21 22 19 20 17 18 15 16 14 14 13 14
 12 13 11 11  9 10  9  9]"
2024-11-26 15:37:27.233589,"(60.0, -6.66)","(5600, 5600)","[25  9 24 25 22 23 23 23 22 22 22 22 22 22 19 21 17 18 16 16 14 15 13 13
 12 12 11 11 10 10 11 11 10 11 10 10 12 11 12 12 12 12 11 11 10 10 10 10
 11 10 11 11 11 11 12 12 12 12 11 11 10 10  9 10 13  9 14 14 11 11 10 11
  9  9  9  9 12 11 13 12 14 15 13 14 15 13 25 19 39 33 47 43 48 48 47 48
 46 47 42 45 38 40 33 36 28 31 22 22 21 22 19 20 18 19 18 18 18 18 18 18
 18 18 17 18 14 15 12 13]"
2024-11-26 15:38:22.008107,"(-90.0, 10.0)","(5600, 5600)","[25  8 24 25 21 22 19 20 20 19 22 22 21 22 17 19 16 17 16 16 14 15 13 13
 12 12 11 11 10 10 11 11 10 11 10 10 12 11 12 12 12 12 11 11 10 10 10 10
 11 10 11 11 11 11 12 12 12 12 11 11 10 10  9 10 13  9 15 14 11 11 10 11
  9  9  9  9 12 11 13 12 14 15 13 14 12 13 17 11 27 19 44 35 58 52 63 62
 62 63 56 60 50 53 42 46 35 39 30 32 24 25 21 23 19 20 16 18 14 15 13 14
 12 12 20 15 32 26 38 36]"
2024-11-26 15:38:40.438649,"(-70.0, 10.0)","(5600, 5600)","[25  7 23 25 21 22 19 20 20 19 22 22 21 22 17 19 16 17 16 16 14 15 13 13
 12 12 11 11 10 10 11 11 10 11 10 10 12 11 12 12 12 12 11 11 10 10 10 10
 11 10 11 11 11 11 12 12 12 12 11 11 10 10  9 10  9  9 10  9 15 11 16 16
 15 16 13 14 12 11 13 12 14 15 13 14 12 13 22 16 35 28 44 40 48 47 47 48
 45 46 41 43 37 39 32 35 27 30 24 25 19 20 17 18 15 16 12 13 11 12 10 11
 10 10 16 15 18 17 18 16]"
2024-11-26 15:38:58.871210,"(-50.0, 10.0)","(5600, 5600)","[24  9 23 25 21 22 19 20 20 19 22 22 21 22 17 19 16 17 16 16 14 15 13 13
 12 12 11 11 10 10 11 11 10 11 10 10 12 11 12 12 12 12 11 11 10 10 10 10
 11 10 11 11 11 11 12 12 12 12 11 11 10 10  9 10  9  9 10  9 11 11 10 11
  9  9  9  9 12 11 13 12 14 15 13 14 12 13 13 11 29 20 43 37 49 47 49 50
 47 48 43 45 38 41 32 35 25 28 19 20 17 18 14 15 12 13 11 11 10 11  9 10
  9  9 15 11 19 17 19 18]"
2024-11-26 15:39:17.504951,"(-30.0, 10.0)","(5600, 5600)","[24 11 23 25 21 22 19 20 20 19 22 22 21 22 17 19 16 17 16 16 14 15 13 13
 12 12 11 11 10 10 11 11 10 11 10 10 12 11 12 12 12 12 11 11 10 10 10 10
 11 10 11 11 11 11 12 12 12 12 11 11 10 10  9 10  9  9 10  9 11 11 10 11
  9  9  9  9 12 11 13 12 14 15 13 14 12 13 11 11 21 10 37 30 45 42 46 46
 42 45 36 40 32 34 28 30 24 26 18 18 17 18 16 17 15 16 14 14 12 13 11 11
  9 10  9  9  9  9  9  9]"
2024-11-26 15:39:36.136172,"(-10.0, 10.0)","(5600, 5600)","[24 11 23 25 21 22 19 20 20 19 22 22 21 22 17 19 16 17 16 16 14 15 13 13
 12 12 11 11 10 10 11 11 10 11 10 10 12 11 12 12 12 12 11 11 10 10 10 10
 11 10 11 11 11 11 12 12 12 12 11 11 10 10  9 10  9  9 10  9 11 11 10 11
  9  9  9  9 18 15 20 20 19 20 13 14 12 13 16 11 26 21 39 33 45 43 44 45
 41 43 37 39 33 35 28 31 25 26 25 25 28 27 28 28 25 27 20 20 18 19 16 17
 13 15 11 12 10 10  9  9]"
2024-11-26 15:39:54.763931,"(10.0, 10.0)","(5600, 5600)","[24 17 23 25 21 22 19 20 20 19 22 22 21 22 17 19 16 17 16 16 14 15 13 13
 12 12 11 11 10 10 11 11 10 11 10 10 12 11 12 12 12 12 11 11 10 10 10 10
 11 10 11 11 11 11 12 12 12 12 11 11 10 10  9 10  9  9 10  9 11 11 10 11
 17  9 33 24 44 39 47 46 45 46 40 43 36 38 37 36 41 40 48 43 55 52 55 55
 52 54 47 50 41 44 33 36 28 31 28 28 28 28 27 28 24 26 21 23 18 19 16 17
 14 15 12 13 10 11  9  9]"
2024-11-26 15:40:13.392224,"(30.0, 10.0)","(5600, 5600)","[24  7 23 25 21 22 19 19 20 19 22 22 21 22 17 19 16 17 16 16 14 15 13 13
 12 12 11 11 10 10 11 11 10 11 10 10 12 11 12 12 12 12 11 11 10 10 10 10
 11 10 11 11 11 11 12 12 12 12 11 11 10 10  9 10  9  9 10  9 11 11 10 11
 15  9 27 20 39 34 41 41 40 41 37 39 33 35 29 31 27 27 31 28 44 38 46 46
 43 45 37 40 31 34 23 28 22 22 29 25 29 29 26 28 21 24 18 20 15 17 13 14
 11 12 10 11  9 10  9  9]"
2024-11-26 15:40:31.822148,"(50.0, 10.0)","(5600, 5600)","[24 15 23 25 21 22 19 19 20 19 22 22 21 22 17 19 16 17 16 16 14 15 13 13
 12 12 11 11 10 10 11 11 10 11 10 10 12 11 12 12 12 12 11 11 10 10 10 10
 11 10 11 11 11 11 12 12 12 12 11 11 10 10  9 10  9  9 10  9 11 11 12 11
 27 20 36 33 36 37 35 36 34 35 31 33 26 29 21 23 21 19 36 26 46 42 46 46
 41 45 36 38 32 34 26 29 21 23 21 21 20 20 18 19 16 17 14 15 12 13 11 11
  9 10  9  9  9  9  9  9]"
2024-11-26 15:40:50.450967,"(70.0, 10.0)","(5600, 5600)","[24 16 23 25 21 22 19 19 20 19 22 22 21 22 17 19 16 17 16 16 14 15 13 13
 12 12 11 11 10 10 11 11 10 11 10 10 12 11 12 12 12 12 11 11 10 10 10 10
 11 10 11 11 11 11 12 12 12 12 11 11 10 10  9 10  9  9 10  9 11 11 20 11
 37 29 46 43 47 47 44 46 39 42 34 37 27 30 25 25 35 27 46 42 47 47 45 46
 41 43 37 39 30 33 24 28 23 24 20 22 18 19 15 17 14 14 12 13 11 11 10 10
  9  9  9  9  9  9  9  9]"
2024-11-26 15:41:09.082262,"(90.0, 10.0)","(5600, 5600)","[24 18 23 24 21 22 19 19 20 19 22 22 21 22 17 19 16 17 16 16 14 15 13 13
 12 12 11 11 10 10 11 11 10 11 10 10 12 11 12 12 12 12 11 11 10 10 10 10
 11 10 11 11 11 11 12 12 12 12 11 11 10 10  9 10  9  9 10  9 11 11 14 11
 20 20 28 22 36 32 35 36 32 34 28 30 23 25 22 21 33 24 44 40 46 46 45 45
 42 44 38 40 34 36 28 31 22 25 20 21 17 19 14 15 12 13 10 11  9  9  9  9
  9  9  9  9  9  9  9  9]"
2024-11-26 15:42:06.687578,"(-70.0, -10.0)","(5600, 5600)","[23 10 23 24 20 22 19 19 20 19 22 22 21 22 17 19 16 17 16 16 14 15 13 13
 12 12 11 11 10 10 11 11 10 11 10 10 12 11 12 12 12 12 11 11 10 10 10 10
 11 10 11 11 11 11 12 12 12 12 11 11 10 10  9 10  9  9 10  9 11 11 10 11
 15  9 24 20 27 26 25 26 21 23 17 19 12 13 11 11 10 10 21 14 33 28 37 36
 36 37 33 35 27 30 23 25 20 22 16 16 15 15 13 14 12 13 10 11  9 10  8  9
  7  8  8  7  9  9  9  9]"
2024-11-26 15:42:25.120417,"(-50.0, -10.0)","(5600, 5600)","[23 15 23 24 20 21 18 19 20 19 22 22 21 22 17 19 16 17 16 16 14 15 13 13
 12 12 11 11 10 10 11 11 10 11 10 10 12 11 12 12 12 12 11 11 10 10 10 10
 11 10 11 11 11 11 12 12 12 12 11 11 10 10  9 10  9  9 10  9 11 11 10 11
 14  9 16 15 12 15 13 12 14 15 13 14 12 13 14 11 24 15 36 31 41 39 40 41
 36 38 32 34 27 30 23 25 20 21 16 16 15 16 13 14 11 12 10 11 10 10 10 10
  9  9 15 12 15 16 10 15]"
2024-11-26 15:42:43.549562,"(-30.0, -10.0)","(5600, 5600)","[23 11 23 24 20 21 18 19 20 19 22 22 21 22 17 19 16 17 16 16 14 15 13 13
 12 12 11 11 10 10 11 11 10 11 10 10 12 11 12 12 12 12 11 11 10 10 10 10
 11 10 11 11 11 11 12 12 12 12 11 11 10 10  9 10  9  9 10  9 11 11 10 11
 13  9 20 15 25 23 23 24 19 20 13 14 16 13 22 19 25 24 31 27 37 34 37 37
 34 36 33 33 30 31 27 28 24 25 18 18 17 18 15 16 14 15 12 13 16 12 20 19
 19 20 22 20 21 22 18 20]"
2024-11-26 15:43:03.198727,"(-10.0, -10.0)","(5600, 5600)","[23 12 22 24 20 21 18 19 20 19 22 22 21 22 17 19 16 17 16 16 14 15 13 13
 12 12 11 11 10 10 11 11 10 11 10 10 12 11 12 12 12 12 11 11 10 10 10 10
 11 10 11 11 11 11 12 12 12 12 11 11 10 10  9 10  9  9 10  9 11 11 10 11
 12  9 19 16 22 21 22 22 22 22 26 23 29 28 28 29 29 28 28 29 29 28 33 32
 32 33 32 32 30 31 26 28 23 25 17 18 15 17 14 14 12 13 12 12 17 15 19 18
 18 18 12 12 12 12 12 12]"
2024-11-26 15:43:22.325803,"(10.0, -10.0)","(5600, 5600)","[23 11 22 24 20 21 18 19 20 19 22 22 21 22 17 19 16 17 16 16 14 15 13 13
 12 12 11 11 10 10 11 11 10 11 10 10 12 11 12 12 12 12 11 11 10 10 10 10
 11 10 11 11 11 11 12 12 12 12 11 11 10 10  9 10  9  9 10  9 11 11 10 11
  9  9  9  9 12 11 13 12 14 15 24 15 34 29 38 37 38 38 37 37 38 37 42 41
 42 42 40 42 36 38 31 33 29 30 27 28 21 26 19 21 16 18 14 15 12 13 11 11
 10 10  9  9  9  9  9  9]"
2024-11-26 15:43:40.956175,"(30.0, -10.0)","(5600, 5600)","[23  9 22 24 20 21 19 19 21 19 22 22 21 22 17 19 16 17 16 16 14 15 13 13
 12 12 11 11 10 10 11 11 10 11 10 10 12 11 12 12 12 12 11 11 10 10 10 10
 11 10 11 11 11 11 12 12 12 12 11 11 10 10  9 10  9  9 10  9 11 11 10 11
  9  9  9  9 12 11 13 12 14 15 13 14 27 22 40 35 46 45 46 47 46 46 48 47
 47 48 45 46 41 43 37 39 36 36 35 35 32 33 24 29 22 23 18 20 16 17 14 15
 13 14 13 13 12 13 12 12]"
2024-11-26 15:43:59.585460,"(50.0, -10.0)","(5600, 5600)","[23 10 22 23 20 21 18 19 20 19 22 22 21 22 17 19 16 17 16 16 14 15 13 13
 12 12 11 11 10 10 11 11 10 11 10 10 12 11 12 12 12 12 11 11 10 10 10 10
 11 10 11 11 11 11 12 12 12 12 11 11 10 10  9 10  9  9 10  9 11 11 10 11
  9  9 15 13 12 16 13 12 14 15 13 14 21 17 33 28 36 36 35 36 39 37 43 42
 43 43 42 43 39 41 34 37 29 30 28 28 22 27 21 22 19 20 17 18 15 16 14 14
 13 13 12 12 11 11 10 11]"
2024-11-26 15:44:18.212350,"(70.0, -10.0)","(5600, 5600)","[23 12 22 23 20 21 18 19 20 19 22 22 21 22 17 19 16 17 16 16 14 15 13 13
 12 12 11 11 10 10 11 11 10 11 10 10 12 11 12 12 12 12 11 11 10 10 10 10
 11 10 11 11 11 11 12 12 12 12 11 11 10 10  9 10  9  9 10  9 11 11 10 11
  9  9  9  9 12 11 13 12 14 15 13 14 12 13 11 11 17 10 30 23 38 35 38 38
 38 37 38 38 37 37 34 35 31 33 26 28 19 23 17 18 14 16 12 13 10 11  9  9
  8  8  8  8 17 14 18 18]"
2024-11-26 15:45:16.837266,"(-90.0, 13.33)","(5600, 5600)","[22 16 22 23 20 21 18 19 20 19 22 22 21 22 17 19 16 17 16 16 14 15 13 13
 12 12 11 11 10 10 11 11 10 11 10 10 12 11 12 12 12 12 11 11 10 10 10 10
 11 10 11 11 11 11 12 12 12 12 11 11 10 10 11 10 13 14 10  9 11 11 10 11
  9  9  9  9 12 11 13 12 14 15 13 14 14 13 27 21 38 34 42 41 43 42 55 50
 56 57 54 56 50 52 44 47 37 41 30 33 25 25 23 24 21 22 18 19 16 17 14 15
 12 13 11 11 10 10 10 10]"
2024-11-26 15:45:34.054310,"(-75.0, 13.33)","(5600, 5600)","[22 10 22 23 20 21 18 18 20 19 22 22 21 22 17 19 16 17 16 16 14 15 13 13
 12 12 11 11 10 10 11 11 10 11 10 10 12 11 12 12 12 12 11 11 10 10 10 10
 11 10 11 11 11 11 12 12 12 12 11 11 10 10  9 10  9  9 10  9 11 11 10 11
  9  9  9  9 12 11 13 12 14 15 13 14 22 19 35 28 46 42 51 49 51 51 50 50
 47 49 42 44 37 39 34 36 30 32 23 23 21 22 19 20 17 18 15 16 12 13 11 11
 10 10  9  9 15 14 10 15]"
2024-11-26 15:45:51.267296,"(-60.0, 13.33)","(5600, 5600)","[22 13 22 23 20 21 18 18 20 19 22 22 21 22 17 19 16 17 16 16 14 15 13 13
 12 12 11 11 10 10 11 11 11 11 10 11 12 11 12 12 12 12 11 11 10 10 10 10
 11 10 11 11 11 11 12 12 12 12 11 11 10 10  9 10  9  9 10  9 11 11 10 11
  9  9  9  9 12 11 13 12 14 15 13 14 12 13 24 17 39 33 48 44 54 52 54 55
 52 54 48 50 44 46 38 41 31 34 25 28 21 22 18 19 15 17 13 14 12 13 10 11
  9 10  9  9 19 16 18 19]"
2024-11-26 15:46:09.500772,"(-45.0, 13.33)","(5600, 5600)","[22  8 22 23 20 21 18 18 20 19 22 22 21 22 17 19 16 17 16 16 14 15 13 13
 12 12 11 11 10 10 11 11 10 11 10 10 12 11 12 12 12 12 11 11 10 10 10 10
 11 10 11 11 11 11 12 12 12 12 11 11 10 10  9 10 13  9 14 14 11 11 10 11
  9  9  9  9 12 11 13 12 14 15 13 14 12 13 11 11 18 10 35 26 45 40 47 46
 45 47 38 43 35 36 32 33 26 30 21 23 17 18 15 16 13 14 11 12  9 10  8  9
  8  8  8  8 14  9 15 15]"
2024-11-26 15:46:26.715577,"(-30.0, 13.33)","(5600, 5600)","[22  6 22 23 19 21 18 18 20 19 22 22 21 22 17 19 16 17 16 16 14 15 13 13
 12 12 11 11 10 10 11 11 10 11 10 10 12 11 12 12 12 12 11 11 10 10 10 10
 11 10 11 11 11 11 12 12 12 12 11 11 10 10  9 10  9  9 10  9 11 11 10 11
  9  9  9  9 19 15 25 23 26 26 24 25 20 22 16 18 11 14 24 16 35 30 41 39
 41 41 38 40 34 36 29 32 24 26 19 19 18 19 16 17 15 16 13 14 11 12 10 10
  8  9  8  8  9  9  9  9]"
2024-11-26 15:46:43.925203,"(-15.0, 13.33)","(5600, 5600)","[22 11 22 23 19 21 18 18 20 19 22 22 21 22 17 19 16 17 16 16 14 15 13 13
 12 12 11 11 10 10 11 11 10 11 10 10 12 11 12 12 12 12 11 11 10 10 10 10
 11 10 11 11 11 11 12 12 12 12 11 11 10 10  9 10  9  9 10  9 11 11 10 11
  9  9 15 10 27 21 32 30 33 33 33 33 32 33 30 32 27 28 25 25 40 32 44 43
 43 44 40 42 35 37 31 33 27 29 21 21 19 20 16 18 14 15 11 12 10 10  8  9
  7  8  8  8  9  9  9  9]"
2024-11-26 15:47:01.131428,"(0.0, 13.33)","(5600, 5600)","[22  9 22 23 19 20 18 18 20 19 22 22 21 22 17 19 16 17 16 16 14 15 13 13
 12 12 11 11 10 10 11 11 10 11 10 10 12 11 12 12 12 12 11 11 10 10 10 10
 11 10 11 11 11 11 12 12 12 12 11 11 10 10  9 10  9  9 10  9 11 11 10 11
 21  9 34 28 39 37 38 39 36 38 31 34 27 29 26 27 26 26 22 24 23 22 24 24
 26 24 27 27 26 27 24 25 19 22 18 18 16 17 14 15 12 13 10 11  9  9  8  8
  7  7  8  7  9  9  9  9]"
2024-11-26 15:47:18.337505,"(15.0, 13.33)","(5600, 5600)","[22 20 22 23 19 21 18 18 20 19 22 22 21 22 17 19 16 17 16 16 14 15 13 13
 12 12 11 11 10 10 11 11 10 11 10 10 12 11 12 12 12 12 11 11 10 10 10 10
 11 10 11 11 11 11 12 12 12 12 11 11 10 10  9 10  9  9 10  9 11 11 10 11
 24  9 43 35 52 48 54 54 53 54 48 51 42 45 35 37 34 34 41 36 48 45 48 49
 45 47 38 42 33 35 27 31 25 26 22 24 21 22 19 20 17 18 14 16 12 13 10 11
  8  8  8  8  9  9  9  9]"
2024-11-26 15:47:35.541217,"(30.0, 13.33)","(5600, 5600)","[22  8 22 23 19 20 18 18 20 19 22 22 21 22 17 19 16 17 16 16 14 15 13 13
 12 12 11 11 10 10 11 11 10 11 10 10 12 11 12 12 12 12 11 11 10 10 10 10
 11 10 11 11 11 11 12 12 12 12 11 11 10 10  9 10  9  9 10  9 11 11 10 11
 15  9 29 20 41 35 44 43 43 44 38 41 32 35 27 29 25 25 33 27 41 38 42 42
 39 41 33 36 29 31 22 27 20 21 18 19 16 17 15 15 13 14 11 12 10 11  9 10
  8  9  8  8  9  9  9  9]"
2024-11-26 15:47:52.746311,"(45.0, 13.33)","(5600, 5600)","[22 11 22 23 19 20 18 18 20 19 22 22 21 22 17 19 16 17 16 16 14 15 13 13
 12 12 11 11 10 10 11 11 10 11 10 10 12 11 12 12 12 12 11 11 10 10 10 10
 11 10 11 11 11 11 12 12 12 12 11 11 10 10  9 10  9  9 10  9 11 11 10 11
  9  9  9  9 23 17 27 26 26 27 23 25 20 22 18 19 19 17 28 22 34 32 35 35
 33 35 30 32 28 29 25 27 21 23 16 17 15 15 13 14 11 12 10 11 10 10  9  9
  8  9  8  8  9  9  9  9]"
2024-11-26 15:48:09.955330,"(60.0, 13.33)","(5600, 5600)","[22  6 22 23 19 20 18 18 20 19 22 22 21 22 17 19 16 17 16 16 14 15 13 13
 12 12 11 11 10 10 11 11 10 11 10 10 12 11 12 12 12 12 11 11 10 10 10 10
 11 10 11 11 11 11 12 12 12 12 11 11 10 10  9 10  9  9 10  9 11 11 11 11
 24 16 33 30 34 34 35 33 38 38 38 38 37 38 32 35 26 28 27 26 31 29 31 31
 30 31 29 29 25 27 20 23 18 19 16 17 15 15 14 14 12 13 11 12 11 11  9 10
  8  9  8  8  9  9  9  9]"
2024-11-26 15:48:27.166402,"(75.0, 13.33)","(5600, 5600)","[22  8 22 23 19 20 18 18 20 19 22 22 21 22 17 19 16 17 16 16 14 15 13 13
 12 12 11 11 10 10 11 11 10 11 10 10 12 11 12 12 12 12 11 11 10 10 10 10
 11 10 11 11 11 11 12 12 12 12 11 11 10 10  9 10  9  9 10  9 11 11 12 11
 19 16 30 24 35 33 34 35 33 34 29 31 25 27 21 23 14 19 24 20 29 27 28 29
 25 27 21 23 17 17 16 17 15 16 15 15 15 15 14 15 13 14 12 13 11 11 10 10
  9  9  9  9  9  9  9  9]"
2024-11-26 15:48:44.876794,"(90.0, 13.33)","(5600, 5600)","[21  7 22 23 19 20 18 18 20 19 22 22 21 22 17 19 16 17 16 16 14 15 13 13
 12 12 11 11 10 10 11 11 10 11 10 10 12 11 12 12 12 12 11 11 10 10 10 10
 11 10 11 11 11 11 12 12 12 12 11 11 10 10  9 10  9  9 10  9 11 11 15 11
 29 22 39 35 42 41 40 42 36 39 28 32 23 26 19 21 15 18 24 20 28 27 27 28
 26 27 24 25 18 22 17 17 16 16 15 15 15 15 14 15 12 13 10 11  9 10  9  9
  8  8  8  8  9  9  9  9]"
2024-11-26 15:49:44.404999,"(-75.0, -13.33)","(5600, 5600)","[21  3 21 23 19 20 19 18 23 22 23 23 21 22 17 19 16 17 16 16 14 15 13 13
 12 12 11 11 10 10 11 11 10 11 10 10 12 11 12 12 12 12 11 11 10 10 10 10
 11 10 11 11 11 11 12 12 12 12 11 11 10 10  9 10  9  9 10  9 11 11 10 11
 15  9 24 20 25 25 23 25 20 20 21 20 19 20 16 18 11 15 26 18 36 31 38 38
 36 38 32 34 28 30 25 26 22 23 18 18 17 17 16 16 14 15 13 14 12 12 11 11
 10 10  9  9  9  9  9  9]"
2024-11-26 15:50:01.619769,"(-60.0, -13.33)","(5600, 5600)","[21  6 21 23 19 20 18 18 21 20 22 22 21 22 17 19 16 17 16 16 14 15 13 13
 12 12 11 11 10 10 11 11 10 11 10 10 12 11 12 12 12 12 11 11 10 10 10 10
 11 10 11 11 11 11 12 12 12 12 11 11 10 10  9 10  9  9 10  9 11 11 10 11
 14  9 21 18 21 22 18 20 14 17 13 14 12 13 11 11 17 10 33 24 44 39 46 45
 44 46 38 42 34 36 28 31 23 25 18 19 17 18 15 16 13 14 12 12 11 11 10 10
  9  9  9  9  9  9  9  9]"
2024-11-26 15:50:18.828127,"(-45.0, -13.33)","(5600, 5600)","[21 11 21 23 19 20 18 18 20 19 22 22 21 22 17 19 16 17 16 16 14 15 13 13
 12 12 11 11 10 10 11 11 10 11 10 10 12 11 12 12 12 12 11 11 10 10 10 10
 11 10 11 11 11 11 12 12 12 12 11 11 10 10  9 10  9  9 10  9 11 11 10 11
  9  9  9  9 12 11 13 12 14 15 13 14 12 13 11 11 21 10 31 27 31 31 32 31
 33 34 31 32 27 29 22 24 20 21 15 15 13 14 12 13 11 12 10 11 10 10  9 10
  9  9  9  9  9  9  9  9]"
2024-11-26 15:50:36.041114,"(-30.0, -13.33)","(5600, 5600)","[21  9 21 23 19 20 18 18 20 19 22 22 21 22 17 19 16 17 16 16 14 15 13 13
 12 12 11 11 10 10 11 11 10 11 10 10 12 11 12 12 12 12 11 11 10 10 10 10
 11 10 11 11 11 11 12 12 12 12 11 11 10 10  9 10  9  9 10  9 11 11 10 11
 15  9 22 19 23 23 23 23 22 23 22 22 21 22 20 21 19 20 30 22 39 35 41 41
 39 41 33 37 28 30 23 26 18 21 17 18 16 16 14 15 13 13 13 13 13 13 13 13
 12 12 11 12 10 11  9 10]"
2024-11-26 15:50:53.248888,"(-15.0, -13.33)","(5600, 5600)","[21  4 21 23 19 20 18 18 20 19 22 22 21 22 17 19 16 17 16 16 14 15 13 13
 12 12 11 11 10 10 11 11 10 11 10 10 12 11 12 12 12 12 11 11 10 10 10 10
 11 10 11 11 11 11 12 12 12 12 11 11 10 10  9 10  9  9 10  9 11 11 12 11
 22 18 28 26 29 29 28 28 27 27 31 29 33 32 32 32 30 31 29 29 34 31 38 37
 36 38 32 34 29 30 26 27 20 24 19 20 17 18 16 17 16 16 16 16 16 16 15 16
 14 15 14 14 14 14 12 13]"
2024-11-26 15:51:10.455381,"(0.0, -13.33)","(5600, 5600)","[21  4 21 22 19 20 18 18 21 21 22 22 21 22 17 19 16 17 16 16 14 15 13 13
 12 12 11 11 10 10 11 11 10 11 10 10 12 11 12 12 12 12 11 11 10 10 10 10
 11 10 11 11 11 11 12 12 12 12 11 11 10 10  9 10  9  9 10  9 11 11 10 11
 13  9 14 14 12 11 19 12 25 21 32 29 33 33 30 32 27 28 26 27 27 26 30 29
 28 29 25 27 23 24 17 21 16 16 14 15 13 14 12 13 13 13 13 13 13 13 13 13
 13 13 13 13 12 12 12 12]"
2024-11-26 15:51:27.661790,"(15.0, -13.33)","(5600, 5600)","[21  9 21 22 19 20 18 18 20 19 22 22 21 22 17 19 16 17 16 16 14 15 13 13
 12 12 11 11 10 10 11 11 10 11 10 10 12 11 12 12 12 12 11 11 10 10 10 10
 11 10 11 11 11 11 12 12 12 12 11 11 10 10  9 10  9  9 10  9 11 11 10 11
  9  9  9  9 12 11 13 12 23 15 33 29 37 36 37 37 36 36 33 35 31 32 32 31
 32 33 30 32 26 28 18 24 18 18 17 17 16 16 15 15 14 14 14 14 14 14 14 14
 13 14 12 13 11 12 10 10]"
2024-11-26 15:51:45.891553,"(30.0, -13.33)","(5600, 5600)","[21  8 21 22 19 20 18 18 21 19 22 22 21 22 17 19 16 17 16 16 14 15 13 13
 12 12 11 11 10 10 11 11 10 11 10 10 12 11 12 12 12 12 11 11 10 10 10 10
 11 10 11 11 11 11 12 12 12 12 11 11 10 10  9 10  9  9 10  9 11 11 10 11
  9  9  9  9 12 11 13 12 21 15 34 28 38 36 41 39 43 43 42 43 40 41 38 38
 37 37 37 37 36 36 32 34 29 30 27 27 22 22 22 22 23 22 23 23 21 22 19 20
 18 18 17 18 15 16 14 14]"
2024-11-26 15:52:03.102444,"(45.0, -13.33)","(5600, 5600)","[21 11 21 22 19 20 18 18 20 19 22 22 21 22 17 19 16 17 16 16 14 15 13 13
 12 12 11 11 10 10 11 11 10 11 10 10 12 11 12 12 12 12 11 11 10 10 10 10
 11 10 11 11 11 11 12 12 12 12 11 11 10 10  9 10  9  9 10  9 11 11 10 11
 12  9 17 15 17 17 19 16 26 22 31 29 32 32 32 32 33 33 33 33 38 35 43 42
 43 44 40 42 34 37 31 32 27 29 22 22 20 21 18 19 16 17 15 16 15 15 14 14
 13 13 12 12 11 11 10 10]"
2024-11-26 15:52:20.310886,"(60.0, -13.33)","(5600, 5600)","[21  5 21 22 19 20 18 17 21 20 22 22 21 22 17 19 16 17 16 16 14 15 13 13
 12 12 11 11 10 10 11 11 10 11 10 10 12 11 12 12 12 12 11 11 10 10 10 10
 11 10 11 11 11 11 12 12 12 12 11 11 10 10  9 10  9  9 10  9 11 11 10 11
  9  9  9  9 12 11 13 12 14 15 13 14 12 13 16 11 28 23 34 31 37 36 38 38
 37 38 35 36 31 33 29 30 27 28 25 25 18 24 17 18 16 16 14 15 13 13 11 12
 10 10 14 11 23 19 25 24]"
2024-11-26 15:52:37.518251,"(75.0, -13.33)","(5600, 5600)","[21 11 21 22 19 20 18 17 21 20 22 22 21 22 17 19 16 17 16 16 14 15 13 13
 12 12 11 11 10 10 11 11 10 11 10 10 12 11 12 12 12 12 11 11 10 10 10 10
 11 10 11 11 11 11 12 12 12 12 11 11 10 10  9 10  9  9 10  9 11 11 10 11
  9  9  9  9 12 11 13 12 14 15 13 14 12 13 11 11 16 10 30 21 41 36 45 44
 44 45 41 43 37 39 35 36 31 33 28 29 24 26 19 23 19 19 18 18 18 18 17 18
 14 16 14 14 26 20 29 29]"
2024-11-26 15:53:36.541729,"(-90.0, 16.66)","(5600, 5600)","[21 20 23 23 19 21 17 18 20 19 22 22 21 22 17 19 16 17 16 16 14 15 13 13
 12 12 11 11 10 10 11 11 10 11 10 10 12 11 12 12 12 12 11 11 10 10 10 10
 11 10 11 11 11 11 12 12 12 12 11 11 12 10 20 15 28 24 30 30 29 30 26 28
 23 24 21 22 18 19 13 17 14 15 13 14 23 18 29 26 38 33 49 43 56 53 57 57
 56 57 52 54 43 47 40 41 36 38 30 33 25 26 21 23 17 19 14 16 12 13 10 11
  9 10  9  9 13  9 17 15]"
2024-11-26 15:53:52.736086,"(-78.0, 16.66)","(5600, 5600)","[20 14 21 22 18 20 17 17 20 19 22 22 21 22 17 19 16 17 16 16 14 15 13 13
 12 12 11 11 10 10 11 11 10 11 10 10 12 11 12 12 12 12 11 11 10 10 10 10
 11 10 11 11 11 11 12 12 12 12 11 11 14 10 23 19 29 27 31 30 30 31 27 29
 23 24 20 21 18 19 13 17 14 15 13 14 20 17 25 23 36 27 45 42 49 47 49 49
 47 48 43 46 37 40 33 35 28 31 22 24 20 21 17 18 15 16 13 14 12 13 10 11
  8  9  8  8  9  9 14  9]"
2024-11-26 15:54:08.934869,"(-66.0, 16.66)","(5600, 5600)","[20 14 21 22 18 20 17 17 20 19 22 22 21 22 17 19 16 17 16 16 14 15 13 13
 12 12 11 11 10 10 11 11 10 11 10 10 12 11 12 12 12 12 11 11 10 10 10 10
 11 10 11 11 11 11 12 12 12 12 11 11 21 15 33 28 36 36 34 35 32 33 30 31
 25 28 21 23 14 19 14 14 14 15 18 15 22 20 26 21 38 33 42 41 43 43 42 43
 41 41 40 40 37 38 31 34 26 29 21 22 18 19 16 17 15 15 14 14 12 13 10 11
  9  9 15 11 15 15 15 14]"
2024-11-26 15:54:25.331838,"(-54.0, 16.66)","(5600, 5600)","[20 12 21 22 18 20 17 17 20 19 22 22 21 22 17 19 16 17 16 16 14 15 13 13
 12 12 11 11 10 10 11 11 10 11 10 10 12 11 12 12 12 12 11 11 10 10 10 10
 11 10 11 11 11 11 12 12 12 12 11 11 16 10 27 23 29 30 27 28 23 25 21 22
 18 20 15 17 12 11 13 12 14 15 13 14 14 13 19 17 20 20 30 23 40 36 42 42
 40 41 37 39 33 35 29 31 25 27 18 18 17 17 15 16 13 14 12 12 10 11 10 10
 17 10 20 19 19 20 17 18]"
2024-11-26 15:54:41.527107,"(-42.0, 16.66)","(5600, 5600)","[20  5 21 22 18 20 17 17 20 19 22 22 21 22 17 19 16 17 16 16 14 15 13 13
 12 12 11 11 10 10 11 11 10 11 10 10 12 11 12 12 12 12 11 11 10 10 10 10
 11 10 11 11 11 11 12 12 12 12 11 11 10 10 14 10 18 18 17 18 11 16 10 11
  9  9  9  9 12 11 13 12 14 15 13 14 12 13 11 11 10 10 26 16 41 34 46 45
 45 46 40 43 34 37 30 32 27 28 23 25 18 19 16 17 15 16 13 14 12 13 11 11
 10 10  9  9  9  9  9  9]"
2024-11-26 15:54:57.720691,"(-30.0, 16.66)","(5600, 5600)","[20  8 21 22 18 20 17 17 20 19 22 22 21 22 17 19 16 17 16 16 14 15 13 13
 12 12 11 11 10 10 11 11 10 11 10 10 12 11 12 12 12 12 11 11 10 10 10 10
 11 10 11 11 11 11 12 12 12 12 11 11 10 10  9 10 13  9 14 14 11 11 10 11
  9  9  9  9 12 11 13 12 14 15 13 14 17 18 17 17 15 16 20 16 30 25 34 31
 39 37 40 40 37 38 34 36 29 32 23 26 18 18 17 17 15 16 12 13 10 11  8  9
  7  7  8  7  9  9  9  9]"
2024-11-26 15:55:15.136091,"(-18.0, 16.66)","(5600, 5600)","[20 10 21 22 18 20 17 17 20 19 22 22 21 22 17 19 16 17 16 16 14 15 13 13
 12 12 11 11 10 10 11 11 10 11 10 10 12 11 12 12 12 12 11 11 10 10 10 10
 11 10 11 11 11 11 12 12 12 12 11 11 10 10  9 10  9  9 10  9 11 11 10 11
  9  9  9  9 21 17 27 24 28 29 33 29 35 35 33 34 31 31 32 31 33 32 42 38
 46 45 44 45 38 41 34 36 30 32 26 28 21 22 17 19 14 15 12 13 10 11  9 10
  9  9  8  8  9  9  9  9]"
2024-11-26 15:55:31.529610,"(-6.0, 16.66)","(5600, 5600)","[20  7 21 22 18 20 17 17 20 19 22 22 21 22 17 19 16 17 16 16 14 15 13 13
 12 12 11 11 10 10 11 11 10 11 10 10 12 11 12 12 12 12 11 11 10 10 10 10
 11 10 11 11 11 11 12 12 12 12 11 11 10 10  9 10  9  9 10  9 11 11 10 11
 17  9 32 24 43 39 46 45 44 46 42 43 40 41 37 39 33 34 30 31 29 29 29 29
 26 28 21 21 21 21 21 21 20 20 19 19 17 18 14 15 13 14 12 13 11 12 10 11
  9  9  9  9  9  9  9  9]"
2024-11-26 15:55:47.923657,"(6.0, 16.66)","(5600, 5600)","[20  7 21 22 18 20 17 17 20 19 22 22 21 22 17 19 16 17 16 16 14 15 13 13
 12 12 11 11 10 10 11 11 10 11 10 10 12 11 12 12 12 12 11 11 10 10 10 10
 11 10 11 11 11 11 12 12 12 12 11 11 10 10  9 10  9  9 10  9 11 11 10 11
 19  9 37 28 48 43 50 50 48 50 43 46 39 41 34 37 30 32 27 28 31 29 31 32
 27 30 21 21 20 20 19 19 18 19 17 18 15 16 13 14 12 13 11 12 10 11  9 10
  9  9  9  9  9  9  9  9]"
2024-11-26 15:56:05.837395,"(18.0, 16.66)","(5600, 5600)","[20  2 21 22 18 20 17 17 20 19 22 22 21 22 17 19 16 17 16 16 14 15 13 13
 12 12 11 11 10 10 11 11 10 11 10 10 12 11 12 12 12 12 11 11 10 10 10 10
 11 10 11 11 11 11 12 12 12 12 11 11 10 10  9 10  9  9 10  9 11 11 10 11
 20  9 39 30 48 44 49 49 44 48 40 41 39 40 35 37 31 33 27 29 27 27 32 30
 35 35 33 34 22 30 21 22 19 20 17 18 15 16 14 14 13 13 11 12 10 11  8  9
  7  7  8  7  9  9  9  9]"
2024-11-26 15:56:22.231788,"(30.0, 16.66)","(5600, 5600)","[20  8 21 22 18 20 17 17 20 19 22 22 21 22 17 19 16 17 16 16 14 15 13 13
 12 12 11 11 10 10 11 11 10 11 10 10 12 11 12 12 12 12 11 11 10 10 10 10
 11 10 11 11 11 11 12 12 12 12 11 11 10 10  9 10  9  9 10  9 11 11 10 11
  9  9 20 14 28 25 27 28 27 25 32 29 31 32 27 30 23 24 25 23 29 27 30 29
 31 32 29 31 26 27 23 25 17 21 15 16 13 14 12 13 11 12 10 11  9  9  8  8
  8  8  8  8  9  9  9  9]"
2024-11-26 15:56:38.628192,"(42.0, 16.66)","(5600, 5600)","[20  8 21 22 18 19 17 17 20 19 22 22 21 22 17 19 16 17 16 16 14 15 13 13
 12 12 11 11 10 10 11 11 10 11 10 10 12 11 12 12 12 12 11 11 10 10 10 10
 11 10 11 11 11 11 12 12 12 12 11 11 10 10  9 10  9  9 10  9 11 11 10 11
  9  9  9  9 12 11 13 12 14 15 20 17 20 20 17 19 15 16 16 15 21 18 28 26
 27 28 24 25 22 23 19 20 13 17 13 13 11 12 11 11 11 12 10 11 10 10  9  9
  9  9  9  9  9  9  9  9]"
2024-11-26 15:56:55.025357,"(54.0, 16.66)","(5600, 5600)","[20 10 21 22 18 19 17 17 20 19 22 22 21 22 17 19 16 17 16 16 14 15 13 13
 12 12 11 11 10 10 11 11 10 11 10 10 12 11 12 12 12 12 11 11 10 10 10 10
 11 10 11 11 11 11 12 12 12 12 11 11 10 10  9 10  9  9 10  9 11 11 10 11
 13  9 16 15 17 17 13 17 24 15 30 28 29 29 24 26 20 21 18 18 24 20 31 28
 32 33 30 31 24 27 20 22 15 18 14 15 12 13 12 12 11 12 11 11 10 10  8  9
  7  8  8  7  9  9  9  9]"
2024-11-26 15:57:12.939048,"(66.0, 16.66)","(5600, 5600)","[20 12 21 22 18 19 17 17 20 19 22 22 21 22 17 19 16 17 16 16 14 15 13 13
 12 12 11 11 10 10 11 11 10 11 10 10 12 11 12 12 12 12 11 11 10 10 10 10
 11 10 11 11 11 11 12 12 12 12 11 11 10 10  9 10  9  9 10  9 11 11 10 11
 13  9 25 17 33 29 34 34 34 34 34 33 32 33 29 30 29 27 37 32 41 40 40 41
 38 39 34 36 30 32 22 27 20 21 18 19 16 17 14 15 12 13 11 11  9 10  8  9
  8  8  8  8  9  9  9  9]"
2024-11-26 15:57:29.336578,"(78.0, 16.66)","(5600, 5600)","[20 12 21 22 18 19 17 17 20 19 22 22 21 22 17 19 16 17 16 16 14 15 13 13
 12 12 11 11 10 10 11 11 10 11 10 10 12 11 12 12 12 12 11 11 10 10 10 10
 11 10 11 11 11 11 12 12 12 12 11 11 10 10  9 10  9  9 10  9 11 11 10 11
 16  9 31 23 41 36 43 43 41 43 36 39 32 34 26 29 21 22 16 16 16 16 19 16
 22 22 21 22 16 16 15 16 13 14 11 12 10 10 11 10 11 12 10 11  8  9  8  8
  7  7  8  7  9  9  9  9]"
2024-11-26 15:57:45.733015,"(90.0, 16.66)","(5600, 5600)","[20 10 21 22 18 19 17 17 20 19 22 22 21 22 17 19 16 17 16 16 14 15 13 13
 12 12 11 11 10 10 11 11 10 11 10 10 12 11 12 12 12 12 11 11 15 10 19 18
 20 20 18 19 11 17 12 12 12 12 11 11 10 10  9 10  9  9 10  9 11 11 11 11
 23 15 37 30 45 41 46 46 43 45 36 40 29 32 23 26 17 21 17 17 20 17 23 21
 24 24 24 24 23 23 18 22 17 18 15 16 14 15 12 13 11 12 10 11  9  9  8  8
  7  7  8  7  9  9  9  9]"
2024-11-26 15:58:45.569302,"(-78.0, -16.66)","(5600, 5600)","[20  6 21 22 18 19 17 17 21 19 22 22 21 22 17 19 16 17 16 16 14 15 13 13
 12 12 11 11 10 10 11 11 10 11 10 10 12 11 12 12 12 12 11 11 10 10 10 10
 11 10 11 11 11 11 12 12 12 12 11 11 10 10  9 10  9  9 10  9 11 11 10 11
 17  9 28 22 33 31 30 32 27 28 27 27 25 26 21 23 22 20 31 25 39 35 42 41
 41 42 37 39 30 33 25 27 19 23 18 19 16 17 14 15 14 14 13 14 12 13 11 12
  9 10  9  9  9  9  9  9]"
2024-11-26 15:59:02.266434,"(-66.0, -16.66)","(5600, 5600)","[20 11 21 22 18 19 17 17 21 19 22 22 21 22 17 19 16 17 16 16 14 15 13 13
 12 12 11 11 10 10 11 11 10 11 10 10 12 11 12 12 12 12 11 11 10 10 10 10
 11 10 11 11 11 11 12 12 12 12 11 11 10 10  9 10  9  9 10  9 11 11 10 11
  9  9 14 12 18 16 13 18 14 15 13 14 12 13 11 11 10 10 19 13 34 27 39 38
 39 40 35 37 29 32 24 26 21 22 16 16 15 16 15 15 13 14 12 13 11 11 10 10
  9  9  9  9  9  9  9  9]"
2024-11-26 15:59:18.665851,"(-54.0, -16.66)","(5600, 5600)","[20  8 21 22 18 19 17 17 20 19 22 22 21 22 17 19 16 17 16 16 14 15 13 13
 12 12 11 11 10 10 11 11 10 11 10 10 12 11 12 12 12 12 11 11 10 10 10 10
 11 10 11 11 11 11 12 12 12 12 11 11 10 10  9 10  9  9 10  9 11 11 10 11
  9  9  9  9 12 11 13 12 14 15 13 14 12 13 11 11 10 10 23 14 36 30 40 39
 39 40 34 37 28 31 23 25 19 21 15 15 14 14 13 13 13 13 12 13 11 11 10 10
  9 10  9  9  9  9  9  9]"
2024-11-26 15:59:34.864860,"(-42.0, -16.66)","(5600, 5600)","[20  8 21 22 18 19 17 17 20 19 22 22 21 22 17 19 16 17 16 16 14 15 13 13
 12 12 11 11 10 10 11 11 10 11 10 10 12 11 12 12 12 12 11 11 10 10 10 10
 11 10 11 11 11 11 12 12 12 12 11 11 10 10  9 10  9  9 10  9 11 11 10 11
 12  9 18 15 18 18 13 17 14 15 13 14 12 13 11 11 16 10 26 21 35 31 40 38
 39 40 36 38 30 33 26 28 22 24 16 17 15 16 13 14 11 12 11 11 11 11 10 10
  9  9  8  8  9  9  9  9]"
2024-11-26 15:59:51.564598,"(-30.0, -16.66)","(5600, 5600)","[19  9 21 22 18 19 17 17 20 19 22 22 21 22 17 19 16 17 16 16 14 15 13 13
 12 12 11 11 10 10 11 11 10 11 10 10 12 11 12 12 12 12 11 11 10 10 10 10
 11 10 11 11 11 11 12 12 12 12 11 11 10 10  9 10  9  9 10  9 11 11 10 11
  9  9  9  9 12 11 13 12 14 15 13 14 12 13 11 11 10 10 24 17 31 28 36 34
 37 38 35 37 29 32 25 27 22 24 19 20 15 15 13 14 12 12 12 12 12 12 11 11
 10 10  9  9  9  9  9  9]"
2024-11-26 16:00:07.961780,"(-18.0, -16.66)","(5600, 5600)","[19  6 21 22 18 19 17 16 20 19 22 22 21 22 17 19 16 17 16 16 14 15 13 13
 12 12 11 11 10 10 11 11 10 11 10 10 12 11 12 12 12 12 11 11 10 10 10 10
 11 10 11 11 11 11 12 12 12 12 11 11 10 10  9 10  9  9 10  9 11 11 18 11
 25 23 26 26 25 26 22 23 27 22 34 32 34 34 33 33 32 33 30 31 30 30 36 33
 37 38 35 36 29 32 27 28 21 25 19 20 17 18 16 17 15 16 13 14 12 13 11 11
 10 10 10 10 10 10 10 10]"
2024-11-26 16:00:24.356559,"(-6.0, -16.66)","(5600, 5600)","[19 16 21 22 18 19 17 16 20 19 22 22 21 22 17 19 16 17 16 16 14 15 13 13
 12 12 11 11 10 10 11 11 10 11 10 10 12 11 12 12 12 12 11 11 10 10 10 10
 11 10 11 11 11 11 12 12 12 12 11 11 10 10  9 10  9  9 10  9 11 11 15 11
 23 20 24 24 24 23 39 32 49 45 53 52 52 53 49 51 41 45 34 37 32 33 32 32
 30 31 28 29 23 23 23 23 21 22 19 20 18 19 17 18 15 16 14 15 14 14 17 13
 22 22 22 23 20 21 14 19]"
2024-11-26 16:00:40.751793,"(6.0, -16.66)","(5600, 5600)","[19 10 21 22 18 19 17 16 20 19 22 22 21 22 17 19 16 17 16 16 14 15 13 13
 12 12 11 11 10 10 11 11 10 11 10 10 12 11 12 12 12 12 11 11 10 10 10 10
 11 10 11 11 11 11 12 12 12 12 11 11 10 10  9 10  9  9 10  9 11 11 10 11
 14  9 21 18 25 23 30 27 38 33 46 42 49 48 47 48 42 45 36 39 30 33 30 29
 33 31 33 33 30 32 26 28 21 24 19 21 17 18 17 17 17 17 17 17 23 21 25 23
 29 29 29 29 27 28 23 25]"
2024-11-26 16:00:57.650366,"(18.0, -16.66)","(5600, 5600)","[19  6 21 22 18 19 17 16 20 19 22 22 21 22 17 19 16 17 16 16 14 15 13 13
 12 12 11 11 10 10 11 11 10 11 10 10 12 11 12 12 12 12 11 11 10 10 10 10
 11 10 11 11 11 11 12 12 12 12 11 11 10 10  9 10  9  9 10  9 11 11 10 11
 12  9 22 17 25 24 23 24 29 23 40 35 41 41 41 41 40 40 38 39 36 37 34 35
 31 32 30 30 29 29 27 28 27 27 27 27 21 27 22 21 27 22 28 28 28 28 22 27
 21 22 20 21 18 19 16 17]"
2024-11-26 16:01:13.845889,"(30.0, -16.66)","(5600, 5600)","[19 11 21 22 18 19 17 16 20 19 22 22 21 22 17 19 16 17 16 16 14 15 13 13
 12 12 11 11 10 10 11 11 10 11 10 10 12 11 12 12 12 12 11 11 10 10 10 10
 11 10 11 11 11 11 12 12 12 12 11 11 10 10  9 10  9  9 10  9 11 11 13 11
 19 15 25 22 28 27 27 27 28 26 33 30 34 33 41 38 44 44 43 44 43 43 43 43
 43 43 41 42 36 39 34 35 32 33 31 32 25 30 24 24 24 24 24 24 24 24 21 22
 20 20 20 20 20 20 19 20]"
2024-11-26 16:01:30.241403,"(42.0, -16.66)","(5600, 5600)","[19 10 21 22 17 19 17 16 20 19 22 22 21 22 17 19 16 17 16 16 14 15 13 13
 12 12 11 11 10 10 11 11 10 11 10 10 12 11 12 12 12 12 11 11 10 10 10 10
 11 10 11 11 11 11 12 12 12 12 11 11 10 10  9 10  9  9 10  9 11 11 10 11
  9  9  9  9 12 11 13 12 14 15 26 20 29 28 27 28 25 25 23 24 32 27 42 38
 44 44 42 43 38 40 33 35 30 32 27 29 21 25 19 20 17 17 17 17 17 17 16 17
 15 15 13 14 12 13 11 11]"
2024-11-26 16:01:47.143536,"(54.0, -16.66)","(5600, 5600)","[19  5 21 22 17 19 17 16 20 19 22 22 21 22 17 19 16 17 16 16 14 15 13 13
 12 12 11 11 10 10 11 11 10 11 10 10 12 11 12 12 12 12 11 11 10 10 10 10
 11 10 11 11 11 11 12 12 12 12 11 11 10 10  9 10  9  9 10  9 11 11 10 11
  9  9  9  9 12 11 13 12 14 15 13 14 17 13 32 25 42 39 43 43 43 43 46 44
 48 48 47 48 44 46 39 42 34 36 31 33 29 30 23 27 22 23 22 22 21 21 19 20
 16 17 13 14 11 12 10 11]"
2024-11-26 16:02:03.339462,"(66.0, -16.66)","(5600, 5600)","[19  8 21 22 17 19 18 16 24 23 23 24 21 22 18 19 16 17 16 16 14 15 13 13
 12 12 11 11 10 10 11 11 10 11 10 10 12 11 12 12 12 12 11 11 10 10 10 10
 11 10 11 11 11 11 12 12 12 12 11 11 10 10  9 10  9  9 10  9 11 11 10 11
 13  9 16 15 17 17 18 18 14 17 13 14 15 13 28 22 37 34 38 38 36 36 39 36
 46 44 46 46 43 44 39 41 34 37 30 32 23 27 21 22 19 20 19 19 18 18 16 17
 14 15 12 13 10 11  9 10]"
2024-11-26 16:02:19.735284,"(78.0, -16.66)","(5600, 5600)","[19 11 21 22 18 19 20 18 26 25 25 26 21 24 18 20 17 17 16 16 14 15 13 13
 12 12 11 11 10 10 11 11 10 11 10 10 12 11 12 12 12 12 11 11 10 10 10 10
 11 10 11 11 11 11 12 12 12 12 11 11 10 10  9 10  9  9 10  9 11 11 10 11
  9  9 14 13 22 18 24 24 21 23 19 20 18 19 19 18 21 21 30 24 42 37 45 45
 45 45 42 44 39 41 35 37 29 33 24 26 20 21 19 19 17 18 16 17 15 16 13 14
 12 12 10 11  9 10  9  9]"
2024-11-26 16:03:19.576087,"(-90.0, 20.0)","(5600, 5600)","[19 15 20 21 17 19 17 16 20 19 22 22 21 22 17 19 16 17 16 16 14 15 13 13
 12 12 11 11 10 10 11 11 10 11 10 10 12 11 12 12 12 12 11 11 10 10 10 10
 11 10 11 11 11 11 12 12 12 12 11 11 18 13 28 24 33 32 33 33 31 32 30 30
 30 30 30 30 29 29 27 28 25 26 23 24 17 21 19 17 30 23 42 36 50 47 50 50
 48 50 44 47 40 42 36 38 30 33 24 26 21 22 17 19 14 15 12 13 11 12 10 11
 10 10  9  9  9  9  9  9]"
2024-11-26 16:03:35.364793,"(-80.0, 20.0)","(5600, 5600)","[19  9 20 21 17 19 17 16 20 19 22 22 21 22 17 19 16 17 16 16 14 15 13 13
 12 12 11 11 10 10 11 11 10 11 10 10 12 11 12 12 12 12 11 11 10 10 10 10
 11 10 11 11 11 11 12 12 12 12 11 11 20 13 31 26 35 34 34 35 32 33 28 30
 25 26 23 24 22 23 23 22 24 24 21 23 15 20 20 15 31 24 41 37 44 43 44 44
 44 44 43 43 39 41 34 37 29 32 23 24 20 22 17 18 14 15 12 13 11 12 11 11
 11 11 11 11 10 10  9 10]"
2024-11-26 16:03:51.156099,"(-70.0, 20.0)","(5600, 5600)","[19  7 20 21 17 19 17 16 20 19 22 22 21 22 17 19 16 17 16 16 14 15 13 13
 12 12 11 11 10 10 11 11 10 11 10 10 12 11 12 12 12 12 11 11 10 10 10 10
 11 10 11 11 11 11 12 12 12 12 11 11 19 13 32 27 37 37 37 37 34 35 31 33
 28 30 25 26 23 24 21 22 25 20 32 29 32 32 30 31 28 29 29 28 33 31 35 35
 35 35 35 35 33 34 29 31 22 26 19 21 16 17 13 14 13 13 12 13 12 12 12 12
 11 11 11 11 11 11 11 11]"
2024-11-26 16:04:06.944782,"(-60.0, 20.0)","(5600, 5600)","[19  6 20 21 17 19 17 16 20 19 22 22 21 22 17 19 16 17 16 16 14 15 13 13
 12 12 11 11 10 10 11 11 10 11 10 10 12 11 12 12 12 12 11 11 10 10 10 10
 11 10 11 11 11 11 12 12 12 12 11 11 17 13 30 25 35 34 33 34 29 31 25 27
 21 23 20 20 19 19 13 18 22 15 30 27 31 31 29 31 24 27 23 23 35 29 40 39
 38 40 34 36 30 32 26 28 20 24 18 19 15 16 13 14 12 12 11 11 11 11 11 11
 11 11 11 11 11 11 11 11]"
2024-11-26 16:04:22.735966,"(-50.0, 20.0)","(5600, 5600)","[19 15 20 21 17 19 17 16 20 19 22 22 21 22 17 19 16 17 16 16 14 15 13 13
 12 12 11 11 10 10 11 11 10 11 10 10 12 11 12 12 12 12 11 11 10 10 10 10
 11 10 11 11 11 11 12 12 12 12 11 11 16 10 33 26 39 38 39 39 34 37 27 30
 21 24 17 19 13 13 13 13 14 15 13 14 22 20 23 23 22 22 27 23 37 32 38 38
 36 38 33 35 28 31 23 26 19 22 18 18 18 18 18 18 17 17 23 22 18 23 17 18
 15 16 13 14 11 12 10 11]"
2024-11-26 16:04:38.525717,"(-40.0, 20.0)","(5600, 5600)","[19  7 20 21 17 19 17 16 20 19 22 22 21 22 17 19 16 17 16 16 14 15 13 13
 12 12 11 11 10 10 11 11 10 11 10 10 12 11 12 12 12 12 11 11 10 10 10 10
 11 10 11 11 11 11 12 12 12 12 11 11 10 10 15 10 27 23 29 29 27 29 23 25
 19 21 16 18 12 15 13 12 14 15 13 14 29 23 32 31 30 32 27 29 34 30 41 38
 41 42 38 40 31 34 25 28 19 23 16 18 14 15 12 13 11 12 11 11 10 10 10 10
  9  9  8  8 14  9 18 17]"
2024-11-26 16:04:54.313886,"(-30.0, 20.0)","(5600, 5600)","[19 12 20 21 17 19 17 16 20 19 22 22 21 22 17 19 16 17 16 16 14 15 13 13
 12 12 11 11 10 10 11 11 10 11 10 10 12 11 12 12 12 12 11 11 10 10 10 10
 11 10 11 11 11 11 12 12 12 12 11 11 10 10  9 10  9  9 10  9 11 11 10 11
  9  9  9  9 12 11 13 12 14 15 13 14 19 17 20 20 19 19 18 18 27 22 30 29
 36 29 41 40 38 40 33 35 29 31 24 26 18 22 16 17 14 15 13 13 11 12 10 10
  9  9  9  9  9  9  9  9]"
2024-11-26 16:05:10.605669,"(-20.0, 20.0)","(5600, 5600)","[19  9 20 21 17 19 17 16 20 19 22 22 21 22 17 19 16 17 16 16 14 15 13 13
 12 12 11 11 10 10 11 11 10 11 10 10 12 11 12 12 12 12 11 11 10 10 10 10
 11 10 11 11 11 11 12 12 12 12 11 11 10 10  9 10  9  9 10  9 11 11 10 11
  9  9  9  9 14 11 20 18 22 22 22 22 22 22 20 21 18 19 18 18 19 18 32 26
 42 37 46 45 44 45 41 43 36 39 31 33 21 28 19 20 17 18 15 16 13 14 11 12
  9 10  9  9  9  9  9  9]"
2024-11-26 16:05:26.391572,"(-10.0, 20.0)","(5600, 5600)","[19  7 20 21 17 19 17 16 20 19 22 22 21 22 17 19 16 17 16 16 14 15 13 13
 12 12 11 11 10 10 11 11 10 11 10 10 12 11 12 12 12 12 11 11 10 10 10 10
 11 10 11 11 11 11 12 12 12 12 11 11 10 10  9 10  9  9 10  9 11 11 10 11
  9  9 24 14 41 33 49 46 50 50 47 49 43 45 38 41 33 34 28 31 27 27 34 31
 36 36 35 35 35 35 32 34 28 31 22 23 19 20 16 17 14 15 13 13 12 12 11 11
  9 10  9  9  9  9  9  9]"
2024-11-26 16:05:42.181756,"(0.0, 20.0)","(5600, 5600)","[19  6 20 21 17 19 17 16 20 19 22 22 21 22 17 19 16 17 16 16 14 15 13 13
 12 12 11 11 10 10 11 11 10 11 10 10 12 11 12 12 12 12 11 11 10 10 10 10
 11 10 11 11 11 11 12 12 12 12 11 11 10 10  9 10  9  9 10  9 11 11 10 11
  9  9 15 12 37 25 47 43 48 48 45 47 38 42 33 36 29 31 24 26 18 22 18 18
 18 18 17 18 16 17 15 16 14 14 13 13 11 12 11 11 11 12 10 11  8  9  8  8
  7  7  8  7  9  9  9  9]"
2024-11-26 16:05:57.972644,"(10.0, 20.0)","(5600, 5600)","[19 14 21 22 18 19 17 16 20 19 22 22 21 22 17 19 16 17 16 16 14 15 13 13
 12 12 11 11 10 10 11 11 10 11 10 10 12 11 12 12 12 12 11 11 10 10 10 10
 11 10 11 11 11 11 12 12 12 12 11 11 10 10  9 10  9  9 10  9 11 11 10 11
 17  9 33 24 48 41 52 51 50 52 47 49 42 44 37 39 34 35 31 32 30 30 29 30
 27 29 22 22 21 21 19 20 17 18 15 16 13 14 12 13 11 12 10 11  9 10  9  9
  8  8  8  8  9  9  9  9]"
2024-11-26 16:06:13.760358,"(20.0, 20.0)","(5600, 5600)","[19 17 21 22 17 19 17 16 20 19 22 22 21 22 17 19 16 17 16 16 14 15 13 13
 12 12 11 11 10 10 11 11 10 11 10 10 12 11 12 12 12 12 11 11 10 10 10 10
 11 10 11 11 11 11 12 12 12 12 11 11 10 10  9 10  9  9 10  9 11 11 10 11
  9  9 31 17 47 40 52 50 51 52 47 50 41 44 34 38 27 30 24 25 26 24 32 30
 32 33 30 31 28 29 21 26 20 21 17 18 14 15 12 13 11 12 10 11 10 10 10 10
 10 10  9 10  9  9  9  9]"
2024-11-26 16:06:29.548305,"(30.0, 20.0)","(5600, 5600)","[19  6 20 21 17 19 17 16 20 19 22 22 21 22 17 19 16 17 16 16 14 15 13 13
 12 12 11 11 10 10 11 11 10 11 10 10 12 11 12 12 12 12 11 11 10 10 10 10
 11 10 11 11 11 11 12 12 12 12 11 11 10 10  9 10  9  9 10  9 11 11 10 11
  9  9  9  9 20 16 24 23 22 24 19 21 18 19 16 17 15 16 16 15 22 19 37 31
 42 42 41 42 36 39 29 32 23 26 17 17 14 15 12 13 11 12 10 11  8  9  8  8
  7  7  8  7  9  9  9  9]"
2024-11-26 16:06:45.335839,"(40.0, 20.0)","(5600, 5600)","[19  6 20 21 17 19 17 16 20 19 22 22 21 22 17 19 16 17 16 16 14 15 13 13
 12 12 11 11 10 10 11 11 10 11 10 10 12 11 12 12 12 12 11 11 10 10 10 10
 11 10 11 11 11 11 12 12 12 12 11 11 10 10  9 10  9  9 10  9 11 11 10 11
  9  9  9  9 12 11 13 12 14 15 13 14 12 13 11 11 10 10 15 13 20 18 30 25
 36 35 35 36 32 34 27 30 22 24 17 19 14 14 12 13 11 12 10 11  8  9  7  8
  7  7  8  7  9  9  9  9]"
2024-11-26 16:07:01.124054,"(50.0, 20.0)","(5600, 5600)","[19 10 20 21 17 19 17 16 20 19 22 22 21 22 17 19 16 17 16 16 14 15 13 13
 12 12 11 11 10 10 11 11 10 11 10 10 12 11 12 12 12 12 11 11 22 18 22 23
 20 22 18 19 11 16 12 12 12 12 11 11 10 10  9 10  9  9 10  9 11 11 10 11
  9  9  9  9 12 11 13 12 14 15 13 14 12 13 11 11 10 10 18 14 22 21 24 23
 28 27 29 29 26 27 22 23 18 20 13 13 12 12 11 11 11 12 10 11  9 10  9  9
  9  9  9  9  9  9  9  9]"
2024-11-26 16:07:16.912668,"(60.0, 20.0)","(5600, 5600)","[19  9 20 21 17 19 16 16 20 19 22 22 21 22 17 19 16 17 16 16 14 15 13 13
 12 12 11 11 10 10 11 11 10 11 10 10 12 11 12 12 12 12 11 11 19 16 19 19
 17 18 11 11 11 11 12 12 12 12 11 11 10 10  9 10  9  9 10  9 11 11 10 11
  9  9  9  9 12 11 13 12 21 15 22 22 19 21 16 18 10 15 10 10 14 10 19 16
 23 24 22 23 19 21 12 18 12 12 11 12 11 11 11 11 11 12 10 11 10 10 10 10
 10 10  9  9  9  9  9  9]"
2024-11-26 16:07:32.700557,"(70.0, 20.0)","(5600, 5600)","[19  7 20 21 17 19 16 16 20 19 22 22 21 22 17 19 16 17 16 16 14 15 13 13
 12 12 11 11 10 10 11 11 10 11 10 10 12 11 12 12 12 12 11 11 10 10 10 10
 11 10 11 11 11 11 12 12 12 12 11 11 10 10  9 10  9  9 10  9 11 11 10 11
  9  9 25 15 38 32 43 41 43 43 42 43 38 40 33 36 27 30 22 24 23 18 32 28
 35 35 34 35 31 33 25 28 19 22 16 18 13 15 12 12 11 12 11 11 11 11 11 11
 11 11 10 10  9 10  9  9]"
2024-11-26 16:07:48.491363,"(80.0, 20.0)","(5600, 5600)","[19  9 20 21 17 19 16 16 20 19 22 22 21 22 17 19 16 17 16 16 14 15 13 13
 12 12 11 11 10 10 11 11 10 11 10 10 12 11 12 12 12 12 11 11 10 10 10 10
 11 10 11 11 11 11 12 12 12 12 11 11 10 10  9 10  9  9 10  9 11 11 10 11
 16  9 31 22 44 38 48 47 47 48 41 45 33 37 25 29 17 22 17 17 17 17 16 16
 19 15 26 22 26 27 23 25 17 21 15 16 13 14 12 12 11 12 10 11  9  9  8  8
  8  8  8  8  9  9  9  9]"
2024-11-26 16:08:04.781331,"(90.0, 20.0)","(5600, 5600)","[19  9 20 21 17 19 16 16 20 19 22 22 21 22 17 19 16 17 16 16 14 15 13 13
 12 12 11 11 10 10 11 11 10 11 10 10 12 11 12 12 12 12 11 11 11 10 18 15
 18 19 15 17 11 11 12 12 12 12 11 11 10 10  9 10  9  9 10  9 11 11 10 11
  9  9 21 14 34 28 37 36 34 36 28 32 22 25 18 20 13 16 12 12 17 12 27 23
 34 32 34 35 29 32 25 27 21 23 16 16 13 15 12 12 11 12 11 11 11 11 10 10
  8  9  8  8  9  9  9  9]"
2024-11-26 16:09:05.215388,"(-80.0, -20.0)","(5600, 5600)","[19  9 20 21 17 19 16 16 20 19 22 22 21 22 17 19 16 17 16 16 14 15 13 13
 12 12 11 11 10 10 11 11 10 11 10 10 12 11 12 12 12 12 11 11 18 14 20 19
 19 20 16 18 11 11 12 12 12 12 11 11 10 10  9 10  9  9 10  9 11 11 10 11
  9  9 22 16 29 26 29 29 27 28 24 26 21 23 19 20 17 18 19 17 30 24 37 34
 40 40 38 39 32 35 27 29 22 25 17 18 15 16 13 14 11 12 10 11  9  9  9  9
  8  8  8  8  9  9  9  9]"
2024-11-26 16:09:21.004887,"(-70.0, -20.0)","(5600, 5600)","[19 11 20 21 17 19 16 16 20 19 22 22 21 22 17 19 16 17 16 16 14 15 13 13
 12 12 11 11 10 10 11 11 10 11 10 10 12 11 12 12 12 12 11 11 10 10 10 10
 11 10 11 11 11 11 12 12 12 12 11 11 10 10  9 10  9  9 10  9 11 11 10 11
  9  9 16 12 21 19 20 21 14 19 13 14 12 13 11 11 10 10 20 15 28 24 35 32
 38 38 37 38 31 34 25 28 21 23 16 16 14 15 13 14 12 12 12 12 11 12 11 11
 10 11 10 10  9 10  9  9]"
2024-11-26 16:09:36.796710,"(-60.0, -20.0)","(5600, 5600)","[19  7 20 21 17 19 16 16 20 19 22 22 21 22 17 19 16 17 16 16 14 15 13 13
 12 12 11 11 10 10 11 11 10 11 10 10 12 11 12 12 12 12 11 11 10 10 10 10
 11 10 11 11 11 11 12 12 12 12 11 11 10 10  9 10  9  9 10  9 11 11 10 11
  9  9  9  9 12 11 13 12 14 15 13 14 12 13 11 11 10 10 10 10 18 14 27 24
 30 30 29 30 25 27 21 23 18 20 12 12 12 12 11 12 11 12 10 11  8  9  7  8
  7  7  8  7  9  9  9  9]"
2024-11-26 16:09:52.589345,"(-50.0, -20.0)","(5600, 5600)","[19  7 20 21 17 19 16 16 20 19 22 22 21 22 17 19 16 17 16 16 14 15 13 13
 12 12 11 11 10 10 11 11 10 11 10 10 12 11 12 12 12 12 11 11 10 10 10 10
 11 10 11 11 11 11 12 12 12 12 11 11 10 10  9 10  9  9 10  9 11 11 10 11
  9  9  9  9 12 11 13 12 14 15 13 14 12 13 11 11 13 10 19 16 20 19 30 25
 35 34 34 35 31 33 28 30 25 26 22 23 15 20 15 15 14 14 12 13 10 11  8  9
  7  8  8  8  9  9  9  9]"
2024-11-26 16:10:08.380841,"(-40.0, -20.0)","(5600, 5600)","[18  7 20 21 17 19 16 16 20 19 22 22 21 22 17 19 16 17 16 16 14 15 13 13
 12 12 11 11 10 10 11 11 10 11 10 10 12 11 12 12 12 12 11 11 10 10 10 10
 11 10 11 11 11 11 12 12 12 12 11 11 10 10  9 10  9  9 10  9 11 11 10 11
 13  9 16 14 12 16 13 12 14 15 13 14 12 13 11 11 21 10 32 27 34 33 32 33
 33 31 34 34 32 33 30 31 27 29 23 25 17 22 16 17 16 16 16 16 16 16 15 16
 13 14 11 12 10 11  9 10]"
2024-11-26 16:10:24.170745,"(-30.0, -20.0)","(5600, 5600)","[18  9 20 21 17 19 16 16 20 19 22 22 21 22 17 19 16 17 16 16 14 15 13 13
 12 12 11 11 10 10 11 11 10 11 10 10 12 11 12 12 12 12 11 11 10 10 10 10
 11 10 11 11 11 11 12 12 12 12 11 11 10 10  9 10  9  9 10  9 11 11 10 11
  9  9  9  9 12 11 13 12 14 15 13 14 12 13 11 11 18 10 27 23 30 29 30 30
 32 30 33 34 31 32 28 30 24 27 21 22 16 16 15 16 14 14 14 14 15 15 14 15
 14 14 12 13 10 11  9  9]"
2024-11-26 16:10:39.958080,"(-20.0, -20.0)","(5600, 5600)","[18  8 20 21 17 19 16 15 20 19 22 22 21 22 17 19 16 17 16 16 14 15 13 13
 12 12 11 11 10 10 11 11 10 11 10 10 12 11 12 12 12 12 11 11 10 10 10 10
 11 10 11 11 11 11 12 12 12 12 11 11 10 10  9 10  9  9 10  9 11 11 19 16
 21 19 26 24 26 26 26 26 26 26 26 26 23 25 21 22 19 20 13 13 19 13 33 27
 37 36 37 37 34 35 29 32 25 27 19 19 18 18 16 17 15 15 13 14 11 12  9 10
  8  9  8  8  9  9  9  9]"
2024-11-26 16:10:55.744167,"(-10.0, -20.0)","(5600, 5600)","[18 14 20 21 17 19 16 15 20 19 22 22 21 22 17 19 16 17 16 16 14 15 13 13
 12 12 11 11 10 10 11 11 10 11 10 10 12 11 12 12 12 12 11 11 10 10 10 10
 11 10 11 11 11 11 12 12 12 12 11 11 10 10  9 10  9  9 10  9 26 20 31 29
 31 31 30 30 34 31 43 38 49 47 50 50 49 50 44 47 38 40 34 36 31 32 31 30
 32 31 32 32 25 30 25 25 25 25 23 24 21 22 21 21 19 20 17 18 16 16 20 16
 24 22 25 25 24 25 17 22]"
2024-11-26 16:11:11.531140,"(0.0, -20.0)","(5600, 5600)","[18  4 20 21 17 19 16 15 20 19 22 22 21 22 17 19 16 17 16 16 14 15 13 13
 12 12 11 11 10 10 11 11 10 11 10 10 12 11 12 12 12 12 11 11 10 10 10 10
 11 10 11 11 11 11 12 12 12 12 11 11 10 10  9 10  9  9 10  9 11 11 10 11
  9  9 21 15 35 28 47 42 53 52 53 53 52 52 48 50 44 46 37 41 33 35 33 33
 30 32 30 29 30 30 24 29 24 24 23 24 21 22 18 19 16 17 14 15 15 13 24 20
 32 29 36 34 36 37 33 34]"
2024-11-26 16:11:27.320262,"(10.0, -20.0)","(5600, 5600)","[19 18 20 21 17 19 16 15 20 19 22 22 21 22 17 19 16 17 16 16 14 15 13 13
 12 12 11 11 10 10 11 11 10 11 10 10 12 11 12 12 12 12 11 11 10 10 10 10
 11 10 11 11 11 11 12 12 12 12 11 11 10 10  9 10  9  9 10  9 11 11 10 11
  9  9 15 11 23 19 36 29 47 42 53 51 52 53 49 51 42 45 37 40 33 35 30 31
 34 30 37 37 35 36 29 32 23 27 22 22 21 21 20 21 18 19 15 17 13 14 20 14
 24 21 32 27 32 33 28 31]"
2024-11-26 16:11:43.107349,"(20.0, -20.0)","(5600, 5600)","[18 12 20 21 17 19 16 15 20 19 22 22 21 22 17 19 16 17 16 16 14 15 13 13
 12 12 11 11 10 10 11 11 10 11 10 10 12 11 12 12 12 12 11 11 10 10 10 10
 11 10 11 11 11 11 12 12 12 12 11 11 10 10  9 10  9  9 10  9 11 11 10 11
  9  9  9  9 16 11 29 23 40 36 43 42 41 42 40 41 39 40 37 38 35 36 34 35
 32 33 33 33 32 33 29 30 29 29 28 29 22 27 22 22 23 23 23 23 23 23 23 23
 23 23 23 23 22 22 19 21]"
2024-11-26 16:11:58.895334,"(30.0, -20.0)","(5600, 5600)","[18  6 20 21 17 19 16 15 20 19 22 22 21 22 17 19 16 17 16 16 14 15 13 13
 12 12 11 11 10 10 11 11 10 11 10 10 12 11 12 12 12 12 11 11 10 10 10 10
 11 10 11 11 11 11 12 12 12 12 11 11 10 10  9 10  9  9 10  9 11 11 10 11
 13  9 19 17 22 21 22 22 21 22 25 22 30 28 30 28 33 33 32 33 32 32 31 32
 34 31 36 36 34 35 33 34 32 33 30 31 27 29 27 27 29 28 29 29 28 29 22 27
 23 22 23 23 22 23 22 22]"
2024-11-26 16:12:14.681902,"(40.0, -20.0)","(5600, 5600)","[18  8 20 21 17 19 16 15 20 19 22 22 21 22 17 19 16 17 16 16 14 15 13 13
 12 12 11 11 10 10 11 11 10 11 10 10 12 11 12 12 12 12 11 11 10 10 10 10
 11 10 11 11 11 11 12 12 12 12 11 11 10 10  9 10  9  9 10  9 11 11 10 11
  9  9  9  9 12 11 13 12 14 15 23 20 25 24 25 25 27 26 34 30 35 35 34 35
 34 33 36 35 36 36 34 35 32 32 31 31 29 30 27 28 24 26 20 20 19 19 17 18
 15 16 13 14 13 13 13 13]"
2024-11-26 16:12:30.470261,"(50.0, -20.0)","(5600, 5600)","[18  5 20 21 17 19 16 15 20 19 22 22 21 22 17 19 16 17 16 16 14 15 13 13
 12 12 11 11 10 10 11 11 10 11 10 10 12 11 12 12 12 12 11 11 10 10 10 10
 11 10 11 11 11 11 12 12 12 12 11 11 10 10  9 10  9  9 10  9 11 11 14 11
 24 20 25 25 23 25 19 21 14 17 13 14 14 13 29 21 39 36 41 41 39 40 36 37
 35 35 36 36 35 35 31 33 27 29 24 26 19 20 18 19 24 18 26 26 25 26 19 22
 17 18 14 16 12 13 11 12]"
2024-11-26 16:12:46.257202,"(60.0, -20.0)","(5600, 5600)","[18  8 20 21 17 18 16 15 20 19 22 22 21 22 17 19 16 17 16 16 14 15 13 13
 12 12 11 11 10 10 11 11 10 11 10 10 12 11 12 12 12 12 11 11 10 10 10 10
 11 10 11 11 11 11 12 12 12 12 11 11 10 10  9 10  9  9 10  9 11 11 14 11
 25 21 27 27 25 26 23 24 21 22 19 20 19 18 31 25 39 37 39 40 35 37 37 34
 45 42 46 46 43 44 39 41 35 37 30 32 24 28 22 23 21 21 22 22 22 22 20 21
 17 19 15 16 12 14 11 12]"
2024-11-26 16:13:02.045759,"(70.0, -20.0)","(5600, 5600)","[18 11 20 21 17 18 16 15 20 19 22 22 21 22 17 19 16 17 16 16 14 15 13 13
 12 12 11 11 10 10 11 11 10 11 10 10 12 11 12 12 12 12 11 11 10 10 10 10
 11 10 11 11 11 11 12 12 12 12 11 11 10 10  9 10 16  9 21 19 21 21 19 21
 17 18 15 16 12 15 13 12 14 15 13 14 25 20 29 27 31 30 32 32 30 31 34 32
 38 37 37 38 34 36 29 31 26 28 20 20 20 20 18 19 17 17 16 16 15 15 13 14
 12 13 10 11  9  9  9  9]"
2024-11-26 16:13:17.831988,"(80.0, -20.0)","(5600, 5600)","[18 13 20 21 17 18 16 15 20 19 22 22 21 22 17 19 16 17 16 16 14 15 13 13
 12 12 11 11 10 10 11 11 10 11 10 10 12 11 12 12 12 12 11 11 10 10 10 10
 11 10 11 11 11 11 12 12 12 12 11 11 10 10 14 10 24 20 26 26 25 26 24 25
 22 23 21 22 25 23 28 27 28 28 27 27 26 27 25 26 24 25 22 23 22 22 29 26
 34 33 35 35 33 34 30 31 26 28 20 21 19 20 17 18 14 15 12 13 11 12 10 11
  8  9  8  8  9  9  9  9]"
2024-11-26 16:14:18.279627,"(-90.0, 23.33)","(5600, 5600)","[18  7 20 21 17 18 16 15 20 19 22 22 21 22 17 19 16 17 16 16 14 15 13 13
 12 12 11 11 10 10 11 11 10 11 10 10 12 11 12 12 12 12 11 11 10 10 10 10
 11 10 11 11 11 11 14 12 23 18 29 27 29 29 37 32 47 43 50 49 49 50 44 47
 37 41 30 33 20 27 19 20 17 18 15 16 13 14 12 12 11 11 23 16 30 27 30 31
 29 29 28 28 29 29 29 29 28 29 26 27 24 25 18 23 17 18 17 17 23 22 18 23
 18 18 18 18 17 18 16 16]"
2024-11-26 16:14:33.662514,"(-81.42, 23.33)","(5600, 5600)","[19 17 20 21 17 18 16 15 20 19 22 22 21 22 17 19 16 17 16 16 14 15 13 13
 12 12 11 11 10 10 11 11 10 11 10 10 12 11 12 12 12 12 11 11 10 10 10 10
 11 10 11 11 11 11 12 12 12 12 24 15 39 32 50 46 53 53 51 53 44 48 36 40
 30 33 24 27 19 19 17 18 15 16 13 14 12 13 11 11 15 11 21 18 26 24 27 26
 26 27 22 25 21 21 23 22 25 25 25 25 23 24 20 22 15 17 15 15 14 14 13 13
 12 13 11 12 13 11 18 16]"
2024-11-26 16:14:49.046206,"(-72.85, 23.33)","(5600, 5600)","[18  7 20 21 17 18 16 15 20 19 22 22 21 22 17 19 16 17 16 16 14 15 13 13
 12 12 11 11 10 10 11 11 10 11 10 10 12 11 12 12 12 12 11 11 10 10 10 10
 11 10 11 11 11 11 12 12 12 12 16 12 33 24 40 38 45 40 54 50 54 55 51 53
 45 48 39 42 33 36 27 30 21 24 18 19 16 17 15 16 14 14 19 16 23 21 26 24
 28 28 27 28 25 26 22 24 17 21 16 17 15 16 22 15 26 26 26 27 24 25 17 22
 16 17 14 15 12 13 10 11]"
2024-11-26 16:15:04.427934,"(-64.28, 23.33)","(5600, 5600)","[18  4 20 21 17 18 16 15 20 19 22 22 21 22 17 19 16 17 16 16 14 15 13 13
 12 12 11 11 10 10 11 11 10 11 10 10 12 11 12 12 12 12 11 11 10 10 10 10
 11 10 11 11 11 11 12 12 12 12 11 11 21 15 33 27 44 38 50 48 50 50 45 48
 39 42 33 36 30 31 27 28 24 26 20 20 20 20 20 20 19 20 18 19 17 18 21 17
 28 25 31 30 30 30 27 28 25 25 23 24 19 19 22 18 27 26 27 27 19 25 18 19
 16 17 14 15 12 13 10 11]"
2024-11-26 16:15:20.310470,"(-55.71, 23.33)","(5600, 5600)","[18  6 20 21 17 18 16 15 20 19 22 22 21 22 17 19 16 17 16 16 14 15 13 13
 12 12 11 11 10 10 11 11 10 11 10 10 12 11 12 12 12 12 11 11 10 10 10 10
 11 10 11 11 11 11 12 12 12 12 11 11 13 10 25 20 36 31 43 40 45 44 43 44
 37 41 30 33 25 27 21 23 22 20 37 27 48 43 50 49 48 49 39 44 33 36 25 31
 24 24 24 24 30 29 29 30 24 28 23 24 19 21 16 18 13 14 12 12 12 11 12 12
 11 12 11 11 11 11 10 11]"
2024-11-26 16:15:35.694053,"(-47.14, 23.33)","(5600, 5600)","[18  6 20 21 17 18 16 15 20 19 22 22 21 22 17 19 16 17 16 16 14 15 13 13
 12 12 11 11 10 10 11 11 10 11 10 10 12 11 12 12 12 12 11 11 10 10 10 10
 11 10 11 11 11 11 12 12 12 12 11 11 10 10 14 10 22 19 28 25 29 29 27 28
 23 25 21 22 20 20 19 20 14 17 30 21 42 37 45 44 43 44 35 40 29 32 27 27
 35 29 41 39 41 41 39 40 34 37 29 32 24 24 21 23 18 20 16 17 14 15 12 13
 11 12 10 10  9 10  9  9]"
2024-11-26 16:15:51.076561,"(-38.57, 23.33)","(5600, 5600)","[18  8 20 21 17 18 16 15 20 19 22 22 21 22 17 19 16 17 16 16 14 15 13 13
 12 12 11 11 10 10 11 11 10 11 10 10 12 11 12 12 12 12 11 11 10 10 10 10
 11 10 11 11 11 11 12 12 12 12 11 11 10 10 13 10 24 16 33 30 35 34 32 34
 27 30 22 24 19 20 13 18 14 15 13 14 25 19 29 27 29 30 28 29 25 27 24 25
 29 24 39 33 43 42 41 43 35 39 28 31 21 25 19 20 17 18 15 16 13 14 12 12
 10 11  9  9  9  9  9  9]"
2024-11-26 16:16:06.458908,"(-30.0, 23.33)","(5600, 5600)","[18 15 20 21 16 18 16 15 20 19 22 22 21 22 17 19 16 17 16 16 14 15 13 13
 12 12 11 11 10 10 11 11 10 11 10 10 12 11 12 12 12 12 11 11 10 10 10 10
 11 10 11 11 11 11 12 12 12 12 11 11 10 10 13 10 26 18 35 32 35 35 32 34
 26 29 21 23 17 19 13 16 14 15 13 14 15 13 19 18 20 20 19 19 18 18 22 20
 27 23 36 31 37 37 36 36 34 35 32 33 27 30 19 24 18 19 17 18 15 16 14 15
 12 13 10 11  9 10  9  9]"
2024-11-26 16:16:21.843016,"(-21.42, 23.33)","(5600, 5600)","[18 14 20 21 16 18 16 15 20 19 22 22 21 22 17 19 16 17 16 16 14 15 13 13
 12 12 11 11 10 10 11 11 10 11 10 10 12 11 12 12 12 12 11 11 10 10 10 10
 11 10 11 11 11 11 12 12 12 12 11 11 10 10  9 10  9  9 17 14 19 18 17 18
 15 16 13 14 12 11 13 12 14 15 13 14 12 13 11 11 10 10 10 10  9 10 17  9
 27 23 32 30 30 31 29 29 29 29 27 28 22 25 15 20 14 15 12 13 11 12  9 10
  8  9  8  8  9  9  9  9]"
2024-11-26 16:16:37.225729,"(-12.85, 23.33)","(5600, 5600)","[18  4 20 21 16 18 16 15 20 19 22 22 21 22 17 19 16 17 16 16 14 15 13 13
 12 12 11 11 10 10 11 11 10 11 10 10 12 11 12 12 12 12 11 11 10 10 10 10
 11 10 11 11 11 11 12 12 12 12 11 11 10 10  9 10  9  9 10  9 11 11 10 11
  9  9  9  9 12 11 13 12 14 15 13 14 12 13 11 11 10 10 10 10 13 10 17 15
 18 19 32 22 39 36 38 39 35 37 29 32 23 26 16 21 15 16 13 14 11 12 10 11
  9 10  9  9  9  9  9  9]"
2024-11-26 16:16:52.604307,"(-4.28, 23.33)","(5600, 5600)","[18  8 20 21 16 18 16 15 20 19 22 22 21 22 17 19 16 17 16 16 14 15 13 13
 12 12 11 11 10 10 11 11 10 11 10 10 12 11 12 12 12 12 11 11 10 10 10 10
 11 10 11 11 11 11 12 12 12 12 11 11 10 10  9 10  9  9 10  9 11 11 10 11
  9  9  9  9 14 11 30 23 35 34 34 35 29 32 24 26 20 22 18 19 13 13 13 13
 22 13 33 27 37 36 36 37 32 35 25 28 18 23 16 17 14 15 13 14 11 12 10 11
  9  9  9  9  9  9  9  9]"
2024-11-26 16:17:07.990850,"(4.28, 23.33)","(5600, 5600)","[18  8 20 21 16 18 16 15 20 19 22 22 21 22 17 19 16 17 16 16 14 15 13 13
 12 12 11 11 10 10 11 11 10 11 10 10 12 11 12 12 12 12 11 11 10 10 10 10
 11 10 11 11 11 11 12 12 12 12 11 11 10 10  9 10  9  9 10  9 11 11 10 11
  9  9  9  9 15 11 26 21 32 31 31 32 27 29 22 24 18 20 13 13 13 13 12 12
 12 12 28 19 35 33 35 35 31 34 25 29 17 23 17 17 15 16 14 15 12 13 10 11
  9 10  9  9  9  9  9  9]"
2024-11-26 16:17:23.372410,"(12.85, 23.33)","(5600, 5600)","[18  7 20 21 16 18 16 15 20 19 22 22 21 22 17 19 16 17 16 16 14 15 13 13
 12 12 11 11 10 10 11 11 10 11 10 10 12 11 12 12 12 12 11 11 10 10 10 10
 11 10 11 11 11 11 12 12 12 12 11 11 10 10  9 10  9  9 10  9 11 11 10 11
  9  9  9  9 24 16 34 30 37 37 35 36 30 32 24 27 20 21 17 18 14 14 14 14
 23 14 36 30 40 39 39 40 35 38 29 32 19 25 17 18 15 16 12 14 10 11  8  9
  7  8  8  8  9  9  9  9]"
2024-11-26 16:17:38.755707,"(21.42, 23.33)","(5600, 5600)","[18  9 20 21 16 18 16 15 20 19 22 22 21 22 17 19 16 17 16 16 14 15 13 13
 12 12 11 11 10 10 11 11 10 11 10 10 12 11 12 12 12 12 11 11 10 10 10 10
 11 10 11 11 11 11 12 12 12 12 11 11 10 10  9 10  9  9 10  9 11 11 10 11
  9  9  9  9 19 14 27 24 27 28 24 26 20 22 18 19 15 16 11 11 16 15 11 16
 24 11 36 31 40 39 39 40 34 38 27 31 18 24 18 18 16 17 14 15 12 13 10 11
  8  9  8  8  9  9  9  9]"
2024-11-26 16:17:54.137639,"(30.0, 23.33)","(5600, 5600)","[18 11 20 21 16 18 16 15 20 19 22 22 21 22 17 19 16 17 16 16 14 15 13 13
 12 12 11 11 10 10 11 11 10 11 10 10 12 11 12 12 12 12 11 11 10 10 10 10
 11 10 11 11 11 11 12 12 12 12 11 11 10 10  9 10  9  9 10  9 11 11 10 11
  9  9  9  9 12 11 13 12 14 15 13 14 12 13 11 11 10 10 10 10  9 10  9  9
 16 10 20 19 21 21 19 20 17 18 14 16 10 10 11 10 11 12 10 11  8  9  7  8
  7  7  8  7  9  9  9  9]"
2024-11-26 16:18:09.519209,"(38.57, 23.33)","(5600, 5600)","[18  8 20 21 16 18 16 15 20 19 22 22 21 22 17 19 16 17 16 16 14 15 13 13
 12 12 11 11 10 10 11 11 10 11 10 10 12 11 12 12 12 12 11 11 10 10 10 10
 11 10 11 11 11 11 12 12 12 12 11 11 10 10  9 10  9  9 10  9 11 11 10 11
  9  9  9  9 12 11 13 12 14 15 13 14 12 13 11 11 10 10 10 10  9 10 15  9
 24 17 35 30 39 38 38 39 33 36 25 29 20 22 15 19 13 14 13 13 12 12 11 11
  9 10  9  9  9  9  9  9]"
2024-11-26 16:18:24.900768,"(47.14, 23.33)","(5600, 5600)","[18  8 20 21 16 18 16 15 20 19 22 22 21 22 17 19 16 17 16 16 14 15 13 13
 12 12 11 11 10 10 11 11 10 11 10 10 12 11 12 12 12 12 11 11 10 10 10 10
 11 10 11 11 11 11 12 12 12 12 11 11 10 10  9 10  9  9 10  9 11 11 10 11
  9  9  9  9 12 11 13 12 14 15 13 14 12 13 11 11 10 10 10 10  9 10 16  9
 26 20 34 31 34 35 33 34 29 32 24 27 19 21 14 18 14 14 13 13 12 12 11 11
  9 10  9  9  9  9  9  9]"
2024-11-26 16:18:40.784243,"(55.71, 23.33)","(5600, 5600)","[18  8 20 21 16 18 16 15 20 19 22 22 21 22 17 19 16 17 16 16 14 15 13 13
 12 12 11 11 10 10 11 11 10 11 10 10 12 11 12 12 12 12 20 14 27 24 26 27
 24 26 19 21 11 17 12 12 12 12 11 11 10 10  9 10  9  9 10  9 11 11 10 11
  9  9  9  9 12 11 13 12 14 15 13 14 12 13 11 11 10 10 10 10  9 10 16  9
 25 20 31 29 31 32 28 30 23 26 18 21 13 13 12 13 11 12 10 11  9  9  8  8
  8  8  8  8  9  9  9  9]"
2024-11-26 16:18:56.167383,"(64.28, 23.33)","(5600, 5600)","[18  8 20 21 16 18 16 15 20 19 22 22 21 22 17 19 16 17 16 16 14 15 13 13
 12 12 11 11 10 10 11 11 10 11 10 10 12 11 12 12 12 12 11 11 20 17 20 20
 17 19 11 11 11 11 12 12 12 12 11 11 10 10  9 10  9  9 10  9 11 11 10 11
  9  9  9  9 12 11 13 12 14 15 13 14 12 13 11 11 10 10 10 10 15 14 20 17
 27 24 28 29 28 28 29 29 26 28 21 23 14 18 12 13 11 12 10 11  8  9  7  8
  7  7  8  7  9  9  9  9]"
2024-11-26 16:19:11.549233,"(72.85, 23.33)","(5600, 5600)","[18 12 20 21 16 18 16 15 20 19 22 22 21 22 17 19 16 17 16 16 14 15 13 13
 12 12 11 11 10 10 11 11 10 11 10 10 12 11 12 12 12 12 11 11 17 14 16 17
 15 16 11 11 11 11 12 12 12 12 11 11 10 10  9 10  9  9 10  9 11 11 10 11
  9  9  9  9 16 11 20 19 19 20 13 14 12 13 11 11 10 10 10 10 10 10 10 10
 22 10 26 26 26 26 25 26 22 24 18 19 13 13 12 13 11 12 10 11  9  9  8  8
  7  7  8  7  9  9  9  9]"
2024-11-26 16:19:27.432888,"(81.42, 23.33)","(5600, 5600)","[18  8 20 21 16 18 16 15 20 19 22 22 21 22 17 19 16 17 16 16 14 15 13 13
 12 12 11 11 10 10 11 11 10 11 10 10 12 11 12 12 12 12 11 11 10 10 10 10
 11 10 11 11 11 11 12 12 12 12 11 11 10 10  9 10  9  9 10  9 11 11 10 11
  9  9  9  9 14 11 20 18 19 20 13 14 12 13 11 11 10 10 10 10  9 10 16  9
 31 25 38 36 38 38 34 36 28 31 23 25 16 21 14 15 12 13 10 11  9  9  8  8
  7  8  8  8  9  9  9  9]"
2024-11-26 16:19:42.818687,"(90.0, 23.33)","(5600, 5600)","[18  9 20 21 16 18 16 15 20 19 22 22 21 22 17 19 16 17 16 16 14 15 13 13
 12 12 11 11 10 10 11 11 10 11 10 10 12 11 12 12 12 12 11 11 10 10 16 10
 18 18 16 17 11 16 12 12 12 12 11 11 10 10  9 10  9  9 10  9 11 11 10 11
  9  9  9  9 12 11 13 12 14 15 13 14 12 13 11 11 10 10 10 10 17 16 20 17
 32 26 41 37 42 42 39 41 34 37 26 30 17 23 15 16 12 14 10 11  9 10  9  9
  8  9  8  8  9  9  9  9]"
2024-11-26 16:20:43.662491,"(-81.42, -23.33)","(5600, 5600)","[18 10 20 21 16 18 16 15 20 19 22 22 21 22 17 19 16 17 16 16 14 15 13 13
 12 12 11 11 10 10 11 11 10 11 10 10 12 11 12 12 12 12 11 11 16 10 20 19
 20 21 18 19 11 16 12 12 12 12 11 11 10 10  9 10  9  9 10  9 11 11 10 11
  9  9  9  9 12 11 13 12 14 15 13 14 12 13 11 11 10 10 17 14 18 17 23 20
 25 26 30 27 31 31 28 30 22 25 17 20 13 13 13 13 12 12 12 12 12 12 11 12
 10 11  9 10  9  9  9  9]"
2024-11-26 16:20:59.046143,"(-72.85, -23.33)","(5600, 5600)","[18  9 20 21 16 18 16 15 20 19 22 22 21 22 17 19 16 17 16 16 14 15 13 13
 12 12 11 11 10 10 11 11 10 11 10 10 12 11 12 12 12 12 11 11 10 10 10 10
 11 10 11 11 11 11 12 12 12 12 11 11 10 10  9 10  9  9 10  9 11 11 10 11
  9  9  9  9 12 11 13 12 14 15 13 14 12 13 11 11 10 10 10 10 18 15 24 21
 26 26 28 26 30 29 27 29 23 25 18 20 13 14 12 13 12 12 12 12 11 12 10 11
  9  9  8  8  9  9  9  9]"
2024-11-26 16:21:14.429272,"(-64.28, -23.33)","(5600, 5600)","[18  6 20 21 16 18 16 15 20 19 22 22 21 22 17 19 16 17 16 16 14 15 13 13
 12 12 11 11 10 10 11 11 10 11 10 10 12 11 12 12 12 12 11 11 10 10 10 10
 11 10 11 11 11 11 12 12 12 12 11 11 10 10  9 10  9  9 10  9 11 11 10 11
  9  9  9  9 12 11 13 12 14 15 13 14 12 13 11 11 10 10 10 10 16 13 26 21
 29 30 29 29 29 29 27 28 24 26 21 23 13 19 13 13 12 13 11 12 10 11  9 10
  8  9  8  8  9  9  9  9]"
2024-11-26 16:21:29.813226,"(-55.71, -23.33)","(5600, 5600)","[18  6 20 21 16 18 16 15 20 19 22 22 21 22 17 19 16 17 16 16 14 15 13 13
 12 12 11 11 10 10 11 11 10 11 10 10 12 11 12 12 12 12 11 11 10 10 10 10
 11 10 11 11 11 11 12 12 12 12 11 11 10 10  9 10 13  9 15 14 11 11 10 11
  9  9  9  9 12 11 13 12 14 15 13 14 12 13 11 11 10 10 10 10  9 10 17  9
 31 24 37 35 37 37 33 36 28 30 23 25 19 21 14 18 14 14 13 13 12 12 10 11
  9 10  9  9  9  9  9  9]"
2024-11-26 16:21:46.213963,"(-47.14, -23.33)","(5600, 5600)","[18  7 20 21 16 18 16 15 20 19 22 22 21 22 17 19 16 17 16 16 14 15 13 13
 12 12 11 11 10 10 11 11 10 11 10 10 12 11 12 12 12 12 11 11 10 10 10 10
 11 10 11 11 11 11 12 12 12 12 11 11 10 10  9 10  9  9 10  9 11 11 10 11
  9  9 15 12 17 16 13 16 14 15 13 14 12 13 11 11 15 10 22 18 22 23 23 20
 33 29 36 35 35 36 31 33 25 28 20 22 15 16 14 15 11 12 10 11  9  9  8  8
  7  7  8  7  9  9  9  9]"
2024-11-26 16:22:01.600660,"(-38.57, -23.33)","(5600, 5600)","[18 12 20 21 16 18 16 15 20 19 22 22 21 22 17 19 16 17 16 16 14 15 13 13
 12 12 11 11 10 10 11 11 10 11 10 10 12 11 12 12 12 12 11 11 10 10 10 10
 11 10 11 11 11 11 12 12 12 12 11 11 10 10  9 10  9  9 10  9 11 11 10 11
  9  9 19 15 21 20 20 20 14 19 13 14 12 13 11 11 18 10 27 23 28 28 27 27
 30 27 35 33 35 35 33 34 28 31 24 26 17 23 17 17 16 17 15 15 13 14 12 13
 11 11  9 10  9  9  9  9]"
2024-11-26 16:22:16.985645,"(-30.0, -23.33)","(5600, 5600)","[18  8 20 21 16 18 16 15 20 19 22 22 21 22 17 19 16 17 16 16 14 15 13 13
 12 12 11 11 10 10 11 11 10 11 10 10 12 11 12 12 12 12 11 11 10 10 10 10
 11 10 11 11 11 11 12 12 12 12 11 11 10 10  9 10  9  9 10  9 11 11 10 11
  9  9  9  9 12 11 13 12 14 15 13 14 12 13 11 11 10 10 14 12 15 15 20 18
 24 21 27 26 27 27 25 26 23 24 19 21 13 17 13 13 12 12 10 11  8  9  7  8
  7  7  8  7  9  9  9  9]"
2024-11-26 16:22:32.369101,"(-21.42, -23.33)","(5600, 5600)","[18 11 20 21 16 18 16 15 20 19 22 22 21 22 17 19 16 17 16 16 14 15 13 13
 12 12 11 11 10 10 11 11 10 11 10 10 12 11 12 12 12 12 11 11 10 10 10 10
 11 10 11 11 11 11 12 12 12 12 11 11 10 10  9 10  9  9 10  9 11 11 10 11
  9  9  9  9 12 11 13 12 14 15 13 14 12 13 11 11 10 10 10 10  9 10 16  9
 28 23 31 31 29 30 26 27 22 24 19 20 14 14 13 13 12 13 11 12 10 10  9  9
  8  8  8  8  9  9  9  9]"
2024-11-26 16:22:47.749414,"(-12.85, -23.33)","(5600, 5600)","[18 10 20 21 16 18 16 15 20 19 22 22 21 22 17 19 16 17 16 16 14 15 13 13
 12 12 11 11 10 10 11 11 10 11 10 10 12 11 12 12 12 12 11 11 10 10 10 10
 11 10 11 11 11 11 12 12 12 12 11 11 10 10  9 10  9  9 16 11 24 20 30 28
 30 31 27 29 28 27 37 33 39 39 38 39 36 37 32 34 31 31 29 30 26 27 26 26
 25 26 20 20 20 20 19 20 18 19 16 17 14 15 16 14 19 19 14 14 13 13 11 12
 10 11  9 10  9  9  9  9]"
2024-11-26 16:23:03.132874,"(-4.28, -23.33)","(5600, 5600)","[20 20 20 21 16 18 16 15 20 19 22 22 21 22 17 19 16 17 16 16 14 15 13 13
 12 12 11 11 10 10 11 11 10 11 10 10 12 11 12 12 12 12 11 11 10 10 10 10
 19 10 23 22 22 23 18 19 12 17 11 11 10 10  9 10  9  9 10  9 21 16 26 24
 24 26 27 24 42 34 52 47 56 55 55 56 51 53 46 48 43 45 40 42 34 37 31 32
 31 31 32 31 35 34 34 35 31 32 27 27 25 26 23 24 21 22 18 20 16 17 15 15
 13 14 13 13 17 13 26 21]"
2024-11-26 16:23:18.516359,"(4.28, -23.33)","(5600, 5600)","[18 10 20 21 16 18 16 15 20 19 22 22 21 22 17 19 16 17 16 16 14 15 13 13
 12 12 11 11 10 10 11 11 10 11 10 10 12 11 12 12 12 12 11 11 10 10 11 10
 20 16 24 24 22 24 19 20 16 18 11 11 10 10  9 10  9  9 10  9 11 11 14 11
 17 17 23 19 36 30 46 42 51 50 52 52 47 50 40 43 37 38 34 36 32 33 30 31
 27 28 23 23 34 30 33 34 31 32 28 29 24 24 23 24 22 23 21 22 19 20 18 18
 16 17 14 15 16 14 25 21]"
2024-11-26 16:23:33.902514,"(12.85, -23.33)","(5600, 5600)","[20 20 20 21 16 18 16 15 20 19 22 22 21 22 17 19 16 17 16 16 14 15 13 13
 12 12 11 11 10 10 11 11 10 11 10 10 12 11 12 12 12 12 11 11 10 10 10 10
 14 10 19 18 18 18 12 16 12 12 11 11 10 10  9 10  9  9 10  9 11 11 10 11
  9  9 20 15 32 26 46 39 53 51 54 54 50 52 40 45 33 36 31 32 29 30 27 28
 26 27 21 21 32 28 30 31 26 28 22 22 20 21 19 20 17 18 15 16 14 15 13 13
 13 13 13 13 13 13 13 13]"
2024-11-26 16:23:49.284369,"(21.42, -23.33)","(5600, 5600)","[18 10 20 21 16 18 16 15 20 19 22 22 21 22 17 19 16 17 16 16 14 15 13 13
 12 12 11 11 10 10 11 11 10 11 10 10 12 11 12 12 12 12 11 11 10 10 10 10
 11 10 11 11 11 11 12 12 12 12 11 11 10 10  9 10  9  9 10  9 11 11 12 11
 21 15 33 28 36 35 37 36 44 40 46 46 44 45 42 43 37 40 34 34 36 35 35 36
 33 34 31 32 29 30 29 29 28 29 24 24 30 29 31 31 30 31 25 25 22 24 20 21
 19 19 19 19 17 18 17 17]"
2024-11-26 16:24:04.668368,"(30.0, -23.33)","(5600, 5600)","[18  9 20 21 16 18 16 15 20 19 22 22 21 22 17 19 16 17 16 16 14 15 13 13
 12 12 11 11 10 10 11 11 10 11 10 10 12 11 12 12 12 12 11 11 10 10 10 10
 11 10 11 11 11 11 12 12 12 12 11 11 10 10  9 10  9  9 10  9 13 11 21 17
 32 25 43 38 47 46 46 47 42 45 39 40 36 37 35 36 32 34 29 31 29 29 30 30
 29 30 30 29 32 32 32 32 30 31 30 30 31 31 32 32 31 31 30 30 25 25 24 24
 21 22 20 21 18 19 17 18]"
2024-11-26 16:24:20.049775,"(38.57, -23.33)","(5600, 5600)","[18 11 20 21 16 18 16 15 20 19 22 22 21 22 17 19 16 17 16 16 14 15 13 13
 12 12 11 11 10 10 11 11 10 11 10 10 12 11 12 12 12 12 11 11 10 10 10 10
 11 10 11 11 11 11 12 12 12 12 11 11 10 10  9 10  9  9 10  9 11 11 10 11
 15  9 19 16 20 20 18 19 14 17 13 14 16 13 28 23 33 33 34 34 33 34 32 33
 34 30 42 38 45 44 43 44 39 41 35 37 30 32 28 29 23 28 23 23 22 23 19 20
 17 18 15 16 12 14 10 11]"
2024-11-26 16:24:35.429989,"(47.14, -23.33)","(5600, 5600)","[18  3 20 21 16 18 16 15 20 19 22 22 21 22 17 19 16 17 16 16 14 15 13 13
 12 12 11 11 10 10 11 11 10 11 10 10 12 11 12 12 12 12 11 11 10 10 10 10
 11 10 11 11 11 11 12 12 12 12 11 11 10 10  9 10  9  9 10  9 11 11 14 11
 23 20 27 26 26 26 22 24 23 21 27 25 27 27 28 25 36 34 38 38 37 38 37 37
 42 37 48 46 48 48 45 47 38 43 30 34 24 25 22 23 20 21 20 20 19 19 17 18
 16 16 14 15 13 14 12 12]"
2024-11-26 16:24:51.314341,"(55.71, -23.33)","(5600, 5600)","[18 10 20 21 16 18 16 15 20 19 22 22 21 22 17 19 16 17 16 16 14 15 13 13
 12 12 11 11 10 10 11 11 10 11 10 10 12 11 12 12 12 12 11 11 10 10 10 10
 11 10 11 11 11 11 12 12 12 12 11 11 10 10  9 10  9  9 10  9 11 11 15 11
 21 18 23 23 23 22 31 28 32 32 34 32 41 38 40 40 38 39 37 37 35 36 36 34
 43 40 46 46 45 45 40 43 34 37 27 30 22 24 19 20 17 18 15 16 14 15 12 13
 11 12  9 10  9  9  9  9]"
2024-11-26 16:25:06.696549,"(64.28, -23.33)","(5600, 5600)","[18  5 20 21 16 18 16 15 20 19 22 22 21 22 17 19 16 17 16 16 14 15 13 13
 12 12 11 11 10 10 11 11 10 11 10 10 12 11 12 12 12 12 11 11 10 10 10 10
 11 10 11 11 11 11 12 12 12 12 11 11 10 10  9 10 13  9 20 17 21 21 20 21
 18 18 23 19 34 28 39 38 39 40 36 38 34 35 32 33 31 31 33 31 32 33 29 30
 31 27 36 34 36 36 33 35 29 31 25 27 21 22 18 19 15 16 13 14 12 13 12 12
 12 12 11 11 10 10  9  9]"
2024-11-26 16:25:22.076815,"(72.85, -23.33)","(5600, 5600)","[18  8 20 21 16 18 16 15 20 19 22 22 21 22 17 19 16 17 16 16 14 15 13 13
 12 12 11 11 10 10 11 11 10 11 10 10 12 11 12 12 12 12 11 11 10 10 10 10
 11 10 11 11 11 11 12 12 12 12 11 11 10 10 14 10 25 20 30 29 29 30 24 27
 20 22 22 20 34 28 39 37 38 39 35 37 32 33 30 31 32 30 34 33 32 33 28 30
 27 26 33 29 34 34 32 33 28 30 22 22 19 21 16 18 13 14 11 12 10 10  9  9
  8  8  8  8  9  9  9  9]"
2024-11-26 16:25:37.457991,"(81.42, -23.33)","(5600, 5600)","[18 14 20 21 16 18 16 15 20 19 22 22 21 22 17 19 16 17 16 16 14 15 13 13
 12 12 11 11 10 10 11 11 10 11 10 10 12 11 12 12 12 12 11 11 10 10 10 10
 11 10 11 11 11 11 12 12 12 12 11 11 10 10 19 10 35 29 40 39 40 40 36 38
 30 33 31 29 42 37 44 44 41 43 35 38 29 32 30 28 34 33 34 35 33 33 31 32
 29 30 24 24 24 24 22 23 20 21 18 19 16 17 14 15 12 13 11 12 11 11 10 10
  9 10  9  9  9  9  9  9]"
2024-11-26 16:26:38.304595,"(-90.0, 26.66)","(5600, 5600)","[18  8 20 21 16 18 16 15 20 19 22 22 21 22 17 19 16 17 16 16 14 15 13 13
 12 12 11 11 10 10 11 11 10 11 10 10 12 11 12 12 12 12 11 11 10 10 15 10
 32 27 38 36 39 39 37 38 34 36 28 31 22 25 18 20 13 16 12 13 11 12 11 11
 10 10 10 10 12 11 13 12 14 15 13 14 12 13 11 11 10 10 10 10  9 10  9  9
 15 10 16 16 15 15 18 17 19 20 18 19 18 18 19 18 23 20 27 26 26 27 23 25
 19 21 13 14 13 13 13 13]"
2024-11-26 16:26:53.280177,"(-82.5, 26.66)","(5600, 5600)","[18  8 20 21 17 18 19 18 20 19 22 22 21 22 17 19 16 17 16 16 14 15 13 13
 12 12 11 11 10 10 11 11 10 11 10 10 12 11 12 12 12 12 11 11 10 10 15 10
 20 19 23 21 27 25 30 28 32 32 28 30 22 25 20 21 19 19 18 18 22 19 27 25
 27 28 25 26 21 23 15 19 14 15 13 14 12 13 11 11 10 10 10 10  9 10  9  9
 10 10 10 10 10 10 14 10 20 18 21 21 19 20 18 18 23 19 29 27 28 29 24 26
 21 23 19 20 15 15 13 14]"
2024-11-26 16:27:08.256641,"(-75.0, 26.66)","(5600, 5600)","[18  8 20 21 21 20 22 23 21 21 22 22 21 22 19 20 17 18 16 16 18 17 19 19
 18 19 17 18 14 15 12 12 11 11 10 10 12 11 12 12 12 12 11 11 10 10 13 10
 19 17 23 21 32 27 40 37 41 41 37 39 33 35 28 31 25 26 27 25 35 31 39 38
 37 38 34 36 30 32 26 28 21 24 18 20 16 17 14 15 13 13 11 12 11 11 10 10
 17 10 18 18 18 18 21 19 24 23 24 24 20 22 19 19 14 18 14 14 13 14 12 13
 12 12 12 12 11 11 10 11]"
2024-11-26 16:27:23.232090,"(-67.5, 26.66)","(5600, 5600)","[18 14 20 21 19 19 21 21 21 20 22 22 21 22 17 19 16 17 16 16 17 16 16 17
 14 15 12 13 11 11 11 11 10 11 10 10 12 11 12 12 12 12 11 11 10 10 10 10
 11 10 16 15 28 22 29 30 29 27 31 30 30 31 27 29 24 24 24 24 24 24 23 22
 25 24 23 24 17 21 16 17 15 15 13 14 12 13 11 11 10 10 10 10 10 10 14 10
 17 15 23 19 28 26 28 28 25 27 22 23 19 21 14 18 14 14 13 14 12 13 11 11
 10 10  9  9  9  9  9  9]"
2024-11-26 16:27:38.208399,"(-60.0, 26.66)","(5600, 5600)","[17 13 20 21 16 18 16 15 20 19 22 22 21 22 17 19 16 17 16 16 14 15 13 13
 12 12 11 11 10 10 11 11 10 11 10 10 12 11 12 12 12 12 11 11 10 10 10 10
 11 10 11 11 22 16 31 27 38 35 40 40 37 39 31 35 26 27 25 26 22 23 22 21
 23 24 21 22 16 16 15 16 14 15 13 14 12 13 11 11 10 10 10 10 19 16 25 24
 25 26 27 25 33 30 32 32 30 31 27 28 26 27 23 25 17 22 16 16 13 15 11 12
  9 10  9  9  9  9  9  9]"
2024-11-26 16:27:53.180720,"(-52.5, 26.66)","(5600, 5600)","[17  7 20 20 16 18 16 15 20 19 22 22 21 22 17 19 16 17 16 16 14 15 13 13
 12 12 11 11 10 10 11 11 10 11 10 10 12 11 12 12 12 12 11 11 10 10 10 10
 11 10 11 11 11 11 21 12 31 27 33 33 33 33 34 33 33 34 31 33 28 30 26 27
 22 25 16 16 14 15 13 13 14 15 13 14 16 13 17 16 20 18 21 21 21 21 25 24
 24 25 22 23 22 22 21 21 20 20 19 19 15 15 15 15 14 15 13 14 11 12  9 10
  8  9  8  8  9  9  9  9]"
2024-11-26 16:28:08.147184,"(-45.0, 26.66)","(5600, 5600)","[17 12 20 20 16 18 16 15 20 19 22 22 21 22 17 19 16 17 16 16 14 15 13 13
 12 12 11 11 10 10 11 11 10 11 10 10 12 11 12 12 12 12 11 11 10 10 10 10
 11 10 11 11 11 11 12 12 12 12 11 11 15 15 16 16 24 17 35 31 39 38 39 40
 37 39 33 35 27 30 21 24 15 19 14 15 15 13 26 21 31 30 30 31 26 29 22 24
 16 20 16 16 15 15 14 15 14 14 13 13 12 12 11 11 11 12 10 11  9  9  8  8
  7  7  8  7  9  9  9  9]"
2024-11-26 16:28:23.116834,"(-37.5, 26.66)","(5600, 5600)","[17 12 20 20 16 18 16 15 20 19 22 22 21 22 17 19 16 17 16 16 14 15 13 13
 12 12 11 11 10 10 11 11 10 11 10 10 12 11 12 12 12 12 11 11 10 10 10 10
 11 10 11 11 11 11 12 12 12 12 11 11 10 10 12 10 16 15 15 16 28 21 37 34
 38 38 36 37 30 33 27 28 26 26 28 27 29 29 35 31 41 39 41 41 36 39 29 32
 21 26 20 20 20 20 20 20 19 19 17 18 16 16 14 15 13 14 11 12 10 10  8  9
  7  8  8  7  9  9  9  9]"
2024-11-26 16:28:38.085886,"(-30.0, 26.66)","(5600, 5600)","[17  7 20 20 16 18 16 15 20 19 22 22 21 22 17 19 16 17 16 16 14 15 13 13
 12 12 11 11 10 10 11 11 10 11 10 10 12 11 12 12 12 12 11 11 10 10 10 10
 11 10 11 11 11 11 12 12 12 12 11 11 10 10  9 10  9  9 10  9 27 17 37 33
 38 38 35 37 29 32 24 26 21 23 21 21 26 24 26 26 26 26 25 25 25 25 24 24
 22 23 17 17 17 17 17 17 18 18 18 18 18 18 17 17 15 16 12 14 10 11  9  9
  8  8  8  8  9  9  9  9]"
2024-11-26 16:28:53.059307,"(-22.5, 26.66)","(5600, 5600)","[17  9 20 20 16 18 16 15 20 19 22 22 21 22 17 19 16 17 16 16 14 15 13 13
 12 12 11 11 10 10 11 11 10 11 10 10 12 11 12 12 12 12 11 11 10 10 10 10
 11 10 11 11 11 11 12 12 12 12 11 11 10 10  9 10  9  9 10  9 28 21 34 32
 34 35 32 33 26 29 22 23 20 21 18 19 13 17 13 13 19 13 19 19 14 19 14 14
 14 14 13 13 20 17 27 24 32 29 34 34 34 34 31 32 27 29 22 25 17 18 14 16
 11 13 10 10  9 10  9  9]"
2024-11-26 16:29:08.024063,"(-15.0, 26.66)","(5600, 5600)","[17 12 20 20 16 18 16 15 20 19 22 22 21 22 17 19 16 17 16 16 14 15 13 13
 12 12 11 11 10 10 11 11 10 11 10 10 12 11 12 12 12 12 11 11 10 10 10 10
 11 10 11 11 11 11 12 12 12 12 11 11 10 10  9 10  9  9 10  9 11 11 10 11
 14  9 13 14 12 11 13 12 14 15 13 14 12 13 11 11 10 10 10 10  9 10  9  9
 10 10  9  9 12  9 21 16 31 27 35 34 34 35 30 33 25 28 19 22 14 14 13 14
 12 12 11 11 10 11 10 10]"
2024-11-26 16:29:24.008241,"(-7.5, 26.66)","(5600, 5600)","[17 13 20 20 16 18 16 15 20 19 22 22 21 22 17 19 16 17 16 16 14 15 13 13
 12 12 11 11 10 10 11 11 10 11 10 10 12 11 12 12 12 12 11 11 10 10 10 10
 11 10 11 11 11 11 12 12 12 12 11 11 10 10  9 10  9  9 10  9 11 11 10 11
  9  9  9  9 12 11 13 12 14 15 13 14 12 13 11 11 10 10 10 10  9 10  9  9
 10 10  9  9 15 12 26 21 33 31 33 33 31 32 28 30 24 25 20 22 14 19 13 14
 12 13 11 12 10 11  9 10]"
2024-11-26 16:29:38.977168,"(0.0, 26.66)","(5600, 5600)","[17  6 20 21 22 21 24 24 22 23 22 22 21 22 19 20 17 18 16 16 14 15 13 13
 12 12 11 11 10 10 11 11 10 11 10 10 12 11 12 12 12 12 11 11 10 10 10 10
 11 10 11 11 11 11 12 12 12 12 11 11 10 10  9 10  9  9 10  9 11 11 10 11
  9  9  9  9 12 11 13 12 14 15 13 14 12 13 11 11 10 10 10 10 15 13 15 15
 10 14 15 14 19 16 22 20 31 23 39 37 39 40 36 38 30 34 25 27 22 24 17 21
 16 17 16 16 15 15 14 14]"
2024-11-26 16:29:53.946475,"(7.5, 26.66)","(5600, 5600)","[17  9 20 20 22 21 24 24 23 24 22 22 22 22 20 21 18 19 16 17 14 15 13 13
 12 12 11 11 10 10 11 11 10 11 10 10 12 11 12 12 12 12 11 11 10 10 10 10
 11 10 11 11 11 11 12 12 12 12 11 11 10 10  9 10  9  9 10  9 11 11 10 11
 13  9 14 14 12 11 13 12 14 15 13 14 12 13 11 11 10 10 10 10  9 10  9  9
 17 10 19 18 24 21 36 31 40 39 43 42 43 43 40 42 34 38 28 30 24 26 19 23
 17 18 16 16 14 15 13 13]"
2024-11-26 16:30:08.916617,"(15.0, 26.66)","(5600, 5600)","[17  8 20 20 16 18 16 15 20 19 22 22 21 22 17 19 16 17 16 16 14 15 13 13
 12 12 11 11 10 10 11 11 10 11 10 10 12 11 12 12 12 12 11 11 10 10 10 10
 11 10 11 11 11 11 12 12 12 12 11 11 10 10  9 10  9  9 10  9 11 11 10 11
  9  9  9  9 12 11 13 12 14 15 13 14 12 13 11 11 10 10 15 12 15 15  9 14
 10 10  9  9 13  9 25 19 31 29 32 32 30 31 25 27 20 22 17 18 13 14 12 13
 10 11  9  9  9  9  9  9]"
2024-11-26 16:30:24.384948,"(22.5, 26.66)","(5600, 5600)","[17  9 20 21 16 18 16 15 20 19 22 22 21 22 17 19 16 17 16 16 14 15 13 13
 12 12 11 11 10 10 11 11 10 11 10 10 12 11 12 12 12 12 11 11 10 10 10 10
 11 10 11 11 11 11 12 12 12 12 11 11 10 10  9 10  9  9 10  9 11 11 10 11
  9  9  9  9 12 11 13 12 14 15 13 14 12 13 11 11 10 10 10 10 16 15 15 16
 15 15 15 15 15 14 19 18 28 18 37 35 36 37 31 34 24 27 20 22 15 15 13 14
 12 13 10 11  9 10  9  9]"
2024-11-26 16:30:39.355091,"(30.0, 26.66)","(5600, 5600)","[17 10 20 20 16 18 16 15 20 19 22 22 21 22 17 19 16 17 16 16 14 15 13 13
 12 12 11 11 10 10 11 11 10 11 10 10 12 11 12 12 12 12 11 11 10 10 10 10
 11 10 11 11 11 11 12 12 12 12 11 11 10 10  9 10  9  9 10  9 11 11 10 11
  9  9  9  9 12 11 13 12 14 15 13 14 12 13 11 11 10 10 15 13 16 16 16 16
 16 16 14 15 14 14 23 19 28 27 29 29 27 28 22 24 18 20 13 13 12 12 10 11
  9 10  9  9  9  9  9  9]"
2024-11-26 16:30:54.323040,"(37.5, 26.66)","(5600, 5600)","[17  7 20 20 16 18 16 15 20 19 22 22 21 22 17 19 16 17 16 16 14 15 13 13
 12 12 11 11 10 10 11 11 10 11 10 10 12 11 12 12 12 12 11 11 10 10 10 10
 11 10 11 11 11 11 12 12 12 12 11 11 10 10  9 10  9  9 10  9 11 11 10 11
  9  9  9  9 12 11 13 12 14 15 13 14 12 13 11 11 10 10 10 10  9 10  9  9
 10 10  9  9 13  8 23 18 32 29 36 35 36 36 32 34 26 29 21 23 15 19 13 14
 11 12  9 10  9  9  9  9]"
2024-11-26 16:31:09.301234,"(45.0, 26.66)","(5600, 5600)","[17 10 20 20 16 18 16 15 20 19 22 22 21 22 17 19 16 17 16 16 14 15 13 13
 12 12 11 11 10 10 11 11 10 11 10 10 12 11 12 12 12 12 11 11 10 10 10 10
 11 10 11 11 11 11 12 12 12 12 11 11 10 10  9 10  9  9 10  9 11 11 10 11
  9  9  9  9 12 11 13 12 14 15 13 14 12 13 11 11 10 10 10 10  9 10  9  9
 10 10  9  9 15 14 22 19 24 24 27 25 27 28 25 26 20 22 15 17 11 12  9 10
  8  9  8  8  9  9  9  9]"
2024-11-26 16:31:24.267151,"(52.5, 26.66)","(5600, 5600)","[17  9 20 20 16 18 16 15 20 19 22 22 21 22 17 19 16 17 16 16 14 15 13 13
 12 12 11 11 10 10 11 11 10 11 10 10 12 11 12 12 12 12 11 11 15 10 16 16
 15 16 11 11 11 11 12 12 12 12 11 11 10 10  9 10  9  9 10  9 11 11 10 11
  9  9  9  9 12 11 13 12 14 15 13 14 12 13 11 11 10 10 10 10  9 10  9  9
 15 10 15 15 16 15 27 23 30 30 29 29 28 29 25 27 21 22 19 20 14 18 13 14
 11 12  9 10  9  9  9  9]"
2024-11-26 16:31:39.234333,"(60.0, 26.66)","(5600, 5600)","[17  8 20 20 16 18 16 15 20 19 22 22 21 22 17 19 16 17 16 16 14 15 13 13
 12 12 11 11 10 10 11 11 10 11 10 10 12 11 12 12 12 12 11 11 13 10 15 15
 11 15 11 11 11 11 12 12 12 12 11 11 10 10  9 10  9  9 10  9 11 11 10 11
  9  9  9  9 12 11 13 12 14 15 13 14 12 13 11 11 10 10 10 10  9 10  9  9
 10 10  9  9 17 14 31 26 35 35 34 35 29 32 24 26 19 21 14 14 13 14 12 12
 10 11  9  9  9  9  9  9]"
2024-11-26 16:31:54.204248,"(67.5, 26.66)","(5600, 5600)","[17 13 20 20 17 18 18 18 20 19 22 22 21 22 17 19 16 17 16 16 14 15 13 13
 12 12 11 11 10 10 11 11 10 11 10 10 12 11 12 12 12 12 11 11 10 10 10 10
 11 10 11 11 11 11 12 12 12 12 11 11 10 10  9 10  9  9 10  9 11 11 10 11
  9  9  9  9 12 11 13 12 14 15 13 14 12 13 11 11 10 10 10 10  9 10  9  9
 10 10 14 13 23 18 33 29 36 36 35 36 33 34 29 31 24 27 19 21 15 15 14 14
 12 13 10 11  9 10  9  9]"
2024-11-26 16:32:09.670264,"(75.0, 26.66)","(5600, 5600)","[17 10 20 20 20 19 21 21 21 21 22 22 21 22 18 19 16 17 16 16 14 15 13 13
 12 12 11 11 10 10 11 11 10 11 10 10 12 11 12 12 12 12 11 11 10 10 10 10
 11 10 11 11 11 11 12 12 12 12 11 11 10 10  9 10  9  9 10  9 11 11 10 11
  9  9  9  9 12 11 13 12 14 15 13 14 12 13 11 11 10 10 10 10  9 10  9  9
 10 10  9  9 18 16 22 21 29 21 36 35 36 36 32 34 26 29 22 23 15 21 15 15
 14 15 12 13 11 12 10 11]"
2024-11-26 16:32:25.641514,"(82.5, 26.66)","(5600, 5600)","[17  5 20 20 22 20 24 24 23 24 22 22 22 22 21 21 20 21 19 19 17 18 15 16
 13 14 12 13 11 11 11 11 10 11 10 10 12 11 12 12 12 12 11 11 10 10 10 10
 11 10 11 11 11 11 12 12 12 12 11 11 10 10  9 10  9  9 10  9 11 11 10 11
  9  9  9  9 12 11 13 12 14 15 13 14 12 13 11 11 10 10 16 13 15 16 15 15
 10 14 15 14 15 15 16 15 23 17 31 28 32 32 29 31 24 27 21 22 14 20 14 14
 14 14 13 14 12 13 10 11]"
2024-11-26 16:32:41.623079,"(90.0, 26.66)","(5600, 5600)","[17  9 20 20 17 18 18 17 20 19 22 22 21 22 17 19 16 17 16 16 14 15 13 13
 12 12 11 11 10 10 11 11 10 11 10 10 12 11 12 12 12 12 11 11 10 10 10 10
 11 10 11 11 11 11 12 12 12 12 11 11 10 10  9 10  9  9 10  9 11 11 10 11
  9  9  9  9 12 11 13 12 14 15 13 14 12 13 11 11 10 10 10 10  9 10  9  9
 10 10  9  9  8  9  8  8 21  8 32 28 33 33 29 31 23 25 19 21 13 19 13 14
 13 13 12 13 11 11  9 10]"
2024-11-26 16:33:42.785147,"(-82.5, -26.66)","(5600, 5600)","[17 11 20 20 17 18 16 15 20 19 22 22 21 22 17 19 16 17 16 16 14 15 13 13
 12 12 11 11 10 10 11 11 10 11 10 10 12 11 12 12 12 12 11 11 10 10 10 10
 11 10 11 11 11 11 12 12 12 12 11 11 10 10  9 10  9  9 10  9 11 11 10 11
  9  9  9  9 12 11 13 12 14 15 13 14 12 13 11 11 10 10 14 12 15 15 17 14
 30 22 39 36 40 40 37 39 32 36 24 28 15 22 14 15 13 14 11 12  9 10  8  8
  8  8  8  8  9  9  9  9]"
2024-11-26 16:33:57.755408,"(-75.0, -26.66)","(5600, 5600)","[17 10 20 20 17 18 16 15 20 19 22 22 21 22 17 19 16 17 16 16 14 15 13 13
 12 12 11 11 10 10 11 11 10 11 10 10 12 11 12 12 12 12 11 11 10 10 10 10
 11 10 11 11 11 11 12 12 12 12 11 11 10 10  9 10  9  9 10  9 11 11 10 11
  9  9  9  9 12 11 13 12 14 15 13 14 12 13 11 11 10 10 17 15 18 18 18 18
 23 19 27 26 25 26 24 24 22 23 19 21 13 18 12 13 11 12 10 11  9  9  8  8
  8  8  8  8  9  9  9  9]"
2024-11-26 16:34:12.730178,"(-67.5, -26.66)","(5600, 5600)","[17  8 20 20 16 18 16 15 20 19 22 22 21 22 17 19 16 17 16 16 14 15 13 13
 12 12 11 11 10 10 11 11 10 11 10 10 12 11 12 12 12 12 11 11 10 10 10 10
 11 10 11 11 11 11 12 12 12 12 11 11 10 10  9 10  9  9 10  9 11 11 10 11
  9  9  9  9 12 11 13 12 14 15 13 14 12 13 11 11 10 10 15 12 16 15 16 15
 23 18 30 27 31 30 30 31 26 29 21 24 18 20 13 17 13 13 12 12 11 11  9 10
  8  9  8  8  9  9  9  9]"
2024-11-26 16:34:27.699049,"(-60.0, -26.66)","(5600, 5600)","[17  9 20 20 16 18 16 15 20 19 22 22 21 22 17 19 16 17 16 16 14 15 13 13
 12 12 11 11 10 10 11 11 10 11 10 10 12 11 12 12 12 12 11 11 10 10 10 10
 11 10 11 11 11 11 12 12 12 12 11 11 10 10  9 10  9  9 10  9 11 11 10 11
  9  9  9  9 12 11 13 12 14 15 13 14 12 13 11 11 10 10 10 10 15 13 19 16
 29 23 37 33 38 38 35 37 31 33 27 28 23 25 20 21 15 19 14 15 12 13 11 11
  9 10  9  9  9  9  9  9]"
2024-11-26 16:34:42.672189,"(-52.5, -26.66)","(5600, 5600)","[17  6 20 20 16 18 16 15 20 19 22 22 21 22 17 19 16 17 16 16 14 15 13 13
 12 12 11 11 10 10 11 11 10 11 10 10 12 11 12 12 12 12 11 11 10 10 10 10
 11 10 11 11 11 11 12 12 12 12 11 11 10 10  9 10  9  9 10  9 11 11 10 11
  9  9  9  9 12 11 13 12 14 15 13 14 12 13 11 11 10 10 14 12 17 16 18 16
 28 21 37 33 38 38 36 37 33 35 29 31 24 27 16 22 15 16 14 14 12 13 10 11
  9 10  9  9  9  9  9  9]"
2024-11-26 16:34:57.645521,"(-45.0, -26.66)","(5600, 5600)","[17  8 20 20 16 18 16 15 20 19 22 22 21 22 17 19 16 17 16 16 14 15 13 13
 12 12 11 11 10 10 11 11 10 11 10 10 12 11 12 12 12 12 11 11 10 10 10 10
 11 10 11 11 11 11 12 12 12 12 11 11 10 10  9 10  9  9 10  9 11 11 10 11
 14  9 15 14 12 15 13 12 14 15 13 14 12 13 11 11 13 10 21 16 23 22 21 22
 20 19 25 22 26 26 33 30 33 34 29 32 25 27 22 24 16 19 15 15 13 14 12 12
 11 11 11 11 10 10  9  9]"
2024-11-26 16:35:13.633116,"(-37.5, -26.66)","(5600, 5600)","[17  5 20 20 16 18 16 15 20 19 22 22 21 22 17 19 16 17 16 16 14 15 13 13
 12 12 11 11 10 10 11 11 10 11 10 10 12 11 12 12 12 12 11 11 10 10 10 10
 11 10 11 11 11 11 12 12 12 12 11 11 10 10  9 10  9  9 10  9 11 11 10 11
  9  9  9  9 12 11 13 12 14 15 13 14 12 13 11 11 13 10 23 18 26 25 25 25
 28 24 36 32 40 38 39 40 34 37 31 32 28 30 25 27 18 23 18 18 18 18 17 18
 16 17 13 14 12 12 10 11]"
2024-11-26 16:35:28.601530,"(-30.0, -26.66)","(5600, 5600)","[17  8 20 20 16 18 16 15 20 19 22 22 21 22 17 19 16 17 16 16 14 15 13 13
 12 12 11 11 10 10 11 11 10 11 10 10 12 11 12 12 12 12 11 11 10 10 10 10
 11 10 11 11 11 11 12 12 12 12 11 11 10 10  9 10  9  9 10  9 11 11 10 11
  9  9  9  9 12 11 13 12 14 15 13 14 12 13 11 11 10 10 10 10 16 14 18 16
 27 22 36 32 44 41 45 45 42 44 38 40 33 35 31 32 29 30 27 28 20 25 19 20
 17 18 14 15 11 13 10 10]"
2024-11-26 16:35:43.575594,"(-22.5, -26.66)","(5600, 5600)","[17 12 20 20 16 18 16 15 20 19 22 22 21 22 17 19 16 17 16 16 14 15 13 13
 12 12 11 11 10 10 11 11 10 11 10 10 12 11 12 12 12 12 11 11 10 10 10 10
 11 10 11 11 11 11 12 12 12 12 11 11 10 10  9 10  9  9 10  9 11 11 10 11
  9  9  9  9 12 11 13 12 14 15 13 14 12 13 11 11 10 10 10 10 13 10 16 14
 20 19 29 23 42 36 45 44 44 45 40 43 33 37 29 31 26 28 22 24 17 18 14 16
 12 13  9 10  9  9  9  9]"
2024-11-26 16:35:58.542017,"(-15.0, -26.66)","(5600, 5600)","[17  8 20 20 16 18 16 15 20 19 22 22 21 22 17 19 16 17 16 16 14 15 13 13
 12 12 11 11 10 10 11 11 10 11 10 10 12 11 12 12 12 12 11 11 10 10 10 10
 11 10 11 11 11 11 12 12 12 12 11 11 10 10  9 10  9  9 17 12 20 19 18 19
 16 17 14 15 14 11 21 17 28 25 33 31 33 33 31 32 26 29 22 24 15 20 15 15
 21 15 29 24 35 32 37 36 36 37 33 35 26 30 20 24 18 19 16 17 13 15 11 12
 10 10  9  9  9  9  9  9]"
2024-11-26 16:36:13.512061,"(-7.5, -26.66)","(5600, 5600)","[17 11 20 20 16 18 16 15 20 19 22 22 21 22 17 19 16 17 16 16 14 15 13 13
 12 12 11 11 10 10 11 11 10 11 10 10 12 11 12 12 12 12 11 11 10 10 10 10
 18 10 22 21 21 22 17 19 12 16 11 11 10 10 11 10 22 15 31 27 32 32 30 31
 30 30 27 28 35 30 47 42 53 52 54 54 52 53 46 50 40 42 37 39 34 35 34 34
 33 34 27 27 27 27 27 27 26 26 26 26 23 25 21 22 19 20 17 18 16 17 13 14
 12 12 11 11 10 10  9  9]"
2024-11-26 16:36:28.479756,"(0.0, -26.66)","(5600, 5600)","[19 19 20 20 16 18 16 15 20 19 22 22 21 22 17 19 16 17 16 16 14 15 13 13
 12 12 11 11 10 10 11 11 10 11 10 10 12 11 12 12 12 12 11 11 10 10 15 10
 29 24 33 32 32 33 27 29 21 23 18 20 16 17 11 15 11 11 11 11 15 11 20 18
 21 21 29 23 41 35 52 47 58 56 59 59 56 58 49 54 41 43 38 39 33 35 27 32
 27 27 33 29 39 36 38 39 36 37 33 34 28 28 24 26 22 23 20 21 18 19 15 16
 14 14 13 13 12 13 11 11]"
2024-11-26 16:36:43.447317,"(7.5, -26.66)","(5600, 5600)","[18 16 19 20 16 18 16 15 20 19 22 22 21 22 17 19 16 17 16 16 14 15 13 13
 12 12 11 11 10 10 11 11 10 11 10 10 12 11 12 12 12 12 11 11 10 10 15 10
 27 23 31 30 29 30 24 26 19 21 17 18 11 16 11 11 10 10 21 17 22 22 20 22
 18 19 24 19 39 31 50 46 53 53 52 53 48 50 42 46 35 39 30 32 24 28 23 23
 22 22 33 28 37 36 36 37 31 34 24 24 21 22 19 20 17 18 17 17 17 17 15 16
 14 14 14 14 14 14 14 14]"
2024-11-26 16:36:58.413257,"(15.0, -26.66)","(5600, 5600)","[17  9 19 20 16 18 16 15 20 19 22 22 21 22 17 19 16 17 16 16 14 15 13 13
 12 12 11 11 10 10 11 11 10 11 10 10 12 11 12 12 12 12 11 11 10 10 10 10
 19 10 23 22 22 23 19 20 17 18 11 11 10 10  9 10 13  9 18 15 18 18 17 17
 15 16 20 16 37 28 49 44 53 53 52 53 49 51 44 47 41 43 38 40 34 36 32 33
 31 31 31 31 32 32 31 32 26 30 25 25 23 24 22 23 19 20 18 18 16 17 14 15
 13 13 11 12 15 11 17 16]"
2024-11-26 16:37:14.407320,"(22.5, -26.66)","(5600, 5600)","[17  6 19 20 16 18 16 15 20 19 22 22 21 22 17 19 16 17 16 16 14 15 13 13
 12 12 11 11 10 10 11 11 10 11 10 10 12 11 12 12 12 12 11 11 10 10 10 10
 11 10 11 11 11 11 12 12 12 12 11 11 10 10  9 10  9  9 10  9 11 11 17 11
 18 19 20 19 25 22 43 36 48 47 48 49 41 45 38 40 37 37 39 38 39 40 36 38
 34 34 32 33 28 30 30 29 31 32 28 30 24 24 23 23 22 22 20 21 18 19 15 16
 14 14 13 14 13 13 12 13]"
2024-11-26 16:37:29.376366,"(30.0, -26.66)","(5600, 5600)","[17  9 19 20 16 18 16 15 20 19 22 22 21 22 17 19 16 17 16 16 14 15 13 13
 12 12 11 11 10 10 11 11 10 11 10 10 12 11 12 12 12 12 11 11 10 10 10 10
 11 10 11 11 11 11 12 12 12 12 11 11 10 10  9 10  9  9 10  9 14 11 18 16
 22 21 31 25 34 33 33 34 31 31 33 31 34 34 33 34 31 33 30 30 34 32 33 33
 31 32 30 30 41 35 47 45 47 48 43 45 37 40 32 34 26 31 25 26 23 24 20 21
 18 19 15 16 12 13 10 11]"
2024-11-26 16:37:44.341278,"(37.5, -26.66)","(5600, 5600)","[19 18 19 20 16 18 16 15 20 19 22 22 21 22 17 19 16 17 16 16 14 15 13 13
 12 12 11 11 10 10 11 11 10 11 10 10 12 11 12 12 12 12 11 11 10 10 10 10
 11 10 11 11 11 11 12 12 12 12 11 11 10 10  9 10  9  9 10  9 11 11 10 11
 13  9 18 15 20 19 19 20 14 18 13 14 24 19 36 31 39 39 38 39 35 37 32 34
 31 30 38 33 44 41 43 43 41 42 38 39 33 35 30 32 24 28 24 24 22 23 20 21
 18 19 16 18 15 16 15 15]"
2024-11-26 16:37:59.309246,"(45.0, -26.66)","(5600, 5600)","[17 11 19 20 16 18 16 15 20 19 22 22 21 22 17 19 16 17 16 16 14 15 13 13
 12 12 11 11 10 10 11 11 10 11 10 10 12 11 12 12 12 12 11 11 10 10 10 10
 11 10 11 11 11 11 12 12 12 12 11 11 10 10  9 10  9  9 10  9 12 11 21 16
 32 28 34 34 33 34 29 31 24 26 21 22 19 20 23 19 32 30 32 33 31 32 30 30
 35 31 41 39 43 43 41 43 37 39 32 34 28 30 23 26 21 22 20 20 17 18 16 16
 16 16 15 16 14 15 12 13]"
2024-11-26 16:38:14.272154,"(52.5, -26.66)","(5600, 5600)","[17  9 19 20 16 18 16 15 20 19 22 22 21 22 17 19 16 17 16 16 14 15 13 13
 12 12 11 11 10 10 11 11 10 11 10 10 12 11 12 12 12 12 11 11 10 10 10 10
 11 10 11 11 11 11 12 12 12 12 11 11 10 10  9 10  9  9 10  9 17 11 31 24
 42 38 44 44 41 43 38 39 35 36 34 34 37 35 38 38 40 39 40 40 38 39 35 37
 33 34 30 31 31 30 30 31 24 29 21 23 20 21 18 19 17 17 25 23 26 26 24 25
 23 24 19 19 17 18 14 15]"
2024-11-26 16:38:29.244453,"(60.0, -26.66)","(5600, 5600)","[17  8 19 20 16 18 16 15 20 19 22 22 21 22 17 19 16 17 16 16 14 15 13 13
 12 12 11 11 10 10 11 11 10 11 10 10 12 11 12 12 12 12 11 11 10 10 10 10
 11 10 11 11 11 11 12 12 12 12 11 11 10 10  9 10  9  9 21 14 28 25 28 29
 30 28 36 32 39 38 41 40 41 42 39 40 37 38 37 37 37 37 36 36 34 36 30 32
 27 28 28 27 28 28 23 27 22 23 21 22 18 19 16 17 14 15 14 14 14 14 14 14
 12 13 11 12 10 10  9  9]"
2024-11-26 16:38:44.211855,"(67.5, -26.66)","(5600, 5600)","[17  6 19 20 16 18 16 15 20 19 22 22 21 22 17 19 16 17 16 16 14 15 13 13
 12 12 11 11 10 10 11 11 10 11 10 10 12 11 12 12 12 12 11 11 10 10 10 10
 11 10 11 11 11 11 12 12 12 12 11 11 10 10  9 10 23  9 37 31 40 39 39 40
 35 38 31 32 27 29 28 27 31 31 28 30 26 27 29 25 41 37 44 43 42 43 37 39
 32 34 30 31 30 30 29 30 24 28 24 24 22 23 20 21 17 18 14 15 12 13 11 12
  9 10  9  9  9  9  9  9]"
2024-11-26 16:38:59.176960,"(75.0, -26.66)","(5600, 5600)","[17  9 19 20 16 18 16 15 20 19 22 22 21 22 17 19 16 17 16 16 14 15 13 13
 12 12 11 11 10 10 11 11 10 11 10 10 12 11 12 12 12 12 11 11 10 10 10 10
 11 10 11 11 11 11 12 12 12 12 11 11 17 15 23 19 37 28 47 43 49 48 46 48
 40 44 32 36 30 31 31 31 32 33 29 31 26 28 27 25 35 31 38 37 36 37 32 34
 28 29 23 23 23 23 22 23 20 21 20 20 19 19 18 18 16 17 14 15 12 13 10 10
  8  9  8  8  9  9  9  9]"
2024-11-26 16:39:14.149618,"(82.5, -26.66)","(5600, 5600)","[17  5 19 20 16 18 16 15 20 19 22 22 21 22 17 19 16 17 16 16 14 15 13 13
 12 12 11 11 10 10 11 11 10 11 10 10 12 11 12 12 12 12 11 11 10 10 10 10
 11 10 11 11 11 11 12 12 12 12 11 11 13 10 25 19 40 33 49 45 49 49 46 48
 39 43 31 35 29 29 31 30 32 33 29 31 20 26 23 20 28 26 29 29 27 28 21 25
 21 21 20 20 18 19 20 17 25 23 25 25 23 24 18 22 17 17 15 16 12 14 10 11
  9 10  9  9  9  9  9  9]"
2024-11-26 16:40:15.320567,"(-90.0, 30.0)","(5600, 5600)","[17  9 19 20 16 18 16 15 20 19 22 22 21 22 17 19 16 17 16 16 14 15 13 13
 12 12 11 11 10 10 11 11 10 11 10 10 12 11 12 12 12 12 11 11 22 16 32 28
 36 35 37 37 35 36 30 33 24 26 20 22 13 19 13 13 12 12 11 11 11 11 10 11
  9  9  9  9 12 11 13 12 14 15 13 14 12 13 11 11 10 10 10 10 13 10 16 15
 15 16 14 15 13 14 15 14 16 16 17 16 18 18 17 17 24 17 30 28 29 30 26 28
 21 23 18 20 14 14 12 13]"
2024-11-26 16:40:30.090184,"(-83.33, 30.0)","(5600, 5600)","[17  8 19 20 21 20 22 22 22 22 22 22 21 22 18 19 17 17 16 16 16 16 13 14
 12 12 11 11 10 10 11 11 10 11 10 10 12 11 12 12 12 12 11 11 22 15 34 29
 39 38 39 39 36 37 31 33 27 28 23 25 15 21 14 15 13 14 12 12 12 12 12 12
 12 12 12 12 12 12 13 12 14 15 13 14 12 13 11 11 11 11 11 11 11 11 10 10
 10 10 11 11 14 11 18 16 19 19 17 18 12 16 12 12 22 12 26 25 25 26 21 23
 18 19 14 14 12 13 11 12]"
2024-11-26 16:40:44.858779,"(-76.66, 30.0)","(5600, 5600)","[17 12 19 20 17 18 20 19 21 19 22 22 21 22 17 19 16 17 16 16 14 15 13 13
 12 12 11 11 10 10 11 11 10 11 10 10 12 11 12 12 12 12 11 11 19 15 32 26
 36 36 35 36 32 34 28 30 25 27 23 24 20 21 14 18 13 14 11 12 11 11 11 11
 15 10 15 15 12 11 13 12 14 15 13 14 12 13 11 11 10 10 10 10  9 10  9  9
 10 10 16 14 16 16 17 16 21 21 21 21 22 21 22 22 21 21 20 21 19 20 18 19
 13 17 13 13 12 13 11 11]"
2024-11-26 16:40:59.624732,"(-70.0, 30.0)","(5600, 5600)","[17  9 19 20 20 19 23 23 22 23 22 22 21 22 18 19 17 17 16 16 14 15 13 13
 12 12 11 11 10 10 11 11 10 11 10 10 12 11 12 12 12 12 11 11 10 10 10 10
 23 10 32 29 35 34 34 35 32 34 28 30 24 26 20 22 14 18 13 14 12 12 16 12
 21 20 21 21 13 19 14 13 14 15 13 14 12 13 11 11 10 10 17 12 20 19 20 20
 18 19 17 18 17 17 16 17 17 16 18 17 18 18 12 17 12 12 12 12 12 12 12 12
 11 12 10 11  9 10  9  9]"
2024-11-26 16:41:14.394909,"(-63.33, 30.0)","(5600, 5600)","[17  8 19 20 20 19 22 22 21 21 22 22 21 22 17 19 16 17 16 16 14 15 13 13
 12 12 11 11 10 10 11 11 10 11 10 10 12 11 12 12 12 12 11 11 10 10 10 10
 15 10 25 20 35 30 37 37 35 36 34 34 32 33 27 29 22 25 18 20 14 15 14 14
 14 14 14 14 13 13 13 13 14 15 13 14 12 13 11 11 10 10 16 13 16 16  9 15
 10 10  9  9 15 14 19 18 18 19 17 17 16 17 16 16 11 16 11 11 11 11 11 11
 12 11 12 12 11 11 10 10]"
2024-11-26 16:41:30.175504,"(-56.66, 30.0)","(5600, 5600)","[17  9 19 20 16 18 16 15 20 19 22 22 21 22 17 19 16 17 16 16 14 15 13 13
 12 12 11 11 10 10 11 11 10 11 10 10 12 11 12 12 12 12 11 11 10 10 10 10
 11 10 21 13 31 26 32 33 34 31 37 36 35 36 30 33 26 28 22 24 15 21 15 15
 14 14 13 13 12 12 13 12 14 15 13 14 12 13 11 11 10 10 14 10 16 15 16 16
 15 16 18 16 18 18 16 17 14 15 14 14  9  9 11 10 11 12 17 16 17 18 10 15
 10 10 10 10  9 10  9  9]"
2024-11-26 16:41:44.941492,"(-50.0, 30.0)","(5600, 5600)","[17 14 19 20 16 18 16 15 20 19 22 22 21 22 17 19 16 17 16 16 14 15 13 13
 12 12 11 11 10 10 11 11 10 11 10 10 12 11 12 12 12 12 11 11 10 10 10 10
 11 10 11 11 15 11 23 18 30 27 32 32 32 32 32 32 31 32 29 30 25 26 25 24
 25 25 24 25 21 23 16 20 15 15 13 14 12 13 11 11 10 10 16 12 22 20 21 22
 18 20 16 17 11 15 11 11 11 11 10 10 10 10 11 10 11 12 10 11 10 10 10 10
  9  9  9  9  9  9  9  9]"
2024-11-26 16:41:59.712126,"(-43.33, 30.0)","(5600, 5600)","[17 11 19 20 16 18 16 15 20 19 22 22 21 22 17 19 16 17 16 16 14 15 13 13
 12 12 11 11 10 10 11 11 10 11 10 10 12 11 12 12 12 12 11 11 10 10 10 10
 11 10 11 11 11 11 12 12 12 12 17 15 18 17 32 26 37 36 36 37 35 36 36 35
 36 37 34 36 30 32 24 27 17 21 16 17 15 16 13 14 12 12 11 11 10 10  9  9
 10 10  9  9  9  9  9  9  9  9  9  9  9  9 11 10 11 12 10 11  8  9  7  8
  7  7  8  7  9  9  9  9]"
2024-11-26 16:42:15.494317,"(-36.66, 30.0)","(5600, 5600)","[17 10 19 20 16 18 16 15 20 19 22 22 21 22 17 19 16 17 16 16 14 15 13 13
 12 12 11 11 10 10 11 11 10 11 10 10 12 11 12 12 12 12 11 11 10 10 10 10
 11 10 11 11 11 11 12 12 12 12 11 11 10 10 14 10 19 17 21 20 31 26 41 37
 42 43 41 42 35 38 31 33 32 30 34 33 32 33 28 30 22 25 18 19 17 18 15 16
 14 14 13 13 12 13 12 12 12 12 11 12 11 11 11 11 11 12 11 11 11 11 10 10
  9  9  8  8  9  9  9  9]"
2024-11-26 16:42:30.258216,"(-30.0, 30.0)","(5600, 5600)","[17 11 19 20 16 18 16 15 20 19 22 22 21 22 17 19 16 17 16 16 14 15 13 13
 12 12 11 11 10 10 11 11 10 11 10 10 12 11 12 12 12 12 11 11 10 10 10 10
 11 10 11 11 11 11 12 12 12 12 11 11 10 10  9 10 14  9 14 14 22 18 31 26
 36 35 37 37 34 36 32 33 30 31 26 28 25 26 24 25 21 23 17 17 22 21 17 22
 17 17 17 17 16 17 15 16 14 15 12 13 16 12 17 17 13 16 13 13 12 13 11 12
  9 10  9  9  9  9  9  9]"
2024-11-26 16:42:45.019904,"(-23.33, 30.0)","(5600, 5600)","[17 10 19 20 16 18 16 15 20 19 22 22 21 22 17 19 16 17 16 16 14 15 13 13
 12 12 11 11 10 10 11 11 10 11 10 10 12 11 12 12 12 12 11 11 10 10 10 10
 11 10 11 11 11 11 12 12 12 12 11 11 10 10  9 10  9  9 10  9 14 11 29 23
 35 34 34 35 28 31 24 26 21 23 19 20 13 18 18 13 24 21 28 27 28 29 27 28
 27 27 29 28 30 30 29 29 28 29 28 28 27 28 25 27 19 24 17 19 15 16 12 14
 10 11  9  9  9  9  9  9]"
2024-11-26 16:43:00.800572,"(-16.66, 30.0)","(5600, 5600)","[18 15 19 20 16 18 16 15 20 19 22 22 21 22 17 19 16 17 16 16 14 15 13 13
 12 12 11 11 10 10 11 11 10 11 10 10 12 11 12 12 12 12 11 11 10 10 10 10
 11 10 11 11 11 11 12 12 12 12 11 11 10 10  9 10  9  9 10  9 14 11 25 20
 30 29 30 31 27 29 21 24 14 19 13 14 12 13 11 11 10 10 10 10  9 10  9  9
 14 10 17 16 20 18 21 21 20 21 21 20 26 24 27 27 28 28 27 28 23 25 15 21
 15 15 16 15 15 16 14 15]"
2024-11-26 16:43:15.565082,"(-10.0, 30.0)","(5600, 5600)","[17  5 19 20 17 18 17 17 20 19 22 22 21 22 17 19 16 17 16 16 14 15 13 13
 12 12 11 11 10 10 11 11 10 11 10 10 12 11 12 12 12 12 11 11 10 10 10 10
 11 10 11 11 11 11 12 12 12 12 11 11 10 10  9 10  9  9 10  9 11 11 10 11
  9  9  9  9 12 11 13 12 14 15 13 14 12 13 11 11 10 10 10 10  9 10  9  9
 10 10  9  9  8  8  8  8 17  8 26 23 29 28 29 28 30 30 28 29 23 26 20 21
 18 19 14 14 13 13 12 12]"
2024-11-26 16:43:32.341003,"(-3.33, 30.0)","(5600, 5600)","[17  4 19 20 20 20 22 22 21 21 22 22 21 22 17 19 16 17 16 16 14 15 13 13
 12 12 11 11 10 10 11 11 10 11 10 10 12 11 12 12 12 12 11 11 10 10 10 10
 11 10 11 11 11 11 12 12 12 12 11 11 10 10  9 10  9  9 10  9 11 11 10 11
  9  9  9  9 12 11 13 12 14 15 13 14 12 13 11 11 10 10 10 10  9 10  9  9
 15 10 16 16 16 16 15 15 19 16 21 21 23 22 30 27 31 31 29 30 25 27 20 22
 15 18 14 14 12 13 11 11]"
2024-11-26 16:43:47.105656,"(3.33, 30.0)","(5600, 5600)","[17 10 19 20 16 18 16 15 21 19 23 22 22 23 18 20 16 17 16 16 14 15 13 13
 12 12 11 11 10 10 11 11 10 11 10 10 12 11 12 12 12 12 11 11 10 10 10 10
 11 10 11 11 11 11 12 12 12 12 11 11 10 10  9 10  9  9 10  9 11 11 10 11
  9  9  9  9 12 11 13 12 14 15 13 14 12 13 11 11 10 10 10 10  9 10  9  9
 10 10 14 13 13 14 18 14 31 24 41 37 42 42 41 42 37 40 31 35 26 29 22 24
 17 20 15 16 14 15 12 13]"
2024-11-26 16:44:01.869614,"(10.0, 30.0)","(5600, 5600)","[17 11 19 20 19 19 22 21 21 21 22 22 21 22 17 19 16 17 16 16 14 15 13 13
 12 12 11 11 10 10 11 11 10 11 10 10 12 11 12 12 12 12 11 11 10 10 10 10
 11 10 11 11 11 11 12 12 12 12 11 11 10 10  9 10  9  9 10  9 11 11 10 11
  9  9  9  9 12 11 13 12 14 15 13 14 12 13 11 11 10 10 10 10  9 10  9  9
 10 10 14 11 14 15 17 14 28 22 37 33 38 38 35 37 32 33 29 31 24 27 21 22
 16 20 15 16 13 14 11 12]"
2024-11-26 16:44:16.636066,"(16.66, 30.0)","(5600, 5600)","[17  9 19 20 17 18 19 18 20 19 22 22 21 22 17 19 16 17 16 16 14 15 13 13
 12 12 11 11 10 10 11 11 10 11 10 10 12 11 12 12 12 12 11 11 10 10 10 10
 11 10 11 11 11 11 12 12 12 12 11 11 10 10  9 10  9  9 10  9 11 11 10 11
  9  9  9  9 12 11 13 12 14 15 13 14 12 13 11 11 10 10 10 10  9 10  9  9
 10 10  9  9  8  8 12  8 19 15 23 22 25 24 30 28 29 29 26 28 22 24 18 20
 14 17 13 13 12 13 11 12]"
2024-11-26 16:44:31.403191,"(23.33, 30.0)","(5600, 5600)","[17 12 19 20 17 18 16 15 20 19 22 22 21 22 17 19 16 17 16 16 14 15 13 13
 12 12 11 11 10 10 11 11 10 11 10 10 12 11 12 12 12 12 11 11 10 10 10 10
 11 10 11 11 11 11 12 12 12 12 11 11 10 10  9 10  9  9 10  9 11 11 10 11
  9  9  9  9 12 11 13 12 14 15 13 14 12 13 11 11 10 10 10 10  9 10  9  9
 10 10 15 14 14 15 17 14 26 21 31 29 31 31 30 31 30 30 27 29 21 24 14 19
 13 14 11 12  9 10  9  9]"
2024-11-26 16:44:46.165665,"(30.0, 30.0)","(5600, 5600)","[17 10 19 20 16 18 16 15 20 19 22 22 21 22 17 19 16 17 16 16 14 15 13 13
 12 12 11 11 10 10 11 11 10 11 10 10 12 11 12 12 12 12 11 11 10 10 10 10
 11 10 11 11 11 11 12 12 12 12 11 11 10 10  9 10  9  9 10  9 11 11 10 11
  9  9  9  9 12 11 13 12 14 15 13 14 12 13 11 11 10 10 10 10  9 10  9  9
 10 10  9  9  8  8  8  8 17  8 22 21 22 22 20 21 18 19 17 18 11 16 11 11
 10 10  9  9  9  9  9  9]"
2024-11-26 16:45:00.926498,"(36.66, 30.0)","(5600, 5600)","[17  5 19 20 16 18 16 15 20 19 22 22 21 22 17 19 16 17 16 16 14 15 13 13
 12 12 11 11 10 10 11 11 10 11 10 10 12 11 12 12 12 12 11 11 10 10 10 10
 11 10 11 11 11 11 12 12 12 12 11 11 10 10  9 10  9  9 10  9 11 11 10 11
  9  9  9  9 12 11 13 12 14 15 13 14 12 13 11 11 10 10 10 10  9 10  9  9
 10 10  9  9  8  8 15  8 28 22 37 33 39 38 37 38 33 36 28 31 22 25 15 20
 14 15 12 13 10 11  9  9]"
2024-11-26 16:45:15.693155,"(43.33, 30.0)","(5600, 5600)","[17  3 19 20 16 18 16 15 20 19 22 22 21 22 17 19 16 17 16 16 14 15 13 13
 12 12 11 11 10 10 11 11 10 11 10 10 12 11 12 12 12 12 11 11 10 10 10 10
 11 10 11 11 11 11 12 12 12 12 11 11 10 10  9 10  9  9 10  9 11 11 10 11
  9  9  9  9 12 11 13 12 14 15 13 14 12 13 11 11 10 10 10 10  9 10  9  9
 10 10  9  9  8  8  7  7 16  7 17 18 30 23 33 32 30 32 25 28 19 22 13 17
 11 12 10 11  9 10  9  9]"
2024-11-26 16:45:30.457801,"(50.0, 30.0)","(5600, 5600)","[17 11 19 20 16 18 16 15 20 19 22 22 21 22 17 19 16 17 16 16 14 15 13 13
 12 12 11 11 10 10 11 11 10 11 10 10 12 11 12 12 12 12 11 11 10 10 10 10
 11 10 11 11 11 11 12 12 12 12 11 11 10 10  9 10  9  9 10  9 11 11 10 11
  9  9  9  9 12 11 13 12 14 15 13 14 12 13 11 11 10 10 10 10  9 10  9  9
 10 10  9  9  8  8  8  8 19  8 27 24 30 29 32 31 30 31 26 28 20 23 13 18
 12 13 11 11 10 10  9  9]"
2024-11-26 16:45:45.225043,"(56.66, 30.0)","(5600, 5600)","[17 10 19 20 16 18 16 15 20 19 22 22 21 22 17 19 16 17 16 16 14 15 13 13
 12 12 11 11 10 10 11 11 10 11 10 10 12 11 12 12 12 12 11 11 10 10 10 10
 11 10 11 11 11 11 12 12 12 12 11 11 10 10  9 10  9  9 10  9 11 11 10 11
  9  9  9  9 12 11 13 12 14 15 13 14 12 13 11 11 10 10 10 10  9 10  9  9
 10 10  9  9  8  8 12  7 23 16 32 28 34 33 33 34 31 33 27 29 22 25 18 20
 13 16 12 12 10 11  9 10]"
2024-11-26 16:46:00.495002,"(63.33, 30.0)","(5600, 5600)","[17  8 19 20 17 18 17 16 20 19 22 22 21 22 17 19 16 17 16 16 14 15 13 13
 12 12 11 11 10 10 11 11 10 11 10 10 12 11 12 12 12 12 11 11 10 10 10 10
 11 10 11 11 11 11 12 12 12 12 11 11 10 10  9 10  9  9 10  9 11 11 10 11
  9  9  9  9 12 11 13 12 14 15 13 14 12 13 11 11 10 10 10 10  9 10  9  9
 10 10  9  9 12  8 16 14 22 16 33 28 35 35 33 35 30 32 25 27 21 23 14 19
 13 13 11 12  9 10  9  9]"
2024-11-26 16:46:15.263568,"(70.0, 30.0)","(5600, 5600)","[17  3 19 20 21 20 23 23 22 23 22 22 22 22 19 20 17 18 16 16 14 15 13 13
 12 12 11 11 10 10 11 11 10 11 10 10 12 11 12 12 12 12 11 11 10 10 10 10
 11 10 11 11 11 11 12 12 12 12 11 11 10 10  9 10  9  9 10  9 11 11 10 11
  9  9  9  9 12 11 13 12 14 15 13 14 12 13 11 11 10 10 10 10  9 10  9  9
 10 10 14 14 14 14 15 15 19 16 29 23 33 31 30 32 28 29 26 27 23 25 15 21
 15 15 14 14 12 13 10 11]"
2024-11-26 16:46:30.028423,"(76.66, 30.0)","(5600, 5600)","[23 21 24 25 23 23 22 23 22 22 23 22 24 23 22 23 21 22 18 20 16 17 13 14
 12 12 11 11 10 10 11 11 10 11 10 10 12 11 12 12 12 12 11 11 10 10 10 10
 11 10 11 11 11 11 12 12 12 12 11 11 10 10  9 10 13  9 13 13 11 11 10 11
  9  9  9  9 12 11 13 12 14 15 13 14 12 13 11 11 10 10 10 10  9 10 15  9
 17 17 16 17 14 15 15 14 24 18 31 29 32 32 29 31 25 27 21 23 15 20 15 15
 15 15 15 15 14 14 12 13]"
2024-11-26 16:46:44.794270,"(83.33, 30.0)","(5600, 5600)","[17 11 19 20 17 18 21 20 22 22 22 22 21 22 17 19 16 17 16 16 14 15 13 13
 12 12 11 11 10 10 11 11 10 11 10 10 12 11 12 12 12 12 11 11 10 10 10 10
 11 10 11 11 11 11 12 12 12 12 11 11 10 10  9 10  9  9 10  9 11 11 10 11
  9  9  9  9 12 11 13 12 14 15 13 14 12 13 11 11 14 10 15 15  9 14  9  9
 14 10 16 16 14 15 15 14 24 18 33 28 38 36 39 39 38 39 35 37 30 33 24 27
 18 22 16 17 14 15 12 13]"
2024-11-26 16:46:59.559304,"(90.0, 30.0)","(5600, 5600)","[17  8 19 20 19 19 20 20 21 20 22 22 21 22 17 19 16 17 16 16 14 15 13 13
 12 12 11 11 10 10 11 11 10 11 10 10 12 11 12 12 12 12 11 11 10 10 10 10
 11 10 11 11 11 11 12 12 12 12 11 11 10 10  9 10  9  9 10  9 11 11 10 11
  9  9  9  9 12 11 13 12 14 15 13 14 12 13 11 11 10 10 10 10  9 10  9  9
 10 10 15 14 15 15 15 15 20 15 28 24 36 32 39 38 37 38 31 34 25 28 21 23
 16 19 14 15 12 13 10 11]"
2024-11-26 16:48:00.927857,"(-83.33, -30.0)","(5600, 5600)","[17  9 19 20 17 18 16 15 20 19 22 22 21 22 17 19 16 17 16 16 14 15 13 13
 12 12 11 11 10 10 11 11 10 11 10 10 12 11 12 12 12 12 11 11 10 10 10 10
 11 10 11 11 11 11 12 12 12 12 11 11 10 10  9 10  9  9 10  9 11 11 10 11
  9  9  9  9 12 11 13 12 14 15 13 14 12 13 11 11 10 10 10 10  9 10  9  9
 14 10 25 19 35 30 39 37 39 39 36 38 30 33 25 27 22 23 16 16 14 15 12 13
 10 11  9  9  9  9  9  9]"
2024-11-26 16:48:15.693800,"(-76.66, -30.0)","(5600, 5600)","[17  7 19 20 17 18 16 15 20 19 22 22 21 22 17 19 16 17 16 16 14 15 13 13
 12 12 11 11 10 10 11 11 10 11 10 10 12 11 12 12 12 12 11 11 10 10 10 10
 11 10 11 11 11 11 12 12 12 12 11 11 10 10  9 10  9  9 10  9 11 11 10 11
  9  9  9  9 12 11 13 12 14 15 13 14 12 13 11 11 10 10 10 10  9 10  9  9
 10 10 22 14 32 28 34 33 32 33 29 31 25 27 21 23 18 19 13 13 11 12  9 10
  8  8  8  8  9  9  9  9]"
2024-11-26 16:48:30.459334,"(-70.0, -30.0)","(5600, 5600)","[17 11 19 20 17 18 16 15 20 19 22 22 21 22 17 19 16 17 16 16 14 15 13 13
 12 12 11 11 10 10 11 11 10 11 10 10 12 11 12 12 12 12 11 11 10 10 10 10
 11 10 11 11 11 11 12 12 12 12 11 11 10 10  9 10  9  9 10  9 11 11 10 11
  9  9  9  9 12 11 13 12 14 15 13 14 12 13 11 11 10 10 10 10  9 10  9  9
 10 10 21 16 34 28 39 38 38 39 34 37 29 31 25 27 21 23 15 15 14 14 12 13
 11 11  9 10  9  9  9  9]"
2024-11-26 16:48:45.228355,"(-63.33, -30.0)","(5600, 5600)","[17 10 19 20 17 18 16 15 20 19 22 22 21 22 17 19 16 17 16 16 14 15 13 13
 12 12 11 11 10 10 11 11 10 11 10 10 12 11 12 12 12 12 11 11 10 10 10 10
 11 10 11 11 11 11 12 12 12 12 11 11 10 10  9 10  9  9 10  9 11 11 10 11
  9  9  9  9 12 11 13 12 14 15 13 14 12 13 11 11 10 10 10 10  9 10  9  9
 10 10 19 13 33 26 39 37 38 39 32 36 27 29 23 25 21 22 18 20 14 14 13 13
 11 12  9 10  9  9  9  9]"
2024-11-26 16:48:59.994202,"(-56.66, -30.0)","(5600, 5600)","[17 10 19 20 17 18 16 15 20 19 22 22 21 22 17 19 16 17 16 16 14 15 13 13
 12 12 11 11 10 10 11 11 10 11 10 10 12 11 12 12 12 12 11 11 10 10 10 10
 11 10 11 11 11 11 12 12 12 12 11 11 10 10  9 10  9  9 10  9 11 11 10 11
  9  9  9  9 12 11 13 12 14 15 13 14 12 13 11 11 10 10 10 10  9 10  9  9
 10 10 14 11 15 14 28 23 32 32 30 31 25 28 21 23 18 19 16 17 12 12 11 12
 10 11  9  9  9  9  9  9]"
2024-11-26 16:49:14.762764,"(-50.0, -30.0)","(5600, 5600)","[17  9 19 20 17 18 16 15 20 19 22 22 21 22 17 19 16 17 16 16 14 15 13 13
 12 12 11 11 10 10 11 11 10 11 10 10 12 11 12 12 12 12 11 11 10 10 10 10
 11 10 11 11 11 11 12 12 12 12 11 11 10 10  9 10  9  9 10  9 11 11 10 11
  9  9  9  9 12 11 13 12 14 15 13 14 12 13 11 11 10 10 10 10  9 10  9  9
 10 10 24 17 36 31 43 41 44 44 41 43 33 37 30 32 26 29 21 23 16 17 14 15
 12 13 11 12 10 11 10 10]"
2024-11-26 16:49:29.526763,"(-43.33, -30.0)","(5600, 5600)","[17 10 19 20 17 18 16 15 20 19 22 22 21 22 17 19 16 17 16 16 14 15 13 13
 12 12 11 11 10 10 11 11 10 11 10 10 12 11 12 12 12 12 11 11 10 10 10 10
 11 10 11 11 11 11 12 12 12 12 11 11 10 10  9 10  9  9 10  9 11 11 10 11
  9  9  9  9 12 11 13 12 14 15 13 14 12 13 11 11 10 10 16 14 16 16 15 15
 16 16 25 18 43 34 50 48 51 51 48 50 40 44 36 38 32 34 27 30 21 25 20 20
 18 19 16 17 14 15 13 13]"
2024-11-26 16:49:44.291057,"(-36.66, -30.0)","(5600, 5600)","[17  9 19 20 16 18 16 15 20 19 22 22 21 22 17 19 16 17 16 16 14 15 13 13
 12 12 11 11 10 10 11 11 10 11 10 10 12 11 12 12 12 12 11 11 10 10 10 10
 11 10 11 11 11 11 12 12 12 12 11 11 10 10  9 10  9  9 10  9 11 11 10 11
  9  9  9  9 12 11 13 12 14 15 13 14 12 13 11 11 10 10 21 16 29 25 35 32
 36 36 35 36 37 35 45 42 46 47 43 45 37 40 32 35 26 29 21 21 20 20 19 19
 17 18 16 16 15 16 14 15]"
2024-11-26 16:49:59.056405,"(-30.0, -30.0)","(5600, 5600)","[17  2 19 20 16 18 16 15 20 19 22 22 21 22 17 19 16 17 16 16 14 15 13 13
 12 12 11 11 10 10 11 11 10 11 10 10 12 11 12 12 12 12 11 11 10 10 10 10
 11 10 11 11 11 11 12 12 12 12 11 11 10 10  9 10  9  9 10  9 11 11 10 11
  9  9  9  9 12 11 13 12 14 15 13 14 12 13 11 11 10 10 20 16 27 24 32 31
 33 33 36 34 41 38 48 45 49 49 47 48 40 43 37 38 34 36 30 33 23 28 21 22
 18 20 15 17 13 14 12 13]"
2024-11-26 16:50:14.322091,"(-23.33, -30.0)","(5600, 5600)","[17  9 19 20 16 18 16 15 20 19 22 22 21 22 17 19 16 17 16 16 14 15 13 13
 12 12 11 11 10 10 11 11 10 11 10 10 12 11 12 12 12 12 11 11 10 10 10 10
 11 10 11 11 11 11 12 12 12 12 11 11 10 10  9 10  9  9 10  9 11 11 10 11
  9  9  9  9 12 11 13 12 14 15 13 14 12 13 11 11 10 10 15 14 19 17 26 23
 32 30 33 33 38 35 50 45 52 52 50 51 45 48 38 41 35 36 31 33 24 29 23 24
 21 22 19 20 17 18 15 16]"
2024-11-26 16:50:29.088815,"(-16.66, -30.0)","(5600, 5600)","[17  4 19 20 16 18 16 15 20 19 22 22 21 22 17 19 16 17 16 16 14 15 13 13
 12 12 11 11 10 10 11 11 10 11 10 10 12 11 12 12 12 12 11 11 10 10 10 10
 11 10 17 17 16 17 12 15 12 12 11 11 10 10  9 10  9  9 18 13 20 19 18 19
 16 17 17 16 21 19 21 21 19 20 13 14 12 13 11 12 11 11 10 11 10 10 14 10
 15 15 22 17 36 29 45 41 47 47 45 46 40 43 32 35 27 29 23 25 19 20 17 18
 15 16 13 14 11 12 10 10]"
2024-11-26 16:50:44.357158,"(-10.0, -30.0)","(5600, 5600)","[17  8 19 20 16 18 16 15 20 19 22 22 21 22 17 19 16 17 16 16 14 15 13 13
 12 12 11 11 10 10 11 11 10 11 10 10 12 11 12 12 12 12 11 11 10 10 10 10
 18 10 23 22 23 23 20 21 18 19 15 16 10 10 18 10 35 27 45 41 46 46 44 46
 37 41 34 35 37 35 38 38 36 38 31 34 23 29 28 23 29 29 29 29 24 28 23 24
 22 23 22 22 24 21 33 29 39 37 39 39 38 39 35 37 29 32 23 25 21 22 19 20
 19 19 18 19 16 17 13 14]"
2024-11-26 16:50:59.118654,"(-3.33, -30.0)","(5600, 5600)","[17 10 19 20 16 18 16 15 20 19 22 22 21 22 17 19 16 17 16 16 14 15 13 13
 12 12 11 11 10 10 11 11 10 11 10 10 12 11 12 12 12 12 11 11 10 10 12 10
 25 19 30 28 29 30 24 26 19 21 15 17 10 10 18 10 36 27 47 42 47 47 44 46
 39 41 43 40 51 47 53 53 52 53 47 50 43 45 39 40 38 38 37 37 35 36 29 33
 28 29 28 28 27 27 31 27 31 32 27 27 26 27 26 26 27 27 26 26 24 25 21 22
 19 20 17 18 16 17 14 15]"
2024-11-26 16:51:13.877642,"(3.33, -30.0)","(5600, 5600)","[18 16 19 20 16 18 16 15 20 19 22 22 21 22 17 19 16 17 16 16 14 15 13 13
 12 12 11 11 10 10 11 11 10 11 10 10 12 11 12 12 12 12 11 11 10 10 15 10
 27 22 32 31 31 32 26 28 20 23 16 18 11 15 11 11 18 11 24 21 25 25 23 24
 25 21 38 30 48 43 51 50 52 52 49 51 44 47 40 42 36 39 32 34 26 31 26 26
 26 26 25 26 24 25 24 24 24 24 30 29 37 34 39 39 37 38 32 35 26 26 24 25
 22 23 21 21 19 20 17 18]"
2024-11-26 16:51:29.658961,"(10.0, -30.0)","(5600, 5600)","[17  8 19 20 16 18 16 15 20 19 22 22 21 22 17 19 16 17 16 16 14 15 13 13
 12 12 11 11 10 10 11 11 10 11 10 10 12 11 12 12 12 12 11 11 10 10 10 10
 17 10 23 22 22 23 19 20 12 17 11 11 10 10 13 10 21 15 29 26 29 29 26 28
 24 24 30 25 41 36 43 43 44 41 46 46 43 45 37 40 32 34 28 30 23 23 22 23
 21 22 20 20 22 20 29 25 33 33 32 32 31 32 30 31 26 28 22 22 21 21 19 20
 18 19 16 17 14 15 13 14]"
2024-11-26 16:51:44.416598,"(16.66, -30.0)","(5600, 5600)","[17 13 19 20 16 18 16 15 20 19 22 22 21 22 17 19 16 17 16 16 14 15 13 13
 12 12 11 11 10 10 11 11 10 11 10 10 12 11 12 12 12 12 11 11 10 10 10 10
 11 10 11 11 11 11 12 12 12 12 11 11 10 10  9 10  9  9 17 14 17 18 16 16
 18 17 26 20 37 32 37 38 35 35 34 35 37 35 37 37 35 36 33 34 34 34 33 34
 30 31 28 29 26 27 21 24 20 21 19 20 23 19 29 27 29 29 28 28 26 27 21 24
 20 20 19 19 17 18 16 17]"
2024-11-26 16:51:59.679799,"(23.33, -30.0)","(5600, 5600)","[17  9 19 20 16 18 16 15 20 19 22 22 21 22 17 19 16 17 16 16 14 15 13 13
 12 12 11 11 10 10 11 11 10 11 10 10 12 11 12 12 12 12 11 11 10 10 10 10
 11 10 11 11 11 11 12 12 12 12 11 11 10 10  9 10  9  9 10  9 16 11 21 18
 25 25 25 25 35 30 37 37 39 37 42 41 43 43 42 43 40 41 38 39 35 37 32 34
 30 31 32 30 35 34 35 35 35 35 34 35 33 34 31 32 26 30 26 26 24 25 22 23
 22 22 22 22 21 22 19 20]"
2024-11-26 16:52:14.434797,"(30.0, -30.0)","(5600, 5600)","[17 10 19 20 16 18 16 15 20 19 22 22 21 22 17 19 16 17 16 16 14 15 13 13
 12 12 11 11 10 10 11 11 10 11 10 10 12 11 12 12 12 12 11 11 10 10 10 10
 11 10 11 11 11 11 12 12 12 12 11 11 10 10  9 10  9  9 10  9 11 11 10 11
  9  9  9  9 22 17 25 24 24 25 23 23 25 24 25 25 24 25 27 25 32 30 32 32
 31 32 30 31 30 30 33 30 42 38 45 45 43 44 40 41 37 39 32 35 24 30 23 24
 20 21 17 18 14 16 13 13]"
2024-11-26 16:52:29.197487,"(36.66, -30.0)","(5600, 5600)","[17 11 19 20 16 18 16 15 20 19 22 22 21 22 17 19 16 17 16 16 14 15 13 13
 12 12 11 11 10 10 11 11 10 11 10 10 12 11 12 12 12 12 11 11 10 10 10 10
 11 10 11 11 11 11 12 12 12 12 11 11 10 10  9 10  9  9 10  9 11 11 10 11
  9  9  9  9 12 11 13 12 14 15 13 14 12 13 11 11 18 10 32 25 39 36 41 40
 39 40 34 37 32 33 32 32 36 32 40 39 39 40 34 36 30 32 27 28 22 22 20 21
 18 19 17 17 16 16 14 15]"
2024-11-26 16:52:44.975569,"(43.33, -30.0)","(5600, 5600)","[17  8 19 20 16 18 16 15 20 19 22 22 21 22 17 19 16 17 16 16 14 15 13 13
 12 12 11 11 10 10 11 11 10 11 10 10 12 11 12 12 12 12 11 11 10 10 10 10
 11 10 11 11 11 11 12 12 12 12 11 11 10 10  9 10  9  9 10  9 11 11 10 11
  9  9 18 14 23 21 23 23 22 22 21 21 28 24 32 31 34 33 39 36 42 41 42 42
 38 41 32 35 31 31 33 32 33 33 31 32 29 30 22 27 20 21 18 19 17 17 15 16
 14 15 13 14 12 13 11 11]"
2024-11-26 16:52:59.743457,"(50.0, -30.0)","(5600, 5600)","[17 12 19 20 16 18 16 15 20 19 22 22 21 22 17 19 16 17 16 16 14 15 13 13
 12 12 11 11 10 10 11 11 10 11 10 10 12 11 12 12 12 12 11 11 10 10 10 10
 11 10 11 11 11 11 12 12 12 12 11 11 10 10  9 10  9  9 10  9 17 15 20 19
 24 21 33 28 37 35 38 38 36 37 31 34 26 28 23 24 23 23 23 23 22 23 17 22
 17 17 16 17 16 16 20 16 28 24 30 30 27 29 25 26 24 24 18 18 18 18 18 18
 16 17 15 15 14 14 14 14]"
2024-11-26 16:53:14.507832,"(56.66, -30.0)","(5600, 5600)","[17  5 19 20 16 18 16 15 20 19 22 22 21 22 17 19 16 17 16 16 14 15 13 13
 12 12 11 11 10 10 11 11 10 11 10 10 12 11 12 12 12 12 11 11 10 10 10 10
 11 10 11 11 11 11 12 12 12 12 11 11 10 10  9 10  9  9 21 14 27 25 29 28
 31 29 36 33 39 38 39 39 37 38 34 36 29 31 25 27 22 24 18 18 17 18 17 17
 17 17 17 17 15 16 16 14 22 20 23 24 15 21 22 15 28 26 29 29 26 27 17 23
 16 17 15 15 14 14 13 14]"
2024-11-26 16:53:29.271304,"(63.33, -30.0)","(5600, 5600)","[17  4 19 20 16 18 16 15 20 19 22 22 21 22 17 19 16 17 16 16 14 15 13 13
 12 12 11 11 10 10 11 11 10 11 10 10 12 11 12 12 12 12 11 11 10 10 10 10
 11 10 11 11 11 11 12 12 12 12 11 11 20 16 26 23 29 29 32 30 40 36 39 40
 37 38 36 36 37 36 36 36 33 35 27 31 19 25 19 19 19 19 28 24 34 32 35 35
 32 35 29 30 22 28 22 22 22 22 21 22 18 20 19 17 24 22 25 25 23 24 17 21
 16 17 15 15 13 14 12 13]"
2024-11-26 16:53:44.039357,"(70.0, -30.0)","(5600, 5600)","[17  8 19 20 16 18 16 15 20 19 22 22 21 22 17 19 16 17 16 16 14 15 13 13
 12 12 11 11 10 10 11 11 10 11 10 10 12 11 12 12 12 12 11 11 10 10 10 10
 11 10 11 11 11 11 12 12 14 12 24 19 32 28 35 34 35 36 36 35 42 39 41 42
 37 40 32 35 29 31 27 28 25 26 23 24 19 19 24 19 26 25 32 28 37 35 39 38
 37 38 35 36 30 32 24 29 24 24 23 23 21 22 19 20 18 18 17 17 15 16 13 14
 11 11 10 10  9 10  9  9]"
2024-11-26 16:53:58.808758,"(76.66, -30.0)","(5600, 5600)","[17 12 19 20 16 18 16 15 20 19 22 22 21 22 17 19 16 17 16 16 14 15 13 13
 12 12 11 11 10 10 11 11 10 11 10 10 12 11 12 12 12 12 11 11 10 10 10 10
 11 10 11 11 11 11 19 12 27 23 34 31 38 37 38 38 35 37 32 33 32 32 29 31
 25 26 21 23 17 17 16 16 15 15 14 14 22 19 24 23 28 23 32 31 31 32 29 30
 26 27 25 25 26 26 27 27 28 28 28 28 25 27 20 23 18 19 16 17 15 16 14 14
 12 13 10 11  9 10  9  9]"
2024-11-26 16:54:13.574426,"(83.33, -30.0)","(5600, 5600)","[17 14 19 20 16 18 16 15 20 19 22 22 21 22 17 19 16 17 16 16 14 15 13 13
 12 12 11 11 10 10 11 11 10 11 10 10 12 11 12 12 12 12 11 11 10 10 10 10
 11 10 11 11 14 11 21 19 21 21 29 23 32 31 30 31 29 29 29 29 28 28 24 26
 21 22 18 20 14 14 14 14 14 15 13 14 18 14 23 20 25 24 24 25 24 24 26 25
 24 25 23 23 27 25 28 28 26 28 24 25 17 23 17 17 16 16 15 15 13 14 12 12
 10 11  9  9  9  9  9  9]"
