Measure Time,Commanded trajectory,Real trajectory,Curve,az LS,5600,el LS,2337
2024-10-29 14:40:41.430731,"(0.0, 0.0)","(5600, 2744)","[22 23 22 23 20 21 25 22 27 27 27 27 27 27 27 27 26 27 26 26 25 25 23 24
 21 22 19 20 15 17 12 14 10 11 10 10 12 11 12 12 12 12 11 11 10 10 10 10
 11 10 11 11 11 11 12 12 12 12 16 14 16 16 19 17 22 22 20 21 18 19 20 18
 22 22 23 23 35 29 39 38 37 39 38 37 38 38 37 37 46 37 57 53 59 58 57 58
 54 55 50 52 45 48 41 43 37 39 31 31 29 30 26 27 23 24 20 21 18 19 18 18
 18 18 17 17 15 16 14 14]"
2024-10-29 14:41:06.698561,"(-90.0, 3.33)","(5600, 2704)","[19  9 22 23 24 23 27 27 26 27 23 24 22 22 22 22 22 22 19 21 16 18 15 16
 13 15 11 12 10 11 11 11 10 11 10 10 12 11 12 12 12 12 11 11 10 10 10 10
 11 10 11 11 11 11 12 12 12 12 11 11 10 10  9 10  9  9 10  9 17 15 16 16
 21 15 33 26 43 39 45 45 43 45 40 42 36 38 37 35 49 42 59 55 59 59 56 58
 50 53 45 47 42 43 38 39 36 37 36 36 31 36 30 31 26 28 22 24 18 20 16 17
 14 15 13 13 12 12 10 11]"
2024-10-29 14:41:27.688780,"(-30.0, 3.33)","(5600, 2704)","[20 16 22 23 23 22 26 25 24 25 23 23 22 22 20 20 19 19 16 18 14 15 13 13
 12 12 11 11 10 10 11 11 10 11 10 10 12 11 12 12 12 12 11 11 10 10 10 10
 11 10 11 11 11 11 12 12 12 12 11 11 10 10  9 10 13  9 17 15 18 18 17 17
 18 18 24 19 32 28 34 32 38 35 42 40 41 41 50 45 64 57 74 70 75 75 72 74
 65 70 59 62 55 57 50 52 43 47 35 36 32 34 28 31 25 26 22 23 20 21 17 18
 16 16 14 15 13 14 12 13]"
2024-10-29 14:41:49.173358,"(30.0, 3.33)","(5600, 2705)","[22 21 22 23 20 21 23 22 22 22 22 22 21 22 17 19 16 17 16 16 14 15 13 13
 12 12 11 11 10 10 11 11 10 11 10 10 12 11 12 12 12 12 11 11 10 10 10 10
 11 10 11 11 11 11 12 12 12 12 11 11 10 10  9 10  9  9 19 14 21 21 21 21
 20 20 19 19 20 18 31 27 33 33 40 35 43 42 48 43 65 57 75 71 76 76 73 75
 65 70 58 61 53 55 47 50 39 43 32 34 28 30 24 26 21 22 20 20 19 20 18 19
 16 17 15 15 14 14 13 14]"
2024-10-29 14:42:10.166122,"(90.0, 3.33)","(5600, 2705)","[22 21 22 23 20 21 22 22 22 22 22 22 21 22 17 19 16 17 16 16 14 15 13 13
 12 12 11 11 10 10 11 11 10 11 10 10 12 11 12 12 12 12 11 11 10 10 10 10
 11 10 11 11 11 11 12 12 16 12 16 16 10 10 14 10 19 15 25 22 25 25 23 25
 21 22 20 20 20 19 31 27 33 33 40 35 43 42 48 43 65 57 75 71 76 76 73 75
 66 70 58 62 53 55 47 50 40 44 33 35 29 31 26 27 23 24 22 22 22 22 21 22
 20 20 18 19 17 18 15 16]"
2024-10-29 14:42:40.504905,"(-30.0, -3.33)","(5600, 2780)","[20 16 22 23 23 22 26 25 25 26 24 24 22 23 20 20 19 20 18 19 15 16 13 13
 12 12 11 11 10 10 11 11 10 11 10 10 12 11 12 12 12 12 11 11 10 10 10 10
 11 10 11 11 11 11 12 12 12 12 11 11 10 10  9 10  9  9 10  9 11 11 10 11
  9  9  9  9 21 18 23 23 23 22 24 24 32 28 44 39 50 48 54 52 57 56 55 56
 52 54 48 50 42 45 37 40 32 35 26 27 24 25 21 22 18 19 17 18 15 16 14 14
 13 13 11 12 10 11  9 10]"
2024-10-29 14:43:01.485346,"(30.0, -3.33)","(5600, 2779)","[22 21 22 23 21 21 23 23 22 22 22 22 21 22 19 20 18 19 17 18 15 16 13 14
 12 12 11 11 10 10 11 11 10 11 10 10 12 11 12 12 12 12 11 11 10 10 10 10
 11 10 11 11 11 11 12 12 12 12 11 11 10 10  9 10 13  9 16 15 11 16 10 11
 17  9 22 19 26 24 28 28 26 28 22 24 21 21 25 23 32 27 36 36 45 40 48 47
 47 47 46 46 43 45 37 40 33 35 29 31 23 24 21 22 19 20 18 18 16 17 16 16
 15 16 14 15 13 14 14 14]"
2024-10-29 14:43:30.801205,"(-90.0, 6.66)","(5600, 2667)","[19 12 22 23 23 22 24 24 22 23 22 22 21 22 17 19 16 17 16 16 14 15 13 13
 12 12 11 11 10 10 11 11 10 11 10 10 12 11 12 12 12 12 11 11 10 10 10 10
 11 10 11 11 11 11 12 12 12 12 11 11 10 10  9 10  9  9 10  9 14 11 16 15
 18 16 21 20 21 22 25 21 33 32 32 33 31 31 34 33 35 34 41 37 42 42 39 40
 39 39 39 39 34 36 32 33 32 32 29 31 23 27 21 22 19 19 17 18 15 16 13 14
 12 13 12 12 11 11 11 11]"
2024-10-29 14:43:48.534312,"(-60.0, 6.66)","(5600, 2667)","[19 13 22 22 22 22 24 24 22 23 22 22 21 22 18 19 16 17 16 16 15 15 14 14
 13 14 11 12 10 11 11 11 10 11 10 10 12 11 12 12 12 12 11 11 10 10 10 10
 11 10 11 11 11 11 12 12 12 12 11 11 10 10 12 10 16 14 17 17 11 16 10 11
  9  9  9  9 12 11 13 12 14 15 13 14 18 17 25 21 34 29 43 39 43 43 39 40
 36 37 35 35 32 34 28 30 25 26 20 20 19 19 17 18 16 16 16 16 14 15 14 14
 14 14 14 14 19 14 19 19]"
2024-10-29 14:44:05.251058,"(-30.0, 6.66)","(5600, 2666)","[19 10 22 22 23 22 24 25 22 23 22 22 21 22 17 19 16 17 16 16 14 15 13 13
 12 12 11 11 10 10 11 11 10 11 10 10 12 11 12 12 12 12 11 11 10 10 10 10
 11 10 11 11 11 11 12 12 12 12 11 11 10 10  9 10 14  9 15 15 11 11 10 11
  9  9  9  9 14 11 18 16 21 18 27 24 26 27 29 25 44 36 54 50 55 55 51 53
 46 48 42 44 37 40 32 35 24 28 22 23 20 21 17 18 15 15 14 14 14 14 13 13
 13 13 12 12 16 11 17 17]"
2024-10-29 14:44:21.965828,"(0.0, 6.66)","(5600, 2665)","[19 15 22 22 24 22 25 25 22 24 22 22 21 22 19 20 17 18 16 16 14 15 13 13
 12 12 11 11 10 10 11 11 10 11 10 10 12 11 12 12 12 12 11 11 10 10 10 10
 11 10 11 11 11 11 12 12 12 12 11 11 10 10 13 10 14 14 13 14 11 11 10 11
  9  9  9  9 19 16 25 22 29 27 33 31 33 34 35 31 50 42 60 56 61 61 58 60
 53 55 49 51 44 47 38 41 33 36 27 28 24 25 21 23 18 20 16 17 14 15 13 13
 13 13 12 13 12 12 10 11]"
2024-10-29 14:44:38.684845,"(30.0, 6.66)","(5600, 2668)","[18 14 22 22 25 23 27 27 23 26 22 22 22 22 21 22 18 19 16 16 15 16 13 14
 12 12 11 11 10 10 11 11 10 11 10 10 12 11 12 12 12 12 11 11 10 10 10 10
 11 10 11 11 11 11 12 12 12 12 11 11 10 10  9 10 14  9 16 16 11 15 10 11
 14  9 14 14 18 15 24 22 23 24 29 24 29 30 30 27 45 37 55 51 56 56 52 55
 48 49 45 46 39 42 32 35 25 30 23 24 21 22 18 19 16 16 16 16 16 16 15 15
 14 14 12 13 11 12 10 10]"
2024-10-29 14:44:55.407967,"(60.0, 6.66)","(5600, 2666)","[18  8 22 22 23 22 26 26 23 25 22 22 22 22 21 22 17 19 16 16 14 15 13 13
 12 12 11 11 10 10 11 11 10 11 10 10 12 11 12 12 12 12 11 11 10 10 10 10
 11 10 11 11 11 11 12 12 12 12 11 11 10 10  9 10  9  9 10  9 11 11 10 11
 15  9 16 16 16 16 21 20 21 22 28 23 29 29 28 26 41 33 52 47 52 52 48 51
 43 44 42 42 37 39 29 33 23 27 21 22 19 20 17 18 15 16 14 14 13 13 12 12
 12 12 12 12 12 12 12 12]"
2024-10-29 14:45:12.125365,"(90.0, 6.66)","(5600, 2666)","[18  5 22 22 22 22 25 25 23 24 22 22 22 22 20 21 17 19 16 16 14 15 13 13
 12 12 11 11 10 10 11 11 10 11 10 10 12 11 12 12 12 12 11 11 10 10 10 10
 11 10 11 11 11 11 12 12 12 12 11 11 10 10  9 10  9  9 10  9 11 11 10 11
  9  9  9  9 14 11 19 18 14 19 28 21 28 29 28 26 40 33 51 47 51 52 47 50
 43 43 41 42 36 39 31 33 27 29 22 23 21 22 19 20 17 18 16 17 14 15 14 14
 13 13 13 13 13 13 12 13]"
2024-10-29 14:45:45.614530,"(-60.0, -6.66)","(5600, 2812)","[18 14 21 22 20 21 20 21 21 19 23 23 21 22 17 19 16 17 17 17 17 17 14 16
 12 12 11 11 10 10 11 11 10 11 10 10 12 11 12 12 12 12 11 11 10 10 10 10
 11 10 11 11 11 11 12 12 12 12 11 11 10 10  9 10 13  9 14 14 11 11 10 11
 15  9 21 17 25 23 28 27 31 29 38 34 49 43 57 53 59 59 57 58 52 54 50 51
 45 48 41 42 40 41 38 39 33 36 28 29 25 27 22 24 20 21 19 19 17 18 15 16
 14 14 13 13 12 12 12 12]"
2024-10-29 14:46:02.326875,"(-30.0, -6.66)","(5600, 2813)","[21 20 21 22 20 21 20 21 22 19 23 23 21 22 17 19 16 17 17 17 17 17 15 16
 12 14 11 11 10 10 11 11 10 11 10 10 12 11 12 12 12 12 11 11 10 10 10 10
 11 10 11 11 11 11 12 12 12 12 11 11 10 10  9 10 14  9 15 15 11 11 15 11
 17 17 17 17 17 17 20 18 23 23 25 24 40 32 51 47 55 55 54 55 49 52 45 47
 44 45 41 43 38 39 36 37 32 35 26 26 23 24 21 22 19 20 18 19 17 18 16 17
 16 16 15 15 14 15 13 14]"
2024-10-29 14:46:19.042929,"(0.0, -6.66)","(5600, 2814)","[18 13 21 22 20 21 22 21 24 23 24 24 22 23 20 21 18 19 18 18 17 17 15 16
 12 14 11 11 10 10 11 11 10 11 10 10 12 11 12 12 12 12 11 11 10 10 10 10
 11 10 11 11 11 11 12 12 12 12 11 11 10 10  9 10  9  9 10  9 11 11 10 11
 14  9 16 15 19 18 21 21 21 22 19 20 29 23 40 36 44 44 40 43 38 39 35 36
 38 35 39 40 31 35 28 29 27 27 27 27 27 27 31 29 32 32 30 31 23 29 23 23
 20 22 17 19 14 15 12 13]"
2024-10-29 14:46:35.761889,"(30.0, -6.66)","(5600, 2812)","[18  6 21 22 20 21 20 21 20 19 22 22 21 22 19 19 22 21 22 22 21 21 18 20
 15 16 14 14 13 13 13 13 11 12 10 10 12 11 12 12 12 12 11 11 10 10 10 10
 11 10 11 11 11 11 12 12 12 12 11 11 10 10  9 10  9  9 10  9 11 11 13 11
 24 16 33 30 33 33 30 32 25 28 22 23 20 21 13 19 20 14 29 24 37 33 37 37
 39 36 40 40 35 38 32 34 27 30 21 21 19 20 16 17 15 15 15 15 15 15 14 14
 13 14 12 13 12 12 13 12]"
2024-10-29 14:46:52.484002,"(60.0, -6.66)","(5600, 2811)","[18  6 21 22 20 21 20 21 20 19 22 22 21 22 18 19 18 18 20 19 20 20 18 19
 15 17 12 13 11 12 11 11 10 11 10 10 12 11 12 12 12 12 11 11 10 10 10 10
 11 10 11 11 11 11 12 12 12 12 11 11 10 10 10 10 10 10 10 10 16 11 20 18
 24 22 28 26 30 29 32 31 31 32 29 30 27 28 24 25 24 23 28 26 29 29 28 28
 33 30 34 34 32 33 30 31 26 28 21 21 19 20 17 18 16 16 16 16 15 15 15 15
 15 15 14 14 14 14 18 14]"
2024-10-29 14:47:26.984568,"(-90.0, 10.0)","(5600, 2628)","[18  7 21 22 20 21 20 21 20 19 22 22 21 22 17 19 16 17 16 16 14 15 13 13
 12 12 11 11 10 10 11 11 10 11 10 10 12 11 12 12 12 12 11 11 10 10 10 10
 11 10 11 11 11 11 12 12 12 12 11 11 10 10  9 10  9  9 10  9 11 11 10 11
  9  9 14 12 25 20 30 28 31 31 28 30 25 26 23 24 27 23 40 33 47 44 46 47
 43 45 37 40 31 34 26 28 21 24 19 20 17 18 14 15 11 12 11 11 11 11 11 11
 10 11  9 10  9  9  9  9]"
2024-10-29 14:47:42.481014,"(-70.0, 10.0)","(5600, 2629)","[18  9 21 22 20 21 20 21 20 19 22 22 21 22 17 19 16 17 16 16 14 15 13 13
 12 12 11 11 10 10 11 11 10 11 10 10 12 11 12 12 12 12 11 11 10 10 10 10
 11 10 11 11 11 11 12 12 12 12 11 11 10 10  9 10  9  9 10  9 11 11 10 11
  9  9  9  9 17 16 20 19 20 21 19 20 19 19 21 20 30 21 44 39 48 47 46 47
 41 44 35 38 30 32 24 27 20 23 18 19 16 17 14 15 13 13 13 13 12 13 11 12
 11 11 11 11 10 10 10 10]"
2024-10-29 14:47:57.971142,"(-50.0, 10.0)","(5600, 2627)","[18  8 21 22 20 21 20 21 20 19 22 22 21 22 17 19 16 17 16 16 14 15 13 13
 12 12 11 11 10 10 11 11 10 11 10 10 12 11 12 12 12 12 11 11 10 10 10 10
 11 10 11 11 11 11 12 12 12 12 11 11 10 10  9 10  9  9 10  9 11 11 13 11
 14 15 13 14 12 11 13 12 14 15 13 14 21 18 21 21 32 20 46 41 48 48 45 47
 38 41 33 35 29 31 24 26 18 21 16 17 13 14 11 12 11 12 10 11  8  9 12  8
 14 14 13 13  9  9  9  9]"
2024-10-29 14:48:13.465372,"(-30.0, 10.0)","(5600, 2627)","[18  9 21 22 20 21 20 21 20 19 22 22 21 22 17 19 16 17 16 16 14 15 13 13
 12 12 11 11 10 10 11 11 10 11 10 10 12 11 12 12 12 12 11 11 10 10 10 10
 11 10 11 11 11 11 12 12 12 12 11 11 10 10  9 10  9  9 10  9 11 11 10 11
  9  9  9  9 12 11 13 12 14 15 13 14 12 13 16 11 32 22 46 40 52 50 50 51
 46 49 41 44 33 37 27 30 19 24 17 18 15 16 13 14 12 12 11 11 10 11  9 10
  9  9  9  9  9  9  9  9]"
2024-10-29 14:48:28.959951,"(-10.0, 10.0)","(5600, 2626)","[18  7 21 22 20 21 20 21 20 19 22 22 21 22 17 19 16 17 16 16 14 15 13 13
 12 12 11 11 10 10 11 11 10 11 10 10 12 11 12 12 12 12 11 11 10 10 10 10
 11 10 11 11 11 11 12 12 12 12 11 11 10 10  9 10  9  9 10  9 11 11 10 11
  9  9  9  9 12 11 13 12 14 15 13 14 12 13 11 11 26 10 41 35 46 44 45 46
 42 44 36 39 31 33 27 29 22 24 17 18 15 16 13 14 11 12 10 11  9 10  9  9
  9  9  9  9  9  9  9  9]"
2024-10-29 14:48:44.456874,"(10.0, 10.0)","(5600, 2625)","[18 10 21 22 20 21 20 20 20 19 22 22 21 22 17 19 16 17 16 16 14 15 13 13
 12 12 11 11 10 10 11 11 10 11 10 10 12 11 12 12 12 12 11 11 10 10 10 10
 11 10 11 11 11 11 12 12 12 12 11 11 10 10  9 10  9  9 10  9 11 11 10 11
  9  9  9  9 12 11 13 12 14 15 13 14 12 13 11 11 17 10 24 22 36 30 42 40
 40 41 35 38 30 33 27 29 23 26 20 22 16 16 14 15 12 13 10 11  9  9  8  8
  8  8  8  8  9  9  9  9]"
2024-10-29 14:48:59.952291,"(30.0, 10.0)","(5600, 2626)","[18 11 21 22 20 20 20 20 20 19 22 22 21 22 17 19 16 17 16 16 14 15 13 13
 12 12 11 11 10 10 11 11 10 11 10 10 12 11 12 12 12 12 11 11 10 10 10 10
 11 10 11 11 11 11 12 12 12 12 11 11 10 10  9 10  9  9 10  9 11 11 10 11
  9  9  9  9 12 11 13 12 14 15 13 14 12 13 11 11 24 10 36 31 39 38 38 38
 36 38 33 35 29 31 24 26 21 22 16 16 15 15 13 14 12 13 11 11 10 11  9 10
  8  9  8  8  9  9  9  9]"
2024-10-29 14:49:16.480002,"(50.0, 10.0)","(5600, 2636)","[18  9 21 22 20 20 20 20 20 19 22 22 21 22 17 19 16 17 16 16 14 15 13 13
 12 12 11 11 10 10 11 11 10 11 10 10 12 11 12 12 12 12 11 11 10 10 10 10
 11 10 11 11 11 11 12 12 12 12 11 11 10 10  9 10  9  9 10  9 11 11 10 11
  9  9  9  9 12 11 13 12 14 15 13 14 12 13 11 11 23 10 36 31 39 38 39 39
 37 38 33 35 27 30 22 24 16 20 14 15 12 13 11 11 11 12 15 13 10 15 10 10
 10 10 10 10  9 10  9  9]"
2024-10-29 14:49:31.984289,"(70.0, 10.0)","(5600, 2637)","[18  4 21 22 20 20 20 20 20 19 22 22 21 22 17 19 16 17 16 16 14 15 13 13
 12 12 11 11 10 10 11 11 10 11 10 10 12 11 12 12 12 12 11 11 10 10 10 10
 11 10 11 11 11 11 12 12 12 12 11 11 10 10  9 10  9  9 10  9 11 11 10 11
  9  9  9  9 12 11 13 12 14 15 13 14 12 13 15 11 25 15 37 32 38 38 38 38
 36 37 33 35 29 31 25 27 21 23 16 17 15 16 13 14 12 12 12 12 12 12 12 12
 12 12 11 11 10 10  9 10]"
2024-10-29 14:49:47.478944,"(90.0, 10.0)","(5600, 2636)","[18  8 21 22 20 20 20 20 20 19 22 22 21 22 17 19 16 17 16 16 14 15 13 13
 12 12 11 11 10 10 11 11 10 11 10 10 12 11 12 12 12 12 11 11 10 10 10 10
 11 10 11 11 11 11 12 12 12 12 11 11 10 10  9 10  9  9 10  9 11 11 10 11
  9  9  9  9 12 11 13 12 14 15 13 14 12 13 14 11 25 16 37 32 39 39 38 38
 36 37 32 34 29 31 24 27 17 22 16 17 14 15 12 13 12 12 12 12 12 12 11 12
 10 11  9  9  9  9  9  9]"
2024-10-29 14:50:22.384436,"(-70.0, -10.0)","(5600, 2857)","[21 20 21 22 20 20 20 20 20 19 22 22 21 22 17 19 16 17 16 16 14 15 13 13
 12 12 11 11 10 10 11 11 10 11 10 10 12 11 12 12 12 12 11 11 10 10 10 10
 11 10 11 11 11 11 12 12 12 12 11 11 10 10  9 10  9  9 10  9 11 11 10 11
 20  9 28 24 31 30 30 30 34 29 47 40 54 51 54 54 52 53 49 50 46 47 44 45
 39 42 35 37 33 34 27 32 27 27 27 27 26 27 24 25 22 23 20 21 19 20 18 18
 17 18 16 17 15 16 13 14]"
2024-10-29 14:50:37.881381,"(-50.0, -10.0)","(5600, 2856)","[19 17 21 22 20 20 20 20 20 19 22 22 21 22 17 19 16 17 16 16 14 15 13 13
 12 12 11 11 10 10 11 11 10 11 10 10 12 11 12 12 12 12 11 11 10 10 10 10
 11 10 11 11 11 11 12 12 12 12 11 11 10 10  9 10  9  9 10  9 11 11 10 11
 15  9 17 16 17 17 24 19 31 31 44 35 53 49 53 54 51 53 47 49 45 46 44 44
 43 43 41 42 38 39 35 36 34 35 32 33 26 26 23 25 21 22 20 20 18 19 17 18
 17 17 16 16 15 15 15 15]"
2024-10-29 14:50:53.374349,"(-30.0, -10.0)","(5600, 2857)","[18  9 21 22 20 20 20 20 20 19 22 22 21 22 17 19 16 17 16 16 14 15 13 13
 12 12 11 11 10 10 11 11 10 11 10 10 12 11 12 12 12 12 11 11 10 10 10 10
 11 10 11 11 11 11 12 12 12 12 11 11 10 10  9 10  9  9 10  9 11 11 10 11
  9  9  9  9 12 11 13 12 22 15 41 32 50 46 50 50 47 49 42 44 41 41 45 44
 44 45 39 42 37 38 34 36 32 33 32 32 30 31 25 29 24 25 22 23 20 21 18 19
 17 18 15 15 14 14 13 13]"
2024-10-29 14:51:08.866664,"(-10.0, -10.0)","(5600, 2857)","[18  8 21 22 20 20 20 20 20 19 22 22 21 22 17 19 16 17 16 16 14 15 13 13
 12 12 11 11 10 10 11 11 10 11 10 10 12 11 12 12 12 12 11 11 10 10 10 10
 11 10 11 11 11 11 12 12 12 12 11 11 10 10  9 10  9  9 10  9 11 11 10 11
 13  9 14 14 12 14 13 12 20 15 31 25 37 34 40 39 41 41 39 40 38 38 37 37
 37 37 35 36 33 34 31 32 27 29 21 21 21 21 21 21 21 21 21 21 24 21 27 26
 26 27 21 21 19 20 17 18]"
2024-10-29 14:51:24.360474,"(10.0, -10.0)","(5600, 2855)","[18 13 21 22 20 20 20 20 21 20 22 22 21 22 17 19 16 17 16 16 14 15 13 13
 12 12 11 11 10 10 11 11 10 11 10 10 12 11 12 12 12 12 11 11 10 10 10 10
 11 10 11 11 11 11 12 12 12 12 11 11 10 10  9 10  9  9 10  9 11 11 10 11
  9  9  9  9 17 15 19 19 14 19 13 14 20 18 21 21 21 21 28 23 40 34 45 44
 45 46 41 43 35 38 32 33 28 30 24 26 19 19 17 18 16 16 14 15 13 13 12 12
 12 12 11 11 14 10 16 16]"
2024-10-29 14:51:39.855331,"(30.0, -10.0)","(5600, 2856)","[18 13 21 22 20 20 19 20 20 19 22 22 21 22 17 19 16 17 16 16 14 15 13 13
 12 12 11 11 10 10 11 11 10 11 10 10 12 11 12 12 12 12 11 11 10 10 10 10
 11 10 11 11 11 11 12 12 12 12 11 11 10 10  9 10  9  9 10  9 11 11 10 11
 14  9 23 18 32 28 34 33 33 33 32 33 31 32 31 31 28 30 26 27 29 27 29 29
 27 28 23 25 18 18 16 17 15 15 15 15 14 15 14 14 19 13 21 21 22 21 28 26
 29 29 27 28 34 30 35 35]"
2024-10-29 14:51:55.349073,"(50.0, -10.0)","(5600, 2856)","[18 10 21 22 20 20 19 20 20 19 22 22 21 22 17 19 16 17 16 16 14 15 13 13
 12 12 11 11 10 10 11 11 10 11 10 10 12 11 12 12 12 12 11 11 10 10 10 10
 11 10 11 11 11 11 12 12 12 12 11 11 10 10  9 10  9  9 10  9 11 11 10 11
 16  9 26 21 33 30 34 34 33 33 32 32 31 32 28 30 24 26 22 23 21 21 25 24
 24 25 20 22 16 16 15 15 14 14 12 13 11 12 11 11 15 12 19 18 26 22 35 31
 36 37 34 36 32 33 29 31]"
2024-10-29 14:52:10.848584,"(70.0, -10.0)","(5600, 2858)","[18  8 21 22 20 20 19 20 20 19 22 22 21 22 17 19 16 17 16 16 14 15 13 13
 12 12 11 11 10 10 11 11 10 11 10 10 12 11 12 12 12 12 11 11 10 10 10 10
 11 10 11 11 11 11 12 12 12 12 11 11 10 10  9 10  9  9 10  9 11 11 10 11
  9  9 16 14 28 22 31 30 31 31 30 30 28 29 24 26 21 22 20 20 23 21 26 25
 24 25 21 23 16 20 15 15 14 14 12 13 11 12 11 11 11 12 18 15 25 22 34 30
 35 36 33 35 29 31 26 28]"
2024-10-29 14:52:45.763324,"(-90.0, 13.33)","(5600, 2596)","[18 10 21 22 20 20 19 20 20 19 22 22 21 22 17 19 16 17 16 16 14 15 13 13
 12 12 11 11 10 10 11 11 10 11 10 10 12 11 12 12 12 12 11 11 10 10 10 10
 11 10 11 11 11 11 12 12 12 12 11 11 10 10 17 13 22 21 20 21 18 19 17 17
 20 16 30 25 34 32 31 33 28 29 27 27 27 26 31 29 34 34 33 34 45 39 47 47
 45 46 41 43 35 38 30 33 24 28 21 22 17 19 14 16 12 13 10 11 10 10 10 10
 10 10 11 10 11 11 11 11]"
2024-10-29 14:53:00.449394,"(-75.0, 13.33)","(5600, 2597)","[18 10 21 22 20 20 19 20 20 19 22 22 21 22 17 19 16 17 16 16 14 15 13 13
 12 12 11 11 10 10 11 11 10 11 10 10 12 11 12 12 12 12 11 11 10 10 10 10
 11 10 11 11 11 11 12 12 12 12 11 11 10 10 20 15 24 24 23 24 20 21 19 20
 20 19 27 23 33 31 32 33 29 31 25 27 23 23 26 25 29 27 38 32 47 43 47 48
 44 47 39 42 32 35 23 29 22 23 19 20 17 18 15 16 14 14 12 13 11 12 11 11
 10 10  9  9  9  9  9  9]"
2024-10-29 14:53:15.130569,"(-60.0, 13.33)","(5600, 2596)","[18  9 21 22 19 20 19 20 20 19 22 22 21 22 17 19 16 17 16 16 14 15 13 13
 12 12 11 11 10 10 11 11 10 11 10 10 12 11 12 12 12 12 11 11 10 10 10 10
 11 10 11 11 11 11 12 12 12 12 11 11 10 10  9 10  9  9 10  9 11 11 10 11
  9  9 21 15 30 26 32 31 31 32 26 29 23 24 23 23 24 24 28 25 41 35 45 44
 44 45 38 41 32 35 26 29 20 23 17 19 15 16 13 14 11 12 10 11  8  9  8  8
  8  8  8  8  9  9  9  9]"
2024-10-29 14:53:29.815031,"(-45.0, 13.33)","(5600, 2596)","[18 12 21 22 19 20 19 20 20 19 22 22 21 22 17 19 16 17 16 16 14 15 13 13
 12 12 11 11 10 10 11 11 10 11 10 10 12 11 12 12 12 12 11 11 10 10 10 10
 11 10 11 11 11 11 12 12 12 12 11 11 10 10  9 10  9  9 10  9 11 11 10 11
 14  9 18 15 20 19 20 20 20 20 19 19 17 18 17 17 24 17 39 31 49 44 52 51
 50 51 45 48 37 41 29 33 22 26 20 21 18 19 16 17 14 15 12 13 10 11 10 10
  9  9  9  9  9  9  9  9]"
2024-10-29 14:53:44.500057,"(-30.0, 13.33)","(5600, 2595)","[18  5 21 22 19 20 19 19 20 19 22 22 21 22 17 19 16 17 16 16 14 15 13 13
 12 12 11 11 10 10 11 11 10 11 10 10 12 11 12 12 12 12 11 11 10 10 10 10
 11 10 11 11 11 11 12 12 12 12 11 11 10 10  9 10  9  9 10  9 11 11 10 11
  9  9  9  9 12 11 13 12 14 15 13 14 12 13 11 11 23 10 39 32 50 45 52 52
 51 52 46 49 38 42 31 34 25 28 19 20 17 19 15 16 13 14 11 12 10 11 10 10
  9  9  9  9  9  9  9  9]"
2024-10-29 14:53:59.181628,"(-15.0, 13.33)","(5600, 2597)","[18 11 21 21 19 20 19 19 20 19 22 22 21 22 17 19 16 17 16 16 14 15 13 13
 12 12 11 11 10 10 11 11 10 11 10 10 12 11 12 12 12 12 11 11 10 10 10 10
 11 10 11 11 11 11 12 12 12 12 11 11 10 10  9 10  9  9 10  9 11 11 10 11
  9  9  9  9 12 11 13 12 14 15 18 17 18 18 16 17 23 14 36 31 38 37 40 39
 36 39 33 34 30 31 24 27 17 21 16 17 14 15 12 13 11 12 10 11  8  9  7  8
  7  7  8  7  9  9  9  9]"
2024-10-29 14:54:13.860650,"(0.0, 13.33)","(5600, 2597)","[18  6 21 21 19 20 19 19 20 19 22 22 21 22 17 19 16 17 16 16 14 15 13 13
 12 12 11 11 10 10 11 11 10 11 10 10 12 11 12 12 12 12 11 11 10 10 10 10
 11 10 11 11 11 11 12 12 12 12 11 11 10 10  9 10  9  9 10  9 11 11 10 11
  9  9  9  9 12 11 13 12 14 15 13 14 12 13 11 11 22 10 34 29 40 37 42 42
 40 42 35 37 30 32 24 27 17 21 15 16 14 15 12 13 11 12 10 11  9 10  9  9
  9  9  9  9  9  9  9  9]"
2024-10-29 14:54:29.559968,"(15.0, 13.33)","(5600, 2597)","[18  8 21 21 19 20 19 19 20 19 22 22 21 22 17 19 16 17 16 16 14 15 13 13
 12 12 11 11 10 10 11 11 10 11 10 10 12 11 12 12 12 12 11 11 10 10 10 10
 11 10 11 11 11 11 12 12 12 12 11 11 10 10  9 10  9  9 10  9 11 11 10 11
  9  9  9  9 12 11 13 12 14 15 13 14 12 13 11 11 22 10 38 32 44 42 43 44
 39 42 34 37 27 30 22 24 17 20 16 16 14 15 12 13 11 12 10 11  9  9  8  8
 13  8 13 13  9  9  9  9]"
2024-10-29 14:54:44.242148,"(30.0, 13.33)","(5600, 2598)","[18  9 21 21 19 20 19 19 20 19 22 22 21 22 17 19 16 17 16 16 14 15 13 13
 12 12 11 11 10 10 11 11 10 11 10 10 12 11 12 12 12 12 11 11 10 10 10 10
 11 10 11 11 11 11 12 12 12 12 11 11 10 10  9 10  9  9 10  9 11 11 10 11
  9  9  9  9 12 11 13 12 14 15 13 14 12 13 11 11 24 10 38 32 43 41 41 42
 37 40 33 35 28 30 23 25 17 21 16 17 14 15 12 12 11 12 11 11 10 10 10 10
 10 10  9 10  9  9  9  9]"
2024-10-29 14:54:58.921424,"(45.0, 13.33)","(5600, 2596)","[18  6 21 21 19 20 19 19 20 19 22 22 21 22 17 19 16 17 16 16 14 15 13 13
 12 12 11 11 10 10 11 11 10 11 10 10 12 11 12 12 12 12 11 11 10 10 10 10
 11 10 11 11 11 11 12 12 12 12 11 11 10 10  9 10  9  9 10  9 11 11 10 11
  9  9  9  9 12 11 13 12 14 15 13 14 12 13 16 11 32 24 44 39 46 46 45 46
 41 44 35 38 29 32 23 26 18 21 16 17 14 15 12 13 11 12 10 11  8  9  8  8
  7  7  8  8  9  9  9  9]"
2024-10-29 14:55:13.603751,"(60.0, 13.33)","(5600, 2597)","[18 11 21 21 19 20 19 19 20 19 22 22 21 22 17 19 16 17 16 16 14 15 13 13
 12 12 11 11 10 10 11 11 10 11 10 10 12 11 12 12 12 12 11 11 10 10 10 10
 11 10 11 11 11 11 12 12 12 12 11 11 10 10  9 10  9  9 10  9 11 11 10 11
  9  9  9  9 12 11 13 12 14 15 13 14 12 13 15 11 33 24 44 40 46 46 45 46
 41 44 36 39 30 33 25 27 18 23 17 17 15 16 14 14 12 13 10 11  9 10  8  8
  7  7  8  7  9  9  9  9]"
2024-10-29 14:55:28.288060,"(75.0, 13.33)","(5600, 2599)","[18  9 21 21 19 20 19 19 20 19 22 22 21 22 17 19 16 17 16 16 14 15 13 13
 12 12 11 11 10 10 11 11 10 11 10 10 12 11 12 12 12 12 11 11 10 10 10 10
 11 10 11 11 11 11 12 12 12 12 11 11 10 10  9 10  9  9 10  9 11 11 10 11
  9  9  9  9 12 11 13 12 14 15 13 14 12 13 17 11 32 24 44 39 46 45 45 45
 41 44 36 39 30 33 25 28 18 22 16 17 14 15 13 14 12 12 10 11  9 10  8  8
  7  7  8  8  9  9  9  9]"
2024-10-29 14:55:42.966429,"(90.0, 13.33)","(5600, 2598)","[18  5 21 21 19 20 19 19 20 19 22 22 21 22 17 19 16 17 16 16 14 15 13 13
 12 12 11 11 10 10 11 11 10 11 10 10 12 11 12 12 12 12 11 11 10 10 10 10
 11 10 11 11 11 11 12 12 12 12 11 11 10 10  9 10  9  9 10  9 11 11 10 11
  9  9  9  9 12 11 13 12 14 15 13 14 12 13 17 11 32 24 43 39 45 44 44 44
 41 43 36 39 30 33 25 28 18 23 17 18 15 16 13 14 11 12 10 11  8  9  7  8
  7  7  8  7  9  9  9  9]"
2024-10-29 14:56:19.711109,"(-75.0, -13.33)","(5600, 2895)","[18 10 21 21 19 20 20 19 24 23 23 24 21 22 17 19 16 17 16 16 14 15 13 13
 12 12 11 11 10 10 11 11 10 11 10 10 12 11 12 12 12 12 11 11 10 10 10 10
 11 10 11 11 11 11 12 12 12 12 11 11 10 10  9 10  9  9 10  9 11 11 10 11
  9  9  9  9 12 11 13 12 14 15 13 14 12 13 14 11 24 17 35 30 42 39 44 44
 42 43 37 40 31 34 26 29 22 24 17 18 16 16 14 15 12 13 10 11 10 10  9  9
  8  9  8  8  9  9  9  9]"
2024-10-29 14:56:34.393701,"(-60.0, -13.33)","(5600, 2891)","[18  9 21 21 19 20 19 19 20 19 22 22 21 22 17 19 16 17 16 16 14 15 13 13
 12 12 11 11 10 10 11 11 10 11 10 10 12 11 12 12 12 12 11 11 10 10 10 10
 11 10 11 11 11 11 12 12 12 12 11 11 10 10  9 10  9  9 10  9 11 11 10 11
  9  9  9  9 12 11 13 12 14 15 13 14 12 13 15 11 20 19 23 22 40 31 45 43
 43 45 38 41 32 35 26 29 22 24 16 16 15 16 13 14 11 12 10 11  9  9  8  9
  8  8  8  8  9  9  9  9]"
2024-10-29 14:56:49.075611,"(-45.0, -13.33)","(5600, 2894)","[18 10 21 21 19 20 19 19 20 19 22 22 21 22 17 19 16 17 16 16 14 15 13 13
 12 12 11 11 10 10 11 11 10 11 10 10 12 11 12 12 12 12 11 11 10 10 10 10
 11 10 11 11 11 11 12 12 12 12 11 11 10 10  9 10  9  9 10  9 11 11 10 11
  9  9  9  9 12 11 13 12 14 15 13 14 22 16 32 27 37 35 37 38 35 36 34 34
 34 34 31 33 29 30 27 28 23 26 18 18 16 17 14 15 12 13 10 11  9 10  9  9
  8  9  8  8  9  9  9  9]"
2024-10-29 14:57:03.755074,"(-30.0, -13.33)","(5600, 2895)","[18  9 21 21 19 20 19 19 20 19 22 22 21 22 17 19 16 17 16 16 14 15 13 13
 12 12 11 11 10 10 11 11 10 11 10 10 12 11 12 12 12 12 11 11 10 10 10 10
 11 10 11 11 11 11 12 12 12 12 11 11 10 10  9 10  9  9 10  9 11 11 10 11
  9  9  9  9 12 11 13 12 14 15 13 14 23 20 29 26 34 32 37 36 40 38 45 43
 45 46 43 44 39 41 32 35 28 30 26 27 21 21 20 21 17 18 15 16 13 14 11 12
 10 10  9  9  9  9  9  9]"
2024-10-29 14:57:18.444926,"(-15.0, -13.33)","(5600, 2894)","[18 13 21 21 19 20 19 19 20 19 22 22 21 22 17 19 16 17 16 16 14 15 13 13
 12 12 11 11 10 10 11 11 10 11 10 10 12 11 12 12 12 12 11 11 10 10 10 10
 11 10 11 11 11 11 12 12 12 12 11 11 10 10  9 10  9  9 10  9 11 11 19 11
 26 24 29 28 28 28 30 27 41 36 46 45 45 46 42 43 41 42 39 41 36 38 36 35
 38 38 37 38 32 35 30 31 25 29 24 25 23 24 22 22 20 21 19 20 17 18 16 17
 14 14 14 14 14 14 13 14]"
2024-10-29 14:57:33.126292,"(0.0, -13.33)","(5600, 2894)","[19 16 21 21 19 20 19 19 20 19 22 22 21 22 17 19 16 17 16 16 14 15 13 13
 12 12 11 11 10 10 11 11 10 11 10 10 12 11 12 12 12 12 11 11 10 10 10 10
 11 10 11 11 11 11 12 12 12 12 11 11 10 10  9 10  9  9 10  9 11 11 15 11
 16 15 17 17 23 19 40 32 51 47 56 55 55 56 51 53 48 50 44 46 39 41 40 39
 41 41 40 41 37 38 34 35 32 33 27 27 27 27 26 27 31 26 32 32 27 27 26 26
 25 25 24 25 22 23 20 21]"
2024-10-29 14:57:47.811267,"(15.0, -13.33)","(5600, 2893)","[18 15 21 21 19 20 18 19 20 19 22 22 21 22 17 19 16 17 16 16 14 15 13 13
 12 12 11 11 10 10 11 11 10 11 10 10 12 11 12 12 12 12 11 11 10 10 10 10
 11 10 11 11 11 11 12 12 12 12 11 11 10 10  9 10  9  9 10  9 11 11 10 11
 13  9 18 15 20 19 19 19 31 20 43 39 48 46 49 49 47 48 43 45 41 42 40 40
 39 39 37 38 31 34 23 28 22 22 21 21 21 21 20 20 25 20 28 28 28 28 25 27
 20 24 18 19 17 18 16 16]"
2024-10-29 14:58:03.510649,"(30.0, -13.33)","(5600, 2894)","[18  7 21 21 19 20 18 18 20 19 22 22 21 22 17 19 16 17 16 16 14 15 13 13
 12 12 11 11 10 10 11 11 10 11 10 10 12 11 12 12 12 12 11 11 10 10 10 10
 11 10 11 11 11 11 12 12 12 12 11 11 10 10  9 10  9  9 10  9 11 11 10 11
 14  9 23 18 26 25 26 26 29 25 36 32 39 38 41 40 42 42 41 42 42 42 44 43
 45 45 43 44 40 42 37 39 33 35 31 32 25 30 25 25 24 24 24 24 23 23 22 22
 21 21 20 21 19 20 17 18]"
2024-10-29 14:58:18.193284,"(45.0, -13.33)","(5600, 2895)","[18  8 21 21 19 20 18 18 20 19 22 22 21 22 17 19 16 17 16 16 14 15 13 13
 12 12 11 11 10 10 11 11 10 11 10 10 12 11 12 12 12 12 11 11 10 10 10 10
 11 10 11 11 11 11 12 12 12 12 11 11 10 10  9 10  9  9 10  9 11 11 10 11
 13  9 14 14 14 11 18 17 21 19 28 24 32 31 31 32 29 29 28 28 32 29 37 35
 40 39 40 40 39 40 35 37 29 33 24 27 20 20 21 19 25 24 25 25 19 24 20 19
 19 20 18 19 17 18 14 15]"
2024-10-29 14:58:32.880996,"(60.0, -13.33)","(5600, 2895)","[18 11 21 21 19 19 18 18 20 19 22 22 21 22 17 19 16 17 16 16 14 15 13 13
 12 12 11 11 10 10 11 11 10 11 10 10 12 11 12 12 12 12 11 11 10 10 10 10
 11 10 11 11 11 11 12 12 12 12 11 11 10 10  9 10  9  9 10  9 11 11 10 11
  9  9  9  9 12 11 13 12 14 15 13 14 20 18 21 21 20 21 20 20 32 26 39 36
 41 41 40 41 37 38 34 35 31 33 27 29 20 25 26 20 32 30 32 33 30 32 27 29
 21 24 19 20 16 17 15 15]"
2024-10-29 14:58:47.562350,"(75.0, -13.33)","(5600, 2894)","[18  9 20 21 18 19 20 18 24 23 24 25 21 23 17 19 16 17 16 16 14 15 13 13
 12 12 11 11 10 10 11 11 10 11 10 10 12 11 12 12 12 12 11 11 10 10 10 10
 11 10 11 11 11 11 12 12 12 12 11 11 10 10  9 10  9  9 10  9 11 11 10 11
  9  9 19 14 29 24 32 31 31 32 31 31 29 30 25 27 22 24 20 21 31 25 43 38
 46 46 45 46 41 43 38 39 34 36 30 32 23 28 22 23 21 22 19 20 17 18 16 17
 15 16 13 14 12 13 12 12]"
2024-10-29 14:59:23.282263,"(-90.0, 16.66)","(5600, 2561)","[18 10 20 21 18 19 18 18 20 19 22 22 21 22 17 19 16 17 16 16 14 15 13 13
 12 12 11 11 10 10 11 11 10 11 10 10 12 11 12 12 12 12 11 11 10 10 10 10
 11 10 11 11 11 11 12 12 12 12 11 11 10 10  9 10 18  9 24 22 23 23 21 22
 20 21 23 21 32 27 34 33 33 34 29 32 28 28 32 29 39 36 42 41 46 44 47 47
 46 47 43 44 38 41 32 35 25 28 23 24 22 22 20 21 19 20 17 18 16 17 14 15
 13 14 12 12 17 12 17 17]"
2024-10-29 14:59:37.555546,"(-78.0, 16.66)","(5600, 2561)","[18  9 20 21 18 19 18 18 20 19 22 22 21 22 17 19 16 17 16 16 14 15 13 13
 12 12 11 11 10 10 11 11 10 11 10 10 12 11 12 12 12 12 11 11 10 10 10 10
 11 10 11 11 11 11 12 12 12 12 11 11 10 10 17 13 23 21 23 23 22 23 19 20
 18 17 29 21 39 35 42 41 40 41 36 38 31 33 29 28 37 32 45 41 48 47 47 48
 42 46 37 39 31 34 25 28 22 24 19 20 16 17 13 14 11 12 10 11  8  9  7  8
  7  7  8  7 13  9 16 15]"
2024-10-29 14:59:51.829392,"(-66.0, 16.66)","(5600, 2559)","[17  9 20 21 18 19 18 18 20 19 22 22 21 22 17 19 16 17 16 16 14 15 13 13
 12 12 11 11 10 10 11 11 10 11 10 10 12 11 12 12 12 12 11 11 10 10 10 10
 11 10 11 11 11 11 12 12 12 12 11 11 10 10 23 17 27 27 26 27 23 25 20 22
 19 19 29 22 37 34 38 38 36 38 33 35 29 31 27 27 28 28 33 29 40 37 39 40
 37 38 34 36 31 32 27 29 21 24 18 20 15 17 12 14 11 12 10 11  8  9  8  8
  7  7  8  8  9  9  9  9]"
2024-10-29 15:00:06.105021,"(-54.0, 16.66)","(5600, 2560)","[17  5 20 21 18 19 18 18 20 19 22 22 21 22 17 19 16 17 16 16 14 15 13 13
 12 12 11 11 10 10 11 11 10 11 10 10 12 11 12 12 12 12 11 11 10 10 10 10
 11 10 11 11 11 11 12 12 12 12 11 11 17 11 31 25 35 35 34 35 28 31 23 25
 21 21 26 22 29 28 28 29 26 27 23 24 16 22 23 16 29 29 34 30 47 40 48 48
 44 47 40 42 36 38 31 34 24 29 22 24 19 21 16 18 14 15 12 13 10 11  9 10
 13  9 19 16 22 21 21 22]"
2024-10-29 15:00:20.387093,"(-42.0, 16.66)","(5600, 2562)","[17  7 20 21 18 19 18 18 20 19 22 22 21 22 17 19 16 17 16 16 14 15 13 13
 12 12 11 11 10 10 11 11 10 11 10 10 12 11 12 12 12 12 11 11 10 10 10 10
 11 10 11 11 11 11 12 12 12 12 11 11 10 10 13 10 17 16 16 17 11 15 10 11
 14  9 21 17 30 26 32 31 30 32 28 29 27 27 29 28 31 31 37 32 48 43 51 50
 48 50 41 46 36 38 30 33 23 27 20 22 17 18 14 15 13 13 12 12 11 11 10 11
 10 10 15 12 10 15 10 10]"
2024-10-29 15:00:34.663196,"(-30.0, 16.66)","(5600, 2560)","[17  8 20 21 18 19 18 18 20 19 22 22 21 22 17 19 16 17 16 16 14 15 13 13
 12 12 11 11 10 10 11 11 10 11 10 10 12 11 12 12 12 12 11 11 10 10 10 10
 11 10 11 11 11 11 12 12 12 12 11 11 10 10 12 10 17 15 17 18 11 17 10 11
  9  9 17 14 24 21 27 26 25 27 22 24 19 20 19 19 18 19 29 22 44 37 50 48
 49 50 45 48 39 42 33 36 26 30 20 22 17 18 14 15 12 13 10 11  8  9  8  8
  8  8  8  8  9  9 13  9]"
2024-10-29 15:00:48.941005,"(-18.0, 16.66)","(5600, 2559)","[17  9 20 21 18 19 18 18 20 19 22 22 21 22 17 19 16 17 16 16 14 15 13 13
 12 12 11 11 10 10 11 11 10 11 10 10 12 11 12 12 12 12 11 11 10 10 10 10
 11 10 11 11 11 11 12 12 12 12 11 11 10 10  9 10  9  9 10  9 11 11 10 11
  9  9  9  9 16 11 19 18 14 19 13 14 12 13 11 11 17 10 33 22 47 41 53 51
 53 53 49 51 41 45 36 38 31 33 24 27 19 21 17 18 15 15 13 14 11 12 11 11
 10 10  9  9  9  9  9  9]"
2024-10-29 15:01:03.213703,"(-6.0, 16.66)","(5600, 2560)","[17 11 20 21 18 19 18 18 20 19 22 22 21 22 17 19 16 17 16 16 14 15 13 13
 12 12 11 11 10 10 11 11 10 11 10 10 12 11 12 12 12 12 11 11 10 10 10 10
 11 10 11 11 11 11 12 12 12 12 11 11 10 10  9 10  9  9 10  9 11 11 10 11
  9  9  9  9 12 11 13 12 14 15 13 14 12 13 15 11 21 17 35 27 47 42 51 50
 49 51 45 47 38 42 31 35 24 27 18 19 15 17 13 14 11 12 11 11 10 10  9  9
  8  8  8  8  9  9  9  9]"
2024-10-29 15:01:17.487804,"(6.0, 16.66)","(5600, 2559)","[17  7 20 21 18 19 18 18 20 19 22 22 21 22 17 19 16 17 16 16 14 15 13 13
 12 12 11 11 10 10 11 11 10 11 10 10 12 11 12 12 12 12 11 11 10 10 10 10
 11 10 11 11 11 11 12 12 12 12 11 11 10 10  9 10  9  9 10  9 11 11 10 11
  9  9  9  9 12 11 13 12 14 15 13 14 12 13 11 11 16 10 27 21 38 33 41 40
 41 42 40 41 36 38 30 33 24 26 17 18 16 17 14 15 12 13 10 11  9  9  9  9
  9  9  8  8  9  9  9  9]"
2024-10-29 15:01:32.268565,"(18.0, 16.66)","(5600, 2559)","[17  8 20 21 18 19 18 18 20 19 22 22 21 22 17 19 16 17 16 16 14 15 13 13
 12 12 11 11 10 10 11 11 10 11 10 10 12 11 12 12 12 12 11 11 10 10 10 10
 11 10 11 11 11 11 12 12 12 12 11 11 10 10  9 10  9  9 10  9 11 11 10 11
  9  9  9  9 12 11 13 12 14 15 18 15 21 20 19 20 18 18 24 19 27 26 27 26
 30 30 28 29 26 27 22 24 14 19 14 14 13 13 12 12 11 12 10 11  9  9  9  9
  9  9  9  9  9  9  9  9]"
2024-10-29 15:01:46.542987,"(30.0, 16.66)","(5600, 2560)","[17  7 20 21 18 19 18 18 20 19 22 22 21 22 17 19 16 17 16 16 14 15 13 13
 12 12 11 11 10 10 11 11 10 11 10 10 12 11 12 12 12 12 11 11 10 10 10 10
 11 10 11 11 11 11 12 12 12 12 11 11 10 10  9 10  9  9 10  9 11 11 10 11
  9  9  9  9 12 11 13 12 14 15 13 14 12 13 11 11 10 10 10 10 21 15 23 22
 25 24 25 25 22 23 21 21 19 20 17 18 12 12 12 12 11 12 10 11  8  9 14  8
 15 15 14 14  9  9  9  9]"
2024-10-29 15:02:00.817314,"(42.0, 16.66)","(5600, 2561)","[17 12 20 21 18 19 18 18 20 19 22 22 21 22 17 19 16 17 16 16 14 15 13 13
 12 12 11 11 10 10 11 11 10 11 10 10 12 11 12 12 12 12 11 11 10 10 10 10
 11 10 11 11 11 11 12 12 12 12 11 11 10 10  9 10  9  9 10  9 11 11 10 11
  9  9  9  9 12 11 13 12 14 15 13 14 12 13 11 11 15 10 23 20 29 26 36 34
 35 36 31 34 27 29 24 25 20 22 14 14 12 13 11 12 11 12 10 11 11  9 16 14
 17 18 16 17 10 15  9 10]"
2024-10-29 15:02:15.096953,"(54.0, 16.66)","(5600, 2560)","[17 11 20 21 18 19 18 18 20 19 22 22 21 22 17 19 16 17 16 16 14 15 13 13
 12 12 11 11 10 10 11 11 10 11 10 10 12 11 12 12 12 12 11 11 10 10 10 10
 11 10 11 11 11 11 12 12 12 12 11 11 10 10  9 10  9  9 10  9 11 11 10 11
  9  9  9  9 12 11 13 12 14 15 13 14 12 13 11 11 10 10 20 13 26 24 30 29
 30 31 28 29 23 25 20 21 17 18 13 13 12 12 12 12 11 12 10 11  9  9  8  8
  8  8  8  8  9  9  9  9]"
2024-10-29 15:02:29.373840,"(66.0, 16.66)","(5600, 2561)","[17  5 20 21 18 19 18 17 20 19 22 22 21 22 17 19 16 17 16 16 14 15 13 13
 12 12 11 11 10 10 11 11 10 11 10 10 12 11 12 12 12 12 11 11 10 10 10 10
 11 10 11 11 11 11 12 12 12 12 11 11 10 10  9 10  9  9 10  9 11 11 15 11
 15 15 15 15 12 11 13 12 14 15 13 14 12 13 11 11 10 10 22 15 34 29 38 37
 37 38 32 35 27 30 23 25 20 21 15 15 14 15 12 13 11 12 10 11  8  9  8  8
  7  7  8  8  9  9  9  9]"
2024-10-29 15:02:44.155898,"(78.0, 16.66)","(5600, 2561)","[18 14 20 21 18 19 18 17 20 19 22 22 21 22 17 19 16 17 16 16 14 15 13 13
 12 12 11 11 10 10 11 11 10 11 10 10 12 11 12 12 12 12 11 11 10 10 10 10
 11 10 11 11 11 11 12 12 12 12 11 11 10 10  9 10  9  9 10  9 11 11 10 11
  9  9  9  9 12 11 13 12 14 15 13 14 12 13 11 11 13 10 26 18 36 32 39 39
 38 39 34 36 30 32 25 27 21 22 16 16 15 15 13 14 11 12 10 11  9  9  8  9
  8  8  8  8  9  9  9  9]"
2024-10-29 15:02:58.427263,"(90.0, 16.66)","(5600, 2560)","[17 10 20 21 18 19 18 17 20 19 22 22 21 22 17 19 16 17 16 16 14 15 13 13
 12 12 11 11 10 10 11 11 10 11 10 10 12 11 12 12 12 12 11 11 10 10 10 10
 11 10 11 11 11 11 12 12 12 12 11 11 10 10  9 10  9  9 10  9 11 11 10 11
  9  9  9  9 12 11 13 12 14 15 13 14 12 13 11 11 14 10 28 20 39 34 42 41
 41 42 36 39 30 33 26 28 22 24 16 16 14 15 13 13 11 12 10 11  9  9  8  8
  7  7  8  7  9  9  9  9]"
2024-10-29 15:03:34.555754,"(-78.0, -16.66)","(5600, 2930)","[17 12 20 21 18 19 18 17 20 19 22 22 21 22 17 19 16 17 16 16 14 15 13 13
 12 12 11 11 10 10 11 11 10 11 10 10 12 11 12 12 12 12 11 11 17 14 19 19
 18 19 15 17 11 11 12 12 12 12 11 11 10 10  9 10  9  9 10  9 11 11 10 11
  9  9  9  9 12 11 13 12 14 15 13 14 12 13 11 11 10 10 15 14 21 17 33 28
 35 35 34 35 29 32 24 26 20 22 14 14 14 14 13 13 11 12 10 11  9  9  8  8
  7  7  8  8  9  9  9  9]"
2024-10-29 15:03:48.827265,"(-66.0, -16.66)","(5600, 2929)","[17 12 20 21 18 19 18 17 20 19 22 22 21 22 17 19 16 17 16 16 14 15 13 13
 12 12 11 11 10 10 11 11 10 11 10 10 12 11 12 12 12 12 11 11 12 10 15 14
 14 15 11 11 11 11 12 12 12 12 11 11 10 10  9 10  9  9 10  9 11 11 10 11
  9  9  9  9 12 11 13 12 14 15 13 14 12 13 11 11 10 10 10 10 21 17 34 29
 38 38 36 37 30 34 26 28 21 24 17 19 14 14 12 13 11 12 10 11  8  9  7  8
  7  7  8  7  9  9  9  9]"
2024-10-29 15:04:04.127166,"(-54.0, -16.66)","(5600, 2929)","[17 10 20 21 18 19 18 17 20 19 22 22 21 22 17 19 16 17 16 16 14 15 13 13
 12 12 11 11 10 10 11 11 10 11 10 10 12 11 12 12 12 12 11 11 10 10 10 10
 11 10 11 11 11 11 12 12 12 12 11 11 10 10  9 10  9  9 10  9 11 11 10 11
  9  9  9  9 12 11 13 12 14 15 13 14 12 13 11 11 10 10 15 11 29 22 39 35
 41 41 37 39 32 35 28 30 25 26 22 23 16 21 15 16 13 14 11 12  9 10  8  9
  7  7  8  7  9  9  9  9]"
2024-10-29 15:04:18.402438,"(-42.0, -16.66)","(5600, 2929)","[17 12 20 21 18 19 18 17 20 19 22 22 21 22 17 19 16 17 16 16 14 15 13 13
 12 12 11 11 10 10 11 11 10 11 10 10 12 11 12 12 12 12 11 11 10 10 10 10
 11 10 11 11 11 11 12 12 12 12 11 11 10 10  9 10  9  9 10  9 11 11 10 11
  9  9 16 14 12 16 13 12 14 15 13 14 19 14 30 25 35 33 34 35 35 33 47 41
 52 52 51 52 46 49 41 44 34 37 29 32 23 27 21 22 18 20 16 17 14 15 12 13
 11 12 10 10  9  9  9  9]"
2024-10-29 15:04:32.679271,"(-30.0, -16.66)","(5600, 2928)","[17 11 20 21 18 19 18 17 20 19 22 22 21 22 17 19 16 17 16 16 14 15 13 13
 12 12 11 11 10 10 11 11 10 11 10 10 12 11 12 12 12 12 11 11 10 10 10 10
 11 10 11 11 11 11 12 12 12 12 11 11 10 10  9 10  9  9 10  9 11 11 10 11
  9  9  9  9 12 11 13 12 14 15 13 14 15 13 26 20 34 32 35 35 35 34 50 43
 56 56 56 56 51 54 46 48 43 44 39 41 33 36 25 30 23 24 20 22 17 19 14 16
 12 13 10 11  9 10  9  9]"
2024-10-29 15:04:46.953448,"(-18.0, -16.66)","(5600, 2927)","[17  7 20 21 18 19 18 17 20 19 22 22 21 22 17 19 16 17 16 16 14 15 13 13
 12 12 11 11 10 10 11 11 10 11 10 10 12 11 12 12 12 12 11 11 10 10 10 10
 11 10 11 11 11 11 12 12 12 12 11 11 14 10 15 15 14 14 10  9 18 15 22 21
 22 22 24 22 24 24 25 24 27 27 26 27 26 26 29 28 29 29 29 29 32 30 40 37
 44 44 42 43 37 39 33 35 30 31 27 28 23 23 22 22 19 21 16 18 13 15 11 12
 10 11  9  9  9  9  9  9]"
2024-10-29 15:05:01.233775,"(-6.0, -16.66)","(5600, 2929)","[18 14 20 21 18 19 18 17 20 19 22 22 21 22 17 19 16 17 16 16 14 15 13 13
 12 12 11 11 10 10 11 11 10 11 10 10 12 11 12 12 12 12 11 11 10 10 10 10
 11 10 11 11 11 11 12 12 12 12 11 11 10 10  9 10  9  9 10  9 23 17 29 28
 28 29 27 28 35 30 45 40 53 50 54 54 53 54 48 51 41 45 34 37 33 33 36 35
 37 37 36 37 26 33 25 26 25 25 24 24 24 24 23 24 22 23 19 21 18 18 22 18
 27 24 31 30 30 30 27 28]"
2024-10-29 15:05:15.517037,"(6.0, -16.66)","(5600, 2929)","[17  9 20 21 18 19 17 17 20 19 22 22 21 22 17 19 16 17 16 16 14 15 13 13
 12 12 11 11 10 10 11 11 10 11 10 10 12 11 12 12 12 12 11 11 10 10 10 10
 11 10 11 11 11 11 12 12 12 12 11 11 10 10  9 10  9  9 10  9 11 11 10 11
  9  9 16 13 31 23 43 38 49 47 50 50 49 50 46 48 40 44 35 37 33 34 33 32
 39 36 41 41 38 40 35 36 32 33 25 26 23 24 22 22 21 21 21 21 23 21 28 25
 32 30 38 35 37 38 34 36]"
2024-10-29 15:05:29.794598,"(18.0, -16.66)","(5600, 2929)","[17  7 20 20 17 19 17 17 20 19 22 22 21 22 17 19 16 17 16 16 14 15 13 13
 12 12 11 11 10 10 11 11 10 11 10 10 12 11 12 12 12 12 11 11 10 10 10 10
 11 10 11 11 11 11 12 12 12 12 11 11 10 10  9 10  9  9 10  9 11 11 10 11
  9  9 18 13 25 22 31 26 43 38 49 47 48 49 46 47 42 44 37 39 35 36 35 35
 37 36 36 36 32 34 29 30 23 28 24 23 24 24 23 23 23 23 22 22 22 22 21 22
 20 20 27 24 27 27 20 25]"
2024-10-29 15:05:44.074376,"(30.0, -16.66)","(5600, 2927)","[17  4 20 20 17 19 17 17 20 19 22 22 21 22 17 19 16 17 16 16 14 15 13 13
 12 12 11 11 10 10 11 11 10 11 10 10 12 11 12 12 12 12 11 11 10 10 10 10
 11 10 11 11 11 11 12 12 12 12 11 11 10 10  9 10  9  9 10  9 11 11 10 11
 13  9 21 17 23 23 23 23 25 24 31 27 33 32 37 34 40 41 38 39 35 36 35 34
 38 36 38 39 37 38 35 36 33 35 32 32 30 31 29 30 28 29 24 24 24 24 24 24
 24 24 24 24 24 24 24 24]"
2024-10-29 15:05:58.348803,"(42.0, -16.66)","(5600, 2930)","[17  7 20 20 17 19 17 17 20 19 22 22 21 22 17 19 16 17 16 16 14 15 13 13
 12 12 11 11 10 10 11 11 10 11 10 10 12 11 12 12 12 12 11 11 10 10 10 10
 11 10 11 11 11 11 12 12 12 12 11 11 10 10  9 10  9  9 10  9 11 11 10 11
  9  9  9  9 12 11 13 12 14 15 22 18 26 24 26 26 26 26 27 26 30 28 33 30
 40 37 41 41 39 40 38 39 35 37 31 33 27 29 21 25 19 20 18 19 16 17 14 15
 12 13 12 12 11 11 10 10]"
2024-10-29 15:06:12.623951,"(54.0, -16.66)","(5600, 2928)","[17 10 20 20 17 19 17 17 20 19 22 22 21 22 17 19 16 17 16 16 14 15 13 13
 12 12 11 11 10 10 11 11 10 11 10 10 12 11 12 12 12 12 11 11 10 10 10 10
 11 10 11 11 11 11 12 12 12 12 11 11 10 10  9 10  9  9 10  9 11 11 14 11
 23 18 25 25 24 25 23 23 20 22 13 14 19 19 19 19 18 19 19 18 23 21 27 22
 41 36 44 44 42 43 37 40 31 33 27 29 20 24 23 20 29 26 30 30 28 29 21 25
 19 20 16 17 13 14 11 12]"
2024-10-29 15:06:26.906261,"(66.0, -16.66)","(5600, 2929)","[17 13 20 20 17 19 17 17 20 19 22 22 21 22 17 19 16 17 16 16 14 15 13 13
 12 12 11 11 10 10 11 11 10 11 10 10 12 11 12 12 12 12 11 11 10 10 10 10
 11 10 11 11 11 11 12 12 12 12 11 11 10 10  9 10  9  9 10  9 11 11 10 11
 18  9 21 21 21 20 25 24 22 25 22 21 25 24 24 25 20 22 21 19 27 24 36 31
 45 42 47 47 44 46 38 41 32 35 25 29 20 21 18 19 16 17 16 16 16 16 16 16
 14 16 12 13 12 12 12 12]"
2024-10-29 15:06:41.181234,"(78.0, -16.66)","(5600, 2929)","[17  9 20 20 17 19 17 17 20 19 22 22 21 22 17 19 16 17 16 16 14 15 13 13
 12 12 11 11 10 10 11 11 10 11 10 10 12 11 12 12 12 12 11 11 10 10 10 10
 11 10 11 11 11 11 12 12 12 12 11 11 10 10 13 10 18 16 20 20 20 20 19 20
 19 19 18 18 18 18 22 21 19 21 13 14 26 22 27 27 27 27 29 28 29 29 32 29
 36 35 35 36 32 34 28 30 25 27 20 20 20 20 20 20 20 20 19 20 16 17 14 15
 12 13 10 11 10 10 10 10]"
2024-10-29 15:07:17.314442,"(-90.0, 20.0)","(5600, 2524)","[17 11 20 20 17 19 17 17 20 19 22 22 21 22 17 19 16 17 16 16 14 15 13 13
 12 12 11 11 10 10 11 11 10 11 10 10 12 11 12 12 12 12 11 11 10 10 10 10
 11 10 11 11 11 11 12 12 12 12 11 11 11 10 19 14 30 25 34 33 33 34 29 31
 27 28 27 27 35 31 37 37 36 37 34 35 30 32 30 29 34 31 35 35 33 34 40 38
 40 41 38 39 35 37 32 34 25 30 24 25 21 23 19 20 16 17 13 14 11 12 10 11
  9  9  9  9  9  9  9  9]"
2024-10-29 15:07:31.385318,"(-80.0, 20.0)","(5600, 2524)","[17 12 20 20 17 19 17 17 20 19 22 22 21 22 17 19 16 17 16 16 14 15 13 13
 12 12 11 11 10 10 11 11 10 11 10 10 12 11 12 12 12 12 11 11 10 10 10 10
 11 10 11 11 11 11 12 12 12 12 11 11 15 10 25 20 31 29 33 33 32 33 29 30
 26 27 24 25 31 27 34 33 32 33 30 31 27 28 28 27 33 30 39 36 42 41 44 44
 42 44 39 41 35 37 31 33 25 29 23 24 20 21 17 18 14 15 12 13 11 12 10 10
  9 10  9  9  9  9  9  9]"
2024-10-29 15:07:45.457183,"(-70.0, 20.0)","(5600, 2523)","[17 13 20 20 17 19 17 17 20 19 22 22 21 22 17 19 16 17 16 16 14 15 13 13
 12 12 11 11 10 10 11 11 10 11 10 10 12 11 12 12 12 12 11 11 10 10 10 10
 11 10 11 11 11 11 12 12 12 12 11 11 10 10 17 10 30 25 35 33 35 35 32 34
 28 30 26 27 31 28 35 34 34 35 33 33 31 32 32 30 38 35 41 41 39 40 36 38
 31 33 29 30 24 28 23 23 20 22 17 19 15 16 13 14 12 12 11 12 11 11 10 10
  9  9  9  9  9  9  9  9]"
2024-10-29 15:08:01.047076,"(-60.0, 20.0)","(5600, 2522)","[17 11 20 20 17 19 17 17 20 19 22 22 21 22 17 19 16 17 16 16 14 15 13 13
 12 12 11 11 10 10 11 11 10 11 10 10 12 11 12 12 12 12 11 11 10 10 10 10
 11 10 11 11 11 11 12 12 12 12 11 11 25 17 38 32 42 42 41 42 37 39 33 35
 28 31 24 26 22 23 16 22 23 17 28 25 27 28 29 26 35 33 37 37 40 38 43 42
 42 43 38 40 34 36 30 32 24 27 21 23 18 19 15 16 12 13 11 11 11 11 11 11
 11 11 18 16 20 19 18 19]"
2024-10-29 15:08:16.138384,"(-50.0, 20.0)","(5600, 2522)","[17 10 20 20 17 19 17 17 20 19 22 22 21 22 17 19 16 17 16 16 14 15 13 13
 12 12 11 11 10 10 11 11 10 11 10 10 12 11 12 12 12 12 11 11 10 10 10 10
 11 10 11 11 11 11 12 12 12 12 11 11 24 16 37 32 40 40 38 39 32 35 27 29
 23 25 20 21 14 19 14 14 14 15 13 14 20 18 20 20 21 20 27 23 40 34 46 44
 45 46 40 43 34 37 29 31 21 26 19 20 16 17 15 15 15 15 14 15 13 14 12 13
 16 12 20 18 21 21 19 20]"
2024-10-29 15:08:31.228427,"(-40.0, 20.0)","(5600, 2521)","[17  7 20 20 17 18 17 17 20 19 22 22 21 22 17 19 16 17 16 16 14 15 13 13
 12 12 11 11 10 10 11 11 10 11 10 10 12 11 12 12 12 12 11 11 10 10 10 10
 11 10 11 11 11 11 12 12 12 12 11 11 14 10 29 22 35 34 34 35 30 32 24 26
 19 21 16 18 18 17 20 19 19 20 13 14 13 13 13 13 12 13 24 17 40 32 45 44
 44 45 41 43 35 38 31 33 26 29 20 20 17 18 15 16 13 14 12 12 11 11 10 11
 10 10 17 14 19 18 18 19]"
2024-10-29 15:08:45.310129,"(-30.0, 20.0)","(5600, 2521)","[17 11 20 20 17 18 17 17 20 19 22 22 21 22 17 19 16 17 16 16 14 15 13 13
 12 12 11 11 10 10 11 11 10 11 10 10 12 11 12 12 12 12 11 11 10 10 10 10
 11 10 11 11 11 11 12 12 12 12 11 11 10 10 15 10 17 17 16 17 11 15 10 11
  9  9  9  9 12 11 13 12 14 15 13 14 12 13 11 11 10 10 26 17 41 33 49 46
 50 50 48 49 41 44 34 37 27 31 22 24 17 19 15 16 12 13 11 11 10 10  9 10
  9  9  8  8  9  9  9  9]"
2024-10-29 15:08:59.381218,"(-20.0, 20.0)","(5600, 2522)","[17  8 20 20 17 18 17 16 20 19 22 22 21 22 17 19 16 17 16 16 14 15 13 13
 12 12 11 11 10 10 11 11 10 11 10 10 12 11 12 12 12 12 11 11 10 10 10 10
 11 10 11 11 11 11 12 12 12 12 11 11 10 10  9 10  9  9 10  9 11 11 10 11
  9  9  9  9 12 11 13 12 14 15 13 14 12 13 11 11 14 10 23 18 34 28 43 40
 44 45 42 44 38 40 33 35 28 31 23 25 17 18 15 16 13 14 12 12 11 11 10 10
  9  9  8  8  9  9  9  9]"
2024-10-29 15:09:13.453442,"(-10.0, 20.0)","(5600, 2522)","[17 12 20 20 17 18 17 16 20 19 22 22 21 22 17 19 16 17 16 16 14 15 13 13
 12 12 11 11 10 10 11 11 10 11 10 10 12 11 12 12 12 12 11 11 10 10 10 10
 11 10 11 11 11 11 12 12 12 12 11 11 10 10  9 10  9  9 10  9 11 11 10 11
  9  9  9  9 12 11 13 12 14 15 13 14 12 13 11 11 10 10 15 14 35 24 47 42
 50 50 48 49 42 45 35 38 28 31 22 25 17 18 15 16 13 14 12 12 10 11  9  9
  8  8  8  8  9  9  9  9]"
2024-10-29 15:09:27.527923,"(0.0, 20.0)","(5600, 2521)","[17  8 20 20 17 18 17 16 20 19 22 22 21 22 17 19 16 17 16 16 14 15 13 13
 12 12 11 11 10 10 11 11 10 11 10 10 12 11 12 12 12 12 11 11 10 10 10 10
 11 10 11 11 11 11 12 12 12 12 11 11 10 10  9 10  9  9 10  9 11 11 10 11
  9  9  9  9 12 11 13 12 14 15 13 14 12 13 11 11 10 10 10 10 37 25 44 42
 44 45 42 43 39 41 33 36 27 30 22 24 17 18 15 16 13 14 11 12  9 10  9  9
  8  9  8  8  9  9  9  9]"
2024-10-29 15:09:41.600968,"(10.0, 20.0)","(5600, 2522)","[17  4 20 20 17 18 17 16 20 19 22 22 21 22 17 19 16 17 16 16 14 15 13 13
 12 12 11 11 10 10 11 11 10 11 10 10 12 11 12 12 12 12 11 11 10 10 10 10
 11 10 11 11 11 11 12 12 12 12 11 11 10 10  9 10  9  9 10  9 11 11 10 11
  9  9  9  9 12 11 13 12 14 15 13 14 17 13 16 16 15 15 21 17 32 26 45 40
 48 48 47 48 42 44 34 37 28 31 22 25 17 18 15 16 12 13 10 11  8  9  8  8
  8  8  8  8  9  9  9  9]"
2024-10-29 15:09:55.670063,"(20.0, 20.0)","(5600, 2522)","[17  8 20 20 17 18 17 16 20 19 22 22 21 22 17 19 16 17 16 16 14 15 13 13
 12 12 11 11 10 10 11 11 10 11 10 10 12 11 12 12 12 12 11 11 10 10 10 10
 11 10 11 11 11 11 12 12 12 12 11 11 10 10  9 10  9  9 10  9 11 11 10 11
  9  9  9  9 12 11 13 12 14 15 13 14 17 16 17 17 16 16 23 18 37 30 46 42
 47 47 44 46 38 41 31 34 26 28 21 23 16 18 15 15 13 14 12 12 11 11  9 10
  8  9  8  8  9  9  9  9]"
2024-10-29 15:10:09.740876,"(30.0, 20.0)","(5600, 2521)","[17  9 20 20 17 18 17 16 20 19 22 22 21 22 17 19 16 17 16 16 14 15 13 13
 12 12 11 11 10 10 11 11 10 11 10 10 12 11 12 12 12 12 11 11 10 10 10 10
 11 10 11 11 11 11 12 12 12 12 11 11 10 10  9 10  9  9 10  9 11 11 10 11
  9  9  9  9 12 11 13 12 14 15 13 14 12 13 11 11 14 10 17 16 25 21 34 31
 37 37 36 37 30 33 28 29 26 27 23 25 16 21 15 16 13 14 11 12  9 10  7  8
  7  7  8  7  9  9  9  9]"
2024-10-29 15:10:23.815971,"(40.0, 20.0)","(5600, 2522)","[17  3 20 20 17 18 17 16 20 19 22 22 21 22 17 19 16 17 16 16 14 15 13 13
 12 12 11 11 10 10 11 11 10 11 10 10 12 11 12 12 12 12 11 11 10 10 10 10
 11 10 11 11 11 11 12 12 12 12 11 11 10 10  9 10  9  9 10  9 11 11 10 11
  9  9  9  9 12 11 13 12 14 15 13 14 12 13 11 11 14 10 24 19 31 28 37 34
 38 38 35 37 29 32 25 27 22 24 15 15 14 15 12 13 11 12 10 11  9  9  8  9
  8  8  8  8  9  9  9  9]"
2024-10-29 15:10:37.887064,"(50.0, 20.0)","(5600, 2523)","[17 11 20 20 17 18 17 16 20 19 22 22 21 22 17 19 16 17 16 16 14 15 13 13
 12 12 11 11 10 10 11 11 10 11 10 10 12 11 12 12 12 12 11 11 10 10 10 10
 11 10 11 11 11 11 12 12 12 12 11 11 10 10  9 10  9  9 10  9 11 11 10 11
  9  9  9  9 12 11 13 12 14 15 13 14 12 13 11 11 10 10 20 13 26 23 32 29
 33 33 30 32 25 27 20 22 17 18 12 12 11 12 11 11 11 12 10 11  9  9  8  8
  8  8  8  8  9  9  9  9]"
2024-10-29 15:10:51.957484,"(60.0, 20.0)","(5600, 2522)","[17 10 20 20 17 18 17 16 20 19 22 22 21 22 17 19 16 17 16 16 14 15 13 13
 12 12 11 11 10 10 11 11 10 11 10 10 12 11 12 12 12 12 11 11 10 10 10 10
 11 10 11 11 11 11 12 12 12 12 11 11 10 10  9 10  9  9 10  9 11 11 10 11
  9  9  9  9 12 11 13 12 14 15 13 14 12 13 11 11 10 10 16 14 20 17 31 27
 32 33 29 31 24 27 19 21 13 17 13 13 12 12 11 12 11 12 10 11  8  9  7  8
  7  7  8  7  9  9  9  9]"
2024-10-29 15:11:06.028453,"(70.0, 20.0)","(5600, 2521)","[17  7 20 20 17 18 17 16 20 19 22 22 21 22 17 19 16 17 16 16 14 15 13 13
 12 12 11 11 10 10 11 11 10 11 10 10 12 11 12 12 12 12 11 11 10 10 10 10
 11 10 11 11 11 11 12 12 12 12 11 11 10 10  9 10  9  9 10  9 11 11 10 11
  9  9  9  9 12 11 13 12 14 15 13 14 12 13 11 11 10 10 16 14 28 22 35 33
 35 36 32 34 27 30 22 25 17 20 13 14 11 12 11 11 11 12 10 11  8  9  7  8
  7  7  8  7  9  9  9  9]"
2024-10-29 15:11:20.103366,"(80.0, 20.0)","(5600, 2521)","[17  6 20 20 17 18 17 16 20 19 22 22 21 22 17 19 16 17 16 16 14 15 13 13
 12 12 11 11 10 10 11 11 10 11 10 10 12 11 12 12 12 12 11 11 10 10 10 10
 11 10 11 11 11 11 12 12 12 12 11 11 10 10  9 10  9  9 10  9 11 11 10 11
  9  9  9  9 12 11 13 12 14 15 13 14 12 13 11 11 10 10 17 14 27 22 36 32
 37 38 34 36 28 31 23 25 20 21 15 15 14 14 12 13 11 12 10 11  8  9  7  8
  7  7  8  7  9  9  9  9]"
2024-10-29 15:11:34.180372,"(90.0, 20.0)","(5600, 2522)","[17  8 20 20 17 18 17 16 20 19 22 22 21 22 17 19 16 17 16 16 14 15 13 13
 12 12 11 11 10 10 11 11 10 11 10 10 12 11 12 12 12 12 11 11 10 10 10 10
 11 10 11 11 11 11 12 12 12 12 11 11 10 10  9 10  9  9 10  9 11 11 10 11
  9  9  9  9 12 11 13 12 14 15 13 14 12 13 11 11 10 10 10 10 23 18 29 27
 30 31 27 29 23 25 19 21 17 18 13 13 12 13 12 12 11 12 10 11  8  9  8  8
  7  7  8  8  9  9  9  9]"
2024-10-29 15:12:10.507654,"(-80.0, -20.0)","(5600, 2966)","[17  7 20 20 17 18 17 16 20 19 22 22 21 22 17 19 16 17 16 16 14 15 13 13
 12 12 11 11 10 10 11 11 10 11 10 10 12 11 12 12 12 12 11 11 17 12 21 20
 21 22 18 20 11 16 12 12 12 12 11 11 10 10  9 10  9  9 10  9 11 11 10 11
  9  9  9  9 12 11 13 12 14 15 13 14 12 13 11 11 10 10 17 11 22 20 29 25
 36 34 36 37 34 35 28 31 23 26 18 21 13 14 12 13 11 12 10 11  8  9  7  8
  7  7  8  7  9  9  9  9]"
2024-10-29 15:12:24.581628,"(-70.0, -20.0)","(5600, 2967)","[17  9 20 20 17 18 17 16 20 19 22 22 21 22 17 19 16 17 16 16 14 15 13 13
 12 12 11 11 10 10 11 11 10 11 10 10 12 11 12 12 12 12 11 11 11 10 16 14
 16 17 11 11 11 11 12 12 12 12 11 11 10 10  9 10  9  9 10  9 11 11 10 11
  9  9  9  9 12 11 13 12 14 15 13 14 12 13 11 11 14 10 20 17 22 21 24 22
 28 28 27 27 26 27 24 25 20 22 17 18 12 12 11 11 11 12 10 11  8  9  7  8
  7  7  8  7  9  9  9  9]"
2024-10-29 15:12:38.657298,"(-60.0, -20.0)","(5600, 2967)","[17  7 20 20 17 18 17 16 20 19 22 22 21 22 17 19 16 17 16 16 14 15 13 13
 12 12 11 11 10 10 11 11 10 11 10 10 12 11 12 12 12 12 11 11 10 10 10 10
 11 10 11 11 11 11 12 12 12 12 11 11 10 10  9 10  9  9 10  9 11 11 10 11
  9  9  9  9 12 11 13 12 14 15 13 14 12 13 13 11 21 16 29 25 33 32 34 33
 38 35 39 39 36 38 29 33 24 26 20 22 15 16 13 14 11 12 10 11  8  9  7  8
  7  7  8  7  9  9  9  9]"
2024-10-29 15:12:52.735094,"(-50.0, -20.0)","(5600, 2967)","[17  7 20 20 17 18 17 16 20 19 22 22 21 22 17 19 16 17 16 16 14 15 13 13
 12 12 11 11 10 10 11 11 10 11 10 10 12 11 12 12 12 12 11 11 10 10 10 10
 11 10 11 11 11 11 12 12 12 12 11 11 10 10  9 10  9  9 10  9 11 11 10 11
  9  9  9  9 12 11 13 12 14 15 13 14 13 13 20 16 27 23 36 31 41 39 40 40
 45 41 47 47 45 46 40 43 32 36 26 29 21 21 18 20 16 17 13 14 11 12  9 10
  8  9  8  8  9  9  9  9]"
2024-10-29 15:13:07.308963,"(-40.0, -20.0)","(5600, 2967)","[19 19 20 20 17 18 17 16 20 19 22 22 21 22 17 19 16 17 16 16 14 15 13 13
 12 12 11 11 10 10 11 11 10 11 10 10 12 11 12 12 12 12 11 11 10 10 10 10
 11 10 11 11 11 11 12 12 12 12 11 11 10 10  9 10  9  9 10  9 11 11 10 11
 13  9 19 17 19 19 18 19 14 16 13 14 31 23 45 39 52 50 53 53 50 52 45 48
 42 42 43 42 41 42 36 39 30 33 25 25 24 24 22 23 19 21 17 18 14 15 13 13
 11 12  9 10  9  9  9  9]"
2024-10-29 15:13:21.379385,"(-30.0, -20.0)","(5600, 2968)","[17  9 20 20 17 18 17 16 20 19 22 22 21 22 17 19 16 17 16 16 14 15 13 13
 12 12 11 11 10 10 11 11 10 11 10 10 12 11 12 12 12 12 11 11 10 10 10 10
 11 10 11 11 11 11 12 12 12 12 11 11 10 10  9 10  9  9 10  9 11 11 10 11
  9  9  9  9 12 11 13 12 14 15 19 17 27 23 41 35 49 46 50 50 48 49 46 46
 46 45 46 47 42 44 37 39 31 34 26 29 22 23 19 20 16 17 14 15 11 12 10 11
  9  9  8  8  9  9  9  9]"
2024-10-29 15:13:35.460105,"(-20.0, -20.0)","(5600, 2968)","[17  6 20 20 17 18 17 16 20 19 22 22 21 22 17 19 16 17 16 16 14 15 13 13
 12 12 11 11 10 10 11 11 10 11 10 10 12 11 12 12 12 12 11 11 10 10 10 10
 11 10 16 16 11 16 12 12 12 12 11 11 10 10  9 10  9  9 10  9 11 11 10 11
 12  9 15 14 17 16 21 19 21 22 20 21 18 19 17 18 19 17 30 22 33 32 33 33
 35 33 37 37 35 36 30 33 24 27 18 18 16 17 15 16 14 15 12 13 11 11  9 10
  8  9  8  8  9  9  9  9]"
2024-10-29 15:13:49.533868,"(-10.0, -20.0)","(5600, 2969)","[17 11 20 20 17 18 17 16 20 19 22 22 21 22 17 19 16 17 16 16 14 15 13 13
 12 12 11 11 10 10 11 11 10 11 10 10 12 11 12 12 12 12 11 11 10 10 10 10
 11 10 16 16 11 16 12 12 12 12 11 11 10 10  9 10  9  9 17 12 28 22 32 31
 31 32 28 30 30 28 40 35 43 43 40 42 36 38 34 35 33 33 32 33 31 31 31 31
 29 31 26 27 21 22 21 21 19 20 18 19 17 18 16 16 16 16 16 16 15 15 13 14
 12 12 11 11 10 10 16 10]"
2024-10-29 15:14:03.603477,"(0.0, -20.0)","(5600, 2967)","[18 16 20 20 17 18 17 16 20 19 22 22 21 22 17 19 16 17 16 16 14 15 13 13
 12 12 11 11 10 10 11 11 10 11 10 10 12 11 12 12 12 12 11 11 10 10 16 10
 22 19 23 23 20 22 12 18 12 12 11 11 10 10  9 10  9  9 10  9 11 11 15 11
 14 15 20 15 36 28 47 42 52 51 52 53 48 50 45 46 42 44 38 40 33 35 31 31
 31 31 30 30 35 33 35 35 33 34 31 32 26 26 25 25 24 24 23 23 21 22 19 20
 17 18 16 16 20 16 29 24]"
2024-10-29 15:14:17.673673,"(10.0, -20.0)","(5600, 2968)","[20 22 20 20 17 18 17 16 20 19 22 22 21 22 17 19 16 17 16 16 14 15 13 13
 12 12 11 11 10 10 11 11 10 11 10 10 12 11 12 12 12 12 11 11 10 10 12 10
 18 16 20 20 18 19 12 16 12 12 11 11 10 10  9 10  9  9 10  9 11 11 10 11
 14  9 16 15 31 23 47 40 54 53 55 55 50 53 44 47 40 42 36 38 33 34 33 32
 37 35 38 38 34 36 30 33 25 27 24 24 24 24 24 24 22 23 20 21 18 19 16 17
 16 16 16 16 16 16 16 16]"
2024-10-29 15:14:31.746202,"(20.0, -20.0)","(5600, 2967)","[17 11 20 20 17 18 17 16 20 19 22 22 21 22 17 19 16 17 16 16 14 15 13 13
 12 12 11 11 10 10 11 11 10 11 10 10 12 11 12 12 12 12 11 11 10 10 10 10
 11 10 11 11 11 11 12 12 12 12 11 11 10 10  9 10  9  9 10  9 11 11 10 11
 15  9 24 20 27 26 35 29 46 43 48 48 46 47 41 44 36 38 34 34 36 35 34 36
 31 32 29 30 28 28 23 28 23 23 23 23 30 28 30 30 29 30 24 24 23 23 22 22
 21 22 20 20 18 19 17 17]"
2024-10-29 15:14:45.816373,"(30.0, -20.0)","(5600, 2967)","[17  7 20 20 17 18 17 16 20 19 22 22 21 22 17 19 16 17 16 16 14 15 13 13
 12 12 11 11 10 10 11 11 10 11 10 10 12 11 12 12 12 12 11 11 10 10 10 10
 11 10 11 11 11 11 12 12 12 12 11 11 10 10  9 10  9  9 10  9 18 14 22 20
 31 24 42 37 46 45 45 46 43 44 40 41 38 39 37 37 35 36 33 34 32 32 31 31
 32 31 33 32 36 35 36 36 34 36 33 33 34 33 35 35 34 35 32 33 27 27 27 27
 27 27 25 26 23 24 21 22]"
2024-10-29 15:14:59.895264,"(40.0, -20.0)","(5600, 2967)","[17 10 20 20 17 18 17 16 20 19 22 22 21 22 17 19 16 17 16 16 14 15 13 13
 12 12 11 11 10 10 11 11 10 11 10 10 12 11 12 12 12 12 11 11 10 10 10 10
 11 10 11 11 11 11 12 12 12 12 11 11 10 10  9 10  9  9 10  9 11 11 10 11
 14  9 20 16 21 21 20 20 14 19 13 14 16 13 17 17 18 17 24 20 28 26 29 28
 33 29 40 37 42 41 42 42 40 41 36 38 30 33 25 28 20 23 18 19 16 17 14 15
 12 13 11 11 10 10  9  9]"
2024-10-29 15:15:13.974503,"(50.0, -20.0)","(5600, 2967)","[17 11 20 20 17 18 17 16 20 19 22 22 21 22 17 19 16 17 16 16 14 15 13 13
 12 12 11 11 10 10 11 11 10 11 10 10 12 11 12 12 12 12 11 11 10 10 10 10
 11 10 11 11 11 11 12 12 12 12 11 11 10 10  9 10  9  9 10  9 11 11 14 11
 22 19 25 25 24 24 22 23 23 22 27 25 27 28 26 27 28 24 35 32 36 36 36 35
 37 37 42 39 44 43 41 43 36 39 31 34 23 28 21 22 18 19 18 17 18 18 17 17
 16 17 14 15 13 14 12 12]"
2024-10-29 15:15:28.049427,"(60.0, -20.0)","(5600, 2966)","[17  6 20 20 17 18 16 16 20 19 22 22 21 22 17 19 16 17 16 16 14 15 13 13
 12 12 11 11 10 10 11 11 10 11 10 10 12 11 12 12 12 12 11 11 10 10 10 10
 11 10 11 11 11 11 12 12 12 12 11 11 10 10  9 10  9  9 10  9 11 11 10 11
 16  9 22 19 29 26 34 32 35 35 37 35 42 40 41 42 39 40 37 38 35 36 32 33
 36 32 41 38 41 41 38 40 33 36 27 30 22 23 19 20 16 17 14 15 13 13 11 12
 10 10  9  9  9  9  9  9]"
2024-10-29 15:15:42.120791,"(70.0, -20.0)","(5600, 2967)","[17  6 20 20 17 18 16 16 20 19 22 22 21 22 17 19 16 17 16 16 14 15 13 13
 12 12 11 11 10 10 11 11 10 11 10 10 12 11 12 12 12 12 11 11 10 10 10 10
 11 10 11 11 11 11 12 12 12 12 11 11 10 10  9 10 17  9 24 22 24 24 22 23
 20 21 22 20 35 28 40 39 39 40 35 38 30 33 25 27 29 25 32 32 31 32 27 28
 26 26 25 26 20 25 20 20 20 20 19 20 18 19 15 17 13 14 12 13 10 11  9  9
  8  8  8  8  9  9  9  9]"
2024-10-29 15:15:56.199469,"(80.0, -20.0)","(5600, 2967)","[17  4 20 20 17 18 16 16 20 19 22 22 21 22 17 19 16 17 16 16 14 15 13 13
 12 12 11 11 10 10 11 11 10 11 10 10 12 11 12 12 12 12 11 11 10 10 10 10
 11 10 11 11 11 11 12 12 12 12 11 11 10 10 19 10 31 26 36 35 35 36 30 33
 24 26 31 25 43 37 46 45 44 46 39 42 31 35 28 29 28 27 28 28 22 27 22 22
 20 21 20 20 19 19 18 18 16 17 14 15 12 13 11 12 11 12 10 11  9  9  8  8
  8  8  8  8  9  9  9  9]"
2024-10-29 15:16:32.530374,"(-90.0, 23.33)","(5600, 2483)","[17 12 20 20 17 18 16 16 20 19 22 22 21 22 17 19 16 17 16 16 14 15 13 13
 12 12 11 11 10 10 11 11 10 11 10 10 12 11 12 12 12 12 11 11 10 10 10 10
 11 10 11 11 11 11 12 12 12 12 11 11 20 14 36 28 47 43 50 50 49 50 44 46
 40 42 38 39 37 37 37 37 36 37 32 34 23 29 29 23 32 32 32 33 30 31 23 28
 22 23 22 22 22 22 21 21 19 20 16 17 14 15 13 14 12 13 11 12 11 11 11 11
 11 11 10 11  9 10  9  9]"
2024-10-29 15:16:46.402099,"(-81.42, 23.33)","(5600, 2480)","[17  9 20 20 17 18 16 16 20 19 22 22 21 22 17 19 16 17 16 16 14 15 13 13
 12 12 11 11 10 10 11 11 10 11 10 10 12 11 12 12 12 12 11 11 10 10 10 10
 11 10 11 11 11 11 12 12 12 12 11 11 17 12 28 23 37 32 42 40 41 42 38 39
 35 36 33 34 29 31 26 27 28 25 32 30 32 32 30 31 31 29 33 32 32 33 33 32
 37 36 37 37 35 36 29 31 24 27 21 23 18 20 15 16 13 14 12 12 12 12 12 12
 12 12 12 12 12 12 12 12]"
2024-10-29 15:17:00.274648,"(-72.85, 23.33)","(5600, 2482)","[17  8 20 20 16 18 16 16 20 19 22 22 21 22 17 19 16 17 16 16 14 15 13 13
 12 12 11 11 10 10 11 11 10 11 10 10 12 11 12 12 12 12 11 11 10 10 10 10
 11 10 11 11 11 11 12 12 12 12 11 11 19 14 34 28 39 38 39 40 38 39 34 36
 32 33 30 31 28 29 25 26 28 25 32 30 33 33 31 32 31 30 36 33 36 36 34 35
 32 33 32 32 30 31 24 29 23 23 21 22 18 20 16 17 13 14 12 13 12 12 12 12
 11 12 10 11  9 10  9  9]"
2024-10-29 15:17:14.141039,"(-64.28, 23.33)","(5600, 2483)","[17  8 20 20 16 18 16 15 20 19 22 22 21 22 17 19 16 17 16 16 14 15 13 13
 12 12 11 11 10 10 11 11 10 11 10 10 12 11 12 12 12 12 11 11 10 10 10 10
 11 10 11 11 11 11 12 12 12 12 11 11 20 13 33 27 37 37 37 37 33 35 31 32
 27 29 25 25 24 24 23 23 26 22 32 29 34 34 32 34 28 31 28 27 31 30 30 31
 30 30 30 30 28 29 22 27 20 21 17 19 16 16 21 16 23 23 23 23 22 23 17 21
 16 17 14 15 12 13 10 11]"
2024-10-29 15:17:28.014902,"(-55.71, 23.33)","(5600, 2482)","[17  9 19 20 16 18 16 15 20 19 22 22 21 22 17 19 16 17 16 16 14 15 13 13
 12 12 11 11 10 10 11 11 10 11 10 10 12 11 12 12 12 12 11 11 10 10 10 10
 11 10 11 11 11 11 12 12 12 12 11 11 19 13 33 27 38 37 37 38 32 34 29 30
 25 28 23 23 23 23 22 23 24 21 32 27 35 34 33 35 30 32 29 29 31 29 36 34
 38 38 37 38 34 36 29 32 22 25 18 20 15 17 12 14 11 12 11 11 17 17 12 17
 12 12 12 12 12 12 10 11]"
2024-10-29 15:17:42.906180,"(-47.14, 23.33)","(5600, 2483)","[17  9 20 20 16 18 16 15 20 19 22 22 21 22 17 19 16 17 16 16 14 15 13 13
 12 12 11 11 10 10 11 11 10 11 10 10 12 11 12 12 12 12 11 11 10 10 10 10
 11 10 11 11 11 11 12 12 12 12 11 11 12 10 28 22 34 33 33 34 28 31 25 27
 22 24 19 21 13 18 13 13 14 15 21 15 30 26 31 31 28 31 25 26 29 27 31 31
 31 30 34 33 32 33 28 30 23 25 19 19 19 19 17 18 15 16 13 14 11 12 10 11
 10 10  9 10  9  9  9  9]"
2024-10-29 15:17:56.772218,"(-38.57, 23.33)","(5600, 2481)","[17 10 19 20 16 18 16 15 20 19 22 22 21 22 17 19 16 17 16 16 14 15 13 13
 12 12 11 11 10 10 11 11 10 11 10 10 12 11 12 12 12 12 11 11 10 10 10 10
 11 10 11 11 11 11 12 12 12 12 11 11 10 10 18 10 30 26 32 32 30 32 26 28
 21 24 18 20 12 17 13 12 14 15 19 14 29 25 31 31 30 31 26 28 29 27 38 35
 38 38 35 36 33 34 27 30 23 25 19 19 19 19 17 18 15 16 13 14 12 12 10 11
  9 10  9  9 16 13 17 17]"
2024-10-29 15:18:10.637818,"(-30.0, 23.33)","(5600, 2476)","[17  5 20 20 16 18 16 15 20 19 22 22 21 22 17 19 16 17 16 16 14 15 13 13
 12 12 11 11 10 10 11 11 10 11 10 10 12 11 12 12 12 12 11 11 10 10 10 10
 11 10 11 11 11 11 12 12 12 12 11 11 10 10 13 10 23 19 27 26 26 27 21 23
 17 19 14 15 12 11 13 12 14 15 13 14 24 19 27 26 25 26 21 23 27 23 36 33
 35 37 33 34 31 32 27 29 22 24 17 17 15 16 14 15 14 14 13 14 12 12 10 11
  9 10  8  8 16 12 20 19]"
2024-10-29 15:18:25.524754,"(-21.42, 23.33)","(5600, 2478)","[17 14 20 20 16 18 16 15 20 19 22 22 21 22 17 19 16 17 16 16 14 15 13 13
 12 12 11 11 10 10 11 11 10 11 10 10 12 11 12 12 12 12 11 11 10 10 10 10
 11 10 11 11 11 11 12 12 12 12 11 11 10 10  9 10 12  9 14 14 11 11 10 11
  9  9  9  9 12 11 13 12 14 15 13 14 12 13 11 11 10 10 10 10 19 13 41 32
 49 47 50 50 48 49 42 46 34 39 26 30 19 23 17 18 14 16 13 13 11 12 10 11
  9  9  8  8  9  9  9  9]"
2024-10-29 15:18:39.399137,"(-12.85, 23.33)","(5600, 2477)","[17 13 19 20 16 18 16 15 20 19 22 22 21 22 17 19 16 17 16 16 14 15 13 13
 12 12 11 11 10 10 11 11 10 11 10 10 12 11 12 12 12 12 11 11 10 10 10 10
 11 10 11 11 11 11 12 12 12 12 11 11 10 10  9 10  9  9 10  9 11 11 10 11
  9  9  9  9 12 11 13 12 14 15 13 14 12 13 11 11 10 10 10 10 20 16 41 32
 51 48 52 53 50 51 45 48 38 42 30 34 20 26 18 19 16 17 14 15 11 12 10 11
  9 10  9  9  9  9  9  9]"
2024-10-29 15:18:53.265748,"(-4.28, 23.33)","(5600, 2478)","[17 10 19 20 16 18 16 15 20 19 22 22 21 22 17 19 16 17 16 16 14 15 13 13
 12 12 11 11 10 10 11 11 10 11 10 10 12 11 12 12 12 12 11 11 10 10 10 10
 11 10 11 11 11 11 12 12 12 12 11 11 10 10  9 10  9  9 10  9 11 11 10 11
  9  9  9  9 12 11 13 12 14 15 13 14 12 13 11 11 10 10 10 10 14 10 27 21
 35 32 37 37 36 37 31 34 26 29 22 24 15 20 14 15 13 14 12 13 11 11  9 10
  8  9  8  8  9  9  9  9]"
2024-10-29 15:19:08.153993,"(4.28, 23.33)","(5600, 2477)","[19 19 19 20 16 18 16 15 20 19 22 22 21 22 17 19 16 17 16 16 14 15 13 13
 12 12 11 11 10 10 11 11 10 11 10 10 12 11 12 12 12 12 11 11 10 10 10 10
 11 10 11 11 11 11 12 12 12 12 11 11 10 10  9 10  9  9 10  9 11 11 10 11
  9  9  9  9 12 11 13 12 14 15 13 14 12 13 11 11 10 10 10 10 32 22 46 40
 52 51 52 52 47 50 39 43 31 35 25 28 19 20 17 18 14 16 12 13 10 11 10 10
 10 10  9  9  9  9  9  9]"
2024-10-29 15:19:22.027777,"(12.85, 23.33)","(5600, 2477)","[17 13 19 20 16 18 16 15 20 19 22 22 21 22 17 19 16 17 16 16 14 15 13 13
 12 12 11 11 10 10 11 11 10 11 10 10 12 11 12 12 12 12 11 11 10 10 10 10
 11 10 11 11 11 11 12 12 12 12 11 11 10 10  9 10  9  9 10  9 11 11 10 11
  9  9  9  9 12 11 13 12 14 15 20 16 25 22 25 25 22 25 20 21 32 25 41 38
 44 44 42 43 36 39 29 32 23 26 17 18 15 16 13 14 11 12 10 11  9  9  8  9
  8  8  8  8  9  9  9  9]"
2024-10-29 15:19:35.895908,"(21.42, 23.33)","(5600, 2478)","[17 10 19 20 16 18 16 15 20 19 22 22 21 22 17 19 16 17 16 16 14 15 13 13
 12 12 11 11 10 10 11 11 10 11 10 10 12 11 12 12 12 12 11 11 10 10 10 10
 11 10 11 11 11 11 12 12 12 12 11 11 10 10  9 10  9  9 10  9 11 11 10 11
  9  9  9  9 12 11 13 12 14 15 13 14 12 13 11 11 15 10 15 15 28 20 41 36
 47 46 47 47 43 45 36 39 32 33 29 30 24 26 18 21 15 16 12 14 11 11  9 10
  8  9  8  8  9  9  9  9]"
2024-10-29 15:19:50.787754,"(30.0, 23.33)","(5600, 2477)","[17 13 19 20 16 18 16 15 20 19 22 22 21 22 17 19 16 17 16 16 14 15 13 13
 12 12 11 11 10 10 11 11 10 11 10 10 12 11 12 12 12 12 11 11 10 10 10 10
 11 10 11 11 11 11 12 12 12 12 11 11 10 10  9 10  9  9 10  9 11 11 10 11
  9  9  9  9 12 11 13 12 14 15 13 14 12 13 16 11 22 20 23 23 23 23 33 28
 40 38 41 42 39 40 34 36 30 31 29 29 28 29 25 27 18 23 17 18 15 16 13 14
 11 12  9 10  9  9  9  9]"
2024-10-29 15:20:04.661159,"(38.57, 23.33)","(5600, 2479)","[17  8 19 20 16 18 16 15 20 19 22 22 21 22 17 19 16 17 16 16 14 15 13 13
 12 12 11 11 10 10 11 11 10 11 10 10 12 11 12 12 12 12 11 11 10 10 10 10
 11 10 11 11 11 11 12 12 12 12 11 11 10 10  9 10  9  9 10  9 11 11 10 11
  9  9  9  9 12 11 13 12 14 15 13 14 12 13 11 11 16 10 21 19 22 21 35 29
 42 40 42 42 39 41 33 36 28 30 25 26 23 24 17 21 15 16 13 14 11 12 10 11
  9  9  9  9  9  9  9  9]"
2024-10-29 15:20:18.532959,"(47.14, 23.33)","(5600, 2476)","[17  5 19 20 16 18 16 15 20 19 22 22 21 22 17 19 16 17 16 16 14 15 13 13
 12 12 11 11 10 10 11 11 10 11 10 10 12 11 12 12 12 12 11 11 10 10 10 10
 11 10 11 11 11 11 12 12 12 12 11 11 10 10  9 10  9  9 10  9 11 11 10 11
  9  9  9  9 12 11 13 12 14 15 13 14 12 13 11 11 18 10 26 23 28 27 31 30
 33 33 31 32 26 29 22 24 19 21 14 14 13 14 12 13 11 12 10 11  8  9  7  8
  7  7  8  7  9  9  9  9]"
2024-10-29 15:20:32.400554,"(55.71, 23.33)","(5600, 2477)","[17  7 19 20 16 18 16 15 20 19 22 22 21 22 17 19 16 17 16 16 14 15 13 13
 12 12 11 11 10 10 11 11 10 11 10 10 12 11 12 12 12 12 11 11 10 10 10 10
 11 10 11 11 11 11 12 12 12 12 11 11 10 10  9 10  9  9 10  9 11 11 10 11
  9  9  9  9 12 11 13 12 14 15 13 14 12 13 11 11 10 10 15 13 17 16 26 21
 31 30 30 31 25 28 21 23 17 19 12 12 11 12 11 11 11 12 10 11  8  9  7  8
  7  7  8  7  9  9  9  9]"
2024-10-29 15:20:47.290932,"(64.28, 23.33)","(5600, 2476)","[17 10 19 20 16 18 16 15 20 19 22 22 21 22 17 19 16 17 16 16 14 15 13 13
 12 12 11 11 10 10 11 11 10 11 10 10 12 11 12 12 12 12 11 11 10 10 10 10
 11 10 11 11 11 11 12 12 12 12 11 11 10 10  9 10  9  9 10  9 11 11 10 11
  9  9  9  9 12 11 13 12 14 15 13 14 12 13 11 11 10 10 10 10 17 14 26 22
 33 31 34 34 31 33 26 29 21 23 18 20 13 13 13 13 12 12 11 11 10 10  9  9
  8  8  8  8  9  9  9  9]"
2024-10-29 15:21:01.166420,"(72.85, 23.33)","(5600, 2477)","[17  7 19 20 16 18 16 15 20 19 22 22 21 22 17 19 16 17 16 16 14 15 13 13
 12 12 11 11 10 10 11 11 10 11 10 10 12 11 12 12 12 12 11 11 10 10 10 10
 11 10 11 11 11 11 12 12 12 12 11 11 10 10  9 10  9  9 10  9 11 11 10 11
  9  9  9  9 12 11 13 12 14 15 13 14 12 13 11 11 10 10 17 13 19 18 21 20
 23 23 24 23 22 23 19 20 16 17 11 11 11 11 11 11 11 12 10 11  8  9  7  8
  7  7  8  8  9  9  9  9]"
2024-10-29 15:21:15.034438,"(81.42, 23.33)","(5600, 2476)","[17 11 19 20 16 18 16 15 20 19 22 22 21 22 17 19 16 17 16 16 14 15 13 13
 12 12 11 11 10 10 11 11 10 11 10 10 12 11 12 12 12 12 11 11 10 10 10 10
 11 10 11 11 11 11 12 12 12 12 11 11 10 10  9 10  9  9 10  9 11 11 10 11
  9  9  9  9 12 11 13 12 14 15 13 14 12 13 11 11 10 10 15 12 23 19 29 26
 33 32 33 34 30 32 25 27 21 23 18 20 14 14 12 13 11 12 11 11 10 11  9 10
  9  9  9  9  9  9  9  9]"
2024-10-29 15:21:28.902290,"(90.0, 23.33)","(5600, 2478)","[17  9 19 20 16 18 16 15 20 19 22 22 21 22 17 19 16 17 16 16 14 15 13 13
 12 12 11 11 10 10 11 11 10 11 10 10 12 11 12 12 12 12 11 11 10 10 10 10
 11 10 11 11 11 11 12 12 12 12 11 11 10 10  9 10  9  9 10  9 11 11 10 11
  9  9  9  9 12 11 13 12 14 15 13 14 12 13 11 11 10 10 16 14 18 17 22 19
 31 27 33 33 32 33 27 30 22 24 18 20 14 14 13 13 13 13 13 13 13 13 12 12
 10 11  9 10  9  9  9  9]"
2024-10-29 15:22:06.455030,"(-81.42, -23.33)","(5600, 3000)","[17 11 19 20 16 18 16 15 20 19 22 22 21 22 17 19 16 17 16 16 14 15 13 13
 12 12 11 11 10 10 11 11 10 11 10 10 12 11 12 12 12 12 11 11 10 10 10 10
 11 10 11 11 11 11 12 12 12 12 11 11 10 10  9 10  9  9 10  9 11 11 10 11
  9  9  9  9 12 11 13 12 14 15 13 14 12 13 11 11 10 10 10 10 15 14 15 14
 26 18 36 33 36 37 33 35 28 31 23 25 19 21 14 18 13 14 11 13  9 10  8  8
  7  7  8  7  9  9  9  9]"
2024-10-29 15:22:20.325620,"(-72.85, -23.33)","(5600, 3001)","[17 10 19 20 16 18 16 15 20 19 22 22 21 22 17 19 16 17 16 16 14 15 13 13
 12 12 11 11 10 10 11 11 10 11 10 10 12 11 12 12 12 12 11 11 10 10 10 10
 11 10 11 11 11 11 12 12 12 12 11 11 10 10  9 10  9  9 10  9 11 11 10 11
  9  9  9  9 12 11 13 12 14 15 13 14 12 13 11 11 10 10 17 12 17 17 18 16
 27 21 34 32 34 34 30 32 25 28 19 22 13 17 12 13 11 12 10 11  8  9  7  8
  7  7  8  7  9  9  9  9]"
2024-10-29 15:22:34.195011,"(-64.28, -23.33)","(5600, 3002)","[17  9 19 20 16 18 16 15 20 19 22 22 21 22 17 19 16 17 16 16 14 15 13 13
 12 12 11 11 10 10 11 11 10 11 10 10 12 11 12 12 12 12 11 11 10 10 10 10
 11 10 11 11 11 11 12 12 12 12 11 11 10 10  9 10  9  9 10  9 11 11 10 11
  9  9  9  9 12 11 13 12 14 15 13 14 12 13 11 11 10 10 10 10  9 10 13  9
 20 15 28 24 30 29 28 30 24 27 19 22 12 17 12 12 11 12 10 11  9  9  9  9
  8  9  8  8  9  9  9  9]"
2024-10-29 15:22:48.065326,"(-55.71, -23.33)","(5600, 3001)","[17  8 19 20 16 18 16 15 20 19 22 22 21 22 17 19 16 17 16 16 14 15 13 13
 12 12 11 11 10 10 11 11 10 11 10 10 12 11 12 12 12 12 11 11 10 10 10 10
 11 10 11 11 11 11 12 12 12 12 11 11 10 10  9 10  9  9 10  9 11 11 10 11
  9  9  9  9 12 11 13 12 14 15 13 14 12 13 11 11 10 10 16 13 19 18 20 19
 27 21 36 32 37 37 36 37 30 34 24 27 15 22 14 15 13 13 11 12 11 11  9 10
  8  9  8  8  9  9  9  9]"
2024-10-29 15:23:01.936674,"(-47.14, -23.33)","(5600, 3001)","[17 12 19 20 16 18 16 15 20 19 22 22 21 22 17 19 16 17 16 16 14 15 13 13
 12 12 11 11 10 10 11 11 10 11 10 10 12 11 12 12 12 12 11 11 10 10 10 10
 11 10 11 11 11 11 12 12 12 12 11 11 10 10  9 10  9  9 10  9 11 11 10 11
  9  9 14 12 12 14 13 12 14 15 13 14 12 13 11 11 16 10 20 19 20 20 18 19
 26 17 36 32 36 36 32 35 26 29 21 24 15 19 14 15 14 14 13 13 13 13 12 12
 10 11  9  9  9  9  9  9]"
2024-10-29 15:23:15.814115,"(-38.57, -23.33)","(5600, 3003)","[17  9 19 20 16 18 16 15 20 19 22 22 21 22 17 19 16 17 16 16 14 15 13 13
 12 12 11 11 10 10 11 11 10 11 10 10 12 11 12 12 12 12 11 11 10 10 10 10
 11 10 11 11 11 11 12 12 12 12 11 11 10 10  9 10  9  9 10  9 11 11 10 11
  9  9  9  9 12 11 13 12 14 15 13 14 12 13 11 11 20 17 25 23 27 26 25 26
 23 23 31 26 32 32 30 31 28 30 24 26 20 22 15 18 13 14 13 13 13 13 12 12
 11 12 10 10  9 10  9  9]"
2024-10-29 15:23:29.684990,"(-30.0, -23.33)","(5600, 3001)","[17  5 19 20 16 18 16 15 20 19 22 22 21 22 17 19 16 17 16 16 14 15 13 13
 12 12 11 11 10 10 11 11 10 11 10 10 12 11 12 12 12 12 11 11 10 10 10 10
 11 10 11 11 11 11 12 12 12 12 11 11 10 10  9 10  9  9 10  9 11 11 10 11
  9  9  9  9 12 11 13 12 14 15 13 14 12 13 11 11 16 10 18 17 23 20 21 22
 20 21 24 21 31 28 34 33 33 34 29 32 24 26 20 22 15 18 14 14 12 13 10 11
  8  9  8  8  9  9  9  9]"
2024-10-29 15:23:43.557820,"(-21.42, -23.33)","(5600, 3002)","[17 11 19 20 16 18 16 15 20 19 22 22 21 22 17 19 16 17 16 16 14 15 13 13
 12 12 11 11 10 10 11 11 10 11 10 10 12 11 12 12 12 12 11 11 10 10 10 10
 11 10 11 11 11 11 12 12 12 12 11 11 10 10  9 10  9  9 10  9 11 11 10 11
  9  9  9  9 12 11 13 12 14 15 13 14 12 13 11 11 10 10 10 10 18 14 19 19
 20 20 20 21 24 22 30 29 30 30 27 29 22 24 14 19 14 14 13 13 12 13 11 12
 10 11  9  9  9  9  9  9]"
2024-10-29 15:23:58.443209,"(-12.85, -23.33)","(5600, 3003)","[17  8 19 20 16 18 16 15 20 19 22 22 21 22 17 19 16 17 16 16 14 15 13 13
 12 12 11 11 10 10 11 11 10 11 10 10 12 11 12 12 12 12 11 11 10 10 10 10
 14 10 20 18 19 19 12 18 12 12 11 11 10 10  9 10 13  9 19 16 22 21 21 22
 18 19 18 18 19 18 29 25 34 33 36 35 35 35 33 34 29 32 24 27 18 23 18 18
 17 17 27 21 35 32 36 36 35 36 29 33 21 26 19 20 17 18 16 16 15 15 13 14
 12 13 10 11  9 10  9  9]"
2024-10-29 15:24:12.313623,"(-4.28, -23.33)","(5600, 3001)","[18 16 19 20 16 18 16 15 20 19 22 22 21 22 17 19 16 17 16 16 14 15 13 13
 12 12 11 11 10 10 11 11 10 11 10 10 12 11 12 12 12 12 11 11 10 10 13 10
 23 19 27 27 26 27 21 23 18 20 16 17 10 10  9 10 21  9 31 27 31 31 29 30
 27 28 27 27 38 32 50 45 56 55 57 57 54 56 49 52 41 45 37 38 34 35 28 33
 28 28 27 28 33 31 28 32 27 28 26 27 25 25 22 23 19 20 16 17 14 15 14 14
 13 14 13 13 12 12 11 11]"
2024-10-29 15:24:26.179779,"(4.28, -23.33)","(5600, 3003)","[17  3 19 20 16 18 16 15 20 19 22 22 21 22 17 19 16 17 16 16 14 15 13 13
 12 12 11 11 10 10 11 11 10 11 10 10 12 11 12 12 12 12 11 11 10 10 17 10
 31 26 36 34 34 35 30 32 23 26 19 21 11 17 11 11 18 12 23 21 23 23 20 22
 14 19 26 21 39 33 49 45 54 53 55 55 53 54 46 51 39 41 35 36 32 33 26 30
 25 26 30 27 37 34 36 37 34 35 30 32 24 25 22 23 21 21 19 20 16 17 14 15
 12 13 12 12 17 17 12 17]"
2024-10-29 15:24:40.048797,"(12.85, -23.33)","(5600, 3001)","[19 18 19 20 16 18 16 15 20 19 22 22 21 22 17 19 16 17 16 16 14 15 13 13
 12 12 11 11 10 10 11 11 10 11 10 10 12 11 12 12 12 12 11 11 10 10 13 10
 23 19 27 26 26 27 21 24 17 19 11 11 10 10  9 10  9  9 18 14 19 19 17 18
 17 17 23 18 39 31 50 46 54 54 52 53 47 50 41 44 37 39 33 35 30 31 23 28
 23 23 30 26 32 31 32 32 31 31 29 30 24 25 22 23 19 20 17 18 16 17 16 16
 15 15 14 14 14 14 14 14]"
2024-10-29 15:24:53.915645,"(21.42, -23.33)","(5600, 3000)","[17 10 19 20 16 18 16 15 20 19 22 22 21 22 17 19 16 17 16 16 14 15 13 13
 12 12 11 11 10 10 11 11 10 11 10 10 12 11 12 12 12 12 11 11 10 10 10 10
 11 10 11 11 11 11 12 12 12 12 11 11 10 10  9 10  9  9 10  9 11 11 12 11
 13 15 21 15 34 27 45 40 51 49 51 51 47 49 42 45 38 39 37 37 37 37 34 35
 34 34 33 34 32 32 34 33 33 34 30 32 24 28 21 22 20 20 20 20 20 20 19 20
 18 19 16 17 16 16 16 16]"
2024-10-29 15:25:08.802589,"(30.0, -23.33)","(5600, 3000)","[17  9 19 20 16 18 16 15 20 19 22 22 21 22 17 19 16 17 16 16 14 15 13 13
 12 12 11 11 10 10 11 11 10 11 10 10 12 11 12 12 12 12 11 11 10 10 10 10
 11 10 11 11 11 11 12 12 12 12 11 11 10 10  9 10  9  9 10  9 11 11 19 15
 22 23 29 24 34 32 32 33 31 31 30 30 34 32 33 34 34 32 39 37 41 40 39 40
 35 37 31 33 33 31 42 39 43 43 38 41 34 36 25 31 24 25 22 22 20 21 20 20
 20 20 19 20 18 19 17 18]"
2024-10-29 15:25:22.679458,"(38.57, -23.33)","(5600, 3003)","[20 20 19 20 16 18 16 15 20 19 22 22 21 22 17 19 16 17 16 16 14 15 13 13
 12 12 11 11 10 10 11 11 10 11 10 10 12 11 12 12 12 12 11 11 10 10 10 10
 11 10 11 11 11 11 12 12 12 12 11 11 10 10  9 10  9  9 10  9 11 11 10 11
  9  9 17 14 19 19 17 18 14 17 13 14 12 13 11 11 17 10 25 20 28 27 28 28
 28 28 36 30 49 43 54 53 53 54 48 51 42 45 38 40 33 35 29 31 24 24 22 23
 20 21 18 19 16 17 15 16]"
2024-10-29 15:25:37.565221,"(47.14, -23.33)","(5600, 3000)","[17 10 19 20 16 18 16 15 20 19 22 22 21 22 17 19 16 17 16 16 14 15 13 13
 12 12 11 11 10 10 11 11 10 11 10 10 12 11 12 12 12 12 11 11 10 10 10 10
 11 10 11 11 11 11 12 12 12 12 11 11 10 10  9 10  9  9 10  9 11 11 25 18
 35 32 37 37 35 36 31 33 26 29 24 25 22 22 21 21 19 20 15 15 24 21 29 26
 36 33 40 38 39 40 38 39 37 38 33 35 29 31 22 27 21 22 21 21 19 20 18 19
 17 17 16 16 15 15 13 14]"
2024-10-29 15:25:51.435068,"(55.71, -23.33)","(5600, 3000)","[17 10 19 20 16 18 16 15 20 19 22 22 21 22 17 19 16 17 16 16 14 15 13 13
 12 12 11 11 10 10 11 11 10 11 10 10 12 11 12 12 12 12 11 11 10 10 10 10
 11 10 11 11 11 11 12 12 12 12 11 11 10 10  9 10  9  9 10  9 17 11 30 23
 41 37 43 43 39 41 37 38 36 36 38 36 40 39 39 39 35 38 30 32 27 28 22 25
 28 22 32 31 30 31 23 27 22 22 20 21 19 19 16 18 20 15 26 23 26 26 25 26
 24 25 22 23 17 17 15 16]"
2024-10-29 15:26:05.306178,"(64.28, -23.33)","(5600, 3001)","[17  7 19 20 16 18 16 15 20 19 22 22 21 22 17 19 16 17 16 16 14 15 13 13
 12 12 11 11 10 10 11 11 10 11 10 10 12 11 12 12 12 12 11 11 10 10 10 10
 11 10 11 11 11 11 12 12 12 12 11 11 10 10  9 10 12  9 26 19 32 29 31 32
 30 30 37 32 38 38 38 38 38 38 37 37 37 37 36 36 34 35 32 33 30 31 26 27
 21 25 21 21 21 21 19 20 17 18 15 16 13 14 11 12 11 12 14 11 15 15 15 15
 10 14 10 10 10 10 10 10]"
2024-10-29 15:26:20.192045,"(72.85, -23.33)","(5600, 3003)","[17 12 19 20 16 18 16 15 20 19 22 22 21 22 17 19 16 17 16 16 14 15 13 13
 12 12 11 11 10 10 11 11 10 11 10 10 12 11 12 12 12 12 11 11 10 10 10 10
 11 10 11 11 11 11 12 12 12 12 11 11 10 10 14 10 28 18 41 36 43 43 41 43
 37 40 32 34 33 32 43 39 44 44 40 43 35 38 31 32 38 33 42 41 41 42 37 39
 30 34 25 25 23 24 21 22 20 21 18 19 15 16 13 14 12 13 10 11  9 10  8  9
  8  8  8  8  9  9  9  9]"
2024-10-29 15:26:34.064641,"(81.42, -23.33)","(5600, 3001)","[17  5 19 20 16 18 16 15 20 19 22 22 21 22 17 19 16 17 16 16 14 15 13 13
 12 12 11 11 10 10 11 11 10 11 10 10 12 11 12 12 12 12 11 11 10 10 10 10
 11 10 11 11 11 11 12 12 12 12 11 11 19 16 25 21 39 32 49 46 50 50 47 49
 40 44 32 36 29 30 37 33 40 41 39 40 33 36 29 31 22 27 22 22 22 22 21 21
 19 20 18 18 17 17 17 17 17 17 16 16 14 15 12 13 11 12 10 11  9  9  9  9
  9  9  9  9  9  9  9  9]"
2024-10-29 15:27:10.600841,"(-90.0, 26.66)","(5600, 2446)","[17 13 19 20 16 18 16 15 20 19 22 22 21 22 17 19 16 17 16 16 14 15 13 13
 12 12 11 11 10 10 11 11 10 11 10 10 12 11 12 12 12 12 11 11 10 10 10 10
 11 10 11 11 11 11 16 12 22 20 27 24 36 32 41 38 48 45 51 51 50 51 44 48
 35 38 28 31 21 25 26 21 29 29 29 29 27 28 21 24 20 21 19 20 17 18 16 17
 17 16 17 17 17 17 17 17 17 17 17 17 15 16 14 15 12 13 12 12 12 12 12 12
 12 12 12 12 11 11 14 11]"
2024-10-29 15:27:24.266184,"(-82.5, 26.66)","(5600, 2426)","[17 10 19 20 16 18 16 15 20 19 22 22 21 22 17 19 16 17 16 16 14 15 13 13
 12 12 11 11 10 10 11 11 10 11 10 10 12 11 12 12 12 12 11 11 10 10 10 10
 11 10 11 11 11 11 16 12 27 23 31 30 30 31 37 33 43 40 47 46 46 47 40 43
 33 36 27 30 20 24 19 19 26 20 27 27 26 27 20 24 20 20 19 20 18 18 16 17
 16 15 22 20 22 22 16 21 16 16 16 16 14 15 12 13 12 12 12 12 12 12 12 12
 11 12 11 11 11 11 10 11]"
2024-10-29 15:27:37.928823,"(-75.0, 26.66)","(5600, 2394)","[17 10 19 20 16 18 16 15 20 19 22 22 21 22 17 19 16 17 16 16 14 15 13 13
 12 12 11 11 10 10 11 11 10 11 10 10 12 11 12 12 12 12 11 11 10 10 10 10
 11 10 11 11 25 20 33 30 34 35 34 34 31 33 28 30 25 27 21 23 32 26 37 36
 36 37 32 35 26 29 18 24 18 18 18 18 22 18 28 25 30 30 29 29 26 28 20 25
 19 19 17 18 16 16 16 16 16 16 16 16 15 15 14 14 12 13 11 12  9 10  9  9
  9  9  9  9  9  9  9  9]"
2024-10-29 15:27:51.593238,"(-67.5, 26.66)","(5600, 2396)","[17  6 19 20 16 18 16 15 20 19 22 22 21 22 17 19 16 17 16 16 14 15 13 14
 12 13 11 11 10 10 11 11 10 11 10 10 12 11 12 12 12 12 11 11 10 10 10 10
 11 10 11 11 24 19 31 29 32 32 31 31 29 30 28 28 35 30 41 39 41 41 40 40
 38 40 32 36 27 29 20 25 19 20 17 18 16 16 22 16 24 24 23 24 17 22 17 17
 16 17 16 16 15 15 15 15 15 15 15 15 15 15 14 15 13 14 12 13 10 11  9  9
  8  9  8  8  9  9  9  9]"
2024-10-29 15:28:05.260481,"(-60.0, 26.66)","(5600, 2396)","[17 13 19 20 16 18 16 15 20 19 22 22 21 22 17 19 16 17 16 16 14 15 13 13
 12 12 11 11 10 10 11 11 10 11 10 10 12 11 12 12 12 12 11 11 10 10 10 10
 11 10 11 11 12 11 18 16 25 17 33 30 33 33 35 33 39 38 39 39 37 38 34 35
 31 33 26 29 18 23 17 18 15 16 13 14 18 13 21 20 23 23 22 23 21 22 21 21
 20 20 15 15 15 15 19 15 24 23 25 25 23 24 16 22 15 16 13 14 12 13 10 11
  9 10  9  9  9  9  9  9]"
2024-10-29 15:28:19.429404,"(-52.5, 26.66)","(5600, 2395)","[17  8 19 20 16 18 16 15 20 19 22 22 21 22 17 19 16 17 16 16 14 15 13 13
 12 12 11 11 10 10 11 11 10 11 10 10 12 11 12 12 12 12 11 11 10 10 10 10
 11 10 11 11 11 11 19 12 26 23 29 28 28 29 31 28 37 37 37 38 34 35 29 32
 24 27 20 21 16 16 15 15 14 15 13 14 21 17 25 24 24 25 21 23 20 21 19 20
 14 19 14 14 15 15 15 15 21 14 28 25 28 28 25 27 21 23 16 16 14 15 12 13
 10 11 10 10 10 10  9  9]"
2024-10-29 15:28:33.097919,"(-45.0, 26.66)","(5600, 2394)","[17  9 19 20 16 18 16 15 20 19 22 22 21 22 17 19 16 17 16 16 14 15 13 13
 12 12 11 11 10 10 11 11 10 11 10 10 12 11 12 12 12 12 11 11 10 10 10 10
 11 10 11 11 11 11 12 12 12 12 11 11 16 13 22 20 22 24 28 23 35 32 36 36
 34 36 30 32 29 29 28 29 26 28 23 24 23 22 25 24 25 25 23 24 17 22 17 17
 16 17 15 16 16 15 21 20 21 21 23 21 23 23 21 22 15 19 14 15 12 13 10 11
  9 10  9  9  9  9  9  9]"
2024-10-29 15:28:46.766184,"(-37.5, 26.66)","(5600, 2396)","[17 10 19 20 16 18 16 15 20 19 22 22 21 22 17 19 16 17 16 16 14 15 13 13
 12 12 11 11 10 10 11 11 10 11 10 10 12 11 12 12 12 12 11 11 10 10 10 10
 11 10 11 11 11 11 12 12 12 12 11 11 10 10  9 10 18  9 27 22 29 29 28 28
 26 27 22 24 18 20 13 17 14 15 13 14 29 20 45 38 51 50 51 52 47 49 38 42
 31 34 27 29 21 22 21 21 21 21 21 21 19 20 18 19 15 17 13 14 11 12 10 11
  9  9  9  9  9  9  9  9]"
2024-10-29 15:29:00.433458,"(-30.0, 26.66)","(5600, 2388)","[17  6 19 20 16 18 16 15 20 19 22 22 21 22 17 19 16 17 16 16 14 15 13 13
 12 12 11 11 10 10 11 11 10 11 10 10 12 11 12 12 12 12 11 11 10 10 10 10
 11 10 11 11 11 11 12 12 12 12 11 11 10 10  9 10 14  9 22 18 27 25 26 27
 24 25 19 22 16 18 13 15 14 15 18 15 26 22 34 30 40 38 39 40 36 38 33 34
 31 32 29 30 26 28 25 26 20 24 19 20 18 19 16 17 14 15 12 13 11 11 10 10
 10 10  9  9  9  9  9  9]"
2024-10-29 15:29:14.098537,"(-22.5, 26.66)","(5600, 2389)","[17 11 19 20 16 18 16 15 20 19 22 22 21 22 17 19 16 17 16 16 14 15 13 13
 12 12 11 11 10 10 11 11 10 11 10 10 12 11 12 12 12 12 11 11 10 10 10 10
 11 10 11 11 11 11 12 12 12 12 11 11 10 10  9 10 18  9 30 24 34 33 33 34
 29 31 24 26 19 22 13 17 14 15 13 14 16 13 26 21 30 30 30 31 26 28 25 25
 25 25 29 27 39 34 43 42 42 43 37 40 31 34 22 28 20 21 17 18 15 16 13 14
 11 12 10 10  9  9  9  9]"
2024-10-29 15:29:27.766716,"(-15.0, 26.66)","(5600, 2388)","[17  8 19 20 16 18 16 15 20 19 22 22 21 22 17 19 16 17 16 16 14 15 13 13
 12 12 11 11 10 10 11 11 10 11 10 10 12 11 12 12 12 12 11 11 10 10 10 10
 11 10 11 11 11 11 12 12 12 12 11 11 10 10  9 10 13  9 13 13 20 16 24 23
 23 24 21 22 18 19 13 17 14 15 13 14 12 13 14 11 20 19 20 20 18 19 17 18
 18 17 29 21 40 35 42 41 38 41 34 36 29 32 23 26 18 21 16 17 14 15 12 13
 10 11  9  9  9  9  9  9]"
2024-10-29 15:29:41.930137,"(-7.5, 26.66)","(5600, 2388)","[17  4 19 20 16 18 16 15 20 19 22 22 21 22 17 19 16 17 16 16 14 15 13 13
 12 12 11 11 10 10 11 11 10 11 10 10 12 11 12 12 12 12 11 11 10 10 10 10
 11 10 11 11 11 11 12 12 12 12 11 11 10 10  9 10  9  9 10  9 11 11 10 11
  9  9  9  9 12 11 13 12 14 15 13 14 12 13 11 11 10 10 10 10  9 10  9  9
 10 10 15 13 30 22 38 35 39 40 37 38 30 33 22 26 14 19 13 14 11 12 10 10
  8  9  8  8  9  9  9  9]"
2024-10-29 15:29:55.595623,"(0.0, 26.66)","(5600, 2387)","[17  5 19 20 16 18 16 15 20 19 22 22 21 22 17 19 16 17 16 16 14 15 13 13
 12 12 11 11 10 10 11 11 10 11 10 10 12 11 12 12 12 12 11 11 10 10 10 10
 11 10 11 11 11 11 12 12 12 12 11 11 10 10  9 10  9  9 10  9 11 11 10 11
  9  9  9  9 12 11 13 12 14 15 13 14 12 13 11 11 10 10 10 10 16 15 16 16
 18 16 25 21 29 27 35 32 38 38 36 38 31 34 25 28 20 22 15 16 13 14 11 12
 10 11  9 10  9  9  9  9]"
2024-10-29 15:30:09.267562,"(7.5, 26.66)","(5600, 2389)","[17  4 19 20 16 18 16 15 20 19 22 22 21 22 17 19 16 17 16 16 14 15 13 13
 12 12 11 11 10 10 11 11 10 11 10 10 12 11 12 12 12 12 11 11 10 10 10 10
 11 10 11 11 11 11 12 12 12 12 11 11 10 10  9 10  9  9 10  9 11 11 10 11
  9  9  9  9 12 11 13 12 14 15 13 14 12 13 11 11 10 10 14 12 21 18 24 23
 25 24 34 28 37 36 38 37 39 39 36 38 30 33 24 27 17 22 15 16 13 14 11 12
 10 10 10 10  9 10  9  9]"
2024-10-29 15:30:24.450967,"(15.0, 26.66)","(5600, 2389)","[17 10 19 20 16 18 16 15 20 19 22 22 21 22 17 19 16 17 16 16 14 15 13 13
 12 12 11 11 10 10 11 11 10 11 10 10 12 11 12 12 12 12 11 11 10 10 10 10
 11 10 11 11 11 11 12 12 12 12 11 11 10 10  9 10  9  9 10  9 11 11 10 11
 14  9 13 14 12 11 13 12 14 15 13 14 12 13 11 11 10 10 20 13 27 24 28 28
 27 27 35 29 42 39 45 44 46 46 43 45 37 40 32 34 28 30 22 25 18 19 16 17
 15 15 14 14 12 13 10 11]"
2024-10-29 15:30:38.117080,"(22.5, 26.66)","(5600, 2389)","[17  4 19 20 16 18 16 15 20 19 22 22 21 22 17 19 16 17 16 16 14 15 13 13
 12 12 11 11 10 10 11 11 10 11 10 10 12 11 12 12 12 12 11 11 10 10 10 10
 11 10 11 11 11 11 12 12 12 12 11 11 10 10  9 10  9  9 10  9 11 11 10 11
  9  9  9  9 12 11 13 12 14 15 13 14 12 13 11 11 15 10 32 22 44 39 47 46
 45 47 40 43 39 39 41 40 42 42 39 41 35 37 30 32 28 28 27 27 22 22 19 20
 17 18 15 16 13 14 12 12]"
2024-10-29 15:30:51.782502,"(30.0, 26.66)","(5600, 2388)","[17  5 19 20 16 18 16 15 20 19 22 22 21 22 17 19 16 17 16 16 14 15 13 13
 12 12 11 11 10 10 11 11 10 11 10 10 12 11 12 12 12 12 11 11 10 10 10 10
 11 10 11 11 11 11 12 12 12 12 11 11 10 10  9 10  9  9 10  9 11 11 10 11
  9  9  9  9 12 11 13 12 14 15 13 14 12 13 11 11 20 10 33 27 40 37 40 40
 37 40 32 35 31 31 36 34 37 38 35 37 31 34 27 29 23 25 18 19 16 17 14 15
 12 12 10 11  9 10  9  9]"
2024-10-29 15:31:05.446711,"(37.5, 26.66)","(5600, 2390)","[17 10 19 20 16 18 16 15 20 19 22 22 21 22 17 19 16 17 16 16 14 15 13 13
 12 12 11 11 10 10 11 11 10 11 10 10 12 11 12 12 12 12 11 11 10 10 10 10
 11 10 11 11 11 11 12 12 12 12 11 11 10 10  9 10  9  9 10  9 11 11 10 11
  9  9  9  9 12 11 13 12 14 15 13 14 12 13 11 11 17 10 23 20 24 24 23 23
 21 22 20 20 31 25 35 34 34 35 31 33 26 29 22 24 16 20 14 15 12 13 10 11
  8  9  8  8  9  9  9  9]"
2024-10-29 15:31:19.110916,"(45.0, 26.66)","(5600, 2391)","[17 12 19 20 16 18 16 15 20 19 22 22 21 22 17 19 16 17 16 16 14 15 13 13
 12 12 11 11 10 10 11 11 10 11 10 10 12 11 12 12 12 12 11 11 17 13 19 18
 16 18 11 11 11 11 12 12 12 12 11 11 10 10  9 10  9  9 10  9 11 11 10 11
  9  9  9  9 12 11 13 12 14 15 13 14 12 13 11 11 10 10 17 13 21 19 21 21
 19 20 26 20 36 31 39 39 38 39 35 37 29 32 23 26 16 20 14 15 13 14 12 12
 11 11 10 10  9  9  9  9]"
2024-10-29 15:31:32.782512,"(52.5, 26.66)","(5600, 2392)","[17  9 19 20 16 18 16 15 20 19 22 22 21 22 17 19 16 17 16 16 14 15 13 13
 12 12 11 11 10 10 11 11 10 11 10 10 12 11 12 12 12 12 11 11 21 17 21 21
 19 20 15 17 11 11 12 12 12 12 11 11 10 10  9 10  9  9 10  9 11 11 10 11
  9  9  9  9 12 11 13 12 14 15 13 14 12 13 11 11 10 10 10 10 15 14 15 15
 10 14 17 15 30 24 34 33 32 33 29 31 22 26 14 20 14 14 12 13 10 11  9  9
  8  9  8  8  9  9  9  9]"
2024-10-29 15:31:46.445350,"(60.0, 26.66)","(5600, 2394)","[17 11 19 20 16 18 16 15 20 19 22 22 21 22 17 19 16 17 16 16 14 15 13 13
 12 12 11 11 10 10 11 11 10 11 10 10 12 11 12 12 12 12 11 11 10 10 10 10
 11 10 11 11 11 11 12 12 12 12 11 11 10 10  9 10  9  9 10  9 11 11 10 11
 14  9 13 14 12 11 13 12 14 15 13 14 12 13 11 11 10 10 10 10 16 15 17 17
 15 16 20 16 32 26 35 34 34 35 29 32 23 26 14 20 13 14 11 12  9 10 13  9
 15 16 14 15 10 10  9 10]"
2024-10-29 15:32:00.114201,"(67.5, 26.66)","(5600, 2397)","[17  8 19 20 16 18 16 15 20 19 22 22 21 22 17 19 16 17 16 16 14 15 13 13
 12 12 11 11 10 10 11 11 10 11 10 10 12 11 12 12 12 12 11 11 10 10 10 10
 11 10 11 11 11 11 12 12 12 12 11 11 10 10  9 10  9  9 10  9 11 11 10 11
  9  9  9  9 12 11 13 12 14 15 13 14 12 13 11 11 10 10 10 10  9 10  9  9
 15 10 26 19 35 31 40 38 39 40 36 38 28 32 22 25 16 20 15 16 13 14 12 12
 11 11 10 10  9  9  9  9]"
2024-10-29 15:32:13.781745,"(75.0, 26.66)","(5600, 2401)","[17 14 19 20 16 18 16 15 20 19 22 22 21 22 17 19 16 17 16 16 14 15 13 13
 12 12 11 11 10 10 11 11 10 11 10 10 12 11 12 12 12 12 11 11 10 10 10 10
 11 10 11 11 11 11 12 12 12 12 11 11 10 10  9 10  9  9 10  9 11 11 10 11
  9  9  9  9 12 11 13 12 14 15 13 14 12 13 11 11 10 10 10 10  9 10  9  9
 10 10 14 14 25 19 30 29 28 30 25 27 21 23 18 19 13 17 12 13 11 12 10 11
  9 10  9  9  9  9  9  9]"
2024-10-29 15:32:27.447467,"(82.5, 26.66)","(5600, 2401)","[17  9 19 20 16 18 17 16 20 19 22 22 21 22 17 19 16 17 16 16 16 16 14 15
 12 13 11 11 10 10 11 11 10 11 10 10 12 11 12 12 12 12 11 11 10 10 10 10
 11 10 11 11 11 11 12 12 12 12 11 11 10 10  9 10  9  9 10  9 11 11 10 11
  9  9  9  9 12 11 13 12 14 15 13 14 12 13 11 11 10 10 10 10  9 10 14  9
 20 18 21 21 28 24 34 32 34 35 31 33 24 28 20 22 14 18 13 14 11 12 10 11
 10 10  9  9  9  9  9  9]"
2024-10-29 15:32:41.111831,"(90.0, 26.66)","(5600, 2403)","[17  6 19 20 16 18 16 15 20 19 22 22 21 22 17 19 16 17 16 16 14 15 13 13
 12 12 11 11 10 10 11 11 10 11 10 10 12 11 12 12 12 12 11 11 10 10 10 10
 11 10 11 11 11 11 12 12 12 12 11 11 10 10  9 10  9  9 10  9 11 11 10 11
  9  9  9  9 12 11 13 12 14 15 13 14 12 13 11 11 10 10 10 10  9 10  9  9
 10 10 22 16 33 28 35 35 32 34 27 29 22 24 18 20 12 16 11 12 10 10  9  9
  8  8  8  8  9  9  9  9]"
2024-10-29 15:33:17.848779,"(-82.5, -26.66)","(5600, 3037)","[17  9 19 20 16 18 16 15 20 19 22 22 21 22 17 19 16 17 16 16 14 15 13 13
 12 12 11 11 10 10 11 11 10 11 10 10 12 11 12 12 12 12 11 11 10 10 10 10
 11 10 11 11 11 11 12 12 12 12 11 11 10 10  9 10  9  9 10  9 11 11 10 11
  9  9  9  9 12 11 13 12 14 15 13 14 12 13 11 11 10 10 10 10  9 10  9  9
 15 10 21 18 26 24 31 29 31 31 27 29 22 25 19 20 13 18 13 13 12 13 10 11
  9 10  9  9  9  9  9  9]"
2024-10-29 15:33:31.516517,"(-75.0, -26.66)","(5600, 3036)","[17  5 19 20 16 18 16 15 20 19 22 22 21 22 17 19 16 17 16 16 14 15 13 13
 12 12 11 11 10 10 11 11 10 11 10 10 12 11 12 12 12 12 11 11 10 10 10 10
 11 10 11 11 11 11 12 12 12 12 11 11 10 10  9 10  9  9 10  9 11 11 10 11
  9  9  9  9 12 11 13 12 14 15 13 14 12 13 11 11 10 10 10 10  9 10  9  9
 15 10 27 19 36 32 37 37 35 37 31 33 24 28 19 21 15 17 14 15 14 14 12 13
 11 11 10 10  9 10  9  9]"
2024-10-29 15:33:45.202150,"(-67.5, -26.66)","(5600, 3037)","[17 10 19 20 16 18 16 15 20 19 22 22 21 22 17 19 16 17 16 16 14 15 13 13
 12 12 11 11 10 10 11 11 10 11 10 10 12 11 12 12 12 12 11 11 10 10 10 10
 11 10 11 11 11 11 12 12 12 12 11 11 10 10  9 10  9  9 10  9 11 11 10 11
  9  9  9  9 12 11 13 12 14 15 13 14 12 13 11 11 10 10 10 10  9 10  9  9
 10 10 21 16 29 26 29 29 28 28 24 26 19 22 13 18 13 13 13 13 13 13 12 12
 10 11  9  9  9  9  9  9]"
2024-10-29 15:33:58.868026,"(-60.0, -26.66)","(5600, 3036)","[17  7 19 20 16 18 16 15 20 19 22 22 21 22 17 19 16 17 16 16 14 15 13 13
 12 12 11 11 10 10 11 11 10 11 10 10 12 11 12 12 12 12 11 11 10 10 10 10
 11 10 11 11 11 11 12 12 12 12 11 11 10 10  9 10  9  9 10  9 11 11 10 11
  9  9  9  9 12 11 13 12 14 15 13 14 12 13 11 11 10 10 10 10  9 10  9  9
 12 10 22 17 30 26 32 32 31 32 25 28 20 22 12 18 12 12 12 12 12 12 11 12
 10 11  9  9  9  9  9  9]"
2024-10-29 15:34:12.529736,"(-52.5, -26.66)","(5600, 3036)","[17  9 19 20 16 18 16 15 20 19 22 22 21 22 17 19 16 17 16 16 14 15 13 13
 12 12 11 11 10 10 11 11 10 11 10 10 12 11 12 12 12 12 11 11 10 10 10 10
 11 10 11 11 11 11 12 12 12 12 11 11 10 10  9 10  9  9 10  9 11 11 10 11
  9  9  9  9 12 11 13 12 14 15 13 14 12 13 11 11 10 10 10 10  9 10 14  9
 19 16 27 22 35 31 37 36 35 36 30 33 23 26 18 20 14 16 13 13 13 13 12 12
 10 11  9 10  9  9  9  9]"
2024-10-29 15:34:27.210073,"(-45.0, -26.66)","(5600, 3037)","[17  7 19 20 16 18 16 15 20 19 22 22 21 22 17 19 16 17 16 16 14 15 13 13
 12 12 11 11 10 10 11 11 10 11 10 10 12 11 12 12 12 12 11 11 10 10 10 10
 11 10 11 11 11 11 12 12 12 12 11 11 10 10  9 10  9  9 10  9 11 11 10 11
  9  9  9  9 12 11 13 12 14 15 13 14 12 13 11 11 10 10 10 10  9 10  9  9
 14 10 24 18 35 30 39 38 38 39 34 36 27 30 22 24 15 20 15 15 13 14 11 12
 10 11  9 10  9  9  9  9]"
2024-10-29 15:34:40.879409,"(-37.5, -26.66)","(5600, 3037)","[17 10 19 20 16 18 16 15 20 19 22 22 21 22 17 19 16 17 16 16 14 15 13 13
 12 12 11 11 10 10 11 11 10 11 10 10 12 11 12 12 12 12 11 11 10 10 10 10
 11 10 11 11 11 11 12 12 12 12 11 11 10 10  9 10  9  9 10  9 11 11 10 11
  9  9  9  9 12 11 13 12 14 15 13 14 12 13 11 11 14 10 18 16 18 18 17 18
 16 17 24 18 35 30 38 38 35 38 31 33 26 29 21 23 16 19 15 15 14 14 13 13
 11 12 10 10  9  9  9  9]"
2024-10-29 15:34:54.550227,"(-30.0, -26.66)","(5600, 3035)","[17  7 19 20 16 18 16 15 20 19 22 22 21 22 17 19 16 17 16 16 14 15 13 13
 12 12 11 11 10 10 11 11 10 11 10 10 12 11 12 12 12 12 11 11 10 10 10 10
 11 10 11 11 11 11 12 12 12 12 11 11 10 10  9 10  9  9 10  9 11 11 10 11
  9  9  9  9 12 11 13 12 14 15 13 14 12 13 11 11 10 10 18 15 20 19 19 20
 18 18 20 18 32 25 39 36 39 40 37 39 32 35 25 28 20 22 16 17 15 16 14 14
 12 13 10 11  9 10  9  9]"
2024-10-29 15:35:08.220465,"(-22.5, -26.66)","(5600, 3035)","[17 11 19 20 16 18 16 15 20 19 22 22 21 22 17 19 16 17 16 16 14 15 13 13
 12 12 11 11 10 10 11 11 10 11 10 10 12 11 12 12 12 12 11 11 10 10 10 10
 11 10 11 11 11 11 12 12 12 12 11 11 10 10  9 10  9  9 10  9 11 11 10 11
  9  9  9  9 12 11 13 12 14 15 13 14 12 13 11 11 10 10 10 10 18 16 18 19
 17 18 15 16 26 20 37 33 39 40 37 39 32 35 25 28 21 22 16 16 16 16 14 15
 12 13 10 11  9 10  9  9]"
2024-10-29 15:35:21.885108,"(-15.0, -26.66)","(5600, 3034)","[17 10 19 20 16 18 16 15 20 19 22 22 21 22 17 19 16 17 16 16 14 15 13 13
 12 12 11 11 10 10 11 11 10 11 10 10 12 11 12 12 12 12 11 11 10 10 10 10
 11 10 17 16 16 17 12 15 12 12 11 11 10 10  9 10  9  9 18 14 21 20 19 20
 18 18 19 18 22 21 22 22 21 21 19 20 12 18 11 12 10 11 10 10 10 10 10 10
 10 10 16 14 26 21 28 27 29 27 29 30 26 28 21 23 15 18 14 14 12 13 11 12
 12 12 12 12 10 11  9 10]"
2024-10-29 15:35:35.554752,"(-7.5, -26.66)","(5600, 3035)","[17  9 19 20 16 18 16 15 20 19 22 22 21 22 17 19 16 17 16 16 14 15 13 13
 12 12 11 11 10 10 11 11 10 11 10 10 12 11 12 12 12 12 11 11 10 10 10 10
 19 10 24 23 23 24 18 20 12 17 11 11 10 10 18 10 37 29 47 43 48 48 45 47
 39 42 37 37 40 38 41 41 40 41 36 38 32 34 30 31 29 30 24 24 24 24 22 23
 21 22 20 21 19 19 26 23 31 30 31 31 29 30 27 29 21 26 19 20 17 18 20 17
 23 23 22 23 17 17 15 16]"
2024-10-29 15:35:49.219280,"(0.0, -26.66)","(5600, 3034)","[17  9 19 20 16 18 16 15 20 19 22 22 21 22 17 19 16 17 16 16 14 15 13 13
 12 12 11 11 10 10 11 11 10 11 10 10 12 11 12 12 12 12 11 11 10 10 15 10
 28 23 33 32 32 33 27 29 22 24 18 19 11 16 17 11 30 22 41 37 41 41 37 40
 33 33 44 36 53 49 55 55 54 55 52 53 48 50 42 46 36 37 34 35 28 29 25 27
 24 25 23 24 25 23 32 29 32 33 32 32 32 32 31 31 25 30 23 24 22 23 20 21
 18 19 16 17 13 14 11 12]"
2024-10-29 15:36:02.885700,"(7.5, -26.66)","(5600, 3032)","[17 12 19 20 16 18 16 15 20 19 22 22 21 22 17 19 16 17 16 16 14 15 13 13
 12 12 11 11 10 10 11 11 10 11 10 10 12 11 12 12 12 12 11 11 10 10 12 10
 25 20 30 29 29 30 25 28 20 22 17 18 10 15  9 10 21 10 31 27 32 32 29 31
 26 27 34 27 45 40 46 46 45 44 45 45 42 43 38 40 35 36 31 33 24 29 24 24
 23 24 21 22 21 20 30 26 33 33 33 33 33 33 32 32 30 31 29 30 23 28 23 23
 22 23 20 21 18 19 16 17]"
2024-10-29 15:36:16.555822,"(15.0, -26.66)","(5600, 3033)","[17  6 19 20 16 18 16 15 20 19 22 22 21 22 17 19 16 17 16 16 14 15 13 13
 12 12 11 11 10 10 11 11 10 11 10 10 12 11 12 12 12 12 11 11 10 10 10 10
 11 10 17 16 17 17 12 16 12 12 11 11 10 10  9 10 16  9 24 20 25 25 24 24
 22 23 28 24 38 33 40 40 39 39 39 39 34 36 33 34 32 33 31 32 31 31 30 31
 29 29 27 28 22 22 28 22 30 31 29 30 23 28 23 23 23 23 23 23 23 23 22 22
 21 22 18 20 17 17 15 16]"
2024-10-29 15:36:30.218940,"(22.5, -26.66)","(5600, 3035)","[17  9 19 20 16 18 16 15 20 19 22 22 21 22 17 19 16 17 16 16 14 15 13 13
 12 12 11 11 10 10 11 11 10 11 10 10 12 11 12 12 12 12 11 11 10 10 10 10
 11 10 11 11 11 11 12 12 12 12 11 11 10 10  9 10 12  9 18 15 20 19 21 20
 22 22 26 23 37 31 39 38 38 38 42 39 42 42 41 42 39 41 38 39 37 38 35 36
 34 35 32 33 33 32 31 32 28 29 24 24 24 24 27 24 30 30 29 30 24 29 24 24
 24 24 24 24 21 22 19 20]"
2024-10-29 15:36:43.887103,"(30.0, -26.66)","(5600, 3034)","[17  8 19 20 16 18 16 15 20 19 22 22 21 22 17 19 16 17 16 16 14 15 13 13
 12 12 11 11 10 10 11 11 10 11 10 10 12 11 12 12 12 12 11 11 10 10 10 10
 11 10 11 11 11 11 12 12 12 12 11 11 10 10  9 10  9  9 10  9 11 11 10 11
  9  9  9  9 19 15 23 22 23 23 27 24 29 28 29 29 32 29 38 35 38 38 36 37
 35 36 32 34 31 31 37 33 44 43 44 44 41 43 37 39 33 35 30 32 25 25 24 25
 22 24 20 21 17 18 16 16]"
2024-10-29 15:36:57.571181,"(37.5, -26.66)","(5600, 3036)","[19 17 20 21 17 19 16 15 20 19 22 22 21 22 17 19 16 17 16 16 14 15 13 13
 12 12 11 11 10 10 11 11 10 11 10 10 12 11 12 12 12 12 11 11 10 10 10 10
 11 10 11 11 11 11 12 12 12 12 11 11 10 10  9 10  9  9 10  9 11 11 10 11
  9  9  9  9 12 11 13 12 14 15 13 14 12 13 15 11 24 18 34 30 37 36 36 37
 35 35 33 34 33 33 45 39 51 49 51 52 48 50 40 45 32 35 28 30 24 24 21 23
 19 20 18 19 15 16 13 14]"
2024-10-29 15:37:11.234152,"(45.0, -26.66)","(5600, 3035)","[17  6 19 20 16 18 16 15 20 19 22 22 21 22 17 19 16 17 16 16 14 15 13 13
 12 12 11 11 10 10 11 11 10 11 10 10 12 11 12 12 12 12 11 11 10 10 10 10
 11 10 11 11 11 11 12 12 12 12 11 11 10 10  9 10  9  9 10  9 11 11 10 11
 13  9 18 15 19 19 20 20 20 20 19 20 27 23 31 30 31 31 27 29 25 26 25 25
 26 26 23 25 23 22 29 26 30 30 31 30 30 31 29 30 24 27 19 19 16 18 14 15
 12 13 12 12 12 12 11 11]"
2024-10-29 15:37:25.401073,"(52.5, -26.66)","(5600, 3034)","[17  9 19 20 16 18 16 15 20 19 22 22 21 22 17 19 16 17 16 16 14 15 13 13
 12 12 11 11 10 10 11 11 10 11 10 10 12 11 12 12 12 12 11 11 10 10 10 10
 11 10 11 11 11 11 12 12 12 12 11 11 10 10  9 10  9  9 10  9 13 11 17 16
 20 17 31 24 37 34 37 37 35 37 31 33 25 28 23 24 22 22 20 21 15 15 14 15
 14 14 13 14 13 13 13 13 17 13 21 19 25 23 26 26 26 26 24 25 23 23 21 22
 16 20 14 15 12 13 11 12]"
2024-10-29 15:37:39.066026,"(60.0, -26.66)","(5600, 3035)","[17  3 19 20 16 18 16 15 20 19 22 22 21 22 17 19 16 17 16 16 14 15 13 13
 12 12 11 11 10 10 11 11 10 11 10 10 12 11 12 12 12 12 11 11 10 10 10 10
 11 10 11 11 11 11 12 12 12 12 11 11 10 10  9 10 16  9 25 20 30 28 31 31
 33 31 39 36 42 41 41 42 38 40 33 36 29 31 27 28 25 26 20 20 19 20 19 19
 19 19 18 19 16 17 16 16 14 15 13 14 17 13 25 21 30 28 30 30 27 28 22 24
 16 21 16 16 15 16 12 13]"
2024-10-29 15:37:52.727450,"(67.5, -26.66)","(5600, 3034)","[17 10 19 20 16 18 16 15 20 19 22 22 21 22 17 19 16 17 16 16 14 15 13 13
 12 12 11 11 10 10 11 11 10 11 10 10 12 11 12 12 12 12 11 11 10 10 10 10
 11 10 11 11 11 11 12 12 12 12 16 13 21 18 26 23 28 28 32 29 40 37 39 40
 35 38 33 34 32 33 31 32 30 31 26 28 24 25 19 23 24 19 30 27 36 33 38 37
 36 37 32 34 29 31 23 28 23 23 21 22 19 20 19 19 25 19 25 26 20 24 19 19
 18 18 16 17 13 15 12 12]"
2024-10-29 15:38:06.394401,"(75.0, -26.66)","(5600, 3037)","[17  6 19 20 16 18 16 15 20 19 22 22 21 22 17 19 16 17 16 16 14 15 13 13
 12 12 11 11 10 10 11 11 10 11 10 10 12 11 12 12 12 12 11 11 10 10 10 10
 11 10 11 11 11 11 12 12 17 12 27 22 33 30 36 35 36 36 36 36 41 39 39 40
 34 38 29 31 27 28 25 26 19 23 18 18 25 21 28 27 28 27 32 29 33 33 34 34
 32 33 29 31 27 28 29 29 28 29 23 23 22 22 21 21 19 20 18 19 15 17 13 14
 12 12 10 11  9 10  9  9]"
2024-10-29 15:38:20.058803,"(82.5, -26.66)","(5600, 3036)","[17  8 19 20 16 18 16 14 20 19 22 22 21 22 17 19 16 17 16 16 14 15 13 13
 12 12 11 11 10 10 11 11 10 11 10 10 12 11 12 12 12 12 11 11 10 10 10 10
 11 10 11 11 11 11 16 12 26 21 34 30 37 36 36 37 33 35 31 31 31 31 28 30
 24 26 20 22 16 16 21 16 22 23 19 21 20 16 24 23 25 24 25 25 27 26 28 28
 25 27 19 19 21 19 26 24 29 27 30 30 29 30 27 28 21 25 21 21 18 19 16 17
 14 15 13 14 12 12 10 11]"
2024-10-29 15:38:56.799397,"(-90.0, 30.0)","(5600, 2359)","[17 13 19 20 16 18 16 14 20 19 22 22 21 22 17 19 16 17 16 16 14 15 13 13
 12 12 11 11 10 10 11 11 10 11 10 10 12 11 12 12 12 12 11 11 10 10 18 10
 26 24 28 27 27 28 25 26 22 24 19 20 16 18 11 15 11 11 11 11 11 11 10 11
  9  9  9  9 12 11 15 12 22 20 23 23 21 22 19 20 21 19 21 22 20 21 18 19
 13 18 13 13 18 13 25 23 25 26 25 25 24 25 22 24 16 21 15 16 14 15 12 13
 11 12  9 10  9  9  9  9]"
2024-10-29 15:39:10.263313,"(-83.33, 30.0)","(5600, 2359)","[17 11 19 20 16 18 16 14 20 19 22 22 21 22 17 19 16 17 16 16 14 15 13 13
 12 12 11 11 10 10 11 11 10 11 10 10 12 11 12 12 12 12 11 11 11 10 24 17
 35 30 39 38 39 39 36 38 31 34 24 28 19 21 14 17 13 13 12 12 11 12 10 11
  9  9  9  9 12 11 15 12 22 20 24 24 26 24 29 28 29 29 26 28 22 24 19 20
 14 17 14 14 13 13 12 12 12 12 12 12 12 12 12 12 12 12 12 12 11 11 10 10
  9  9  9  9  9  9  9  9]"
2024-10-29 15:39:23.725924,"(-76.66, 30.0)","(5600, 2359)","[17  7 19 20 18 19 20 20 20 19 22 22 21 22 17 19 16 17 16 16 14 15 13 13
 12 12 11 11 10 10 11 11 10 11 10 10 12 11 12 12 12 12 11 11 11 10 24 18
 30 29 31 31 30 30 28 29 27 28 24 26 20 22 17 18 12 16 12 12 11 12 15 11
 18 18 17 17 12 12 13 12 14 15 13 14 12 13 11 11 11 11 11 11 11 11 11 11
 16 11 16 16 11 11 12 11 11 12 11 11 11 11 11 11 11 12 11 11 11 11 11 11
 10 10 10 10  9 10  9  9]"
2024-10-29 15:39:37.186030,"(-70.0, 30.0)","(5600, 2358)","[20 18 21 22 22 21 24 24 22 23 22 22 21 22 17 19 16 17 16 16 14 15 15 13
 18 18 17 17 14 16 13 14 11 12 10 10 12 11 12 12 12 12 11 11 11 10 19 15
 24 23 24 24 30 26 35 33 36 36 32 34 28 30 24 26 21 22 15 15 25 22 31 28
 31 32 29 31 26 28 19 24 19 19 18 18 16 17 15 15 14 14 12 13 12 12 11 12
 12 11 12 12 12 12 12 12 12 12 11 12 11 11 11 11 11 12 11 11 10 11 10 10
  9  9  9  9  9  9  9  9]"
2024-10-29 15:39:50.652191,"(-63.33, 30.0)","(5600, 2358)","[17 12 19 20 21 20 24 23 22 23 22 22 21 22 17 19 16 17 16 16 17 16 17 17
 16 17 13 15 11 12 11 11 10 11 10 10 12 11 12 12 12 12 11 11 10 10 12 10
 17 16 22 19 28 26 29 29 27 28 26 27 23 25 21 22 22 19 28 25 30 29 30 30
 29 30 27 28 25 26 22 23 17 20 17 17 16 16 14 15 13 14 13 13 13 13 13 13
 13 13 18 18 13 18 18 13 19 19 19 19 14 18 14 14 14 14 13 13 12 12 11 11
 11 10 11 11 11 11 11 11]"
2024-10-29 15:40:04.114429,"(-56.66, 30.0)","(5600, 2360)","[17  6 19 20 17 18 19 19 20 19 22 22 21 22 17 19 16 17 16 16 14 15 13 13
 12 12 11 11 10 10 11 11 10 11 10 10 12 11 12 12 12 12 11 11 10 10 10 10
 11 10 18 14 29 24 29 30 33 28 37 37 35 36 31 33 27 29 25 26 23 24 23 23
 24 24 21 23 16 16 15 15 14 15 13 14 12 13 11 11 10 10 10 10 10 10 10 10
 10 10 10 10 15 15 15 15 18 16 22 21 22 22 19 21 17 18 12 12 12 12 11 12
 11 11 10 10  9 10  9  9]"
2024-10-29 15:40:17.568692,"(-50.0, 30.0)","(5600, 2358)","[17  8 19 20 16 18 16 15 20 19 22 22 21 22 17 19 16 17 16 16 14 15 13 13
 12 12 11 11 10 10 11 11 10 11 10 10 12 11 12 12 12 12 11 11 10 10 10 10
 11 10 11 11 13 11 28 21 38 35 40 40 38 39 36 37 35 35 32 33 29 30 26 27
 25 26 22 24 17 18 15 15 14 15 13 14 12 13 11 11 10 10 10 10 15 15 14 15
 10 13 14 14 15 15 16 15 16 16 15 16 19 17 18 19 16 17 16 16 10 15 11 10
 10 11  9 10  9  9  9  9]"
2024-10-29 15:40:31.017366,"(-43.33, 30.0)","(5600, 2358)","[17 11 19 20 16 18 16 15 20 19 22 22 21 22 17 19 16 17 16 16 14 15 13 13
 12 12 11 11 10 10 11 11 10 11 10 10 12 11 12 12 12 12 11 11 10 10 10 10
 11 10 11 11 11 11 12 12 12 12 11 11 22 17 28 26 27 29 31 27 35 33 33 34
 30 31 26 28 22 24 14 20 14 15 13 14 12 13 13 11 19 16 18 19 17 18 11 16
 11 11 10 11 10 10 10 10 10 10 16 14 17 16 16 17 11 16 11 11 11 11 11 11
 10 11  9  9  9  9  9  9]"
2024-10-29 15:40:44.473952,"(-36.66, 30.0)","(5600, 2358)","[17  6 19 20 16 18 16 15 20 19 22 22 21 22 17 19 16 17 16 16 14 15 13 13
 12 12 11 11 10 10 11 11 10 11 10 10 12 11 12 12 12 12 11 11 10 10 10 10
 11 10 11 11 11 11 12 12 12 12 11 11 16 15 20 18 22 21 28 24 33 31 35 34
 35 35 34 35 30 32 24 26 22 23 23 22 23 23 31 27 36 35 36 37 32 35 26 29
 20 23 18 19 16 17 15 15 13 14 12 13 11 11 11 11 11 12 15 14 15 15 10 14
 10 10  9  9  9  9  9  9]"
2024-10-29 15:40:58.948591,"(-30.0, 30.0)","(5600, 2352)","[17  7 19 20 16 18 16 15 20 19 22 22 21 22 17 19 16 17 16 16 14 15 13 13
 12 12 11 11 10 10 11 11 10 11 10 10 12 11 12 12 12 12 11 11 10 10 10 10
 11 10 11 11 11 11 12 12 12 12 11 11 12 10 16 14 19 18 19 20 28 23 38 35
 39 40 37 38 32 35 29 30 28 29 28 28 30 29 30 30 29 30 28 29 19 26 18 19
 17 18 15 16 14 14 13 13 12 12 12 12 12 12 12 12 12 12 12 12 12 12 11 11
 10 11  9 10  9  9  9  9]"
2024-10-29 15:41:12.404474,"(-23.33, 30.0)","(5600, 2350)","[17  3 19 20 16 18 16 15 20 19 22 22 21 22 17 19 16 17 16 16 14 15 13 13
 12 12 11 11 10 10 11 11 10 11 10 10 12 11 12 12 12 12 11 11 10 10 10 10
 11 10 11 11 11 11 12 12 12 12 11 11 10 10  9 10  9  9 10  9 28 18 35 33
 34 35 29 32 24 26 22 23 21 22 20 20 21 20 21 21 21 21 23 22 25 24 24 24
 22 23 21 22 23 22 22 23 16 21 17 17 17 17 16 17 16 16 15 15 14 14 12 13
 10 11  9  9  9  9  9  9]"
2024-10-29 15:41:25.861389,"(-16.66, 30.0)","(5600, 2351)","[17  6 19 20 16 18 16 15 20 19 22 22 21 22 17 19 16 17 16 16 14 15 13 13
 12 12 11 11 10 10 11 11 10 11 10 10 12 11 12 12 12 12 11 11 10 10 10 10
 11 10 11 11 11 11 12 12 12 12 11 11 10 10  9 10  9  9 10  9 23 17 32 28
 34 34 32 33 27 30 23 25 19 21 13 14 13 13 13 13 18 13 20 19 19 20 13 18
 13 13 14 13 18 14 23 21 26 25 29 28 28 29 27 28 23 25 17 17 16 17 14 15
 12 13 10 11  9 10  9  9]"
2024-10-29 15:41:39.315512,"(-10.0, 30.0)","(5600, 2350)","[17  9 19 20 16 18 16 15 20 19 22 22 21 22 17 19 16 17 16 16 14 15 13 13
 12 12 11 11 10 10 11 11 10 11 10 10 12 11 12 12 12 12 11 11 10 10 10 10
 11 10 11 11 11 11 12 12 12 12 11 11 10 10  9 10  9  9 10  9 11 11 13 11
 15 15 14 15 12 11 13 12 14 15 13 14 12 13 11 11 10 10 15 14 15 15  9 14
 10 10 14 14 14 14 16 14 21 19 25 22 29 27 28 28 24 26 20 22 18 19 19 19
 19 20 14 14 14 14 12 13]"
2024-10-29 15:41:53.784771,"(-3.33, 30.0)","(5600, 2348)","[17  7 19 20 16 18 17 16 20 19 22 22 21 22 17 19 16 17 16 16 14 15 13 13
 12 12 11 11 10 10 11 11 10 11 10 10 12 11 12 12 12 12 11 11 10 10 10 10
 11 10 11 11 11 11 12 12 12 12 11 11 10 10  9 10  9  9 10  9 11 11 10 11
  9  9  9  9 12 11 13 12 14 15 13 14 12 13 11 11 10 10 10 10 15 14  9 14
 10 10  9  9 13  9 22 18 25 26 22 24 23 22 27 26 25 26 23 24 27 25 30 29
 29 30 24 27 17 22 16 16]"
2024-10-29 15:42:07.240183,"(3.33, 30.0)","(5600, 2350)","[17  3 19 20 21 20 23 22 22 22 22 22 22 22 19 21 17 18 16 16 14 15 13 14
 12 12 11 11 10 10 11 11 10 11 10 10 12 11 12 12 12 12 11 11 10 10 10 10
 11 10 11 11 11 11 12 12 12 12 11 11 10 10  9 10  9  9 10  9 11 11 10 11
  9  9  9  9 12 11 13 12 14 15 13 14 12 13 11 11 10 10 10 10  9 10 14  9
 16 16 15 15 16 16 17 16 27 19 35 32 36 36 33 35 28 31 25 26 22 24 20 21
 15 18 13 14 12 13 12 12]"
2024-10-29 15:42:20.695405,"(10.0, 30.0)","(5600, 2349)","[17  6 19 20 21 20 24 23 22 23 22 22 22 22 20 21 17 19 16 16 14 15 13 13
 12 12 11 11 10 10 11 11 10 11 10 10 12 11 12 12 12 12 11 11 10 10 10 10
 11 10 11 11 11 11 12 12 12 12 11 11 10 10  9 10 13  9 14 14 11 11 10 11
 14  9 12 13 12 11 13 12 14 15 13 14 12 13 11 11 10 10 10 10 15 14 15 15
 15 15 16 16 18 17 27 23 35 31 43 40 43 43 41 42 34 38 29 31 25 27 19 23
 17 18 15 16 14 14 13 13]"
2024-10-29 15:42:34.150505,"(16.66, 30.0)","(5600, 2348)","[17 10 19 20 17 18 19 18 20 19 22 22 21 22 17 19 16 17 16 16 14 15 13 13
 12 12 11 11 10 10 11 11 10 11 10 10 12 11 12 12 12 12 11 11 10 10 10 10
 11 10 11 11 11 11 12 12 12 12 11 11 10 10  9 10  9  9 10  9 11 11 10 11
  9  9  9  9 12 11 13 12 14 15 13 14 12 13 11 11 10 10 10 10 16 10 32 26
 38 36 38 38 34 37 29 30 32 28 36 34 36 36 32 34 26 29 19 19 17 18 15 16
 14 14 13 13 12 12 11 11]"
2024-10-29 15:42:47.607595,"(23.33, 30.0)","(5600, 2349)","[17  9 19 20 16 18 16 15 20 19 22 22 21 22 17 19 16 17 16 16 14 15 13 13
 12 12 11 11 10 10 11 11 10 11 10 10 12 11 12 12 12 12 11 11 10 10 10 10
 11 10 11 11 11 11 12 12 12 12 11 11 10 10  9 10  9  9 10  9 11 11 10 11
  9  9  9  9 12 11 13 12 14 15 13 14 12 13 11 11 10 10 26 16 40 34 46 44
 45 46 42 43 38 40 36 36 37 36 37 37 34 36 29 32 20 25 19 20 17 18 15 16
 13 14 12 12 10 11  9  9]"
2024-10-29 15:43:01.058279,"(30.0, 30.0)","(5600, 2349)","[17  8 19 20 16 18 16 15 20 19 22 22 21 22 17 19 16 17 16 16 14 15 13 13
 12 12 11 11 10 10 11 11 10 11 10 10 12 11 12 12 12 12 11 11 10 10 10 10
 11 10 11 11 11 11 12 12 12 12 11 11 10 10  9 10  9  9 10  9 11 11 10 11
  9  9  9  9 12 11 13 12 14 15 13 14 12 13 11 11 10 10 21 14 33 28 37 36
 36 37 33 35 28 30 29 28 33 32 34 34 32 33 28 31 23 26 17 18 14 16 12 13
 10 11  9 10  9  9  9  9]"
2024-10-29 15:43:14.511284,"(36.66, 30.0)","(5600, 2347)","[17 13 19 20 16 18 16 15 20 19 22 22 21 22 17 19 16 17 16 16 14 15 13 13
 12 12 11 11 10 10 11 11 10 11 10 10 12 11 12 12 12 12 11 11 10 10 10 10
 11 10 11 11 11 11 12 12 12 12 11 11 10 10  9 10  9  9 10  9 11 11 10 11
  9  9  9  9 12 11 13 12 14 15 13 14 12 13 11 11 10 10 15 13 17 15 21 20
 20 21 18 19 18 18 23 20 28 26 32 30 32 32 29 31 24 27 19 22 15 15 13 14
 12 13 11 11  9 10  9  9]"
2024-10-29 15:43:27.961362,"(43.33, 30.0)","(5600, 2349)","[17 10 19 20 16 18 16 15 20 19 22 22 21 22 17 19 16 17 16 16 14 15 13 13
 12 12 11 11 10 10 11 11 10 11 10 10 12 11 12 12 12 12 11 11 10 10 10 10
 11 10 11 11 11 11 12 12 12 12 11 11 10 10  9 10  9  9 10  9 11 11 10 11
  9  9  9  9 12 11 13 12 14 15 13 14 12 13 11 11 10 10 10 10 17 15 18 17
 17 18 16 17 17 16 26 22 30 30 29 29 28 28 25 27 20 22 14 14 13 13 11 12
 10 11  9  9  9  9  9  9]"
2024-10-29 15:43:41.420562,"(50.0, 30.0)","(5600, 2350)","[17  8 19 20 16 18 16 15 20 19 22 22 21 22 17 19 16 17 16 16 14 15 13 13
 12 12 11 11 10 10 11 11 10 11 10 10 12 11 12 12 12 12 11 11 16 14 18 17
 16 17 11 11 11 11 12 12 12 12 11 11 10 10  9 10  9  9 10  9 11 11 10 11
  9  9  9  9 12 11 13 12 14 15 13 14 12 13 11 11 10 10 10 10 16 15 16 17
 16 16 15 15 15 15 20 18 21 21 26 22 27 27 25 27 22 24 18 20 13 13 13 13
 12 13 11 12 10 10  9  9]"
2024-10-29 15:43:54.876720,"(56.66, 30.0)","(5600, 2347)","[17  5 19 20 16 18 16 15 20 19 22 22 21 22 17 19 16 17 16 16 14 15 13 13
 12 12 11 11 10 10 11 11 10 11 10 10 12 11 12 12 12 12 11 11 19 15 22 21
 20 22 17 19 11 11 12 12 12 12 11 11 10 10  9 10  9  9 10  9 11 11 10 11
  9  9  9  9 12 11 13 12 14 15 13 14 12 13 11 11 10 10 10 10 16 14 16 16
 15 15  9  9 13  9 18 16 25 19 34 30 34 34 31 33 25 28 19 22 14 14 14 14
 13 14 13 13 12 12 10 11]"
2024-10-29 15:44:08.331927,"(63.33, 30.0)","(5600, 2344)","[17  9 19 20 16 18 16 15 20 19 22 22 21 22 17 19 16 17 16 16 14 15 13 13
 12 12 11 11 10 10 11 11 10 11 10 10 12 11 12 12 12 12 11 11 13 10 16 15
 14 15 11 11 11 11 12 12 12 12 11 11 10 10  9 10  9  9 10  9 11 11 10 11
  9  9  9  9 12 11 13 12 14 15 13 14 12 13 11 11 10 10 10 10 15 14 14 14
 10 14  9  9 14  8 24 20 27 27 26 27 27 26 23 25 19 21 15 17 11 12 10 10
 10 10 10 10 10 10  9 10]"
2024-10-29 15:44:21.785854,"(70.0, 30.0)","(5600, 2343)","[17 14 19 20 17 18 20 19 21 19 22 22 21 22 17 19 16 17 16 16 14 15 13 13
 12 12 11 11 10 10 11 11 10 11 10 10 12 11 12 12 12 12 11 11 10 10 10 10
 11 10 11 11 11 11 12 12 12 12 11 11 10 10  9 10  9  9 10  9 11 11 10 11
  9  9  9  9 12 11 13 12 14 15 13 14 12 13 11 11 10 10 10 10 14 10 16 16
 15 16 16 15 18 16 30 25 35 34 36 36 35 36 32 34 27 29 23 25 16 21 15 15
 13 14 12 12 11 12 10 10]"
2024-10-29 15:44:35.240798,"(76.66, 30.0)","(5600, 2343)","[17 10 19 20 20 20 22 22 22 22 22 22 21 22 18 19 16 17 16 16 14 15 13 13
 12 12 11 11 10 10 11 11 10 11 10 10 12 11 12 12 12 12 11 11 10 10 10 10
 11 10 11 11 11 11 12 12 12 12 11 11 10 10  9 10  9  9 10  9 11 11 10 11
  9  9  9  9 12 11 13 12 14 15 13 14 12 13 11 11 10 10 10 10  9 10  9  9
 10 10 16 15 17 16 23 18 34 30 37 37 36 37 33 35 27 31 21 24 15 16 14 15
 12 13 11 12 10 11 10 10]"
2024-10-29 15:44:48.691860,"(83.33, 30.0)","(5600, 2343)","[17 13 20 20 21 20 24 24 23 24 22 22 21 22 18 19 17 18 16 16 14 15 13 13
 12 12 11 11 10 10 11 11 10 11 10 10 12 11 12 12 12 12 11 11 10 10 10 10
 11 10 11 11 11 11 12 12 12 12 11 11 10 10  9 10  9  9 10  9 11 11 10 11
  9  9  9  9 12 11 13 12 14 15 13 14 12 13 11 11 10 10 10 10 16 14 17 17
 16 17 15 16 15 15 20 17 27 22 32 30 30 31 28 29 26 27 23 25 20 22 15 18
 14 14 13 13 12 12 11 11]"
2024-10-29 15:45:02.146954,"(90.0, 30.0)","(5600, 2344)","[17  7 19 20 22 20 24 24 22 24 22 22 22 22 21 21 19 20 16 17 15 16 13 14
 12 12 11 11 10 10 11 11 10 11 10 10 12 11 12 12 12 12 11 11 10 10 10 10
 11 10 11 11 11 11 12 12 12 12 11 11 10 10  9 10  9  9 10  9 11 11 10 11
  9  9  9  9 12 11 13 12 14 15 13 14 12 13 11 11 10 10 10 10  9 10 14  9
 15 15 15 15 17 16 25 21 28 28 27 28 30 29 28 29 25 27 21 23 15 20 15 15
 15 14 15 15 15 15 13 14]"
2024-10-29 15:45:39.042535,"(-83.33, -30.0)","(5600, 3073)","[17  8 19 20 16 18 16 15 20 19 22 22 21 22 17 19 16 17 16 16 14 15 13 13
 12 12 11 11 10 10 11 11 10 11 10 10 12 11 12 12 12 12 11 11 10 10 10 10
 11 10 11 11 11 11 12 12 12 12 11 11 10 10  9 10  9  9 10  9 11 11 10 11
  9  9  9  9 12 11 13 12 14 15 13 14 12 13 11 11 10 10 10 10 13 10 16 15
 15 16 14 15 25 19 31 29 32 32 29 31 23 26 19 21 13 17 12 13 11 12  9 10
  8  8  8  7  9  9  9  9]"
2024-10-29 15:45:52.498930,"(-76.66, -30.0)","(5600, 3074)","[17  5 19 20 16 18 16 15 20 19 22 22 21 22 17 19 16 17 16 16 14 15 13 13
 12 12 11 11 10 10 11 11 10 11 10 10 12 11 12 12 12 12 11 11 10 10 10 10
 11 10 11 11 11 11 12 12 12 12 11 11 10 10  9 10  9  9 10  9 11 11 10 11
  9  9  9  9 12 11 13 12 14 15 13 14 12 13 11 11 10 10 10 10  9 10  9  9
 10 10  9  9 21 16 29 26 30 30 29 29 27 28 23 25 18 20 13 13 12 12 11 12
 10 11  9  9  9  9  9  9]"
2024-10-29 15:46:05.954159,"(-70.0, -30.0)","(5600, 3073)","[17  7 19 20 16 18 16 15 20 19 22 22 21 22 17 19 16 17 16 16 14 15 13 13
 12 12 11 11 10 10 11 11 10 11 10 10 12 11 12 12 12 12 11 11 10 10 10 10
 11 10 11 11 11 11 12 12 12 12 11 11 10 10  9 10  9  9 10  9 11 11 10 11
  9  9  9  9 12 11 13 12 14 15 13 14 12 13 11 11 10 10 10 10  9 10  9  9
 10 10  9  9 19 14 28 24 31 30 30 31 27 29 22 25 18 20 12 12 11 12  9 10
  8  8  8  8  9  9  9  9]"
2024-10-29 15:46:19.408440,"(-63.33, -30.0)","(5600, 3074)","[17 10 19 20 16 18 16 15 20 19 22 22 21 22 17 19 16 17 16 16 14 15 13 13
 12 12 11 11 10 10 11 11 10 11 10 10 12 11 12 12 12 12 11 11 10 10 10 10
 11 10 11 11 11 11 12 12 12 12 11 11 10 10  9 10  9  9 10  9 11 11 10 11
  9  9  9  9 12 11 13 12 14 15 13 14 12 13 11 11 10 10 10 10  9 10  9  9
 10 10  9  9 18 15 28 24 33 31 33 33 31 32 26 28 20 23 16 18 12 13 10 11
  9  9  8  8  9  9  9  9]"
2024-10-29 15:46:32.856941,"(-56.66, -30.0)","(5600, 3075)","[18 15 19 20 16 18 16 15 20 19 22 22 21 22 17 19 16 17 16 16 14 15 13 13
 12 12 11 11 10 10 11 11 10 11 10 10 12 11 12 12 12 12 11 11 10 10 10 10
 11 10 11 11 11 11 12 12 12 12 11 11 10 10  9 10  9  9 10  9 11 11 10 11
  9  9  9  9 12 11 13 12 14 15 13 14 12 13 11 11 10 10 10 10  9 10  9  9
 10 10 14 13 14 14 14 14 21 14 30 26 30 30 27 29 21 24 16 19 12 12 10 11
  9  9  8  8  9  9  9  9]"
2024-10-29 15:46:46.312429,"(-50.0, -30.0)","(5600, 3074)","[17 11 19 20 16 18 16 15 20 19 22 22 21 22 17 19 16 17 16 16 14 15 13 13
 12 12 11 11 10 10 11 11 10 11 10 10 12 11 12 12 12 12 11 11 10 10 10 10
 11 10 11 11 11 11 12 12 12 12 11 11 10 10  9 10  9  9 10  9 11 11 10 11
  9  9  9  9 12 11 13 12 14 15 13 14 12 13 11 11 10 10 10 10  9 10  9  9
 10 10  9  9 14 13 22 18 29 27 29 30 28 28 26 27 22 24 19 20 14 18 13 14
 11 12  9 10  9  9  9  9]"
2024-10-29 15:46:59.764329,"(-43.33, -30.0)","(5600, 3073)","[17  7 19 20 16 18 16 15 20 19 22 22 21 22 17 19 16 17 16 16 14 15 13 13
 12 12 11 11 10 10 11 11 10 11 10 10 12 11 12 12 12 12 11 11 10 10 10 10
 11 10 11 11 11 11 12 12 12 12 11 11 10 10  9 10  9  9 10  9 11 11 10 11
  9  9  9  9 12 11 13 12 14 15 13 14 12 13 11 11 10 10 10 10  9 10  9  9
 10 10  9  9 12  8 20 16 29 25 32 31 31 32 27 29 22 24 20 21 18 19 13 17
 11 12 10 11  9 10  9  9]"
2024-10-29 15:47:13.219983,"(-36.66, -30.0)","(5600, 3073)","[17  7 19 20 16 18 16 15 20 19 22 22 21 22 17 19 16 17 16 16 14 15 13 13
 12 12 11 11 10 10 11 11 10 11 10 10 12 11 12 12 12 12 11 11 10 10 10 10
 11 10 11 11 11 11 12 12 12 12 11 11 10 10  9 10  9  9 10  9 11 11 10 11
  9  9  9  9 12 11 13 12 14 15 13 14 12 13 11 11 10 10 10 10  9 10  9  9
 15 10 15 15 14 15 18 15 24 22 33 28 35 34 32 34 28 30 24 26 21 23 15 19
 14 14 12 13 10 11  9  9]"
2024-10-29 15:47:26.673087,"(-30.0, -30.0)","(5600, 32767)","[17  8 19 20 18 19 19 19 21 19 22 22 21 22 18 19 18 17 18 18 18 18 17 18
 16 17 15 16 14 14 12 13 11 12 10 11 12 11 12 12 12 12 11 11 10 10 10 10
 11 10 11 11 11 11 12 12 12 12 11 11 10 10  9 10  9  9 10  9 11 11 10 11
  9  9  9  9 12 11 13 12 14 15 13 14 12 13 11 11 10 10 10 10  9 10  9  9
 10 10  9  9 12  8 19 14 29 24 35 32 35 35 32 34 28 30 24 26 22 23 20 21
 15 19 15 15 14 15 14 14]"
2024-10-29 15:47:41.146979,"(-23.33, -30.0)","(5600, 3079)","[17  6 19 20 16 18 16 15 20 19 22 22 21 22 17 19 16 17 16 16 14 15 13 13
 12 12 11 11 10 10 11 11 10 11 10 10 12 11 12 12 12 12 11 11 10 10 10 10
 11 10 11 11 11 11 12 12 12 12 11 11 10 10  9 10  9  9 10  9 11 11 10 11
  9  9  9  9 12 11 13 12 14 15 13 14 12 13 11 11 10 10 10 10  9 10  9  9
 10 10  9  9 12  8 17 13 29 24 33 32 32 33 29 30 26 28 23 24 20 21 14 18
 13 14 12 13 11 11 10 10]"
2024-10-29 15:47:54.604958,"(-16.66, -30.0)","(5600, 3075)","[17  9 19 20 16 18 16 15 20 19 22 22 21 22 17 19 16 17 16 16 14 15 13 13
 12 12 11 11 10 10 11 11 10 11 10 10 12 11 12 12 12 12 11 11 10 10 10 10
 11 10 11 11 11 11 12 12 12 12 11 11 10 10  9 10  9  9 10  9 11 11 10 11
  9  9  9  9 12 11 13 12 14 15 13 14 12 13 11 11 10 10 10 10  9 10 14  9
 16 16 16 16 15 15 10 14 22 10 33 28 34 34 30 32 27 28 24 25 20 22 15 18
 13 14 12 13 10 11 10 10]"
2024-10-29 15:48:08.063273,"(-10.0, -30.0)","(5600, 3075)","[17  5 19 20 16 18 16 15 20 19 22 22 21 22 17 19 16 17 16 16 14 15 13 13
 12 12 11 11 10 10 11 11 10 11 10 10 12 11 12 12 12 12 11 11 10 10 10 10
 15 10 19 18 18 19 12 17 12 12 11 11 10 10 13 10 23 18 28 26 28 28 26 27
 23 24 26 24 31 29 30 30 29 29 28 29 27 28 24 26 22 22 17 17 17 17 17 17
 18 18 17 17 16 17 14 15 18 13 27 22 32 30 32 32 31 32 28 30 24 26 17 22
 15 17 13 14 10 11  9 10]"
2024-10-29 15:48:21.519558,"(-3.33, -30.0)","(5600, 3075)","[25 27 23 25 19 21 17 17 20 19 22 22 21 22 17 19 16 17 16 16 14 15 13 13
 12 12 11 11 10 10 11 11 10 11 10 10 12 11 12 12 12 12 11 11 10 10 10 10
 11 10 17 15 16 17 12 15 12 12 11 11 10 10 15 10 24 19 32 29 36 34 35 35
 33 34 43 36 48 46 47 48 45 46 44 44 42 43 39 40 37 38 35 36 33 34 31 32
 26 30 25 26 23 24 21 22 20 20 32 27 35 34 32 34 29 29 27 28 22 22 21 21
 20 20 18 19 16 17 14 15]"
2024-10-29 15:48:34.974445,"(3.33, -30.0)","(5600, 3074)","[25 27 23 24 21 22 19 20 20 19 22 22 21 22 17 19 16 17 16 16 14 15 13 13
 12 12 11 11 10 10 11 11 10 11 10 10 12 11 12 12 12 12 11 11 10 10 12 10
 20 15 24 23 23 24 20 22 18 19 16 17 10 11 10 10 15 10 21 18 25 23 25 25
 34 25 49 42 55 53 55 55 54 54 53 53 50 52 44 47 38 41 34 36 27 33 27 27
 25 26 24 24 24 24 24 24 31 24 41 36 44 43 43 44 41 42 36 39 28 34 26 27
 23 25 21 22 20 20 19 19]"
2024-10-29 15:48:48.431478,"(10.0, -30.0)","(5600, 3074)","[17  6 20 20 17 18 16 15 20 19 22 22 21 22 17 19 16 17 16 16 14 15 13 13
 12 12 11 11 10 10 11 11 10 11 10 10 12 11 12 12 12 12 11 11 10 10 10 10
 18 10 22 21 21 22 18 20 12 17 11 11 10 10 13 10 15 14 16 16 20 18 19 20
 19 17 34 24 45 40 47 47 48 47 47 47 44 46 39 42 35 37 31 33 23 29 23 23
 23 23 23 23 23 23 22 23 25 21 35 30 44 40 46 46 43 45 39 41 36 38 31 34
 25 28 21 23 18 20 16 17]"
2024-10-29 15:49:01.889076,"(16.66, -30.0)","(5600, 3074)","[18 15 20 20 17 18 16 15 20 19 22 22 21 22 17 19 16 17 16 16 14 15 13 13
 14 13 13 14 11 12 11 11 11 11 10 10 12 11 12 12 12 12 11 11 10 10 10 10
 11 10 11 11 11 11 12 12 12 12 11 11 10 10  9 10  9  9 10  9 14 11 18 17
 18 19 30 21 41 36 44 43 43 44 42 43 45 43 45 45 44 45 42 43 40 41 38 40
 35 37 29 32 24 25 24 24 23 23 34 26 47 41 51 50 50 51 46 48 41 44 38 39
 35 36 33 34 28 29 26 27]"
2024-10-29 15:49:15.340661,"(23.33, -30.0)","(5600, 3073)","[17 14 20 20 17 18 16 15 20 19 22 22 21 22 17 19 16 17 16 16 14 15 13 13
 12 12 11 11 10 10 11 11 10 11 10 10 12 11 12 12 12 12 11 11 10 10 10 10
 11 10 11 11 11 11 12 12 12 12 11 11 10 10  9 10  9  9 18 14 24 21 31 28
 34 34 35 34 47 41 50 49 49 49 47 48 44 46 43 43 42 43 41 41 39 40 37 38
 35 35 34 34 32 33 27 31 27 27 25 26 26 25 32 29 33 33 30 32 28 25 32 30
 34 35 32 33 26 30 25 26]"
2024-10-29 15:49:28.796052,"(30.0, -30.0)","(5600, 3074)","[17  5 20 20 17 18 16 16 20 19 22 22 21 22 17 19 16 17 16 16 14 15 13 13
 12 12 11 11 10 10 11 11 10 11 10 10 12 11 12 12 12 12 11 11 10 10 10 10
 11 10 11 11 11 11 12 12 12 12 11 11 10 10  9 10  9  9 10  9 16 11 21 19
 24 24 22 23 22 22 24 23 23 23 24 23 23 24 22 22 20 21 22 20 35 28 39 38
 38 39 37 38 35 36 33 34 37 33 42 40 44 43 44 44 42 43 39 41 36 37 34 35
 32 33 27 27 25 26 21 23]"
2024-10-29 15:49:42.251564,"(36.66, -30.0)","(5600, 3073)","[17 10 20 20 17 18 16 15 20 19 22 22 21 22 17 19 16 17 16 16 14 15 13 13
 12 12 11 11 10 10 11 11 10 11 10 10 12 11 12 12 12 12 11 11 10 10 10 10
 11 10 11 11 11 11 12 12 12 12 11 11 10 10  9 10  9  9 10  9 11 11 10 11
  9  9  9  9 12 11 13 12 14 15 13 14 12 13 15 11 17 15 21 19 23 22 29 26
 32 32 30 31 29 29 29 29 28 29 34 30 35 35 32 34 28 30 26 27 19 25 19 19
 18 18 16 17 14 15 13 13]"
2024-10-29 15:49:55.707773,"(43.33, -30.0)","(5600, 3073)","[17  9 20 20 17 18 19 18 21 19 22 22 21 22 17 19 17 17 17 17 17 17 17 17
 17 17 16 16 14 15 12 13 10 11 10 10 12 11 12 12 12 12 11 11 10 10 10 10
 11 10 11 11 11 11 12 12 12 12 11 11 10 10  9 10  9  9 10  9 11 11 10 11
  9  9  9  9 19 14 25 23 27 27 27 27 28 27 33 31 32 33 28 30 25 26 26 25
 24 26 26 24 26 27 25 26 23 24 21 22 26 24 27 27 26 27 21 24 17 18 14 16
 13 13 11 12 11 11 10 10]"
2024-10-29 15:50:09.158481,"(50.0, -30.0)","(5600, 3075)","[17  8 20 20 17 18 17 16 20 19 22 22 21 22 17 19 16 17 16 16 14 15 13 13
 12 12 11 11 10 10 11 11 10 11 10 10 12 11 12 12 12 12 11 11 10 10 10 10
 11 10 11 11 11 11 12 12 12 12 11 11 10 10  9 10  9  9 10  9 15 11 23 19
 24 25 25 24 35 30 38 37 37 38 34 36 29 31 28 29 25 28 22 24 17 17 17 17
 16 17 16 16 16 16 16 16 16 16 16 16 17 15 22 21 22 22 20 21 15 15 13 14
 11 12  9 10  9  9  9  9]"
2024-10-29 15:50:22.611130,"(56.66, -30.0)","(5600, 3074)","[17 11 20 20 17 18 16 16 20 19 22 22 21 22 17 19 16 17 16 16 14 15 13 13
 12 12 11 11 10 10 11 11 10 11 10 10 12 11 12 12 12 12 11 11 10 10 10 10
 11 10 11 11 11 11 12 12 12 12 11 11 16 12 22 19 23 23 23 23 28 25 32 31
 32 33 30 31 33 31 32 33 29 31 24 27 17 22 17 17 22 17 28 25 29 29 28 29
 27 28 24 25 19 19 18 18 16 17 15 16 17 15 25 21 31 29 31 31 28 30 23 25
 17 20 15 16 12 13 10 11]"
2024-10-29 15:50:36.064753,"(63.33, -30.0)","(5600, 3074)","[17  6 20 20 17 18 16 16 20 19 22 22 21 22 17 19 16 17 16 16 14 15 13 13
 12 12 11 11 10 10 11 11 10 11 10 10 12 11 12 12 12 12 11 11 10 10 10 10
 11 10 11 11 11 11 12 12 16 12 26 22 29 28 30 29 30 30 29 30 26 28 22 24
 21 20 27 22 30 29 29 30 25 27 22 24 16 21 16 16 26 16 35 32 36 36 36 36
 35 36 31 33 21 28 21 21 20 21 18 19 16 17 15 16 19 14 21 22 15 20 14 15
 13 13 11 12  9 10  9  9]"
2024-10-29 15:50:49.515608,"(70.0, -30.0)","(5600, 3074)","[17  6 20 20 17 18 16 16 20 19 22 22 21 22 17 19 16 17 16 16 14 15 13 13
 12 12 11 11 10 10 11 11 10 11 10 10 12 11 12 12 12 12 11 11 10 10 10 10
 11 10 11 11 11 11 17 12 23 18 31 27 31 31 27 28 25 26 24 25 20 22 12 18
 12 12 13 13 13 13 13 13 14 15 23 19 27 25 29 28 27 28 29 27 33 31 34 34
 32 34 29 30 24 26 19 22 18 18 18 17 23 22 18 22 22 18 23 23 18 18 17 18
 16 17 14 15 13 13 11 12]"
2024-10-29 15:51:02.970543,"(76.66, -30.0)","(5600, 3074)","[17  6 20 20 17 18 16 16 20 19 22 22 21 22 17 19 16 17 16 16 14 15 13 13
 12 12 11 11 10 10 11 11 10 11 10 10 12 11 12 12 12 12 11 11 10 10 10 10
 11 10 20 13 26 24 28 27 33 30 34 34 33 34 30 32 26 28 23 24 21 22 15 19
 14 15 13 14 12 13 13 12 19 15 24 22 31 28 32 32 36 31 41 39 40 41 36 38
 33 34 31 32 28 29 27 27 26 26 21 21 27 26 22 27 21 22 20 21 19 19 17 18
 15 16 13 14 12 13 12 12]"
2024-10-29 15:51:16.424463,"(83.33, -30.0)","(5600, 3074)","[17 12 20 20 17 18 16 16 20 19 22 22 21 22 17 19 16 17 16 16 14 15 13 13
 12 12 11 11 10 10 11 11 10 11 10 10 12 11 12 12 12 12 11 11 10 10 10 10
 15 10 27 21 35 32 39 37 39 39 38 39 36 37 33 35 28 30 25 26 22 24 17 21
 16 16 14 15 12 13 18 12 24 23 25 25 24 25 25 24 31 28 32 33 30 31 28 29
 27 27 26 26 29 28 31 30 30 31 26 29 25 26 26 26 21 26 21 21 21 21 19 20
 18 18 16 17 14 15 13 14]"
