Measure Time,Commanded trajectory,Real trajectory,Curve,az LS,1444,el LS,2316
2024-11-05 19:19:57.570331,"(0.0, 0.0)","(520, 2724)","[19  4 21 21 19 20 24 22 25 25 26 26 28 27 28 28 27 28 27 27 25 26 24 25
 22 22 20 21 18 19 16 17 14 15 11 12 12 12 12 12 12 12 11 11 10 10 10 10
 11 10 11 11 11 11 12 12 12 12 11 11 10 10  9 10  9  9 10  9 13 11 17 16
 19 18 21 20 22 21 29 26 33 31 38 36 39 39 39 39 44 38 55 50 58 57 56 57
 53 55 50 52 46 48 42 44 38 40 34 36 29 29 26 28 23 25 20 21 18 19 16 17
 14 15 13 13 11 12 10 11]"
2024-11-05 19:20:22.305472,"(-90.0, 3.33)","(3435, 2689)","[19  3 20 21 22 21 26 25 25 25 24 24 23 24 22 22 21 22 20 21 16 18 14 15
 13 13 11 12 10 10 11 11 10 11 10 10 12 11 12 12 12 12 11 11 10 10 10 10
 11 10 11 11 11 11 12 12 12 12 11 11 13 10 16 15 16 16 15 16 11 11 10 11
  9  9  9  9 12 11 13 12 14 15 13 14 16 13 27 22 38 33 47 43 51 50 49 51
 45 47 41 43 37 39 32 35 26 28 22 22 20 21 17 18 15 16 13 14 12 12 10 11
  9 10  9  9  9  9  9  9]"
2024-11-05 19:20:42.773390,"(-30.0, 3.33)","(4020, 2688)","[19  9 20 21 23 21 26 25 25 26 24 25 23 23 21 22 20 20 18 19 14 16 13 13
 12 12 11 11 10 10 11 11 10 11 10 10 12 11 12 12 12 12 11 11 10 10 10 10
 11 10 11 11 11 11 12 12 12 12 11 11 10 10 14 10 15 15 15 15 11 11 15 11
 15 15 14 15 12 11 13 12 14 15 21 19 23 22 29 25 40 34 50 46 53 52 51 52
 46 49 40 43 35 38 30 33 23 28 23 23 21 22 19 20 17 18 15 16 13 14 12 13
 12 12 11 12 11 11 10 10]"
2024-11-05 19:21:03.245848,"(30.0, 3.33)","(893, 2688)","[19 17 20 21 23 21 26 25 25 25 24 24 23 23 21 22 20 21 17 19 14 16 13 13
 12 12 11 11 10 10 11 11 10 11 10 10 12 11 12 12 12 12 11 11 10 10 10 10
 11 10 11 11 11 11 12 12 12 12 11 11 15 10 17 16 18 18 16 17 11 16 15 11
 15 15 15 15 12 15 17 12 23 20 28 25 28 28 36 31 49 42 60 55 61 61 59 61
 54 57 49 51 45 47 40 42 33 37 26 28 23 25 20 22 17 18 14 15 12 13 10 11
  8  9  8  8  9  9  9  9]"
2024-11-05 19:21:23.716725,"(90.0, 3.33)","(1362, 2694)","[21 23 20 21 22 21 24 24 23 24 22 22 22 22 20 21 19 20 17 18 14 16 13 13
 12 12 11 11 10 10 11 11 10 11 10 10 12 11 12 12 12 12 11 11 10 10 10 10
 11 10 11 11 11 11 12 12 12 12 11 11 10 10 14 10 14 15 12 13 11 11 14 11
 15 15 16 15 24 20 22 24 24 21 33 28 35 34 43 38 57 49 68 63 69 69 67 69
 62 65 55 58 50 53 45 48 39 42 31 32 28 30 24 26 20 22 16 18 14 15 12 13
 11 11 11 11 11 11 10 10]"
2024-11-05 19:21:52.515306,"(-30.0, -3.33)","(4057, 2763)","[19  8 20 21 25 22 26 26 24 25 23 24 21 23 17 19 16 17 16 16 14 15 13 13
 12 12 11 11 10 10 11 11 10 11 10 10 12 11 12 12 12 12 11 11 10 10 10 10
 11 10 11 11 11 11 12 12 12 12 11 11 10 10  9 10  9  9 10  9 11 11 10 11
  9  9  9  9 12 11 13 12 14 15 13 14 32 23 46 40 50 50 49 50 54 51 53 54
 49 52 43 46 35 39 30 32 24 27 22 23 19 20 17 18 16 16 16 16 16 16 16 16
 16 16 17 16 17 17 16 16]"
2024-11-05 19:22:14.504437,"(30.0, -3.33)","(891, 2765)","[19  9 20 21 20 20 23 22 22 23 22 22 21 22 17 19 16 17 16 16 14 15 13 13
 12 12 11 11 10 10 11 11 10 11 10 10 12 11 12 12 12 12 11 11 10 10 10 10
 11 10 11 11 11 11 12 12 12 12 11 11 10 10  9 10  9  9 10  9 11 11 10 11
  9  9  9  9 12 11 13 12 14 15 13 14 16 13 31 23 45 40 50 49 49 50 46 48
 42 43 39 41 33 36 28 30 21 26 20 21 18 19 17 17 15 16 14 14 13 13 13 13
 13 13 13 13 13 13 12 13]"
2024-11-05 19:22:43.300047,"(-90.0, 6.66)","(3431, 2649)","[19 10 20 21 19 19 19 19 20 19 22 22 21 22 18 19 17 17 16 16 14 15 13 14
 12 12 11 11 10 10 11 11 10 11 10 10 12 11 12 12 12 12 11 11 10 10 10 10
 11 10 11 11 11 11 12 12 12 12 11 11 10 10  9 10  9  9 10  9 11 11 10 11
  9  9  9  9 12 11 13 12 14 15 13 14 18 17 18 18 27 18 42 36 47 45 44 46
 39 40 38 38 32 35 28 30 24 26 19 19 17 18 15 16 13 14 11 12 11 11 10 10
  8  9  8  8  9  9  9  9]"
2024-11-05 19:22:59.506967,"(-60.0, 6.66)","(3666, 2650)","[19  4 20 21 19 19 19 19 20 19 22 22 21 22 18 19 17 17 16 16 15 15 13 14
 12 12 11 11 10 10 11 11 10 11 10 10 12 11 12 12 12 12 11 11 10 10 10 10
 11 10 11 11 11 11 12 12 12 12 11 11 10 10  9 10  9  9 10  9 11 11 10 11
  9  9  9  9 12 11 13 12 14 15 13 14 22 20 22 22 31 21 45 39 51 49 49 51
 45 47 42 44 38 40 30 34 24 27 19 20 16 18 13 15 11 12 10 11  8  9  7  8
  8  7  8  8  9  9  9  9]"
2024-11-05 19:23:15.914235,"(-30.0, 6.66)","(4003, 2648)","[19 10 20 21 19 19 19 19 20 19 22 22 21 22 17 19 16 17 16 16 14 15 13 13
 12 12 11 11 10 10 11 11 10 11 10 10 12 11 12 12 12 12 11 11 10 10 10 10
 11 10 11 11 11 11 12 12 12 12 11 11 10 10  9 10  9  9 10  9 11 11 10 11
  9  9  9  9 12 11 13 12 14 15 13 14 12 13 11 11 15 10 26 19 38 33 39 39
 37 38 35 36 32 34 28 30 24 26 20 22 15 16 13 14 12 12 10 11  9  9  7  8
  7  7  8  7  9  9  9  9]"
2024-11-05 19:23:32.324667,"(0.0, 6.66)","(449, 2649)","[19  4 20 21 19 19 19 19 21 19 22 22 21 22 17 19 16 17 16 16 14 15 13 14
 12 12 11 11 10 10 11 11 10 11 10 10 12 11 12 12 12 12 11 11 10 10 10 10
 11 10 11 11 11 11 12 12 12 12 11 11 10 10  9 10  9  9 10  9 11 11 10 11
  9  9  9  9 12 11 13 12 14 15 13 14 16 13 21 17 34 27 45 41 48 47 46 48
 41 44 34 37 30 32 26 28 19 23 18 18 16 17 13 14 11 12 10 11  8  9  7  8
  7  7  8  7  9  9  9  9]"
2024-11-05 19:23:48.729884,"(30.0, 6.66)","(881, 2650)","[18 16 20 21 19 19 19 19 20 19 22 22 21 22 17 19 16 17 16 16 15 15 13 14
 12 12 11 11 10 10 11 11 10 11 10 10 12 11 12 12 12 12 11 11 10 10 10 10
 11 10 11 11 11 11 12 12 12 12 11 11 10 10  9 10  9  9 10  9 11 11 10 11
 15  9 16 16 17 17 19 18 23 22 27 25 27 27 28 24 43 35 54 49 56 56 54 56
 49 52 43 46 37 40 30 34 23 28 21 23 18 20 17 18 16 16 14 15 12 13 11 11
 10 10 10 10 10 10 10 10]"
2024-11-05 19:24:05.438878,"(60.0, 6.66)","(1142, 2649)","[18 10 20 21 19 19 20 20 21 19 22 22 21 22 17 19 16 17 17 16 16 16 14 15
 12 12 11 11 10 10 11 11 10 11 10 10 12 11 12 12 12 12 11 11 10 10 10 10
 11 10 11 11 11 11 12 12 12 12 11 11 10 10  9 10  9  9 10  9 11 11 10 11
 17  9 22 19 24 23 27 26 29 29 30 30 29 29 31 28 46 38 57 52 58 58 56 58
 51 54 46 48 39 43 34 36 30 33 25 26 24 24 24 24 24 24 23 24 20 21 17 19
 15 16 13 14 11 12 10 10]"
2024-11-05 19:24:21.844960,"(90.0, 6.66)","(1349, 2652)","[18  7 20 21 19 19 20 20 21 20 22 22 21 22 18 19 17 18 16 17 14 15 13 13
 12 12 11 11 10 10 11 11 10 11 10 10 12 11 12 12 12 12 11 11 10 10 10 10
 11 10 11 11 11 11 12 12 12 12 11 11 10 10  9 10  9  9 10  9 11 11 10 11
  9  9  9  9 12 11 13 12 14 15 23 19 23 24 27 23 40 33 51 46 52 52 49 52
 43 45 39 41 36 37 30 33 25 27 20 21 17 18 15 16 13 14 11 13 10 11 10 10
  9 10  9  9  9  9  9  9]"
2024-11-05 19:24:54.806694,"(-60.0, -6.66)","(3658, 2801)","[18 10 20 21 19 19 20 20 20 19 22 22 21 22 17 19 16 17 16 16 14 15 13 13
 12 12 11 11 10 10 11 11 10 11 10 10 12 11 12 12 12 12 11 11 10 10 10 10
 11 10 11 11 11 11 12 12 12 12 11 11 10 10  9 10  9  9 10  9 11 11 10 11
 17  9 19 19 19 19 24 22 25 25 26 25 37 31 47 43 51 50 49 50 45 47 44 45
 43 44 40 42 37 38 33 35 29 32 24 24 22 23 20 21 23 19 30 26 32 32 31 32
 29 30 27 28 22 26 21 21]"
2024-11-05 19:25:11.012181,"(-30.0, -6.66)","(3981, 2801)","[18  3 20 21 22 21 24 24 22 22 22 22 21 22 18 19 17 17 16 16 14 15 13 13
 12 12 11 11 10 10 11 11 10 11 10 10 12 11 12 12 12 12 11 11 10 10 10 10
 11 10 11 11 11 11 12 12 12 12 11 11 10 10  9 10  9  9 10  9 11 11 13 11
 17 16 17 18 23 19 28 25 33 30 40 36 42 41 50 45 56 56 55 56 53 54 50 52
 45 47 41 43 34 37 31 32 26 30 23 24 20 21 19 19 23 19 30 26 31 31 30 31
 27 28 25 26 20 21 19 20]"
2024-11-05 19:25:27.217595,"(0.0, -6.66)","(432, 2799)","[18  7 20 21 20 20 22 22 21 20 22 22 21 22 18 19 17 17 16 16 14 15 13 13
 12 12 11 11 10 10 11 11 10 11 10 10 12 11 12 12 12 12 11 11 10 10 10 10
 11 10 11 11 11 11 12 12 12 12 11 11 10 10  9 10  9  9 10  9 11 11 10 11
  9  9  9  9 12 11 13 12 14 15 20 18 33 27 39 37 40 40 40 40 44 42 45 45
 43 44 39 41 35 37 32 34 29 31 25 27 22 22 21 21 19 20 18 18 17 17 15 16
 14 14 13 13 12 13 11 12]"
2024-11-05 19:25:43.626076,"(30.0, -6.66)","(872, 2798)","[18  5 20 21 19 19 20 20 20 19 23 22 23 23 21 22 19 20 18 19 16 17 13 15
 12 12 11 11 10 10 11 11 10 11 10 10 12 11 12 12 12 12 11 11 10 10 10 10
 11 10 11 11 11 11 12 12 12 12 11 11 10 10  9 10  9  9 10  9 11 11 10 11
  9  9  9  9 12 11 13 12 14 15 13 14 22 16 32 27 39 36 44 42 46 45 46 47
 45 46 39 43 37 38 36 37 33 35 29 31 22 27 22 22 21 22 20 21 18 19 16 17
 14 15 13 14 12 13 10 11]"
2024-11-05 19:25:59.832277,"(60.0, -6.66)","(1136, 2800)","[18  8 20 21 19 19 19 20 21 19 24 23 23 24 20 21 19 19 17 18 15 16 13 14
 12 12 11 11 10 10 11 11 10 11 10 10 12 11 12 12 12 12 11 11 10 10 10 10
 11 10 11 11 11 11 12 12 12 12 11 11 10 10  9 10  9  9 10  9 11 11 10 11
  9  9  9  9 12 11 13 12 14 15 13 14 20 18 28 24 35 32 38 37 40 39 42 41
 41 41 38 40 36 37 34 35 30 32 25 28 20 20 18 19 16 17 14 15 12 12 10 11
  9 10  9  9  9  9  9  9]"
2024-11-05 19:26:32.795865,"(-90.0, 10.0)","(3417, 2611)","[18 15 20 21 19 19 19 19 20 19 22 22 21 22 17 19 16 17 16 16 14 15 13 13
 12 12 11 11 10 10 11 11 10 11 10 10 12 11 12 12 12 12 11 11 10 10 10 10
 11 10 11 11 11 11 12 12 12 12 11 11 10 10  9 10  9  9 10  9 11 11 10 11
  9  9  9  9 12 11 13 12 14 15 13 14 13 13 18 16 22 20 39 27 55 48 60 59
 59 60 51 56 46 48 41 44 37 39 32 34 24 29 21 23 19 20 16 17 15 16 14 15
 13 13 13 13 13 13 18 13]"
2024-11-05 19:26:47.782087,"(-70.0, 10.0)","(3558, 2612)","[18  9 20 20 19 19 19 19 20 19 22 22 21 22 17 19 16 17 16 16 14 15 13 13
 12 12 11 11 10 10 11 11 10 11 10 10 12 11 12 12 12 12 11 11 10 10 10 10
 11 10 11 11 11 11 12 12 12 12 11 11 10 10  9 10  9  9 10  9 11 11 10 11
  9  9  9  9 12 11 13 12 14 15 13 14 12 13 12 11 20 17 27 24 39 33 44 43
 42 44 39 40 36 37 30 32 26 28 22 24 17 17 15 16 13 14 11 12 10 11 10 10
 10 10 15 14 25 20 30 28]"
2024-11-05 19:27:02.767784,"(-50.0, 10.0)","(3714, 2614)","[18  8 20 20 19 19 19 19 20 19 22 22 21 22 17 19 16 17 16 16 14 15 13 13
 12 12 11 11 10 10 11 11 10 11 10 10 12 11 12 12 12 12 11 11 10 10 10 10
 11 10 11 11 11 11 12 12 12 12 11 11 10 10  9 10 13  9 14 14 11 11 10 11
  9  9  9  9 12 11 13 12 14 15 13 14 12 13 11 11 16 10 23 19 29 26 33 32
 32 33 31 32 29 30 27 28 23 25 20 22 15 15 13 14 11 12 10 11  9 10  9  9
  9  9  8  8 15 13 18 17]"
2024-11-05 19:27:17.753667,"(-30.0, 10.0)","(3962, 2612)","[18  9 20 20 19 19 19 19 20 19 22 22 21 22 17 19 16 17 16 16 14 15 13 13
 12 12 11 11 10 10 11 11 10 11 10 10 12 11 12 12 12 12 11 11 10 10 10 10
 11 10 11 11 11 11 12 12 12 12 11 11 10 10  9 10  9  9 10  9 11 11 10 11
  9  9  9  9 12 11 13 12 14 15 13 14 12 13 11 11 14 10 29 20 39 34 40 40
 37 39 32 35 28 30 24 26 20 22 15 15 15 15 15 15 14 15 13 13 12 12 12 12
 10 11 10 10 10 10 10 10]"
2024-11-05 19:27:33.756498,"(-10.0, 10.0)","(216, 2613)","[18  5 20 20 19 19 19 19 20 19 22 22 21 22 17 19 16 17 16 16 14 15 13 13
 12 12 11 11 10 10 11 11 10 11 10 10 12 11 12 12 12 12 11 11 10 10 10 10
 11 10 11 11 11 11 12 12 12 12 11 11 10 10  9 10  9  9 10  9 11 11 10 11
  9  9 16 12 21 19 20 21 14 19 13 14 12 13 11 11 20 10 35 28 43 40 42 43
 39 42 34 36 29 31 24 27 17 22 17 17 23 21 22 23 17 21 16 17 13 14 12 12
 10 11  9 10  9  9  9  9]"
2024-11-05 19:27:48.745178,"(10.0, 10.0)","(580, 2613)","[18  7 20 20 19 19 19 19 20 19 22 22 21 22 17 19 16 17 16 16 14 15 13 13
 12 12 11 11 10 10 11 11 10 11 10 10 12 11 12 12 12 12 11 11 10 10 10 10
 11 10 11 11 11 11 12 12 12 12 11 11 10 10  9 10  9  9 10  9 11 11 10 11
 15  9 26 20 31 29 29 30 25 28 22 23 21 22 19 20 29 19 44 37 51 48 50 51
 46 49 39 43 33 36 28 30 22 25 33 28 37 35 35 36 31 34 26 29 22 23 19 20
 16 17 13 15 11 12 10 11]"
2024-11-05 19:28:03.728888,"(30.0, 10.0)","(855, 2611)","[18 13 20 20 19 19 19 19 20 19 22 22 21 22 17 19 16 17 16 16 14 15 13 13
 12 12 11 11 10 10 11 11 10 11 10 10 12 11 12 12 12 12 11 11 10 10 10 10
 11 10 11 11 11 11 12 12 12 12 11 11 10 10  9 10  9  9 10  9 11 11 10 11
 17  9 24 21 24 24 22 23 22 21 28 24 30 29 28 29 26 26 35 28 44 40 44 45
 41 44 35 38 31 33 28 30 26 26 28 26 29 29 27 28 21 25 19 20 17 18 15 16
 13 14 11 12  9 10  9  9]"
2024-11-05 19:28:18.716056,"(50.0, 10.0)","(1043, 2613)","[18  2 20 20 19 19 19 19 20 19 22 22 21 22 17 19 16 17 16 16 14 15 13 13
 12 12 11 11 10 10 11 11 10 11 10 10 12 11 12 12 12 12 11 11 10 10 10 10
 11 10 11 11 11 11 12 12 12 12 11 11 10 10  9 10  9  9 10  9 13 11 24 16
 40 34 47 44 47 47 46 46 49 46 54 51 55 55 53 54 51 52 50 51 48 49 43 46
 39 40 37 38 39 38 40 40 37 39 33 35 31 31 31 31 30 31 28 29 25 26 23 24
 22 22 19 21 17 18 14 16]"
2024-11-05 19:28:33.703199,"(70.0, 10.0)","(1193, 2613)","[18  8 20 20 19 19 19 19 20 19 22 22 21 22 17 19 16 17 16 16 14 15 13 13
 12 12 11 11 10 10 11 11 10 11 10 10 12 11 12 12 12 12 11 11 10 10 10 10
 11 10 11 11 11 11 12 12 12 12 11 11 10 10  9 10  9  9 10  9 11 11 17 11
 31 25 38 36 38 38 38 37 42 39 48 45 50 49 48 49 46 47 46 46 45 46 43 45
 39 41 35 37 34 34 34 34 30 33 25 26 25 25 25 25 25 25 24 25 21 22 18 19
 16 17 14 15 12 13 11 11]"
2024-11-05 19:28:48.688256,"(90.0, 10.0)","(1328, 2614)","[18  8 19 20 19 19 19 19 20 19 22 22 21 22 17 19 16 17 16 16 14 15 13 13
 12 12 11 11 10 10 11 11 10 11 10 10 12 11 12 12 12 12 11 11 10 10 10 10
 11 10 11 11 11 11 12 12 12 12 11 11 10 10  9 10  9  9 10  9 11 11 10 11
 15  9 21 19 21 22 20 21 19 19 23 20 24 24 23 24 29 22 40 35 42 42 41 42
 37 39 32 35 29 31 26 28 19 24 19 19 18 18 16 17 13 15 11 12 10 11 10 10
  9 10  9  9  9  9  9  9]"
2024-11-05 19:29:23.080029,"(-70.0, -10.0)","(3543, 2841)","[22 24 20 21 19 19 19 19 20 19 22 22 21 22 17 19 16 17 16 16 14 15 13 13
 12 12 11 11 10 10 11 11 10 11 10 10 12 11 12 12 12 12 11 11 10 10 10 10
 11 10 11 11 11 11 12 12 12 12 11 11 10 10  9 10  9  9 10  9 11 11 10 11
  9  9  9  9 12 11 13 12 14 15 13 14 26 21 33 29 41 37 50 45 56 53 56 57
 52 55 45 49 38 42 32 34 29 30 24 24 22 23 19 20 17 18 15 16 15 15 14 14
 13 13 12 12 11 11  9 10]"
2024-11-05 19:29:38.064298,"(-50.0, -10.0)","(3690, 2842)","[18 14 19 20 19 19 19 19 20 19 22 22 21 22 17 19 16 17 16 16 14 15 13 13
 12 12 11 11 10 10 11 11 10 11 10 10 12 11 12 12 12 12 11 11 10 10 10 10
 11 10 11 11 11 11 12 12 12 12 11 11 10 10  9 10  9  9 10  9 11 11 10 11
  9  9  9  9 12 11 13 12 17 15 24 21 32 28 37 35 39 38 45 41 52 49 52 52
 49 51 45 47 39 42 35 37 29 33 22 23 20 21 17 19 15 16 13 14 11 12 10 10
 10 10 10 10 10 10  9  9]"
2024-11-05 19:29:53.048739,"(-30.0, -10.0)","(3934, 2842)","[20 20 19 20 19 19 19 19 20 19 22 22 21 22 17 19 16 17 16 16 14 15 13 13
 12 12 11 11 10 10 11 11 10 11 10 10 12 11 12 12 12 12 11 11 10 10 10 10
 11 10 11 11 11 11 12 12 12 12 11 11 10 10  9 10  9  9 10  9 11 11 15 11
 19 16 24 21 27 26 30 27 39 33 49 44 52 51 51 52 49 50 45 47 43 44 42 42
 39 41 34 37 32 33 25 30 25 25 23 24 22 23 21 21 22 21 22 22 21 21 19 20
 17 18 15 16 13 14 12 13]"
2024-11-05 19:30:08.033659,"(-10.0, -10.0)","(173, 2842)","[20 22 20 20 19 19 19 19 20 19 22 22 21 22 17 19 16 17 16 16 14 15 13 13
 12 12 11 11 10 10 11 11 10 11 10 10 12 11 12 12 12 12 11 11 10 10 10 10
 11 10 11 11 11 11 12 12 12 12 11 11 10 10  9 10  9  9 10  9 11 11 10 11
  9  9  9  9 15 11 34 25 50 44 59 55 61 60 59 60 54 58 48 51 45 46 43 44
 38 41 34 36 31 32 26 30 25 25 33 30 33 33 26 30 26 26 25 26 23 24 21 22
 18 19 15 17 13 14 11 12]"
2024-11-05 19:30:23.020803,"(10.0, -10.0)","(539, 2840)","[18 13 19 20 19 19 19 19 20 19 22 22 21 22 17 19 16 17 16 16 14 15 13 13
 12 12 11 11 10 10 11 11 10 11 10 10 12 11 12 12 12 12 11 11 10 10 10 10
 11 10 11 11 11 11 12 12 12 12 11 11 10 10  9 10  9  9 10  9 11 11 10 11
 14  9 15 15 12 15 19 12 35 27 47 42 53 51 52 53 49 51 43 46 37 40 36 36
 35 35 33 34 30 32 28 29 23 27 23 23 23 23 23 23 21 22 19 20 17 18 14 15
 12 13 11 12 10 10 10 10]"
2024-11-05 19:30:38.006166,"(30.0, -10.0)","(824, 2841)","[18 12 19 20 18 19 19 19 20 19 22 22 21 22 17 19 16 17 16 16 14 15 13 13
 12 12 11 11 10 10 11 11 10 11 10 10 12 11 12 12 12 12 11 11 10 10 10 10
 11 10 11 11 11 11 12 12 12 12 11 11 10 10  9 10  9  9 10  9 11 11 10 11
  9  9  9  9 15 11 20 17 23 22 34 27 43 39 46 45 44 45 40 43 37 38 36 36
 33 35 32 32 32 32 31 31 30 31 29 29 27 28 22 27 22 22 21 22 19 20 18 19
 18 18 17 17 16 16 14 15]"
2024-11-05 19:30:52.991846,"(50.0, -10.0)","(1024, 2841)","[18 11 19 20 18 19 18 18 20 19 22 22 21 22 17 19 16 17 16 16 14 15 13 13
 12 12 11 11 10 10 11 11 10 11 10 10 12 11 12 12 12 12 11 11 10 10 10 10
 11 10 11 11 11 11 12 12 12 12 11 11 10 10  9 10  9  9 10  9 11 11 10 11
  9  9  9  9 15 11 20 18 19 20 13 14 21 19 24 23 23 23 28 24 32 31 34 32
 39 37 40 40 38 39 37 38 34 36 29 32 25 27 20 23 19 20 18 19 17 18 16 16
 14 15 13 13 13 13 13 13]"
2024-11-05 19:31:08.995261,"(70.0, -10.0)","(1176, 2841)","[18 13 19 20 18 19 18 18 20 19 22 22 21 22 17 19 16 17 16 16 14 15 13 13
 12 12 11 11 10 10 11 11 10 11 10 10 12 11 12 12 12 12 11 11 10 10 10 10
 11 10 11 11 11 11 12 12 12 12 11 11 10 10  9 10  9  9 10  9 11 11 10 11
  9  9  9  9 12 11 13 12 14 15 13 14 12 13 11 11 10 10 23 16 37 30 42 41
 42 43 39 41 32 36 25 28 22 23 17 17 16 17 15 16 13 14 11 12 10 10  8  9
  7  8 15 10 26 21 28 27]"
2024-11-05 19:31:43.380993,"(-90.0, 13.33)","(3390, 2575)","[19 20 19 20 18 19 19 18 21 20 22 22 21 22 17 19 16 17 16 16 14 15 13 13
 12 12 11 11 10 10 11 11 10 11 10 10 12 11 12 12 12 12 11 11 10 10 10 10
 11 10 11 11 11 11 12 12 12 12 11 11 10 10  9 10  9  9 10  9 11 11 10 11
  9  9  9  9 12 11 13 12 14 15 13 14 19 18 27 23 31 31 42 34 57 50 62 61
 61 62 55 59 50 52 43 47 37 40 34 36 33 33 31 32 25 30 23 24 21 22 18 19
 16 17 14 15 14 14 14 14]"
2024-11-05 19:31:57.557418,"(-75.0, 13.33)","(3490, 2576)","[21 22 20 21 18 19 18 18 20 19 22 22 21 22 17 19 16 17 16 16 14 15 13 13
 12 12 11 11 10 10 11 11 10 11 10 10 12 11 12 12 12 12 11 11 10 10 10 10
 11 10 11 11 11 11 12 12 12 12 11 11 10 10  9 10  9  9 10  9 11 11 10 11
  9  9  9  9 12 11 13 12 14 15 13 14 15 13 27 21 38 34 44 41 54 49 59 58
 59 59 55 57 47 51 41 44 35 38 30 33 23 24 20 22 17 19 15 16 14 14 13 13
 12 12 12 12 20 16 24 23]"
2024-11-05 19:32:11.730685,"(-60.0, 13.33)","(3608, 2575)","[18 14 19 20 18 19 18 18 20 19 22 22 21 22 17 19 16 17 16 16 14 15 13 13
 12 12 11 11 10 10 11 11 10 11 10 10 12 11 12 12 12 12 11 11 10 10 10 10
 11 10 11 11 11 11 12 12 12 12 11 11 10 10 15 10 19 19 19 20 18 19 18 18
 16 17 14 15 12 11 13 12 14 15 13 14 13 13 25 19 35 32 37 37 34 35 32 33
 33 33 32 33 30 31 29 30 25 27 20 23 16 17 13 14 11 12 10 11 10 10 10 10
 10 10  9  9 15  9 21 19]"
2024-11-05 19:32:25.906968,"(-45.0, 13.33)","(3735, 2576)","[18  3 19 20 18 19 18 18 20 19 22 22 21 22 17 19 16 17 16 16 14 15 13 13
 12 12 11 11 10 10 11 11 10 11 10 10 12 11 12 12 12 12 11 11 10 10 10 10
 11 10 11 11 11 11 12 12 12 12 11 11 10 10 15 10 20 19 20 21 20 20 19 20
 17 18 14 16 12 11 13 12 14 15 13 14 12 13 11 11 18 10 33 25 43 39 46 46
 45 46 41 43 35 38 30 32 25 27 18 18 16 17 14 15 12 12 10 11  8  9  7  8
  7  7  8  7 12  9 16 15]"
2024-11-05 19:32:40.083290,"(-30.0, 13.33)","(3899, 2575)","[18  7 19 20 18 19 18 18 20 19 22 22 21 22 17 19 16 17 16 16 14 15 13 13
 12 12 11 11 10 10 11 11 10 11 10 10 12 11 12 12 12 12 11 11 10 10 10 10
 11 10 11 11 11 11 12 12 12 12 11 11 10 10  9 10  9  9 10  9 11 11 10 11
  9  9 16 11 21 19 21 21 18 20 13 14 12 13 11 11 10 10 27 16 41 35 44 44
 43 44 36 40 29 32 23 26 17 21 16 16 13 14 11 12 11 12 10 11  8  9  7  8
  7  7  8  7  9  9  9  9]"
2024-11-05 19:32:54.257028,"(-15.0, 13.33)","(46, 2573)","[18  6 19 20 18 19 18 18 20 19 22 22 21 22 17 19 16 17 16 16 14 15 13 13
 12 12 11 11 10 10 11 11 10 11 10 10 12 11 12 12 12 12 11 11 10 10 10 10
 11 10 11 11 11 11 12 12 12 12 11 11 10 10  9 10  9  9 10  9 11 11 10 11
 21  9 37 30 44 41 43 44 40 42 35 38 28 31 22 25 15 20 28 22 36 33 38 37
 35 37 30 33 25 27 20 23 18 19 15 16 15 15 14 14 13 14 13 13 12 12 11 12
 10 11  9  9  9  9  9  9]"
2024-11-05 19:33:08.433581,"(0.0, 13.33)","(328, 2574)","[18  8 19 20 18 19 18 18 20 19 22 22 21 22 17 19 16 17 16 16 14 15 13 13
 12 12 11 11 10 10 11 11 10 11 10 10 12 11 12 12 12 12 11 11 10 10 10 10
 11 10 11 11 11 11 12 12 12 12 11 11 10 10  9 10  9  9 10  9 11 11 10 11
 18  9 33 26 40 37 39 39 35 38 30 32 25 27 21 23 20 20 31 23 41 37 41 41
 39 41 34 36 28 31 20 24 17 19 14 15 12 13 12 12 12 12 12 12 12 12 11 12
 10 11  9 10  9  9  9  9]"
2024-11-05 19:33:22.606329,"(15.0, 13.33)","(589, 2576)","[18  6 19 20 18 19 18 18 20 19 22 22 21 22 17 19 16 17 16 16 14 15 13 13
 12 12 11 11 10 10 11 11 10 11 10 10 12 11 12 12 12 12 11 11 10 10 10 10
 11 10 11 11 11 11 12 12 12 12 11 11 10 10  9 10  9  9 10  9 11 11 10 11
 23  9 40 33 45 43 44 45 40 43 34 37 29 31 24 26 22 23 38 26 50 45 51 51
 47 50 40 44 34 37 29 31 24 26 23 23 23 23 21 22 19 20 17 18 15 16 13 14
 12 12 11 11 10 10  9  9]"
2024-11-05 19:33:36.781069,"(30.0, 13.33)","(803, 2575)","[18  9 19 20 18 19 18 18 20 19 22 22 21 22 17 19 16 17 16 16 14 15 13 13
 12 12 11 11 10 10 11 11 10 11 10 10 12 11 12 12 12 12 11 11 10 10 10 10
 11 10 11 11 11 11 12 12 12 12 11 11 10 10  9 10  9  9 10  9 11 11 10 11
 20  9 30 25 35 33 38 37 37 38 34 36 31 33 27 29 26 26 37 29 47 43 49 49
 46 48 40 44 34 37 28 31 22 25 21 21 21 21 20 21 19 20 16 17 15 16 13 14
 12 13 10 11  9 10  9  9]"
2024-11-05 19:33:50.955487,"(45.0, 13.33)","(962, 2576)","[18 11 19 20 18 19 18 18 20 19 22 22 21 22 17 19 16 17 16 16 14 15 13 13
 12 12 11 11 10 10 11 11 10 11 10 10 12 11 12 12 12 12 11 11 10 10 10 10
 11 10 11 11 11 11 12 12 12 12 11 11 10 10  9 10  9  9 10  9 12 11 26 18
 42 36 49 46 48 49 45 47 42 43 43 42 43 43 40 42 36 37 40 37 47 44 47 47
 44 46 37 41 27 34 25 26 23 24 20 21 18 19 17 18 16 17 15 15 14 14 12 13
 11 11  9 10  9  9  9  9]"
2024-11-05 19:34:05.129369,"(60.0, 13.33)","(1090, 2578)","[18 12 19 20 18 19 21 18 24 24 23 24 21 22 17 19 16 17 16 16 14 15 13 13
 12 12 11 11 10 10 11 11 10 11 10 10 12 11 12 12 12 12 11 11 10 10 10 10
 11 10 11 11 11 11 12 12 12 12 11 11 10 10  9 10  9  9 10  9 13 11 31 21
 47 41 54 52 54 54 52 53 50 50 52 51 52 53 50 52 47 48 45 45 43 44 42 43
 37 41 32 34 27 28 24 25 22 23 20 21 18 19 17 18 16 16 14 15 13 14 12 13
 11 12 10 11  9 10  9  9]"
2024-11-05 19:34:19.305912,"(75.0, 13.33)","(1200, 2577)","[18  5 19 20 18 19 18 18 20 19 22 22 21 22 17 19 16 17 16 16 14 15 13 13
 12 12 11 11 10 10 11 11 10 11 10 10 12 11 12 12 12 12 17 14 21 19 20 21
 17 19 11 11 11 11 12 12 12 12 11 11 10 10  9 10  9  9 10  9 11 11 17 11
 31 26 38 36 38 39 37 37 36 36 40 38 41 41 38 40 34 36 34 33 42 38 44 44
 39 43 34 36 30 32 24 29 23 24 20 22 18 19 16 17 16 16 16 16 15 16 13 14
 12 12 10 11  9 10  9  9]"
2024-11-05 19:34:33.478774,"(90.0, 13.33)","(1302, 2575)","[18  7 19 20 18 19 18 18 20 19 22 22 21 22 17 19 16 17 16 16 14 15 13 13
 12 12 11 11 10 10 11 11 10 11 10 10 12 11 12 12 12 12 11 11 10 10 10 10
 11 10 11 11 11 11 12 12 12 12 11 11 10 10  9 10  9  9 10  9 11 11 11 11
 23 16 31 28 31 32 28 30 24 26 20 22 18 19 20 19 26 22 32 30 32 32 38 36
 35 38 31 33 28 30 23 26 18 20 16 17 14 15 12 13 11 12 11 11 10 10  9 10
  8  9  8  8  9  9  9  9]"
2024-11-05 19:35:08.688348,"(-75.0, -13.33)","(3479, 2880)","[18 10 19 20 18 19 19 18 22 21 22 22 21 22 17 19 16 17 16 16 14 15 13 13
 12 12 11 11 10 10 11 11 10 11 10 10 12 11 12 12 12 12 11 11 10 10 10 10
 11 10 11 11 11 11 12 12 12 12 11 11 10 10  9 10  9  9 10  9 11 11 10 11
  9  9  9  9 12 11 13 12 14 15 21 17 26 24 31 29 34 33 34 34 40 37 45 43
 44 45 39 42 32 36 27 29 24 25 19 19 17 18 14 15 12 13 10 11  9 10  9  9
  8  8  8  8  9  9  9  9]"
2024-11-05 19:35:22.867064,"(-60.0, -13.33)","(3595, 2881)","[21 18 23 23 20 21 20 18 23 22 23 23 21 22 17 19 16 17 16 16 14 15 13 13
 12 12 11 11 10 10 11 11 10 11 10 10 12 11 12 12 12 12 11 11 10 10 10 10
 11 10 11 11 11 11 12 12 12 12 11 11 10 10  9 10  9  9 10  9 11 11 10 11
  9  9  9  9 12 11 13 12 14 15 13 14 27 20 36 32 41 39 41 42 46 44 52 50
 51 52 47 49 41 44 35 38 29 32 22 23 20 21 17 19 15 16 12 13 10 11  9 10
  8  8  9  8  9  9  9  9]"
2024-11-05 19:35:37.045394,"(-45.0, -13.33)","(3704, 2881)","[18  7 19 20 18 19 18 18 20 19 22 22 21 22 17 19 16 17 16 16 14 15 13 13
 12 12 11 11 10 10 11 11 10 11 10 10 12 11 12 12 12 12 11 11 10 10 10 10
 11 10 11 11 11 11 12 12 12 12 11 11 10 10  9 10  9  9 10  9 11 11 10 11
  9  9  9  9 12 11 13 12 14 15 19 17 19 19 19 19 18 19 29 21 40 35 43 42
 41 43 38 40 35 37 32 34 28 30 24 26 19 19 16 17 15 15 13 14 12 13 11 11
  9 10  9  9  9  9  9  9]"
2024-11-05 19:35:51.220242,"(-30.0, -13.33)","(3879, 2880)","[18  4 19 20 18 19 18 18 20 19 22 22 21 22 17 19 16 17 16 16 14 15 13 13
 12 12 11 11 10 10 11 11 10 11 10 10 12 11 12 12 12 12 11 11 10 10 10 10
 11 10 11 11 11 11 12 12 12 12 11 11 10 10  9 10  9  9 10  9 13 11 19 16
 20 20 19 20 18 19 19 18 24 21 26 25 26 26 27 26 29 28 32 31 38 35 44 42
 45 46 43 44 39 41 36 37 34 35 31 33 23 29 22 23 20 22 18 19 16 17 14 15
 12 13 10 11  9 10  9  9]"
2024-11-05 19:36:05.392659,"(-15.0, -13.33)","(16, 2879)","[18 17 19 20 18 19 18 18 20 19 22 22 21 22 17 19 16 17 16 16 14 15 13 13
 12 12 11 11 10 10 11 11 10 11 10 10 12 11 12 12 12 12 11 11 10 10 10 10
 11 10 11 11 11 11 12 12 12 12 11 11 10 10  9 10  9  9 10  9 22 15 27 25
 28 28 26 27 26 26 37 33 40 40 46 42 47 47 45 46 43 43 42 42 41 41 42 41
 41 42 37 40 33 35 32 33 30 32 25 26 24 25 23 24 22 23 20 21 18 19 16 17
 14 15 12 13 11 12 11 11]"
2024-11-05 19:36:19.566915,"(0.0, -13.33)","(292, 2880)","[18 15 19 20 18 19 18 18 20 19 22 22 21 22 17 19 16 17 16 16 14 15 13 13
 12 12 11 11 10 10 11 11 10 11 10 10 12 11 12 12 12 12 11 11 10 10 10 10
 11 10 11 11 11 11 12 12 12 12 11 11 10 10  9 10  9  9 10  9 11 11 10 11
  9  9 14 14 28 21 40 36 42 43 44 42 47 46 44 46 40 42 38 39 39 38 42 41
 41 42 38 40 34 36 31 33 29 30 24 24 21 22 25 21 32 31 32 32 29 31 26 28
 22 25 21 21 21 21 19 20]"
2024-11-05 19:36:33.745437,"(15.0, -13.33)","(566, 2879)","[18  6 19 20 18 19 18 18 20 19 22 22 21 22 17 19 16 17 16 16 14 15 13 13
 12 12 11 11 10 10 11 11 10 11 10 10 12 11 12 12 12 12 11 11 10 10 10 10
 11 10 11 11 11 11 12 12 12 12 11 11 10 10  9 10  9  9 10  9 11 11 10 11
  9  9 14 11 23 19 28 27 29 29 38 32 42 41 40 41 36 37 33 34 33 32 38 37
 38 39 36 37 33 35 30 31 28 29 27 28 22 27 21 22 20 21 19 20 18 19 18 18
 18 18 18 18 18 18 16 17]"
2024-11-05 19:36:47.918413,"(30.0, -13.33)","(777, 2878)","[18  9 19 20 18 19 18 18 20 19 22 22 21 22 17 19 16 17 16 16 14 15 13 13
 12 12 11 11 10 10 11 11 10 11 10 10 12 11 12 12 12 12 11 11 10 10 10 10
 11 10 11 11 11 11 12 12 12 12 11 11 10 10  9 10  9  9 10  9 11 11 10 11
  9  9 15 14 12 15 17 12 23 20 29 27 35 33 36 36 33 35 31 32 30 30 41 37
 44 44 44 44 41 43 34 37 31 32 29 30 28 29 23 28 23 23 23 23 23 23 22 22
 22 22 23 22 22 22 20 21]"
2024-11-05 19:37:02.091039,"(45.0, -13.33)","(945, 2881)","[18 10 19 20 18 19 18 18 20 19 22 22 21 22 17 19 16 17 16 16 14 15 13 13
 12 12 11 11 10 10 11 11 10 11 10 10 12 11 12 12 12 12 11 11 10 10 10 10
 11 10 11 11 11 11 12 12 12 12 11 11 10 10  9 10  9  9 10  9 11 11 10 11
 13  9 14 14 12 11 13 12 20 15 23 23 21 22 22 21 25 23 28 26 31 29 32 31
 35 32 38 38 36 37 34 35 31 33 27 29 24 26 23 22 27 26 27 28 20 25 20 20
 19 19 18 18 16 17 14 15]"
2024-11-05 19:37:16.266008,"(60.0, -13.33)","(1076, 2880)","[18  5 19 20 18 19 18 18 20 19 22 22 21 22 17 19 16 17 16 16 14 15 13 13
 12 12 11 11 10 10 11 11 10 11 10 10 12 11 12 12 12 12 11 11 10 10 10 10
 11 10 11 11 11 11 12 12 12 12 11 11 10 10  9 10  9  9 10  9 11 11 12 11
 18 15 19 19 18 18 13 17 14 15 13 14 18 18 19 18 24 22 28 26 32 29 39 35
 44 42 45 45 41 43 36 38 33 34 29 31 21 27 27 21 32 31 32 32 29 31 22 27
 20 21 18 19 15 16 13 14]"
2024-11-05 19:37:30.438361,"(75.0, -13.33)","(1187, 2878)","[18  5 19 20 18 19 18 17 21 19 22 22 21 22 17 19 16 17 16 16 14 15 13 13
 12 12 11 11 10 10 11 11 10 11 10 10 12 11 12 12 12 12 11 11 10 10 10 10
 11 10 11 11 11 11 12 12 12 12 11 11 10 10  9 10  9  9 10  9 11 11 10 11
  9  9 15 14 18 17 18 18 14 17 13 14 14 13 16 16 18 17 24 21 34 29 41 39
 43 43 41 42 35 38 28 31 25 26 22 23 17 18 16 17 22 16 26 25 24 25 17 22
 16 17 15 16 13 14 12 12]"
2024-11-05 19:38:05.641111,"(-90.0, 16.66)","(3363, 2539)","[18 10 19 20 18 18 18 17 20 19 22 22 21 22 17 19 16 17 16 16 14 15 13 13
 12 12 11 11 10 10 11 11 10 11 10 10 12 11 12 12 12 12 11 11 10 10 10 10
 11 10 11 11 11 11 12 12 12 12 11 11 10 10  9 10  9  9 17 14 17 18 10 16
  9  9  9  9 21 17 20 20 14 19 22 20 24 23 30 26 39 35 46 43 52 49 51 52
 48 50 46 47 41 44 34 37 29 31 24 24 22 23 20 21 18 19 16 17 14 15 12 13
 10 11  9  9 12  9 15 14]"
2024-11-05 19:38:19.407956,"(-78.0, 16.66)","(3440, 2539)","[18 15 19 20 18 18 18 17 20 19 22 22 21 22 17 19 16 17 16 16 14 15 13 13
 12 12 11 11 10 10 11 11 10 11 10 10 12 11 12 12 12 12 11 11 10 10 10 10
 11 10 11 11 11 11 12 12 12 12 11 11 10 10  9 10  9  9 10  9 11 11 10 11
 14  9 16 15 17 16 13 17 14 15 13 14 14 13 22 16 35 31 48 41 57 53 57 57
 56 57 53 55 46 49 38 43 30 34 23 24 20 22 18 19 15 16 14 15 12 13 11 12
 11 11 10 10 14 10 18 17]"
2024-11-05 19:38:33.174413,"(-66.0, 16.66)","(3525, 2539)","[20 21 19 20 18 19 18 17 20 19 22 22 21 22 17 19 16 17 16 16 14 15 13 13
 12 12 11 11 10 10 11 11 10 11 10 10 12 11 12 12 12 12 11 11 10 10 10 10
 11 10 11 11 11 11 12 12 12 12 11 11 10 10  9 10 15  9 14 15 11 11 10 11
  9  9  9  9 12 11 13 12 14 15 13 14 16 13 27 22 36 33 37 38 47 41 55 52
 55 56 53 54 45 49 39 42 32 36 25 29 20 22 17 18 14 15 12 13 11 12 11 11
 10 10 10 10 11  9 17 15]"
2024-11-05 19:38:46.945759,"(-54.0, 16.66)","(3621, 2539)","[18  6 19 20 18 18 18 17 20 19 22 22 21 22 17 19 16 17 16 16 14 15 13 13
 12 12 11 11 10 10 11 11 10 11 10 10 12 11 12 12 12 12 11 11 10 10 10 10
 11 10 11 11 11 11 12 12 12 12 11 11 10 10 22 17 27 26 27 28 24 26 21 23
 17 19 15 16 12 11 13 12 14 15 13 14 12 13 16 11 25 19 35 31 45 40 48 47
 46 47 43 45 38 41 31 34 26 28 20 20 17 18 14 15 12 13 10 11  9  9  8  8
  8  8  8  8  9  9  9  9]"
2024-11-05 19:39:00.712226,"(-42.0, 16.66)","(3713, 2541)","[18 11 19 20 18 18 18 17 20 19 22 22 21 22 17 19 16 17 16 16 14 15 13 13
 12 12 11 11 10 10 11 11 10 11 10 10 12 11 12 12 12 12 11 11 10 10 10 10
 11 10 11 11 11 11 12 12 12 12 11 11 10 10  9 10 14  9 17 16 17 17 16 16
 14 15 13 14 12 11 13 12 14 15 13 14 12 13 11 11 20 10 33 27 40 37 41 41
 40 41 36 38 30 33 25 27 20 22 16 16 14 15 12 12 11 12 10 11  9  9  8  9
  8  8 15 12 18 16 17 17]"
2024-11-05 19:39:14.477972,"(-30.0, 16.66)","(3831, 2539)","[18  7 19 20 18 18 18 17 20 19 22 22 21 22 17 19 16 17 16 16 14 15 13 13
 12 12 11 11 10 10 11 11 10 11 10 10 12 11 12 12 12 12 11 11 10 10 10 10
 11 10 11 11 11 11 12 12 12 12 11 11 10 10 12 10 19 17 20 20 18 19 16 17
  9 14  9  9 12 11 13 12 14 15 13 14 12 13 11 11 10 10 17 15 34 25 43 40
 44 44 40 42 33 37 27 30 21 23 15 16 13 14 12 12 11 12 10 11 10 10 10 10
 10 10  9  9  9  9  9  9]"
2024-11-05 19:39:28.247504,"(-18.0, 16.66)","(4006, 2540)","[18  9 19 20 18 18 18 17 20 19 22 22 21 22 17 19 16 17 16 16 14 15 13 13
 12 12 11 11 10 10 11 11 10 11 10 10 12 11 12 12 12 12 11 11 10 10 10 10
 11 10 11 11 11 11 12 12 12 12 11 11 10 10  9 10  9  9 10  9 11 11 10 11
 14  9 28 20 35 32 34 35 32 33 27 29 22 25 19 20 13 17 13 13 33 24 41 38
 42 43 40 41 36 38 33 34 27 31 20 20 19 19 17 18 14 15 13 14 11 12 10 11
  9  9  8  8  9  9  9  9]"
2024-11-05 19:39:42.013622,"(-6.0, 16.66)","(119, 2541)","[18 11 19 20 17 18 18 17 20 19 22 22 21 22 17 19 16 17 16 16 14 15 13 13
 12 12 11 11 10 10 11 11 10 11 10 10 12 11 12 12 12 12 11 11 10 10 10 10
 11 10 11 11 11 11 12 12 12 12 11 11 10 10  9 10  9  9 10  9 11 11 10 11
 19  9 35 27 42 39 42 42 39 41 32 36 25 28 20 22 15 18 15 15 27 22 36 32
 39 39 36 38 30 33 27 28 23 25 18 19 16 17 14 15 12 13 10 11 10 10  9 10
  9  9  9  9  9  9  9  9]"
2024-11-05 19:39:55.780876,"(6.0, 16.66)","(344, 2540)","[17 11 19 20 17 18 18 17 20 19 22 22 21 22 17 19 16 17 16 16 14 15 13 13
 12 12 11 11 10 10 11 11 10 11 10 10 12 11 12 12 12 12 11 11 10 10 10 10
 11 10 11 11 11 11 12 12 12 12 11 11 10 10  9 10  9  9 10  9 11 11 10 11
 18  9 32 25 38 36 37 38 32 35 27 29 22 24 18 20 14 17 23 18 30 27 29 30
 26 28 23 24 17 21 16 16 14 15 13 14 12 13 12 12 11 12 10 11  9 10  9  9
  9  9  9  9  9  9  9  9]"
2024-11-05 19:40:09.547284,"(18.0, 16.66)","(549, 2540)","[17  7 19 20 17 18 18 17 20 19 22 22 21 22 17 19 16 17 16 16 14 15 13 13
 12 12 11 11 10 10 11 11 10 11 10 10 12 11 12 12 12 12 11 11 10 10 10 10
 11 10 11 11 11 11 12 12 12 12 11 11 10 10  9 10  9  9 10  9 11 11 10 11
 24 14 38 32 41 40 40 41 36 38 31 33 27 29 26 26 25 25 25 25 28 26 29 29
 28 29 26 27 19 25 18 19 15 17 15 15 15 15 15 15 14 15 13 13 11 12 10 11
  9 10  9  9  9  9  9  9]"
2024-11-05 19:40:23.315448,"(30.0, 16.66)","(727, 2540)","[17 11 19 20 17 18 17 17 20 19 22 22 21 22 17 19 16 17 16 16 14 15 13 13
 12 12 11 11 10 10 11 11 10 11 10 10 12 11 12 12 12 12 11 11 10 10 10 10
 11 10 11 11 11 11 12 12 12 12 11 11 10 10  9 10  9  9 10  9 11 11 10 11
 19  9 31 25 39 36 42 41 41 42 39 40 36 37 34 35 33 34 29 31 29 28 31 31
 29 30 28 29 20 26 19 20 17 18 15 16 15 15 15 15 14 14 13 13 11 12 10 11
  9  9  8  8  9  9  9  9]"
2024-11-05 19:40:37.081428,"(42.0, 16.66)","(876, 2542)","[17  6 19 20 17 18 17 17 20 19 22 22 21 22 17 19 16 17 16 16 14 15 13 13
 12 12 11 11 10 10 11 11 10 11 10 10 12 11 12 12 12 12 11 11 10 10 10 10
 11 10 11 11 11 11 12 12 12 12 11 11 10 10  9 10  9  9 10  9 11 11 13 11
 23 17 29 27 29 29 27 28 29 27 32 31 32 32 30 31 29 29 28 29 34 31 38 37
 37 38 32 35 27 30 20 25 19 20 17 18 15 16 13 14 12 12 11 12 10 11 10 10
  8  9  8  8  9  9  9  9]"
2024-11-05 19:40:50.848431,"(54.0, 16.66)","(990, 2540)","[17  7 19 20 17 18 17 17 20 19 22 22 21 22 17 19 16 17 16 16 14 15 13 13
 12 12 11 11 10 10 11 11 10 11 10 10 12 11 12 12 12 12 11 11 10 10 10 10
 11 10 11 11 11 11 12 12 12 12 11 11 10 10  9 10  9  9 10  9 11 11 14 11
 25 19 34 30 33 34 30 31 27 28 35 29 42 39 43 43 41 42 39 40 38 38 40 40
 38 39 32 35 28 30 23 26 21 22 18 19 16 17 14 15 13 14 12 13 10 11  9 10
  8  8  8  8  9  9  9  9]"
2024-11-05 19:41:04.614813,"(66.0, 16.66)","(1088, 2540)","[20 20 19 20 17 18 18 17 21 20 22 22 21 22 17 19 16 17 16 16 14 15 13 13
 12 12 11 11 10 10 11 11 10 11 10 10 12 11 12 12 12 12 11 11 10 10 10 10
 11 10 11 11 11 11 12 12 12 12 11 11 10 10  9 10  9  9 10  9 11 11 14 11
 27 18 40 35 44 43 43 43 40 42 44 40 53 48 54 54 52 53 46 49 44 45 42 43
 38 41 33 35 26 31 26 26 25 25 23 24 21 22 21 21 21 21 21 21 19 20 17 18
 14 15 12 13 10 11  9  9]"
2024-11-05 19:41:18.381676,"(78.0, 16.66)","(1178, 2541)","[19 17 21 22 18 20 17 17 20 19 22 22 21 22 17 19 16 17 16 16 14 15 13 13
 12 12 11 11 10 10 11 11 10 11 10 10 12 11 12 12 12 12 16 16 24 20 23 24
 20 22 16 18 11 11 12 12 12 12 11 11 10 10  9 10  9  9 10  9 15 11 22 16
 38 30 49 44 51 51 49 51 46 48 43 44 47 45 48 48 46 47 42 44 41 41 40 41
 37 39 31 34 26 27 25 26 24 25 22 23 19 20 18 19 17 17 16 16 15 15 14 15
 13 14 11 12 10 10  9  9]"
2024-11-05 19:41:32.149349,"(90.0, 16.66)","(1258, 2539)","[18  8 20 20 17 18 17 17 20 19 22 22 21 22 17 19 16 17 16 16 14 15 13 13
 12 12 11 11 10 10 11 11 10 11 10 10 12 11 12 12 12 12 11 11 21 18 22 21
 20 21 18 19 11 16 12 12 12 12 11 11 10 10  9 10  9  9 10  9 11 11 11 11
 22 15 32 28 34 34 32 34 28 31 25 27 24 24 23 23 25 22 30 28 35 33 35 35
 34 35 31 32 28 29 26 27 24 26 19 20 18 19 15 17 13 14 11 12 10 10  8  9
  8  8  8  8  9  9  9  9]"
2024-11-05 19:42:07.748404,"(-78.0, -16.66)","(3415, 2921)","[18  6 20 20 17 18 17 17 20 19 22 22 21 22 17 19 16 17 16 16 14 15 13 13
 12 12 11 11 10 10 11 11 10 11 10 10 12 11 12 12 12 12 11 11 10 10 10 10
 11 10 11 11 11 11 12 12 12 12 11 11 10 10  9 10  9  9 10  9 11 11 10 11
  9  9  9  9 12 11 13 12 14 15 13 14 12 13 16 11 18 18 16 17 27 21 35 32
 36 37 34 36 29 32 24 27 20 22 15 15 14 15 12 13 11 12 10 11 10 10  9 10
  8  9  8  8  9  9  9  9]"
2024-11-05 19:42:21.517767,"(-66.0, -16.66)","(3496, 2921)","[18 10 20 20 17 18 17 17 20 19 22 22 21 22 17 19 16 17 16 16 14 15 13 13
 12 12 11 11 10 10 11 11 10 11 10 10 12 11 12 12 12 12 11 11 16 15 16 16
 14 15 11 11 11 11 12 12 12 12 11 11 10 10  9 10  9  9 10  9 11 11 10 11
  9  9  9  9 12 11 13 12 14 15 13 14 12 13 11 11 10 10 10 10 20 17 28 24
 32 32 31 32 26 29 21 23 17 19 13 13 11 12 11 11 11 12 10 11  9  9  9  9
  9  9  9  9  9  9  9  9]"
2024-11-05 19:42:35.285392,"(-54.0, -16.66)","(3576, 2922)","[18  7 20 20 17 18 17 17 20 19 22 22 21 22 17 19 16 17 16 16 14 15 13 13
 12 12 11 11 10 10 11 11 10 11 10 10 12 11 12 12 12 12 11 11 14 10 15 15
 14 15 11 11 11 11 12 12 12 12 11 11 10 10  9 10  9  9 10  9 11 11 10 11
  9  9  9  9 12 11 13 12 14 15 18 17 19 18 21 20 23 23 26 24 34 30 37 36
 36 37 33 35 30 32 26 28 22 24 17 17 15 16 14 15 12 13 10 11  9  9  8  8
  7  7  8  7  9  9  9  9]"
2024-11-05 19:42:49.052547,"(-42.0, -16.66)","(3681, 2920)","[17  8 20 20 17 18 17 17 20 19 22 22 21 22 17 19 16 17 16 16 14 15 13 13
 12 12 11 11 10 10 11 11 10 11 10 10 12 11 12 12 12 12 11 11 10 10 10 10
 11 10 11 11 11 11 12 12 12 12 11 11 10 10  9 10  9  9 10  9 11 11 10 11
  9  9  9  9 12 11 13 12 14 15 13 14 12 13 17 11 22 19 25 24 23 23 33 29
 35 36 34 35 31 32 28 29 26 27 23 25 17 21 16 16 15 16 14 15 13 14 12 12
 11 11 10 10  9 10  9  9]"
2024-11-05 19:43:02.823202,"(-30.0, -16.66)","(3785, 2918)","[17  9 20 20 17 18 17 17 20 19 22 22 21 22 17 19 16 17 16 16 14 15 13 13
 12 12 11 11 10 10 11 11 10 11 10 10 12 11 12 12 12 12 11 11 10 10 10 10
 11 10 11 11 11 11 12 12 12 12 11 11 10 10  9 10  9  9 10  9 11 11 10 11
  9  9  9  9 12 11 13 12 14 15 13 14 14 13 22 18 30 26 34 32 36 35 44 40
 47 47 46 47 42 44 36 39 29 32 25 27 20 20 18 19 16 17 14 15 13 14 12 12
 11 11 10 10  9 10  9  9]"
2024-11-05 19:43:16.588813,"(-18.0, -16.66)","(3944, 2918)","[17  8 20 20 17 18 17 17 20 19 22 22 21 22 17 19 16 17 16 16 14 15 13 13
 12 12 11 11 10 10 11 11 10 11 10 10 12 11 12 12 12 12 11 11 10 10 10 10
 11 10 11 11 11 11 12 12 12 12 11 11 10 10  9 10  9  9 10  9 11 11 10 11
  9  9  9  9 12 11 13 12 19 15 24 23 24 25 24 23 32 27 40 37 44 42 49 47
 51 51 50 51 45 48 39 42 33 36 26 30 22 23 19 21 18 18 16 17 14 15 11 12
  9 10  9  9  9  9  9  9]"
2024-11-05 19:43:30.357933,"(-6.0, -16.66)","(41, 2918)","[17 10 20 20 17 18 17 17 20 19 22 22 21 22 17 19 16 17 16 16 14 15 13 13
 12 12 11 11 10 10 11 11 10 11 10 10 12 11 12 12 12 12 11 11 10 10 10 10
 11 10 11 11 11 11 12 12 12 12 11 11 10 10  9 10  9  9 10  9 13 11 21 17
 27 25 28 29 29 28 38 33 46 44 48 48 46 47 40 43 35 37 31 33 30 30 29 29
 26 28 21 21 20 21 20 20 19 19 18 18 16 17 15 16 14 15 14 14 14 14 14 14
 14 14 13 14 11 12  9 10]"
2024-11-05 19:43:44.124522,"(6.0, -16.66)","(266, 2918)","[17 11 20 20 17 18 17 17 20 19 22 22 21 22 17 19 16 17 16 16 14 15 13 13
 12 12 11 11 10 10 11 11 10 11 10 10 12 11 12 12 12 12 11 11 10 10 10 10
 11 10 11 11 11 11 12 12 12 12 11 11 10 10  9 10  9  9 18 14 21 20 20 20
 18 19 27 21 40 34 48 45 50 50 49 50 44 47 39 42 35 37 32 33 30 30 32 31
 32 33 31 31 29 30 23 28 23 24 22 23 20 21 18 19 17 17 17 17 21 17 25 24
 24 25 26 24 26 26 27 26]"
2024-11-05 19:43:57.890922,"(18.0, -16.66)","(486, 2919)","[17  9 19 20 17 18 17 17 20 19 22 22 21 22 17 19 16 17 16 16 14 15 13 13
 12 12 11 11 10 10 11 11 10 11 10 10 12 11 12 12 12 12 11 11 10 10 10 10
 11 10 11 11 11 11 12 12 12 12 11 11 10 10  9 10  9  9 10  9 11 11 10 11
  9  9 16 13 26 21 30 27 39 35 41 41 39 41 36 38 31 33 28 30 24 26 24 24
 28 25 30 30 27 29 26 26 25 26 24 25 20 20 20 20 19 20 18 19 20 18 25 23
 29 27 31 31 30 31 27 28]"
2024-11-05 19:44:11.659792,"(30.0, -16.66)","(679, 2920)","[17 11 19 20 17 18 17 17 20 19 22 22 21 22 17 19 16 17 16 16 14 15 13 13
 12 12 11 11 10 10 11 11 10 11 10 10 12 11 12 12 12 12 11 11 10 10 10 10
 11 10 11 11 11 11 12 12 12 12 11 11 10 10  9 10  9  9 10  9 11 11 10 11
  9  9 18 13 25 22 26 27 33 25 42 39 41 42 37 39 34 35 33 33 33 33 33 33
 31 33 30 30 30 30 27 28 24 26 21 21 27 26 26 26 21 25 20 21 19 20 18 19
 23 19 24 24 19 23 19 19]"
2024-11-05 19:44:25.426838,"(42.0, -16.66)","(832, 2920)","[17 12 19 20 17 18 17 16 20 19 22 22 21 22 17 19 16 17 16 16 14 15 13 13
 12 12 11 11 10 10 11 11 10 11 10 10 12 11 12 12 12 12 11 11 10 10 10 10
 11 10 11 11 11 11 12 12 12 12 11 11 10 10  9 10  9  9 10  9 11 11 12 11
 16 14 17 17 17 17 19 19 21 18 28 24 31 30 30 31 29 29 33 30 33 33 33 33
 35 34 35 35 35 35 34 34 30 33 25 28 20 20 20 20 19 19 25 21 26 26 24 25
 19 23 18 19 15 17 13 14]"
2024-11-05 19:44:39.192628,"(54.0, -16.66)","(958, 2916)","[17 10 19 20 17 18 17 16 20 19 22 22 21 22 17 19 16 17 16 16 14 15 13 13
 12 12 11 11 10 10 11 11 10 11 10 10 12 11 12 12 12 12 11 11 10 10 10 10
 11 10 11 11 11 11 12 12 12 12 11 11 10 10  9 10  9  9 10  9 11 11 14 11
 24 21 25 25 23 24 21 22 14 19 13 14 12 13 14 11 17 16 25 20 29 27 32 30
 39 36 40 40 39 40 37 38 33 35 29 31 26 27 25 26 20 25 20 20 20 20 19 20
 16 18 14 15 12 13 10 11]"
2024-11-05 19:44:52.960356,"(66.0, -16.66)","(1062, 2919)","[17 10 20 20 17 18 17 16 20 19 22 22 21 22 17 19 16 17 16 16 14 15 13 13
 12 12 11 11 10 10 11 11 10 11 10 10 12 11 12 12 12 12 11 11 10 10 10 10
 11 10 11 11 11 11 12 12 12 12 11 11 10 10  9 10  9  9 10  9 11 11 21 16
 29 27 30 30 29 30 26 28 23 24 20 22 17 19 12 15 18 12 24 22 27 25 38 33
 45 43 46 47 44 45 39 41 34 36 29 32 22 28 27 22 30 29 31 31 28 30 23 26
 20 21 17 18 14 15 13 14]"
2024-11-05 19:45:06.728232,"(78.0, -16.66)","(1151, 2921)","[17  3 19 20 17 18 17 16 20 19 22 22 21 22 17 19 16 17 16 16 14 15 13 13
 12 12 11 11 10 10 11 11 10 11 10 10 12 11 12 12 12 12 11 11 10 10 10 10
 11 10 11 11 11 11 12 12 12 12 11 11 10 10  9 10  9  9 10  9 11 11 10 11
 14  9 20 17 20 21 20 20 21 21 20 21 20 20 23 21 27 26 27 27 27 26 37 32
 46 44 47 48 45 46 39 42 32 36 27 29 21 22 19 21 17 18 16 17 15 16 14 15
 13 13 11 12 11 11 10 11]"
2024-11-05 19:45:42.339423,"(-90.0, 20.0)","(3304, 8191)","[17 14 19 20 17 18 17 16 20 19 22 22 21 22 17 19 16 17 16 16 14 15 13 13
 12 12 11 11 10 10 11 11 10 11 10 10 12 11 12 12 12 12 11 11 10 10 10 10
 11 10 11 11 11 11 12 12 12 12 11 11 10 10  9 10 15  9 20 18 20 20 19 20
 23 18 37 29 46 42 46 46 44 46 37 41 30 33 27 29 27 27 31 28 38 35 40 39
 38 39 36 37 31 33 23 28 22 23 20 21 19 20 16 18 13 14 11 12  9 10  8  9
  8  8  8  8  9  9  9  9]"
2024-11-05 19:45:56.113772,"(-80.0, 20.0)","(3373, 2505)","[17 10 19 20 17 18 17 16 20 19 22 22 21 22 17 19 16 17 16 16 14 15 13 13
 12 12 11 11 10 10 11 11 10 11 10 10 12 11 12 12 12 12 11 11 10 10 10 10
 11 10 11 11 11 11 12 12 12 12 11 11 10 10 11 10 21 16 25 24 24 24 22 22
 21 22 31 24 42 37 43 43 39 42 34 37 31 33 27 29 28 26 37 32 46 42 48 47
 46 47 43 45 38 41 32 35 24 29 21 23 18 19 14 16 12 13 11 11 10 10  9  9
  7  8  8  8  9  9  9  9]"
2024-11-05 19:46:09.678135,"(-70.0, 20.0)","(3439, 2503)","[17 11 19 20 17 18 17 16 20 19 22 22 21 22 17 19 16 17 16 16 14 15 13 13
 12 12 11 11 10 10 11 11 10 11 10 10 12 11 12 12 12 12 11 11 10 10 10 10
 11 10 11 11 11 11 12 12 12 12 11 11 10 10  9 10 15  9 17 17 11 16 10 11
 16  9 20 18 22 21 21 22 22 21 22 22 21 21 19 20 23 18 31 27 39 36 39 40
 37 37 37 37 36 36 32 34 26 29 20 20 18 19 15 16 12 14 10 11  9  9  8  8
  7  7  8  7  9  9  9  9]"
2024-11-05 19:46:23.244221,"(-60.0, 20.0)","(3510, 2502)","[17  9 19 20 17 18 17 16 20 19 22 22 21 22 17 19 16 17 16 16 14 15 13 13
 12 12 11 11 10 10 11 11 10 11 10 10 12 11 12 12 12 12 11 11 10 10 10 10
 11 10 11 11 11 11 12 12 12 12 11 11 10 10  9 10 15  9 22 20 22 23 18 20
 17 17 16 16 18 17 18 18 22 18 26 25 24 24 29 26 33 33 33 33 34 33 38 36
 42 40 42 43 39 41 34 37 28 31 21 21 19 20 17 18 15 16 13 14 11 12 10 10
  9  9  8  8  9  9  9  9]"
2024-11-05 19:46:36.810286,"(-50.0, 20.0)","(3569, 2504)","[17 10 20 20 17 18 17 16 20 19 22 22 21 22 17 19 16 17 16 16 14 15 13 13
 12 12 11 11 10 10 11 11 10 11 10 10 12 11 12 12 12 12 11 11 10 10 10 10
 11 10 11 11 11 11 12 12 12 12 11 11 14 10 28 22 33 32 33 34 31 32 26 29
 20 23 16 18 12 12 13 12 18 15 25 22 25 26 26 23 36 32 39 38 46 42 50 49
 49 50 45 47 39 42 32 36 24 29 22 23 18 20 15 17 13 14 12 12 11 11  9 10
  8  9  8  8  9  9  9  9]"
2024-11-05 19:46:50.376019,"(-40.0, 20.0)","(3664, 2505)","[17 10 20 20 17 18 17 16 20 19 22 22 21 22 17 19 16 17 16 16 14 15 13 13
 12 12 11 11 10 10 11 11 10 11 10 10 12 11 12 12 12 12 11 11 10 10 10 10
 11 10 11 11 11 11 12 12 12 12 11 11 22 16 36 30 40 40 39 40 36 37 31 33
 26 29 20 23 14 18 14 14 14 15 13 14 18 16 18 18 20 18 29 24 37 33 41 40
 41 42 39 40 34 36 29 32 24 26 19 20 16 18 14 15 12 12 10 11  8  9  8  8
  8  8  8  8  9  9  9  9]"
2024-11-05 19:47:03.939623,"(-30.0, 20.0)","(3744, 2502)","[17  9 20 20 17 18 17 16 20 19 22 22 21 22 17 19 16 17 16 16 14 15 13 13
 12 12 11 11 10 10 11 11 10 11 10 10 12 11 12 12 12 12 11 11 10 10 10 10
 11 10 11 11 11 11 12 12 12 12 11 11 10 10 16 10 18 19 18 18 17 17 16 16
 15 16 14 15 12 11 13 12 14 15 13 14 16 13 21 20 20 21 29 22 40 35 43 42
 41 42 37 39 34 35 28 31 22 25 17 18 15 16 13 14 12 12 11 11 10 11 10 10
  8  9  8  8  9  9  9  9]"
2024-11-05 19:47:17.502520,"(-20.0, 20.0)","(3862, 2502)","[17 13 20 20 17 18 17 16 20 19 22 22 21 22 17 19 16 17 16 16 14 15 13 13
 12 12 11 11 10 10 11 11 10 11 10 10 12 11 12 12 12 12 11 11 10 10 10 10
 11 10 11 11 11 11 12 12 12 12 11 11 10 10  9 10  9  9 10  9 11 11 10 11
  9  9  9  9 12 11 13 12 14 15 13 14 15 13 17 17 15 16 16 15 34 25 40 38
 41 41 37 39 31 34 25 28 20 22 16 16 14 15 12 13 11 12 10 11  8  9  7  8
  7  7  8  7  9  9  9  9]"
2024-11-05 19:47:31.068452,"(-10.0, 20.0)","(4007, 2501)","[17  5 20 20 17 18 17 16 20 19 22 22 21 22 17 19 16 17 16 16 14 15 13 13
 12 12 11 11 10 10 11 11 10 11 10 10 12 11 12 12 12 12 11 11 10 10 10 10
 11 10 11 11 11 11 12 12 12 12 11 11 10 10  9 10  9  9 10  9 11 11 10 11
  9  9  9  9 12 11 13 12 14 15 13 14 12 13 11 11 10 10 10 10 25 18 31 27
 38 35 39 39 36 37 31 33 28 30 23 25 16 20 14 15 12 13 11 12 10 11  9 10
  8  9  8  8  9  9  9  9]"
2024-11-05 19:47:44.634093,"(0.0, 20.0)","(84, 2503)","[17  5 20 20 17 18 17 16 20 19 22 22 21 22 17 19 16 17 16 16 14 15 13 13
 12 12 11 11 10 10 11 11 10 11 10 10 12 11 12 12 12 12 11 11 10 10 10 10
 11 10 11 11 11 11 12 12 12 12 11 11 10 10  9 10  9  9 10  9 11 11 10 11
  9  9 19 12 31 25 35 34 34 35 31 33 29 30 25 27 21 23 18 19 29 23 42 36
 47 46 46 47 42 44 33 37 28 30 24 26 19 20 16 18 14 15 12 13 10 11  9  9
  9  9  8  8  9  9  9  9]"
2024-11-05 19:47:59.216036,"(10.0, 20.0)","(270, 2502)","[17  9 20 20 17 18 17 16 20 19 22 22 21 22 17 19 16 17 16 16 14 15 13 13
 12 12 11 11 10 10 11 11 10 11 10 10 12 11 12 12 12 12 11 11 10 10 10 10
 11 10 11 11 11 11 12 12 12 12 11 11 10 10  9 10  9  9 10  9 11 11 10 11
  9  9 25 16 37 31 41 40 39 40 36 38 30 33 23 26 19 21 15 15 20 19 15 20
 15 15 15 15 15 15 14 15 13 14 12 13 10 11 11 10 11 12 10 11  8  9  7  8
  7  7  8  7  9  9  9  9]"
2024-11-05 19:48:12.782037,"(20.0, 20.0)","(459, 2504)","[17  6 20 20 17 18 17 16 20 19 22 22 21 22 17 19 16 17 16 16 14 15 13 13
 12 12 11 11 10 10 11 11 10 11 10 10 12 11 12 12 12 12 11 11 10 10 10 10
 11 10 11 11 11 11 12 12 12 12 11 11 10 10  9 10  9  9 10  9 11 11 10 11
 14  9 32 22 42 38 44 43 41 43 36 39 28 32 22 25 18 20 15 15 15 15 15 15
 18 14 20 20 15 20 15 15 14 15 12 13 11 12 11 11 11 12 10 11  8  9  7  8
  7  7  8  7  9  9  9  9]"
2024-11-05 19:48:26.347239,"(30.0, 20.0)","(628, 2504)","[17  3 20 20 17 18 17 16 20 19 22 22 21 22 17 19 16 17 16 16 14 15 13 13
 12 12 11 11 10 10 11 11 10 11 10 10 12 11 12 12 12 12 11 11 10 10 10 10
 11 10 11 11 11 11 12 12 12 12 11 11 10 10  9 10  9  9 10  9 11 11 10 11
 19  9 37 27 47 43 47 48 45 46 45 45 44 45 39 42 35 36 34 34 34 34 33 33
 32 32 30 31 23 28 21 22 18 19 15 16 13 14 12 12 11 12 10 11  8  9  7  8
  7  7  8  7  9  9  9  9]"
2024-11-05 19:48:39.909980,"(40.0, 20.0)","(763, 2505)","[17  6 20 20 17 18 17 16 20 19 22 22 21 22 17 19 16 17 16 16 14 15 13 13
 12 12 11 11 10 10 11 11 10 11 10 10 12 11 12 12 12 12 11 11 10 10 10 10
 11 10 11 11 11 11 12 12 12 12 11 11 10 10  9 10  9  9 10  9 11 11 10 11
  9  9 23 15 32 28 32 32 39 31 46 44 45 46 40 43 34 36 30 32 32 31 37 35
 38 38 34 37 29 31 21 25 19 20 16 17 14 15 13 14 11 12 10 11  8  9  7  8
  7  7  8  7  9  9  9  9]"
2024-11-05 19:48:53.474545,"(50.0, 20.0)","(881, 2502)","[17  7 20 20 17 18 17 16 20 19 22 22 21 22 17 19 16 17 16 16 14 15 13 13
 12 12 11 11 10 10 11 11 10 11 10 10 12 11 12 12 12 12 11 11 10 10 10 10
 11 10 11 11 11 11 12 12 12 12 11 11 10 10  9 10  9  9 10  9 11 11 10 11
  9  9  9  9 16 11 18 18 14 17 22 19 23 23 21 22 18 20 19 17 30 25 36 34
 36 37 33 35 27 30 21 24 15 19 14 15 12 13 11 11 11 12 10 11  8  9  7  8
  7  7  8  7  9  9  9  9]"
2024-11-05 19:49:07.040080,"(60.0, 20.0)","(979, 2505)","[17  7 20 20 17 18 17 16 20 19 22 22 21 22 17 19 16 17 16 16 14 15 13 13
 12 12 11 11 10 10 11 11 10 11 10 10 12 11 12 12 12 12 11 11 10 10 10 10
 11 10 11 11 11 11 12 12 12 12 11 11 10 10  9 10  9  9 10  9 11 11 10 11
 19  9 32 27 37 35 36 37 33 35 32 32 38 35 39 39 36 38 30 33 30 30 37 34
 38 38 36 37 32 34 28 30 22 26 21 22 19 20 16 18 14 15 12 13 11 11 10 10
  9  9  9  9  9  9  9  9]"
2024-11-05 19:49:20.602420,"(70.0, 20.0)","(1062, 2505)","[18 16 20 20 17 18 17 16 20 19 22 22 21 22 17 19 16 17 16 16 14 15 13 13
 12 12 11 11 10 10 11 11 10 11 10 10 12 11 12 12 12 12 11 11 10 10 10 10
 11 10 11 11 11 11 12 12 12 12 11 11 10 10  9 10  9  9 10  9 16 11 19 16
 34 23 51 43 57 55 56 57 53 55 49 50 49 49 51 51 49 50 44 47 41 42 38 40
 36 37 33 34 28 28 27 27 25 26 24 25 21 22 18 19 17 17 17 17 17 17 16 17
 14 15 12 13 11 11 10 10]"
2024-11-05 19:49:35.183953,"(80.0, 20.0)","(1135, 2504)","[17  6 19 20 17 18 17 16 20 19 22 22 21 22 17 19 16 17 16 16 14 15 13 13
 12 12 11 11 10 10 11 11 10 11 10 10 12 11 12 12 12 12 11 11 10 10 10 10
 11 10 11 11 11 11 12 12 12 12 11 11 10 10  9 10  9  9 10  9 11 11 16 11
 33 23 50 42 57 54 56 57 52 55 48 50 50 49 52 51 49 51 41 46 38 39 39 38
 40 40 38 39 28 35 28 28 26 27 25 26 24 25 20 22 19 19 25 24 20 25 19 20
 17 18 15 16 13 14 11 12]"
2024-11-05 19:49:48.748367,"(90.0, 20.0)","(1204, 2505)","[17  2 19 20 17 18 17 16 20 19 22 22 21 22 17 19 16 17 16 16 14 15 13 13
 12 12 11 11 10 10 11 11 10 11 10 10 12 11 13 12 21 18 21 22 21 21 23 23
 21 23 18 20 11 16 12 12 12 12 11 11 10 10  9 10  9  9 10  9 11 11 11 11
 26 17 39 34 43 42 42 43 37 41 35 34 43 39 43 43 41 43 35 38 32 33 31 32
 32 31 31 32 29 30 23 27 23 23 23 23 22 23 19 21 16 18 14 15 13 13 12 12
 10 11 10 10  9  9  9  9]"
2024-11-05 19:50:24.558053,"(-80.0, -20.0)","(3344, 2962)","[17  9 19 20 17 18 17 16 20 19 22 22 21 22 17 19 16 17 16 16 14 15 13 13
 12 12 11 11 10 10 11 11 10 11 10 10 12 11 12 12 12 12 16 14 18 17 17 18
 14 16 11 11 11 11 12 12 12 12 11 11 10 10  9 10  9  9 10  9 11 11 10 11
  9  9  9  9 12 11 13 12 14 15 13 14 12 13 11 11 10 10 10 10 25 16 37 32
 42 41 42 43 39 41 33 36 27 30 21 24 16 16 14 15 12 13 10 11  9 10  8  9
  7  8  8  8  9  9  9  9]"
2024-11-05 19:50:38.621138,"(-70.0, -20.0)","(3411, 2958)","[17  9 19 20 17 18 16 16 20 19 22 22 21 22 17 19 16 17 16 16 14 15 13 13
 12 12 11 11 10 10 11 11 10 11 10 10 12 11 12 12 12 12 11 11 10 10 10 10
 11 10 11 11 11 11 12 12 12 12 11 11 10 10  9 10  9  9 10  9 11 11 10 11
  9  9  9  9 12 11 13 12 14 15 13 14 12 13 11 11 10 10 10 10 18 14 27 23
 31 31 30 31 26 28 22 24 17 19 12 12 11 11 11 11 11 12 10 11  8  9  7  8
  7  7  8  7  9  9  9  9]"
2024-11-05 19:50:53.204274,"(-60.0, -20.0)","(3476, 2960)","[17 11 19 20 17 18 16 16 20 19 22 22 21 22 17 19 16 17 16 16 14 15 13 13
 12 12 11 11 10 10 11 11 10 11 10 10 12 11 12 12 12 12 11 11 19 13 21 20
 19 20 15 18 11 11 12 12 12 12 11 11 10 10  9 10  9  9 10  9 11 11 10 11
  9  9  9  9 12 11 13 12 14 15 13 14 12 13 11 11 10 10 10 10 20 15 28 24
 34 32 34 35 31 33 24 27 20 22 14 14 12 13 11 11 11 12 10 11  8  9  7  8
  7  7  8  7  9  9  9  9]"
2024-11-05 19:51:06.770584,"(-50.0, -20.0)","(3551, 2961)","[17  7 19 20 16 18 16 16 20 19 22 22 21 22 17 19 16 17 16 16 14 15 13 13
 12 12 11 11 10 10 11 11 10 11 10 10 12 11 12 12 12 12 11 11 18 15 20 19
 18 19 15 17 11 11 12 12 12 12 11 11 10 10  9 10  9  9 10  9 11 11 10 11
  9  9  9  9 12 11 13 12 14 15 13 14 12 13 11 11 10 10 10 10 21 15 31 26
 36 35 37 37 32 34 27 29 22 24 18 20 14 14 12 13 11 12 10 11  8  9  7  8
  7  7  8  7  9  9  9  9]"
2024-11-05 19:51:20.336502,"(-40.0, -20.0)","(3636, 2962)","[17 12 19 20 16 18 16 16 20 19 22 22 21 22 17 19 16 17 16 16 14 15 13 13
 12 12 11 11 10 10 11 11 10 11 10 10 12 11 12 12 12 12 11 11 10 10 10 10
 11 10 11 11 11 11 12 12 12 12 11 11 10 10  9 10  9  9 10  9 11 11 10 11
  9  9  9  9 12 11 13 12 14 15 13 14 12 13 11 11 10 10 10 10 13 10 27 20
 34 32 35 36 32 34 28 30 23 26 18 21 14 14 12 13 11 12 10 11  8  9  7  8
  7  7  8  7  9  9  9  9]"
2024-11-05 19:51:33.902644,"(-30.0, -20.0)","(3729, 2960)","[17 11 19 20 16 18 16 15 20 19 22 22 21 22 17 19 16 17 16 16 14 15 13 13
 12 12 11 11 10 10 11 11 10 11 10 10 12 11 12 12 12 12 11 11 10 10 10 10
 11 10 11 11 11 11 12 12 12 12 11 11 10 10  9 10  9  9 10  9 11 11 10 11
  9  9  9  9 12 11 13 12 14 15 13 14 12 13 11 11 10 10 10 10 14 10 28 21
 37 34 38 38 36 37 31 34 25 27 21 23 15 19 13 14 12 13 11 11 10 10  9  9
  8  8  8  8  9  9  9  9]"
2024-11-05 19:51:47.470436,"(-20.0, -20.0)","(3804, 2961)","[17 13 19 20 16 18 16 15 20 19 22 22 21 22 17 19 16 17 16 16 14 15 13 13
 12 12 11 11 10 10 11 11 10 11 10 10 12 11 12 12 12 12 11 11 10 10 10 10
 11 10 11 11 11 11 12 12 12 12 11 11 10 10  9 10  9  9 10  9 11 11 10 11
  9  9  9  9 12 11 13 12 14 15 13 14 12 13 11 11 10 10 17 14 20 18 33 27
 37 37 35 37 33 34 30 32 26 28 20 23 15 15 13 14 12 13 10 11  9  9  8  8
  7  7  8  7  9  9  9  9]"
2024-11-05 19:52:01.035941,"(-10.0, -20.0)","(3937, 2962)","[17 12 19 20 16 18 16 15 20 19 22 22 21 22 17 19 16 17 16 16 14 15 13 13
 12 12 11 11 10 10 11 11 10 11 10 10 12 11 12 12 12 12 11 11 10 10 10 10
 11 10 11 11 11 11 12 12 12 12 11 11 10 10  9 10  9  9 10  9 11 11 10 11
  9  9  9  9 12 11 13 12 14 15 13 14 12 13 11 11 19 10 27 23 28 28 30 27
 38 34 39 40 38 39 34 36 28 31 23 26 17 21 15 16 12 14 10 11  8  9  7  8
  7  7  8  7  9  9  9  9]"
2024-11-05 19:52:14.600388,"(0.0, -20.0)","(7, 2961)","[17  5 19 20 16 18 16 15 20 19 22 22 21 22 17 19 16 17 16 16 14 15 13 13
 12 12 11 11 10 10 11 11 10 11 10 10 12 11 12 12 12 12 11 11 10 10 10 10
 11 10 11 11 11 11 12 12 12 12 11 11 10 10  9 10 12  9 23 16 29 26 28 28
 27 28 27 27 27 26 35 31 39 38 39 39 36 38 33 34 32 33 30 32 27 29 27 26
 31 28 34 33 33 34 28 30 22 26 21 22 18 20 15 17 13 14 11 12 10 11  9 10
  8  9  8  8  9  9  9  9]"
2024-11-05 19:52:28.165508,"(10.0, -20.0)","(191, 2961)","[18 15 19 20 16 18 16 15 20 19 22 22 21 22 17 19 16 17 16 16 14 15 13 13
 12 12 11 11 10 10 11 11 10 11 10 10 12 11 12 12 12 12 11 11 10 10 10 10
 11 10 11 11 11 11 12 12 12 12 11 11 10 10 10 10 18 14 23 21 26 25 26 26
 26 26 35 29 47 41 53 51 54 54 52 53 47 50 44 45 42 43 39 41 32 35 32 31
 35 33 37 37 37 37 34 36 27 32 27 27 26 26 25 25 23 24 21 22 19 20 18 18
 16 17 14 15 12 13 17 12]"
2024-11-05 19:52:42.754261,"(20.0, -20.0)","(386, 2960)","[19 18 19 20 16 18 16 15 20 19 22 22 21 22 17 19 16 17 16 16 14 15 13 13
 12 12 11 11 10 10 11 11 10 11 10 10 12 11 12 12 12 12 11 11 10 10 10 10
 11 10 11 11 11 11 12 12 12 12 11 11 10 10  9 10 19  9 25 23 25 25 23 24
 20 22 24 20 40 32 48 45 49 49 45 47 42 43 39 40 35 37 31 33 28 30 22 26
 22 22 28 25 30 29 28 29 22 26 28 26 30 29 28 29 22 26 20 21 19 19 18 18
 16 17 14 15 13 14 21 13]"
2024-11-05 19:52:57.838471,"(30.0, -20.0)","(556, 2961)","[17 12 19 20 16 18 16 15 20 19 22 22 21 22 17 19 16 17 16 16 14 15 13 13
 12 12 11 11 10 10 11 11 10 11 10 10 12 11 12 12 12 12 11 11 10 10 10 10
 11 10 11 11 11 11 12 12 12 12 11 11 10 10  9 10 13  9 16 15 11 16 10 11
 17  9 27 22 38 33 47 43 48 49 46 48 42 44 37 39 36 36 35 35 34 35 32 33
 31 31 31 31 30 31 29 29 23 28 23 23 23 23 21 22 19 20 18 18 17 17 16 17
 16 16 15 16 14 15 16 13]"
2024-11-05 19:53:11.407208,"(40.0, -20.0)","(712, 2961)","[17 11 19 20 16 18 16 15 20 19 22 22 21 22 17 19 16 17 16 16 14 15 13 13
 12 12 11 11 10 10 11 11 10 11 10 10 12 11 12 12 12 12 11 11 10 10 10 10
 11 10 11 11 11 11 12 12 12 12 11 11 10 10  9 10  9  9 10  9 11 11 15 11
 24 19 36 30 46 41 50 49 49 50 47 48 44 45 42 43 44 42 46 45 46 46 43 45
 38 41 34 36 33 34 32 33 27 32 26 27 25 25 25 25 25 25 24 25 24 24 24 24
 24 24 23 24 21 22 19 20]"
2024-11-05 19:53:24.971664,"(50.0, -20.0)","(834, 2962)","[17  8 19 20 16 18 16 15 20 19 22 22 21 22 17 19 16 17 16 16 14 15 13 13
 12 12 11 11 10 10 11 11 10 11 10 10 12 11 12 12 12 12 11 11 10 10 10 10
 11 10 11 11 11 11 12 12 12 12 11 11 10 10  9 10  9  9 10  9 18 17 17 18
 17 16 27 20 37 32 40 39 38 40 35 37 32 34 31 32 31 31 29 30 29 29 31 30
 36 33 42 39 42 42 39 41 34 35 31 32 24 29 23 23 21 22 20 21 20 20 20 20
 19 20 18 19 15 17 13 14]"
2024-11-05 19:53:38.536784,"(60.0, -20.0)","(933, 2962)","[17 13 19 20 16 18 16 15 20 19 22 22 21 22 17 19 16 17 16 16 14 15 13 13
 12 12 11 11 10 10 11 11 10 11 10 10 12 11 12 12 12 12 11 11 10 10 10 10
 11 10 11 11 11 11 12 12 12 12 11 11 10 10  9 10  9  9 10  9 11 11 12 11
 18 15 22 21 23 23 24 23 27 27 27 27 23 25 23 22 25 24 25 25 30 27 37 34
 42 39 46 44 46 47 43 45 38 40 34 35 30 32 23 27 21 22 20 21 19 20 16 18
 14 15 12 13 11 12 10 10]"
2024-11-05 19:53:52.604206,"(70.0, -20.0)","(1021, 2960)","[17 10 19 20 16 18 16 15 20 19 22 22 21 22 17 19 16 17 16 16 14 15 13 13
 12 12 11 11 10 10 11 11 10 11 10 10 12 11 12 12 12 12 11 11 10 10 10 10
 11 10 11 11 11 11 12 12 12 12 11 11 10 10  9 10  9  9 10  9 11 11 28 20
 37 34 39 39 38 38 35 36 34 34 31 33 29 30 27 28 23 25 27 24 31 29 36 33
 38 38 34 37 34 34 32 33 30 31 27 28 21 22 19 20 17 18 17 17 17 17 17 17
 16 17 15 16 13 14 11 12]"
2024-11-05 19:54:06.168889,"(80.0, -20.0)","(1102, 2963)","[17  7 19 20 16 18 16 15 20 19 22 22 21 22 17 19 16 17 16 16 14 15 13 13
 12 12 11 11 10 10 11 11 10 11 10 10 12 11 12 12 12 12 11 11 10 10 10 10
 11 10 11 11 11 11 12 12 12 12 11 11 10 10  9 10  9  9 15 11 11 16 17 11
 24 20 30 27 31 31 29 30 30 28 34 31 36 35 36 36 35 35 34 34 33 34 33 33
 37 34 38 38 36 37 30 33 27 29 22 23 19 21 16 18 14 15 13 13 13 13 13 13
 13 13 12 13 10 11  9  9]"
2024-11-05 19:54:41.975081,"(-90.0, 23.33)","(3241, 2463)","[17  8 19 20 16 18 16 15 20 19 22 22 21 22 17 19 16 17 16 16 14 15 13 13
 12 12 11 11 10 10 11 11 10 11 10 10 12 11 12 12 12 12 11 11 10 10 10 10
 11 10 11 11 11 11 12 12 12 12 11 11 10 10 14 10 26 19 35 32 35 35 33 34
 29 31 27 28 36 31 40 39 39 40 34 37 29 31 26 27 27 26 28 28 26 27 20 24
 25 20 26 26 21 25 20 21 18 19 16 17 15 16 13 14 12 12 11 11 11 11 11 11
 10 11  9 10  9  9  9  9]"
2024-11-05 19:54:55.335601,"(-81.42, 23.33)","(3293, 2467)","[17  5 19 20 16 18 16 15 20 19 22 22 21 22 17 19 16 17 16 16 14 15 13 13
 12 12 11 11 10 10 11 11 10 11 10 10 12 11 12 12 12 12 11 11 10 10 10 10
 11 10 11 11 11 11 12 12 12 12 11 11 13 10 23 16 40 33 47 45 47 48 43 46
 38 40 36 36 44 40 47 46 45 47 39 43 32 35 29 30 24 28 24 24 24 24 24 24
 24 24 24 24 22 23 20 21 16 18 14 15 12 13 11 11 11 12 10 11  9  9  9  9
  9  9  9  9  9  9  9  9]"
2024-11-05 19:55:08.697363,"(-72.85, 23.33)","(3356, 2464)","[18 16 19 20 16 18 16 15 20 19 22 22 21 22 17 19 16 17 16 16 14 15 13 13
 12 12 11 11 10 10 11 11 10 11 10 10 12 11 12 12 12 12 11 11 10 10 10 10
 11 10 11 11 11 11 12 12 12 12 11 11 10 10 20 10 40 34 47 45 46 47 42 44
 37 39 31 35 32 31 34 34 31 33 25 29 19 23 17 18 15 16 23 18 31 28 32 32
 32 32 31 31 30 31 28 29 26 27 20 20 19 19 17 18 15 16 13 14 12 12 11 11
 11 11 10 11 10 10  9 10]"
2024-11-05 19:55:23.074213,"(-64.28, 23.33)","(3412, 2462)","[17 14 19 20 16 18 16 15 20 19 22 22 21 22 17 19 16 17 16 16 14 15 13 13
 12 12 11 11 10 10 11 11 10 11 10 10 12 11 12 12 12 12 11 11 10 10 10 10
 11 10 11 11 11 11 12 12 12 12 11 11 12 10 27 19 42 36 47 46 47 47 43 45
 37 40 32 34 30 31 28 29 24 26 21 22 16 17 15 16 14 14 20 19 34 27 39 37
 40 40 39 40 37 38 35 37 31 34 26 29 20 21 17 18 14 15 11 12  8 10  7  8
  7  7  8  7  9  9  9  9]"
2024-11-05 19:55:36.435615,"(-55.71, 23.33)","(3470, 2464)","[17 12 19 20 16 18 16 15 20 19 22 22 21 22 17 19 16 17 16 16 14 15 13 13
 12 12 11 11 10 10 11 11 10 11 10 10 12 11 12 12 12 12 11 11 10 10 10 10
 11 10 11 11 11 11 12 12 12 12 11 11 12 10 24 18 33 30 35 35 34 35 32 33
 31 32 30 30 29 29 26 28 21 24 15 15 15 15 18 14 29 23 34 33 32 33 33 32
 35 35 34 35 32 33 29 31 25 27 19 20 17 18 15 16 12 13 10 11  8  9  7  8
  7  7  8  7  9  9  9  9]"
2024-11-05 19:55:49.796293,"(-47.14, 23.33)","(3530, 2463)","[17 11 19 20 16 18 16 15 20 19 22 22 21 22 17 19 16 17 16 16 14 15 13 13
 12 12 11 11 10 10 11 11 10 11 10 10 12 11 12 12 12 12 11 11 10 10 10 10
 11 10 11 11 11 11 12 12 12 12 11 11 10 10 23 17 29 28 29 29 23 26 21 20
 27 25 29 28 28 29 27 28 23 25 21 22 20 21 15 19 21 15 26 23 34 31 35 35
 33 34 30 31 27 29 24 26 20 23 18 19 15 17 13 14 13 13 13 13 13 13 12 12
 11 12 10 10  9 10  9  9]"
2024-11-05 19:56:04.175578,"(-38.57, 23.33)","(3569, 2462)","[17 12 19 20 16 18 16 15 20 19 22 22 21 22 17 19 16 17 16 16 14 15 13 13
 12 12 11 11 10 10 11 11 10 11 10 10 12 11 12 12 12 12 11 11 10 10 10 10
 11 10 11 11 11 11 12 12 12 12 11 11 13 10 30 23 35 34 35 36 31 33 28 30
 26 27 25 25 25 25 24 24 23 24 22 23 24 23 23 24 23 23 29 24 33 31 33 33
 31 32 28 30 20 26 19 19 17 18 15 16 13 14 11 12 17 12 18 19 17 18 12 16
 11 12 10 11  9 10  9  9]"
2024-11-05 19:56:17.536645,"(-30.0, 23.33)","(3668, 2463)","[17 12 19 20 16 18 16 15 20 19 22 22 21 22 17 19 16 17 16 16 14 15 13 13
 12 12 11 11 10 10 11 11 10 11 10 10 12 11 12 12 12 12 11 11 10 10 10 10
 11 10 11 11 11 11 12 12 12 12 11 11 10 10 17 10 28 25 29 30 28 29 25 26
 21 23 17 19 12 15 13 12 14 15 13 14 27 22 31 30 29 30 29 28 39 34 43 42
 42 43 39 41 35 37 30 33 26 28 20 20 18 19 16 17 15 15 13 14 12 13 12 12
 12 12 12 12 12 12 11 12]"
2024-11-05 19:56:30.896444,"(-21.42, 23.33)","(3724, 2463)","[17  7 19 20 16 18 16 15 20 19 22 22 21 22 17 19 16 17 16 16 14 15 13 13
 12 12 11 11 10 10 11 11 10 11 10 10 12 11 12 12 12 12 11 11 10 10 10 10
 11 10 11 11 11 11 12 12 12 12 11 11 12 10 25 18 33 31 35 35 32 34 28 30
 23 25 18 20 13 13 13 13 14 15 13 14 29 23 33 32 30 32 28 29 33 30 36 35
 34 35 34 34 33 33 28 31 24 26 19 20 18 19 17 17 14 15 12 13 11 12  9 10
  8  9  8  8  9  9  9  9]"
2024-11-05 19:56:45.274378,"(-12.85, 23.33)","(3823, 2464)","[17 10 19 20 16 18 16 15 20 19 22 22 21 22 17 19 16 17 16 16 14 15 13 13
 12 12 11 11 10 10 11 11 10 11 10 10 12 11 12 12 12 12 11 11 10 10 10 10
 11 10 11 11 11 11 12 12 12 12 11 11 10 10 12 10 14 14 15 14 11 16 10 11
  9  9  9  9 12 11 13 12 14 15 13 14 22 14 25 24 24 25 21 22 20 20 21 19
 30 25 35 34 34 35 29 32 24 26 19 21 14 15 13 14 12 12 11 11 10 10  9  9
  8  8  8  8 10  9 17 14]"
2024-11-05 19:56:58.634055,"(-4.28, 23.33)","(3933, 2463)","[17 10 19 20 16 18 16 15 20 19 22 22 21 22 17 19 16 17 16 16 14 15 13 13
 12 12 11 11 10 10 11 11 10 11 10 10 12 11 12 12 12 12 11 11 10 10 10 10
 11 10 11 11 11 11 12 12 12 12 11 11 10 10  9 10  9  9 10  9 11 11 10 11
  9  9  9  9 12 11 13 12 14 15 13 14 15 13 17 16 15 16 13 14 14 10 27 22
 33 31 36 35 35 36 31 33 26 29 22 24 15 19 13 14 11 12 10 11  8  9  7  8
  7  7  8  7  9  9  9  9]"
2024-11-05 19:57:11.994918,"(4.28, 23.33)","(4071, 2463)","[17  9 19 20 16 18 16 15 20 19 22 22 21 22 17 19 16 17 16 16 14 15 13 13
 12 12 11 11 10 10 11 11 10 11 10 10 12 11 12 12 12 12 11 11 10 10 10 10
 11 10 11 11 11 11 12 12 12 12 11 11 10 10  9 10  9  9 10  9 11 11 10 11
  9  9  9  9 14 11 20 18 20 21 18 19 17 17 16 17 14 15 10 10 19 15 28 24
 33 31 38 35 38 39 36 37 32 34 27 30 18 24 16 17 14 15 12 13 11 11 10 10
  9  9  8  8  9  9  9  9]"
2024-11-05 19:57:26.375094,"(12.85, 23.33)","(120, 2464)","[17  9 19 20 16 18 16 15 20 19 22 22 21 22 17 19 16 17 16 16 14 15 13 13
 12 12 11 11 10 10 11 11 10 11 10 10 12 11 12 12 12 12 11 11 10 10 10 10
 11 10 11 11 11 11 12 12 12 12 11 11 10 10  9 10  9  9 10  9 11 11 10 11
  9  9 16 12 29 22 34 32 33 34 29 32 25 27 21 23 17 18 13 13 16 13 34 26
 46 42 49 48 48 49 42 46 34 38 28 31 21 25 18 19 15 17 13 14 12 13 11 11
  9 10  9  9  9  9  9  9]"
2024-11-05 19:57:39.735790,"(21.42, 23.33)","(287, 2464)","[17  6 19 20 16 18 16 15 20 19 22 22 21 22 17 19 16 17 16 16 14 15 13 13
 12 12 11 11 10 10 11 11 10 11 10 10 12 11 12 12 12 12 11 11 10 10 10 10
 11 10 11 11 11 11 12 12 12 12 11 11 10 10  9 10  9  9 10  9 11 11 10 11
  9  9 22 14 37 30 44 42 44 45 40 42 30 35 24 27 18 20 14 14 12 13 15 12
 27 19 34 32 33 34 29 31 24 26 20 22 15 16 13 14 12 12 10 11  9  9  9  9
  8  9  8  8  9  9  9  9]"
2024-11-05 19:57:53.094983,"(30.0, 23.33)","(446, 2463)","[17 10 19 20 16 18 16 15 20 19 22 22 21 22 17 19 16 17 16 16 14 15 13 13
 12 12 11 11 10 10 11 11 10 11 10 10 12 11 12 12 12 12 11 11 10 10 10 10
 11 10 11 11 11 11 12 12 12 12 11 11 10 10  9 10  9  9 10  9 11 11 10 11
  9  9 21 12 37 30 44 42 43 44 39 42 31 35 24 27 19 21 14 15 13 14 17 13
 27 23 29 29 28 29 24 26 19 21 14 15 12 13 11 12 11 12 10 11  8  9  7  8
  7  7  8  7  9  9  9  9]"
2024-11-05 19:58:07.473579,"(38.57, 23.33)","(593, 2465)","[17  7 19 20 16 18 16 15 20 19 22 22 21 22 17 19 16 17 16 16 14 15 13 13
 12 12 11 11 10 10 11 11 10 11 10 10 12 11 12 12 12 12 11 11 10 10 10 10
 11 10 11 11 11 11 12 12 12 12 11 11 10 10  9 10  9  9 10  9 11 11 10 11
  9  9  9  9 27 19 37 33 41 40 40 41 38 39 34 36 30 32 27 28 26 27 29 26
 35 33 36 37 33 35 28 30 20 25 18 19 16 17 14 15 12 13 10 11  8  9  8  8
  7  7  8  7  9  9  9  9]"
2024-11-05 19:58:20.834070,"(47.14, 23.33)","(718, 2465)","[17  9 19 20 16 18 16 15 20 19 22 22 21 22 17 19 16 17 16 16 14 15 13 13
 12 12 11 11 10 10 11 11 10 11 10 10 12 11 12 12 12 12 11 11 10 10 10 10
 11 10 11 11 11 11 12 12 12 12 11 11 10 10  9 10  9  9 10  9 11 11 10 11
  9  9  9  9 20 15 26 23 34 30 37 36 36 37 33 35 28 30 24 26 23 23 27 24
 34 31 36 36 34 35 28 31 22 25 18 19 15 17 13 14 12 12 10 11  9  9  8  8
  7  8  8  7  9  9  9  9]"
2024-11-05 19:58:34.194299,"(55.71, 23.33)","(829, 2463)","[17  7 19 20 16 18 16 15 20 19 22 22 21 22 17 19 16 17 16 16 14 15 13 13
 12 12 11 11 10 10 11 11 10 11 10 10 12 11 12 12 12 12 11 11 10 10 10 10
 11 10 11 11 11 11 12 12 12 12 11 11 10 10  9 10  9  9 10  9 11 11 10 11
  9  9  9  9 12 11 13 12 14 15 13 14 17 16 18 18 16 17 15 15 16 10 25 21
 29 29 27 28 23 25 20 21 13 18 13 13 11 12 11 11 11 12 10 11  8  9  7  8
  7  7  8  7  9  9  9  9]"
2024-11-05 19:58:48.574436,"(64.28, 23.33)","(922, 2464)","[17  4 19 20 16 18 16 15 20 19 22 22 21 22 17 19 16 17 16 16 14 15 13 13
 12 12 11 11 10 10 11 11 10 11 10 10 12 11 12 12 12 12 11 11 10 10 10 10
 11 10 11 11 11 11 12 12 12 12 11 11 10 10  9 10  9  9 10  9 11 11 10 11
  9  9 18 11 25 22 25 25 23 24 20 22 18 19 17 17 15 16 10 10 16 10 31 25
 37 36 37 37 33 35 28 31 23 26 19 21 15 16 13 14 11 12 10 11  9  9  9  9
  8  8  8  8  9  9  9  9]"
2024-11-05 19:59:01.936973,"(72.85, 23.33)","(996, 2466)","[17 11 19 20 16 18 16 15 20 19 22 22 21 22 17 19 16 17 16 16 14 15 13 13
 12 12 11 11 10 10 11 11 10 11 10 10 12 11 12 12 12 12 11 11 10 10 10 10
 11 10 11 11 11 11 12 12 12 12 11 11 10 10  9 10  9  9 10  9 11 11 10 11
  9  9 17 12 26 22 27 27 26 27 25 25 25 25 26 26 25 26 21 23 21 20 31 27
 34 34 34 34 31 33 26 29 23 24 18 17 16 17 14 15 12 13 10 11  9 10  9  9
  9  9  8  8  9  9  9  9]"
2024-11-05 19:59:15.299442,"(81.42, 23.33)","(1061, 2464)","[17  7 19 20 16 18 16 15 20 19 22 22 21 22 17 19 16 17 16 16 14 15 13 13
 12 12 11 11 10 10 11 11 10 11 10 10 12 11 12 12 12 12 11 11 10 10 10 10
 11 10 11 11 11 11 12 12 12 12 11 11 10 10  9 10  9  9 10  9 11 11 10 11
 16  9 32 24 38 36 40 39 41 42 38 40 35 36 33 33 32 33 30 32 31 30 41 36
 46 45 46 47 42 45 35 38 31 32 27 29 22 24 18 20 15 17 12 13 10 11  9 10
  8  9  8  8  9  9  9  9]"
2024-11-05 19:59:29.679487,"(90.0, 23.33)","(1124, 2466)","[17  8 19 20 16 18 16 15 20 19 22 22 21 22 17 19 16 17 16 16 14 15 13 13
 12 12 11 11 10 10 11 11 10 11 10 10 12 11 12 12 12 12 11 11 10 10 10 10
 11 10 11 11 11 11 12 12 12 12 11 11 10 10  9 10  9  9 10  9 11 11 10 11
 23  9 39 32 45 43 44 45 40 43 37 38 34 35 34 33 38 36 39 39 39 39 45 42
 49 48 48 49 44 47 38 41 33 35 26 27 23 25 19 21 16 18 13 14 10 11  9  9
  9  9  9  9  9  9  9  9]"
2024-11-05 20:00:05.692548,"(-81.42, -23.33)","(3250, 2995)","[17  5 19 20 16 18 16 15 20 19 22 22 21 22 17 19 16 17 16 16 14 15 13 13
 12 12 11 11 10 10 11 11 10 11 10 10 12 11 12 12 18 12 28 23 34 32 33 34
 30 32 25 28 20 22 14 18 12 13 11 12 10 10  9 10  9  9 10  9 11 11 10 11
  9  9  9  9 12 11 13 12 14 15 13 14 12 13 11 11 10 10 10 10 19 16 27 23
 33 31 33 34 30 32 28 29 24 26 20 22 15 15 13 14 12 12 10 11  8  9  7  8
  7  7  8  7  9  9  9  9]"
2024-11-05 20:00:19.052822,"(-72.85, -23.33)","(3308, 2995)","[17 12 19 20 16 18 16 15 20 19 22 22 21 22 17 19 16 17 16 16 14 15 13 13
 12 12 11 11 10 10 11 11 10 11 10 10 12 11 12 12 12 12 11 11 16 14 18 17
 16 17 11 11 11 11 12 12 12 12 11 11 10 10  9 10  9  9 10  9 11 11 10 11
  9  9  9  9 12 11 13 12 14 15 13 14 12 13 11 11 10 10 10 10 15 13 15 15
 21 15 32 26 35 34 33 34 28 31 22 25 13 20 13 13 12 12 10 11  8  9  7  8
  7  7  8  7  9  9  9  9]"
2024-11-05 20:00:32.412020,"(-64.28, -23.33)","(3369, 2998)","[17  7 19 20 16 18 16 15 20 19 22 22 21 22 17 19 16 17 16 16 14 15 13 13
 12 12 11 11 10 10 11 11 10 11 10 10 12 11 12 12 12 12 11 11 10 10 10 10
 11 10 11 11 11 11 12 12 12 12 11 11 10 10  9 10  9  9 10  9 11 11 10 11
  9  9  9  9 12 11 13 12 14 15 13 14 12 13 11 11 10 10 10 10 13 10 22 17
 31 27 35 33 34 35 31 33 26 29 21 24 13 19 12 13 11 12 10 11  8  9  7  8
  7  7  8  7  9  9  9  9]"
2024-11-05 20:00:45.774472,"(-55.71, -23.33)","(3425, 2998)","[17  9 19 20 16 18 16 15 20 19 22 22 21 22 17 19 16 17 16 16 14 15 13 13
 12 12 11 11 10 10 11 11 10 11 10 10 12 11 12 12 12 12 11 11 10 10 10 10
 11 10 11 11 11 11 12 12 12 12 11 11 10 10  9 10  9  9 10  9 11 11 10 11
  9  9  9  9 12 11 13 12 14 15 13 14 12 13 11 11 10 10 10 10  9 10 17  9
 30 23 38 35 38 38 35 37 28 32 22 25 14 19 13 13 11 12 10 11  9  9  8  8
  7  8  8  8  9  9  9  9]"
2024-11-05 20:01:00.155079,"(-47.14, -23.33)","(3482, 2997)","[17  8 19 20 16 18 16 15 20 19 22 22 21 22 17 19 16 17 16 16 14 15 13 13
 12 12 11 11 10 10 11 11 10 11 10 10 12 11 12 12 12 12 11 11 20 17 22 21
 22 22 20 21 16 18 12 14 12 12 11 11 10 10  9 10  9  9 10  9 11 11 10 11
  9  9  9  9 12 11 13 12 14 15 13 14 12 13 11 11 10 10 10 10  9 10  9  9
 23 10 35 31 37 37 35 37 30 33 23 26 14 20 14 14 12 13 10 11  8  9  7  8
  7  7  8  7  9  9  9  9]"
2024-11-05 20:01:13.517750,"(-38.57, -23.33)","(3546, 2996)","[17  8 19 20 16 18 16 15 20 19 22 22 21 22 17 19 16 17 16 16 14 15 13 13
 12 12 11 11 10 10 11 11 10 11 10 10 12 11 12 12 12 12 11 11 16 10 19 18
 18 19 16 17 11 11 12 12 12 12 11 11 10 10  9 10  9  9 10  9 11 11 10 11
  9  9  9  9 12 11 13 12 14 15 13 14 12 13 11 11 10 10 10 10 12 10 17 15
 20 19 21 21 19 20 22 21 22 23 18 20 11 16 11 11 11 12 10 11  8  9  7  8
  7  7  8  7  9  9  9  9]"
2024-11-05 20:01:26.878160,"(-30.0, -23.33)","(3613, 2996)","[17  7 19 20 16 18 16 15 20 19 22 22 21 22 17 19 16 17 16 16 14 15 13 13
 12 12 11 11 10 10 11 11 10 11 10 10 12 11 12 12 12 12 11 11 10 10 10 10
 11 10 11 11 11 11 12 12 12 12 11 11 10 10  9 10  9  9 10  9 11 11 10 11
  9  9  9  9 12 11 13 12 14 15 13 14 12 13 11 11 10 10 10 10  9 10  9  9
 20 10 30 26 33 31 33 33 30 32 25 27 20 22 13 18 12 13 10 11 10 10  9  9
  8  8  8  8  9  9  9  9]"
2024-11-05 20:01:41.256657,"(-21.42, -23.33)","(3690, 2999)","[17  9 19 20 16 18 16 15 20 19 22 22 21 22 17 19 16 17 16 16 14 15 13 13
 12 12 11 11 10 10 11 11 10 11 10 10 12 11 12 12 12 12 11 11 10 10 10 10
 11 10 11 11 11 11 12 12 12 12 11 11 10 10  9 10  9  9 10  9 11 11 10 11
  9  9  9  9 12 11 13 12 14 15 13 14 12 13 11 11 10 10 10 10  9 10 12  9
 21 15 32 27 37 35 36 37 34 36 28 31 21 25 14 18 12 13 11 12  9 10  8  9
  7  7  8  7  9  9  9  9]"
2024-11-05 20:01:54.619028,"(-12.85, -23.33)","(3774, 2996)","[17  9 19 20 16 18 16 15 20 19 22 22 21 22 17 19 16 17 16 16 14 15 13 13
 12 12 11 11 10 10 11 11 10 11 10 10 12 11 12 12 12 12 11 11 10 10 10 10
 11 10 11 11 11 11 12 12 12 12 11 11 10 10  9 10  9  9 10  9 11 11 10 11
  9  9  9  9 12 11 13 12 14 15 13 14 12 13 11 11 10 10 10 10  9 10 13  9
 22 17 30 27 32 31 32 32 28 31 23 26 19 21 13 18 13 13 11 12 10 11  9 10
  8  8  8  8  9  9  9  9]"
2024-11-05 20:02:07.977343,"(-4.28, -23.33)","(3850, 2995)","[17  6 19 20 16 18 16 15 20 19 22 22 21 22 17 19 16 17 16 16 14 15 13 13
 12 12 11 11 10 10 11 11 10 11 10 10 12 11 12 12 12 12 11 11 10 10 10 10
 11 10 11 11 11 11 12 12 12 12 11 11 10 10  9 10  9  9 10  9 11 11 10 11
  9  9  9  9 12 11 13 12 14 15 13 14 12 13 11 11 10 10 16 12 18 17 20 18
 25 22 29 27 34 32 33 34 30 32 24 28 19 21 14 17 12 13 10 11  9 10  8  8
  7  7  8  7  9  9  9  9]"
2024-11-05 20:02:22.355014,"(4.28, -23.33)","(3976, 2997)","[17  8 19 20 16 18 16 15 20 19 22 22 21 22 17 19 16 17 16 16 14 15 13 13
 12 12 11 11 10 10 11 11 10 11 10 10 12 11 12 12 12 12 11 11 10 10 10 10
 11 10 11 11 11 11 12 12 12 12 11 11 10 10  9 10  9  9 10  9 11 11 10 11
  9  9  9  9 12 11 13 12 14 15 13 14 12 13 11 11 10 10 18 14 19 19 19 18
 20 20 26 21 35 31 34 35 31 33 25 28 20 23 15 19 13 14 11 12  9 10  8  9
  7  7  8  7  9  9  9  9]"
2024-11-05 20:02:35.717411,"(12.85, -23.33)","(13, 2998)","[17  8 19 20 16 18 16 14 20 19 22 22 21 22 17 19 16 17 16 16 14 15 13 13
 12 12 11 11 10 10 11 11 10 11 10 10 12 11 12 12 12 12 11 11 10 10 10 10
 11 10 11 11 11 11 12 12 12 12 11 11 10 10 12 10 21 16 26 24 27 27 27 27
 26 27 25 25 24 24 25 23 32 28 34 34 31 33 28 30 26 27 24 24 23 23 17 22
 17 17 31 24 37 35 36 37 32 35 27 30 21 25 19 20 15 17 12 14 10 11  8  9
  8  8  8  8  9  9  9  9]"
2024-11-05 20:02:49.079630,"(21.42, -23.33)","(172, 2998)","[17 12 21 21 19 20 18 18 20 19 22 22 21 22 17 19 16 17 16 16 14 15 13 13
 12 12 11 11 10 10 11 11 10 11 10 10 12 11 12 12 12 12 11 11 10 10 10 10
 11 10 11 11 11 11 12 12 12 12 11 11 10 10 20 14 33 28 38 37 38 38 37 38
 37 37 46 40 53 50 51 52 51 49 51 52 48 50 41 44 35 38 31 33 27 27 27 27
 27 27 34 31 35 34 33 34 27 32 26 27 25 26 23 24 21 22 19 20 18 18 16 17
 15 15 14 14 14 14 13 14]"
2024-11-05 20:03:03.459501,"(30.0, -23.33)","(336, 2997)","[17  7 19 20 16 18 16 15 20 19 22 22 21 22 17 19 16 17 16 16 14 15 13 13
 12 12 11 11 10 10 11 11 10 11 10 10 12 11 12 12 12 12 11 11 10 10 10 10
 11 10 11 11 11 11 12 12 12 12 11 11 10 10 13 10 25 19 31 30 30 31 26 28
 24 25 34 26 41 38 42 41 44 43 44 44 40 42 35 37 32 34 30 31 28 29 22 27
 21 21 29 26 31 31 30 31 26 28 22 23 21 22 20 20 20 20 20 20 19 20 17 18
 14 15 13 13 12 12 11 11]"
2024-11-05 20:03:16.824019,"(38.57, -23.33)","(497, 2998)","[17 12 19 20 16 18 16 15 20 19 22 22 21 22 17 19 16 17 16 16 14 15 13 13
 12 12 11 11 10 10 11 11 10 11 10 10 12 11 12 12 12 12 11 11 10 10 10 10
 11 10 11 11 11 11 12 12 12 12 11 11 10 10  9 10  9  9 10  9 11 11 10 11
 21  9 36 29 41 40 42 40 48 47 48 49 41 45 38 40 35 37 31 33 28 29 21 27
 21 21 20 20 29 27 29 29 27 29 21 21 21 21 21 21 21 21 19 20 18 19 16 17
 15 15 15 15 15 15 15 15]"
2024-11-05 20:03:30.184886,"(47.14, -23.33)","(633, 2996)","[17  5 19 20 16 18 16 15 20 19 22 22 21 22 17 19 16 17 16 16 14 15 13 13
 12 12 11 11 10 10 11 11 10 11 10 10 12 11 12 12 12 12 11 11 10 10 10 10
 11 10 11 11 11 11 12 12 12 12 11 11 10 10  9 10  9  9 10  9 11 11 16 11
 20 17 30 24 38 34 41 39 43 43 39 42 38 38 42 40 42 43 40 42 35 37 32 33
 31 31 31 31 30 30 30 30 28 29 23 23 22 22 20 21 25 20 26 26 21 25 19 20
 18 19 17 18 16 17 15 16]"
2024-11-05 20:03:44.569649,"(55.71, -23.33)","(751, 2994)","[17  6 19 20 16 18 16 15 20 19 22 22 21 22 17 19 16 17 16 16 14 15 13 13
 12 12 11 11 10 10 11 11 10 11 10 10 12 11 12 12 12 12 11 11 10 10 10 10
 11 10 11 11 11 11 12 12 12 12 11 11 10 10  9 10  9  9 10  9 20 15 25 23
 26 27 25 26 25 25 27 27 29 27 36 32 36 37 34 35 30 32 29 29 28 29 25 26
 28 25 35 32 39 37 39 39 38 39 34 36 30 32 23 28 23 23 20 22 18 19 16 17
 14 15 12 13 11 12 11 11]"
2024-11-05 20:03:57.932011,"(64.28, -23.33)","(858, 2997)","[17  4 19 20 16 18 16 14 20 19 22 22 21 22 17 19 16 17 16 16 14 15 13 13
 12 12 11 11 10 10 11 11 10 11 10 10 12 11 12 12 12 12 11 11 10 10 10 10
 11 10 11 11 11 11 12 12 12 12 11 11 10 10  9 10  9  9 10  9 11 11 15 11
 14 15 14 14 17 15 18 18 14 17 13 14 12 13 18 11 28 24 31 30 29 30 28 29
 32 27 40 36 42 41 42 42 40 41 37 39 34 36 30 32 26 28 21 22 19 20 17 18
 16 16 14 15 13 13 12 12]"
2024-11-05 20:04:11.291809,"(72.85, -23.33)","(950, 2998)","[17  8 19 20 16 18 16 14 20 19 22 22 21 22 17 19 16 17 16 16 14 15 13 13
 12 12 11 11 10 10 11 11 10 11 10 10 12 11 12 12 12 12 11 11 10 10 10 10
 11 10 11 11 11 11 12 12 12 12 11 11 10 10  9 10  9  9 10  9 11 11 14 11
 23 20 26 25 25 26 23 24 19 21 13 14 21 19 21 21 23 20 24 25 25 24 30 29
 30 30 31 30 30 30 27 28 25 27 25 25 27 26 26 27 25 26 22 23 18 19 17 18
 16 17 14 15 12 13 11 12]"
2024-11-05 20:04:25.672328,"(81.42, -23.33)","(1020, 2998)","[17  9 19 20 16 18 16 14 20 19 22 22 21 22 17 19 16 17 16 16 14 15 13 13
 12 12 11 11 10 10 11 11 10 11 10 10 12 11 12 12 12 12 11 11 10 10 10 10
 11 10 11 11 11 11 12 12 12 12 11 11 10 10  9 10  9  9 10  9 16 11 32 25
 41 39 42 42 40 41 37 39 33 34 30 31 30 30 28 29 26 27 23 24 18 18 22 18
 25 24 24 24 24 24 19 24 19 19 19 19 19 19 19 19 19 19 19 19 26 25 27 27
 26 27 20 20 18 19 15 16]"
2024-11-05 20:05:01.678033,"(-90.0, 26.66)","(3154, 2374)","[17  7 19 20 16 18 16 14 20 19 22 22 21 22 17 19 16 17 16 16 14 15 13 13
 12 12 11 11 10 10 11 11 10 11 10 10 12 11 12 12 12 12 11 11 10 10 10 10
 11 10 11 11 11 11 19 12 27 23 33 30 33 33 30 32 28 29 26 27 23 24 20 22
 14 19 14 14 14 14 14 14 14 15 19 16 31 25 36 34 35 36 32 34 33 33 33 33
 31 32 29 30 20 26 20 20 24 20 25 25 19 20 18 19 17 18 16 17 14 15 12 13
 10 11  9  9  9  9  9  9]"
2024-11-05 20:05:14.835955,"(-82.5, 26.66)","(3205, 2378)","[17 10 19 20 16 18 16 14 20 19 22 22 21 22 17 19 16 17 16 16 14 15 13 13
 12 12 11 11 10 10 11 11 10 11 10 10 12 11 12 12 12 12 11 11 10 10 10 10
 11 10 18 12 28 23 33 30 36 35 36 37 33 35 30 32 27 29 23 25 20 22 15 19
 13 14 12 12 12 11 13 12 14 15 28 21 37 33 38 38 36 38 34 34 33 33 31 32
 31 31 28 30 28 28 31 30 32 32 30 31 28 29 26 27 21 25 19 20 16 18 14 15
 12 13 12 12 11 11 10 10]"
2024-11-05 20:05:27.993449,"(-75.0, 26.66)","(3259, 2376)","[17  6 19 20 16 18 16 14 20 19 22 22 21 22 17 19 16 17 16 16 14 15 13 13
 12 12 11 11 10 10 11 11 10 11 10 10 12 11 12 12 12 12 11 11 10 10 10 10
 11 10 17 13 25 21 29 27 35 31 37 37 35 36 31 34 25 28 21 22 14 19 14 14
 14 14 13 13 12 12 13 12 14 15 19 14 22 21 28 25 32 31 32 32 30 31 26 27
 25 26 22 24 21 21 23 21 28 26 31 30 32 31 30 31 27 28 24 26 19 19 17 18
 15 16 12 13 10 11  9 10]"
2024-11-05 20:05:42.171592,"(-67.5, 26.66)","(3310, 2375)","[17 12 19 20 16 18 16 14 20 19 22 22 21 22 17 19 16 17 16 16 14 15 13 13
 12 12 11 11 10 10 11 11 10 11 10 10 12 11 12 12 12 12 11 11 10 10 13 10
 27 20 37 33 37 37 35 35 35 35 32 34 28 30 23 25 19 20 15 15 15 15 14 15
 14 14 13 13 12 12 13 12 14 15 13 14 12 13 14 11 15 15 20 17 20 20 19 19
 18 18 19 18 19 19 28 24 29 30 26 28 24 25 22 23 22 22 19 21 15 15 14 15
 13 13 12 12 11 11 10 10]"
2024-11-05 20:05:55.329414,"(-60.0, 26.66)","(3358, 2376)","[17 10 19 20 16 18 16 14 20 19 22 22 21 22 17 19 16 17 16 16 14 15 13 13
 12 12 11 11 10 10 11 11 10 11 10 10 12 11 12 12 12 12 11 11 10 10 10 10
 21 10 30 27 31 31 32 31 32 33 29 31 25 27 20 23 13 18 13 13 12 12 11 12
 10 11 10 10 12 11 13 12 14 15 13 14 12 13 13 11 17 16 17 17 16 16 15 16
 10 14 16 15 16 16 23 20 27 26 27 27 24 26 21 22 19 20 14 14 13 13 11 12
  9 10  9  9  9  9  9  9]"
2024-11-05 20:06:08.489824,"(-52.5, 26.66)","(3405, 2375)","[17 11 19 20 16 18 16 14 20 19 22 22 21 22 17 19 16 17 16 16 14 15 13 13
 12 12 11 11 10 10 11 11 10 11 10 10 12 11 12 12 12 12 11 11 10 10 10 10
 20 10 24 24 29 26 36 34 36 36 33 35 28 30 22 25 20 21 19 20 15 15 15 15
 14 15 13 14 12 12 13 12 14 15 13 14 12 13 11 11 10 10 10 10 15 10 19 17
 21 21 21 21 20 20 17 18 16 16 16 16 11 16 11 11 11 12 11 11 11 11 10 10
  9  9  9  9  9  9  9  9]"
2024-11-05 20:06:21.648760,"(-45.0, 26.66)","(3453, 2375)","[17  5 19 20 16 18 16 14 20 19 22 22 21 22 17 19 16 17 16 16 14 15 13 13
 12 12 11 11 10 10 11 11 10 11 10 10 12 11 12 12 12 12 11 11 10 10 10 10
 11 10 22 16 33 28 38 37 38 39 35 37 29 32 24 27 21 22 21 20 27 24 30 29
 29 30 27 28 22 24 16 20 15 15 13 14 12 13 11 11 10 10 10 10  9 10 16  9
 21 19 22 22 20 21 17 18 16 17 14 15 16 15 17 17 16 17 11 11 10 10  9  9
  7  8  8  7  9  9  9  9]"
2024-11-05 20:06:35.306024,"(-37.5, 26.66)","(3484, 2375)","[17  7 19 20 16 18 16 14 20 19 22 22 21 22 17 19 16 17 16 16 14 15 13 13
 12 12 11 11 10 10 11 11 10 11 10 10 12 11 12 12 12 12 11 11 10 10 10 10
 11 10 18 11 28 24 31 31 32 32 32 32 30 31 27 29 25 26 24 24 28 26 36 33
 37 37 34 36 27 31 18 24 17 18 14 15 12 13 11 12 10 10 10 10  9 10  9  9
 10 10 16 15 16 16 10 15 10 10 10 10 10 10 11 10 11 12 10 11  8  9  7  8
  7  7  8  7  9  9  9  9]"
2024-11-05 20:06:49.483115,"(-30.0, 26.66)","(3560, 2377)","[17 10 19 20 16 18 16 15 20 19 22 22 21 22 17 19 16 17 16 16 14 15 13 13
 12 12 11 11 10 10 11 11 10 11 10 10 12 11 12 12 12 12 11 11 10 10 10 10
 11 10 11 11 11 11 20 12 26 23 30 29 30 30 31 31 32 32 31 32 31 31 31 31
 29 30 26 28 23 24 16 21 16 16 14 15 13 13 16 13 19 18 21 20 21 21 20 20
 14 19 21 18 27 24 29 28 26 28 24 25 22 23 17 20 16 16 14 15 13 14 11 12
 10 10  9  9  9  9  9  9]"
2024-11-05 20:07:02.642304,"(-22.5, 26.66)","(3604, 2376)","[17  8 19 20 16 18 16 14 20 19 22 22 21 22 17 19 16 17 16 16 14 15 13 13
 12 12 11 11 10 10 11 11 10 11 10 10 12 11 12 12 12 12 11 11 10 10 10 10
 11 10 11 11 11 11 12 12 18 12 23 21 23 23 30 27 36 34 39 38 39 39 36 38
 32 34 28 30 23 25 16 20 15 16 13 14 15 13 21 19 22 22 20 21 20 20 14 19
 14 14 14 14 23 21 23 23 21 23 16 16 16 16 16 16 15 16 13 14 11 12 10 10
  8  9  8  8  9  9  9  9]"
2024-11-05 20:07:16.816502,"(-15.0, 26.66)","(3659, 2377)","[17  7 19 20 16 18 16 14 20 19 22 22 21 22 17 19 16 17 16 16 14 15 13 13
 12 12 11 11 10 10 11 11 10 11 10 10 12 11 12 12 12 12 11 11 10 10 10 10
 11 10 11 11 11 11 12 12 12 12 11 11 24 17 29 27 36 31 43 40 43 43 41 42
 36 39 30 33 27 28 26 26 24 25 19 19 19 19 19 19 18 18 18 18 18 18 18 18
 16 17 14 15 20 14 26 23 26 27 24 25 21 22 16 21 16 16 14 15 12 13 11 11
  9 10  9  9  9  9  9  9]"
2024-11-05 20:07:30.475115,"(-7.5, 26.66)","(3734, 2376)","[17  8 19 20 16 18 16 14 20 19 22 22 21 22 17 19 16 17 16 16 14 15 13 13
 12 12 11 11 10 10 11 11 10 11 10 10 12 11 12 12 12 12 11 11 10 10 10 10
 11 10 11 11 11 11 12 12 12 12 11 11 10 10  9 10 17  9 29 23 35 32 37 36
 35 36 31 33 27 29 26 27 24 26 21 23 21 16 32 27 38 36 39 39 37 38 30 33
 26 27 21 21 28 26 31 30 30 31 28 29 21 25 18 20 15 17 13 14 11 12 10 10
  9  9  9  9  9  9  9  9]"
2024-11-05 20:07:43.632347,"(0.0, 26.66)","(3819, 2375)","[17 11 19 20 16 18 16 14 20 19 22 22 21 22 17 19 16 17 16 16 14 15 13 13
 12 12 11 11 10 10 11 11 10 11 10 10 12 11 12 12 12 12 11 11 10 10 10 10
 11 10 11 11 11 11 12 12 12 12 11 11 10 10  9 10 17  9 27 22 31 30 31 31
 29 30 25 27 21 23 18 19 14 16 13 14 20 16 37 30 47 44 49 49 46 48 39 43
 33 34 33 32 39 36 38 39 35 37 30 32 23 27 19 21 16 18 13 15 11 12  9 10
  7  8  8  7  9  9  9  9]"
2024-11-05 20:07:56.789025,"(7.5, 26.66)","(3925, 2376)","[17 10 19 20 16 18 16 14 20 19 22 22 21 22 17 19 16 17 16 16 14 15 13 13
 12 12 11 11 10 10 11 11 10 11 10 10 12 11 12 12 12 12 11 11 10 10 10 10
 11 10 11 11 11 11 12 12 12 12 11 11 10 10  9 10 16  9 25 20 32 29 32 33
 29 32 23 26 18 21 13 16 14 15 13 14 14 13 24 19 31 29 31 32 28 30 25 26
 23 23 28 24 38 33 43 41 43 44 40 42 32 36 25 28 19 22 16 18 13 15 11 12
 10 10  9  9  9  9  9  9]"
2024-11-05 20:08:09.948134,"(15.0, 26.66)","(4045, 2375)","[17  4 19 20 16 18 16 14 20 19 22 22 21 22 17 19 16 17 16 16 14 15 13 13
 12 12 11 11 10 10 11 11 10 11 10 10 12 11 12 12 12 12 11 11 10 10 10 10
 11 10 11 11 11 11 12 12 12 12 11 11 10 10  9 10  9  9 10  9 20 17 22 22
 22 22 18 20 12 16 13 12 14 15 13 14 12 13 16 11 25 22 26 26 23 25 20 21
 17 18 26 19 40 34 45 44 44 45 38 41 33 35 27 29 19 24 18 19 15 16 12 14
 10 11  9  9  9  9  9  9]"
2024-11-05 20:08:23.106385,"(22.5, 26.66)","(79, 2376)","[17  8 19 20 16 18 16 14 20 19 22 22 21 22 17 19 16 17 16 16 14 15 13 13
 12 12 11 11 10 10 11 11 10 11 10 10 12 11 12 12 12 12 11 11 10 10 10 10
 11 10 11 11 11 11 12 12 12 12 11 11 10 10  9 10  9  9 10  9 11 11 10 11
  9  9  9  9 12 11 13 12 14 15 13 14 12 13 11 11 15 10 16 16 15 15 14 15
 10 14 17 14 23 20 24 24 28 25 29 29 27 29 23 25 19 20 13 13 13 13 11 12
  9 10  9  9  9  9  9  9]"
2024-11-05 20:08:36.265786,"(30.0, 26.66)","(203, 2375)","[17  8 19 20 16 18 16 14 20 19 22 22 21 22 17 19 16 17 16 16 14 15 13 13
 12 12 11 11 10 10 11 11 10 11 10 10 12 11 12 12 12 12 11 11 10 10 10 10
 11 10 11 11 11 11 12 12 12 12 11 11 10 10  9 10  9  9 10  9 11 11 10 11
  9  9  9  9 12 11 13 12 14 15 13 14 12 13 11 11 10 10 10 10  9 10  9  9
 10 10 15 12 29 22 35 33 35 35 33 34 29 31 24 27 20 22 14 14 13 13 11 12
  9 10  9  9  9  9  9  9]"
2024-11-05 20:08:49.425552,"(37.5, 26.66)","(351, 2376)","[17  4 19 20 16 18 16 14 20 19 22 22 21 22 17 19 16 17 16 16 14 15 13 13
 12 12 11 11 10 10 11 11 10 11 10 10 12 11 12 12 12 12 11 11 10 10 10 10
 11 10 11 11 11 11 12 12 12 12 11 11 10 10  9 10  9  9 10  9 11 11 10 11
  9  9  9  9 12 11 13 12 14 15 13 14 12 13 11 11 10 10 10 10  9 10  9  9
 16 10 31 22 44 38 49 47 48 49 45 47 39 42 31 35 24 28 17 18 16 17 13 14
 11 12  9 10  9  9  9  9]"
2024-11-05 20:09:02.584773,"(45.0, 26.66)","(485, 2375)","[17  5 19 20 16 18 16 14 20 19 22 22 21 22 17 19 16 17 16 16 14 15 13 13
 12 12 11 11 10 10 11 11 10 11 10 10 12 11 12 12 12 12 11 11 10 10 10 10
 11 10 11 11 11 11 12 12 12 12 11 11 10 10  9 10  9  9 10  9 11 11 10 11
  9  9  9  9 12 11 13 12 14 15 13 14 12 13 11 11 10 10 10 10  9 10 14  9
 18 15 28 23 38 33 41 40 41 41 40 41 35 38 27 31 20 23 15 16 14 14 12 13
 11 12 10 11  9 10  9  9]"
2024-11-05 20:09:15.741522,"(52.5, 26.66)","(609, 2378)","[17  9 19 20 16 18 16 14 20 19 22 22 21 22 17 19 16 17 16 16 14 15 13 13
 12 12 11 11 10 10 11 11 10 11 10 10 12 11 12 12 12 12 11 11 10 10 10 10
 11 10 11 11 11 11 12 12 12 12 11 11 10 10  9 10  9  9 10  9 11 11 10 11
  9  9  9  9 12 11 13 12 14 15 13 14 12 13 11 11 10 10 10 10  9 10 15  9
 25 18 35 31 41 39 41 42 38 41 33 35 29 31 23 26 16 21 15 16 13 14 11 12
 10 10  9  9  9  9  9  9]"
2024-11-05 20:09:29.403078,"(60.0, 26.66)","(723, 2380)","[17  7 19 20 16 18 16 14 20 19 22 22 21 22 17 19 16 17 16 16 14 15 13 13
 12 12 11 11 10 10 11 11 10 11 10 10 12 11 12 12 12 12 11 11 10 10 10 10
 11 10 11 11 11 11 12 12 12 12 11 11 10 10  9 10  9  9 10  9 11 11 10 11
  9  9  9  9 12 11 13 12 14 15 13 14 12 13 11 11 10 10 10 10  9 10  9  9
 18 10 29 24 36 33 39 38 38 39 35 37 29 33 22 25 14 18 12 13 10 11  9 10
  8  8  8  8  9  9  9  9]"
2024-11-05 20:09:43.576385,"(67.5, 26.66)","(817, 2385)","[17 11 19 20 16 18 16 14 20 19 22 22 21 22 17 19 16 17 16 16 14 15 13 13
 12 12 11 11 10 10 11 11 10 11 10 10 12 11 12 12 12 12 11 11 10 10 10 10
 11 10 11 11 11 11 12 12 12 12 11 11 10 10  9 10  9  9 10  9 11 11 10 11
  9  9  9  9 12 11 13 12 14 15 13 14 12 13 11 11 10 10 10 10  9 10  9  9
 10 10 23 17 32 28 34 34 32 34 26 30 20 23 13 18 12 13 11 12 10 11  9 10
  7  8  8  7  9  9  9  9]"
2024-11-05 20:09:56.735853,"(75.0, 26.66)","(901, 2423)","[17 10 19 20 16 18 15 14 20 19 22 22 21 22 17 19 16 17 16 16 14 15 13 13
 12 12 11 11 10 10 11 11 10 11 10 10 12 11 12 12 12 12 11 11 10 10 10 10
 11 10 11 11 11 11 12 12 12 12 11 11 10 10  9 10  9  9 10  9 11 11 10 11
  9  9  9  9 12 11 13 12 14 15 19 16 22 21 21 22 20 21 20 20 19 20 20 19
 29 23 37 34 38 38 37 38 31 35 24 27 16 20 14 15 11 12 10 11  8  9  7  8
  7  7  8  7  9  9  9  9]"
2024-11-05 20:10:10.911707,"(82.5, 26.66)","(971, 2425)","[17  5 19 20 16 18 15 14 20 19 22 22 21 22 17 19 16 17 16 16 14 15 13 13
 12 12 11 11 10 10 11 11 10 11 10 10 12 11 12 12 12 12 11 11 10 10 10 10
 11 10 11 11 11 11 12 12 12 12 11 11 10 10  9 10  9  9 10  9 11 11 10 11
  9  9  9  9 12 11 13 12 14 15 19 18 22 21 23 22 24 24 23 24 21 22 22 20
 33 27 41 38 41 41 38 40 31 35 24 27 18 22 16 17 13 14 11 12  9 10  8  8
  7  7  8  7  9  9  9  9]"
2024-11-05 20:10:24.068225,"(90.0, 26.66)","(1034, 2427)","[17  6 19 20 16 18 15 14 20 19 22 22 21 22 17 19 16 17 16 16 14 15 13 13
 12 12 11 11 10 10 11 11 10 11 10 10 12 11 12 12 12 12 11 11 10 10 10 10
 11 10 11 11 11 11 12 12 12 12 11 11 10 10  9 10  9  9 10  9 11 11 10 11
  9  9 19 14 31 25 37 34 38 38 36 37 32 34 31 30 32 32 31 32 28 30 24 25
 25 23 26 26 25 26 24 25 18 23 17 18 15 16 13 14 11 12 10 11  8  9  7  8
  7  7  8  8  9  9  9  9]"
2024-11-05 20:11:01.299216,"(-82.5, -26.66)","(3157, 3035)","[17 11 19 20 16 18 15 14 20 19 22 22 21 22 17 19 16 17 16 16 14 15 13 13
 12 12 11 11 10 10 11 11 10 11 10 10 12 11 12 12 12 12 11 11 10 10 10 10
 11 10 11 11 11 11 12 12 12 12 11 11 10 10  9 10  9  9 10  9 11 11 10 11
  9  9  9  9 22 17 34 29 37 37 35 36 30 33 26 28 23 24 22 22 19 20 15 18
 22 15 29 26 31 30 29 30 25 27 21 23 16 17 14 15 12 13 10 11  9  9  7  8
  7  7  8  7  9  9  9  9]"
2024-11-05 20:11:14.958008,"(-75.0, -26.66)","(3209, 3034)","[17  7 19 20 16 18 15 14 20 19 22 22 21 22 17 19 16 17 16 16 14 15 13 13
 12 12 11 11 10 10 11 11 10 11 10 10 12 11 12 12 12 12 16 14 15 16 10 14
 11 10 11 11 11 11 12 12 12 12 11 11 10 10  9 10  9  9 10  9 11 11 15 11
 14 14 13 14 12 11 13 12 14 15 13 14 12 13 11 11 10 10 10 10  9 10  9  9
 10 10 20 15 26 23 27 27 25 26 21 23 17 19 12 16 11 12 10 11  9 10  8  9
  7  8  8  7  9  9  9  9]"
2024-11-05 20:11:28.117945,"(-67.5, -26.66)","(3264, 3033)","[17  8 19 20 16 18 15 14 20 19 22 22 21 22 17 19 16 17 16 16 14 15 13 13
 12 12 11 11 10 10 11 11 10 11 10 10 12 11 12 12 18 12 24 21 26 26 25 26
 21 24 17 19 11 11 12 12 12 12 11 11 10 10  9 10  9  9 10  9 11 11 10 11
  9  9  9  9 12 11 13 12 14 15 13 14 12 13 11 11 10 10 10 10  9 10  9  9
 17 10 27 21 32 30 31 32 27 29 23 25 19 21 13 17 12 12 11 11 10 10  9  9
  8  8  8  8  9  9  9  9]"
2024-11-05 20:11:41.276915,"(-60.0, -26.66)","(3313, 3033)","[17  7 19 20 16 18 15 14 20 19 22 22 21 22 17 19 16 17 16 16 14 15 13 13
 12 12 11 11 10 10 11 11 10 11 10 10 12 11 12 12 12 12 11 11 10 10 10 10
 11 10 11 11 11 11 12 12 12 12 11 11 10 10  9 10  9  9 10  9 11 11 10 11
  9  9  9  9 12 11 13 12 14 15 13 14 12 13 11 11 10 10 10 10  9 10 14  9
 26 18 38 33 39 39 37 39 33 36 27 31 22 24 15 20 14 15 12 13 11 12 10 11
 10 10  9  9  9  9  9  9]"
2024-11-05 20:11:54.432937,"(-52.5, -26.66)","(3367, 3034)","[17  3 19 20 16 18 15 14 20 19 22 22 21 22 17 19 16 17 16 16 14 15 13 13
 12 12 11 11 10 10 11 11 10 11 10 10 12 11 12 12 12 12 11 11 10 10 10 10
 11 10 11 11 11 11 12 12 12 12 11 11 10 10  9 10  9  9 10  9 11 11 10 11
  9  9  9  9 12 11 13 12 14 15 13 14 12 13 11 11 10 10 10 10  9 10  9  9
 17 10 30 23 38 35 39 39 36 38 29 33 23 26 18 21 13 16 12 13 10 11  9  9
  8  8  8  8  9  9  9  9]"
2024-11-05 20:12:07.587990,"(-45.0, -26.66)","(3416, 3033)","[17  9 19 20 16 18 15 14 20 19 22 22 21 22 17 19 16 17 16 16 14 15 13 13
 12 12 11 11 10 10 11 11 10 11 10 10 12 11 12 12 12 12 11 11 10 10 10 10
 11 10 11 11 11 11 12 12 12 12 11 11 10 10  9 10  9  9 10  9 11 11 10 11
  9  9  9  9 12 11 13 12 14 15 13 14 12 13 11 11 10 10 10 10  9 10  9  9
 16 10 29 22 36 33 35 36 32 34 26 30 20 23 13 18 12 13 11 12 10 10  9  9
  8  8  8  8  9  9  9  9]"
2024-11-05 20:12:20.744043,"(-37.5, -26.66)","(3462, 3033)","[17 10 19 20 16 18 15 14 20 19 22 22 21 22 17 19 16 17 16 16 14 15 13 13
 12 12 11 11 10 10 11 11 10 11 10 10 12 11 12 12 12 12 11 11 10 10 10 10
 11 10 11 11 11 11 12 12 12 12 11 11 10 10  9 10  9  9 10  9 11 11 10 11
  9  9  9  9 12 11 13 12 14 15 13 14 12 13 11 11 10 10 10 10  9 10  9  9
 14 10 25 19 32 29 34 33 32 33 28 31 23 26 20 22 17 19 13 13 12 12 10 11
  9 10  9  9  9  9  9  9]"
2024-11-05 20:12:34.918876,"(-30.0, -26.66)","(3490, 3033)","[17 10 19 20 16 18 15 14 20 19 22 22 21 22 17 19 16 17 16 16 14 15 13 13
 12 12 11 11 10 10 11 11 10 11 10 10 12 11 12 12 12 12 11 11 10 10 10 10
 11 10 11 11 11 11 12 12 12 12 11 11 10 10  9 10  9  9 10  9 11 11 10 11
  9  9  9  9 12 11 13 12 14 15 13 14 12 13 11 11 10 10 10 10  9 10  9  9
 15 10 23 19 24 23 29 27 30 31 27 29 22 25 18 20 12 15 11 11  9 10  8  9
  8  8  8  8  9  9  9  9]"
2024-11-05 20:12:48.074649,"(-22.5, -26.66)","(3565, 3032)","[17  9 19 20 16 18 15 14 20 19 22 22 21 22 17 19 16 17 16 16 14 15 13 13
 12 12 11 11 10 10 11 11 10 11 10 10 12 11 12 12 12 12 11 11 10 10 10 10
 11 10 11 11 11 11 12 12 12 12 11 11 10 10  9 10  9  9 10  9 11 11 10 11
  9  9  9  9 12 11 13 12 14 15 13 14 12 13 11 11 10 10 10 10  9 10  9  9
 10 10 23 16 29 27 28 29 26 27 24 25 20 22 17 19 11 15 10 11  9  9  8  9
  7  7  8  7  9  9  9  9]"
2024-11-05 20:13:02.242955,"(-15.0, -26.66)","(3634, 3034)","[17  3 19 20 16 18 15 14 20 19 22 22 21 22 17 19 16 17 16 16 14 15 13 13
 12 12 11 11 10 10 11 11 10 11 10 10 12 11 12 12 12 12 11 11 10 10 10 10
 11 10 11 11 11 11 12 12 12 12 11 11 10 10  9 10  9  9 10  9 11 11 10 11
  9  9  9  9 12 11 13 12 14 15 13 14 12 13 11 11 10 10 10 10  9 10  9  9
 14 10 25 18 37 31 40 39 39 40 35 37 28 31 21 24 15 19 13 14 12 13 11 11
 10 10  9  9  9  9  9  9]"
2024-11-05 20:13:15.896927,"(-7.5, -26.66)","(3700, 3033)","[17  4 19 20 16 18 15 14 20 19 22 22 21 22 17 19 16 17 16 16 14 15 13 13
 12 12 11 11 10 10 11 11 10 11 10 10 12 11 12 12 12 12 11 11 10 10 10 10
 11 10 11 11 11 11 12 12 12 12 11 11 10 10  9 10  9  9 10  9 11 11 10 11
  9  9  9  9 12 11 13 12 14 15 13 14 12 13 11 11 10 10 10 10  9 10  9  9
 14 10 28 19 40 34 44 43 43 44 39 41 30 35 24 27 17 21 16 16 14 15 13 14
 11 12 10 11  9 10  9  9]"
2024-11-05 20:13:29.051696,"(0.0, -26.66)","(3781, 3031)","[17  9 19 20 16 18 15 14 20 19 22 22 21 22 17 19 16 17 16 16 14 15 13 13
 12 12 11 11 10 10 11 11 10 11 10 10 12 11 12 12 12 12 11 11 10 10 10 10
 11 10 11 11 11 11 12 12 12 12 11 11 10 10  9 10  9  9 10  9 11 11 10 11
  9  9  9  9 12 11 13 12 14 15 13 14 12 13 11 11 10 10 10 10  9 10  9  9
 10 10 15 15 26 20 27 27 26 26 25 26 21 23 16 18 11 14 10 11  9  9  8  9
  7  8  8  8  9  9  9  9]"
2024-11-05 20:13:42.207250,"(7.5, -26.66)","(3844, 3033)","[17  9 19 20 16 18 15 14 20 19 22 22 21 22 17 19 16 17 16 16 14 15 13 13
 12 12 11 11 10 10 11 11 10 11 10 10 12 11 12 12 12 12 11 11 10 10 10 10
 11 10 11 11 11 11 12 12 12 12 11 11 10 10  9 10  9  9 10  9 11 11 10 11
  9  9  9  9 12 11 13 12 14 15 13 14 12 13 11 11 10 10 10 10  9 10  9  9
 10 10 15 14 22 19 25 23 28 27 27 28 24 26 19 21 13 18 12 13 11 12  9 10
  8  8  8  8  9  9  9  9]"
2024-11-05 20:13:55.359518,"(15.0, -26.66)","(3949, 3033)","[17 10 19 20 16 18 15 14 20 19 22 22 21 22 17 19 16 17 16 16 14 15 13 13
 12 12 11 11 10 10 11 11 10 11 10 10 12 11 12 12 12 12 11 11 10 10 10 10
 11 10 11 11 11 11 12 12 12 12 11 11 10 10  9 10  9  9 10  9 11 11 10 11
  9  9  9  9 12 11 13 12 14 15 13 14 12 13 11 11 10 10 16 13 20 18 20 20
 19 20 18 18 26 22 35 31 37 37 35 36 32 34 25 28 20 22 15 16 13 14 12 12
 10 11  9  9  9  9  9  9]"
2024-11-05 20:14:08.505999,"(22.5, -26.66)","(4068, 3034)","[17  4 19 20 16 18 15 14 20 19 22 22 21 22 17 19 16 17 16 16 14 15 13 13
 12 12 11 11 10 10 11 11 10 11 10 10 12 11 12 12 12 12 11 11 10 10 10 10
 11 10 11 11 11 11 12 12 12 12 11 11 10 10  9 10 14  9 19 17 18 19 16 17
  9 14 20 15 25 23 24 25 25 24 25 26 21 23 19 20 17 18 12 12 19 17 19 19
 17 19 13 13 26 21 34 31 36 37 35 36 30 33 25 27 18 22 16 17 14 15 13 13
 11 12 10 10  9  9  9  9]"
2024-11-05 20:14:21.659505,"(30.0, -26.66)","(108, 3034)","[17 14 19 20 16 18 15 14 20 19 22 22 21 22 17 19 16 17 16 16 14 15 13 13
 12 12 11 11 10 10 11 11 10 11 10 10 12 11 12 12 12 12 11 11 10 10 10 10
 11 10 11 11 11 11 12 12 12 12 11 11 10 10 25 17 39 33 45 43 44 45 40 42
 36 37 40 37 45 43 46 46 44 45 41 43 36 39 34 35 31 33 28 30 24 24 21 23
 19 20 17 17 20 16 23 22 25 24 25 25 24 24 18 23 17 18 15 16 14 15 14 14
 14 14 14 14 12 13 11 11]"
2024-11-05 20:14:34.814272,"(37.5, -26.66)","(252, 3033)","[19 19 19 20 18 19 17 16 20 19 22 22 21 22 17 19 16 17 16 16 14 15 13 13
 12 12 11 11 10 10 11 11 10 11 10 10 12 11 12 12 12 12 11 11 10 10 10 10
 11 10 11 11 11 11 12 12 12 12 11 11 10 10 18 10 31 25 36 34 35 36 31 32
 39 30 52 46 57 55 56 56 54 55 52 54 45 49 42 43 39 40 35 37 27 32 25 26
 23 24 21 22 21 21 21 21 30 21 41 35 44 43 42 43 37 40 33 35 26 31 26 26
 25 26 23 24 20 22 17 19]"
2024-11-05 20:14:47.969071,"(45.0, -26.66)","(388, 3035)","[17  7 19 20 17 18 17 16 20 19 22 22 21 22 17 19 16 17 16 16 14 15 13 13
 12 12 11 11 10 10 11 11 10 11 10 10 12 11 12 12 12 12 11 11 10 10 10 10
 11 10 11 11 11 11 12 12 12 12 11 11 10 10  9 10 16  9 20 19 19 20 17 17
 27 19 42 35 50 47 52 51 51 51 49 50 46 48 42 44 37 39 30 33 23 27 21 22
 20 21 19 19 18 18 18 18 23 18 30 26 32 31 30 31 29 29 27 28 26 26 21 26
 20 21 19 20 16 17 13 15]"
2024-11-05 20:15:01.120811,"(52.5, -26.66)","(521, 3034)","[17  7 19 20 16 18 15 14 20 19 22 22 21 22 17 19 16 17 16 16 14 15 13 13
 12 12 11 11 10 10 11 11 10 11 10 10 12 11 12 12 12 12 11 11 10 10 10 10
 11 10 11 11 11 11 12 12 12 12 11 11 10 10  9 10  9  9 10  9 11 11 11 11
 26 17 40 34 47 44 48 48 47 47 45 46 40 42 38 39 37 38 36 36 35 36 34 35
 33 34 31 32 24 28 23 23 23 23 36 30 41 39 40 41 36 38 30 33 25 26 24 25
 23 24 21 22 18 19 16 17]"
2024-11-05 20:15:15.291413,"(60.0, -26.66)","(646, 3032)","[17  1 19 20 16 18 15 14 20 19 22 22 21 22 17 19 16 17 16 16 14 15 13 13
 12 12 11 11 10 10 11 11 10 11 10 10 12 11 12 12 12 12 11 11 10 10 10 10
 11 10 11 11 11 11 12 12 12 12 11 11 10 10  9 10  9  9 10  9 11 11 15 11
 30 22 41 36 45 43 44 45 43 44 42 42 40 41 38 39 37 36 39 38 38 39 37 38
 35 36 34 35 31 33 25 30 25 25 25 25 25 25 25 25 25 25 26 26 26 26 25 25
 24 25 23 24 22 23 22 22]"
2024-11-05 20:15:28.448161,"(67.5, -26.66)","(750, 3035)","[17  7 19 20 16 18 15 14 20 19 22 22 21 22 17 19 16 17 16 16 14 15 13 13
 12 12 11 11 10 10 11 11 10 11 10 10 12 11 12 12 12 12 11 11 10 10 10 10
 11 10 11 11 11 11 12 12 12 12 11 11 10 10  9 10 11  9 19 15 22 21 21 21
 25 21 31 28 33 32 33 33 33 34 31 33 27 29 26 27 25 26 34 27 42 38 43 43
 41 42 35 38 33 33 33 33 33 34 31 32 29 30 24 27 22 23 21 22 19 20 18 18
 16 17 16 16 16 16 15 15]"
2024-11-05 20:15:42.619471,"(75.0, -26.66)","(840, 3036)","[17  5 19 20 16 18 15 14 20 19 22 22 21 22 17 19 16 17 16 16 14 15 13 13
 12 12 11 11 10 10 11 11 10 11 10 10 12 11 12 12 12 12 11 11 10 10 10 10
 11 10 11 11 11 11 12 12 12 12 11 11 10 10  9 10  9  9 10  9 11 11 10 11
  9  9  9  9 12 11 13 12 14 15 13 14 12 13 17 11 24 19 32 28 39 36 40 39
 38 39 34 36 33 33 39 36 43 42 43 43 41 42 36 38 32 34 28 30 23 24 23 23
 21 22 18 20 15 17 12 13]"
2024-11-05 20:15:55.772564,"(82.5, -26.66)","(919, 3032)","[17  6 19 20 16 18 15 14 20 19 22 22 21 22 17 19 16 17 16 16 14 15 13 13
 12 12 11 11 10 10 11 11 10 11 10 10 12 11 12 12 12 12 11 11 10 10 10 10
 11 10 11 11 11 11 12 12 12 12 11 11 10 10  9 10  9  9 10  9 11 11 10 11
  9  9  9  9 12 11 13 12 19 15 26 22 32 29 31 32 29 30 31 30 34 33 35 35
 33 34 31 32 30 30 29 29 30 29 31 31 30 31 26 29 19 23 17 18 15 16 14 15
 12 13 11 12 10 10  9  9]"
2024-11-05 20:16:32.951384,"(-90.0, 30.0)","(3042, 2341)","[18 16 19 20 19 19 21 21 21 21 22 22 21 22 17 19 16 17 16 16 14 15 13 13
 12 12 11 11 10 10 12 11 12 13 11 12 12 12 12 12 12 12 11 11 10 10 10 10
 11 10 11 11 11 11 12 12 12 12 11 11 24 20 29 27 32 31 32 32 30 31 27 29
 23 25 21 21 22 21 22 22 25 22 26 26 25 25 24 24 25 24 27 25 28 27 26 27
 23 24 19 19 19 19 19 19 18 18 18 18 17 17 16 17 14 15 13 14 12 13 12 12
 11 11 11 11 10 10  9 10]"
2024-11-05 20:16:45.898747,"(-83.33, 30.0)","(3097, 2341)","[17  9 19 20 18 19 20 20 20 19 22 22 21 22 17 19 16 17 16 16 14 15 13 13
 12 12 11 11 10 10 11 11 11 11 12 11 12 12 12 12 12 12 11 11 10 10 10 10
 11 10 11 11 17 11 26 22 32 30 35 34 35 36 33 35 29 30 26 28 23 25 19 21
 15 18 13 14 12 12 17 12 25 22 26 26 26 26 24 25 25 24 35 29 39 38 37 38
 32 34 28 30 26 27 20 24 19 20 17 18 16 17 14 15 14 14 14 14 14 14 14 14
 13 14 11 12 10 11  9 10]"
2024-11-05 20:16:58.850034,"(-76.66, 30.0)","(3146, 2341)","[17  8 19 20 16 18 15 14 20 19 22 22 21 22 17 19 16 17 16 16 14 15 13 13
 12 12 11 11 10 10 11 11 10 11 10 10 12 11 12 12 12 12 11 11 10 10 10 10
 15 10 21 18 28 25 32 31 33 33 34 34 32 33 27 30 22 24 19 20 14 14 12 13
 11 12 10 10 15 11 29 22 39 35 42 41 41 42 37 38 36 36 35 35 33 34 30 31
 29 30 29 29 29 29 28 29 27 27 22 22 22 22 20 21 18 19 16 17 16 16 16 16
 14 15 12 13 10 11  9 10]"
2024-11-05 20:17:12.819191,"(-70.0, 30.0)","(3201, 2341)","[17  5 19 20 16 18 15 14 20 19 22 22 21 22 17 19 16 17 16 16 14 15 13 13
 12 12 11 11 10 10 11 11 10 11 10 10 12 11 12 12 12 12 11 11 10 10 18 10
 32 27 41 37 44 43 43 44 41 42 36 39 31 34 25 28 21 23 16 17 14 15 12 13
 11 12 10 11 12 11 21 12 31 28 34 34 34 34 33 33 34 34 33 33 31 33 26 28
 25 26 24 24 28 26 27 28 26 27 25 25 20 20 20 20 20 20 18 19 16 17 15 16
 13 14 12 12 10 11 10 10]"
2024-11-05 20:17:25.770169,"(-63.33, 30.0)","(3247, 2344)","[17  8 19 20 16 18 15 14 20 19 22 22 21 22 17 19 16 17 16 16 14 15 13 13
 12 12 11 11 10 10 11 11 10 11 10 10 12 11 12 12 12 12 11 11 14 10 17 17
 23 16 32 29 32 32 31 32 29 30 26 27 21 23 17 19 11 15 11 11 11 11 10 11
  9  9  9  9 12 11 13 12 14 15 13 14 21 19 24 24 24 24 26 25 24 25 24 23
 27 27 28 27 28 28 27 27 28 26 34 31 35 34 33 34 29 32 25 27 19 19 17 18
 15 16 13 14 11 12  9 10]"
2024-11-05 20:17:38.712863,"(-56.66, 30.0)","(3295, 2342)","[17  5 19 20 16 18 15 14 20 19 22 22 21 22 17 19 16 17 16 16 14 15 13 13
 12 12 11 11 10 10 11 11 10 11 10 10 12 11 12 12 12 12 11 11 18 12 29 24
 36 33 40 38 40 40 38 39 33 36 28 31 22 25 15 19 13 14 12 13 11 12 10 11
  9  9  9  9 12 11 13 12 14 15 13 14 18 13 22 21 24 23 24 24 23 24 23 23
 23 23 22 23 21 22 27 24 34 32 34 34 32 33 31 32 28 30 24 26 18 22 16 17
 14 15 12 13 10 11  9  9]"
2024-11-05 20:17:52.678603,"(-50.0, 30.0)","(3340, 2341)","[17  6 19 20 16 18 15 14 20 19 22 22 21 22 17 19 16 17 16 16 14 15 13 13
 12 12 11 11 10 10 11 11 10 11 10 10 12 11 12 12 12 12 11 11 10 10 23 16
 34 29 42 39 42 42 39 41 32 36 25 28 15 22 14 15 13 13 11 12 11 11 10 11
  9  9  9  9 12 11 13 12 14 15 13 14 13 13 16 16 15 16 14 14  9 10  9  9
 10 10  9  9 17 15 25 21 30 28 32 32 32 32 30 31 27 29 24 26 22 23 16 21
 14 15 13 14 13 13 13 13]"
2024-11-05 20:18:05.627616,"(-43.33, 30.0)","(3383, 2342)","[17 10 19 20 16 18 15 14 20 19 22 22 21 22 17 19 16 17 16 16 14 15 13 13
 12 12 11 11 10 10 11 11 10 11 10 10 12 11 12 12 12 12 11 11 10 10 16 10
 33 27 39 37 38 39 35 36 30 33 25 28 20 22 14 18 12 13 11 11 11 11 10 11
  9  9  9  9 12 11 13 12 14 15 13 14 12 13 11 11 10 10 10 10  9 10  9  9
 16 10 18 18 17 18 20 17 28 26 29 30 27 29 23 25 21 22 20 21 14 19 13 14
 12 13 10 11  9 10  9  9]"
2024-11-05 20:18:18.571454,"(-36.66, 30.0)","(3427, 2341)","[17  5 19 20 16 18 15 14 20 19 22 22 21 22 17 19 16 17 16 16 14 15 13 13
 12 12 11 11 10 10 11 11 10 11 10 10 12 11 12 12 12 12 11 11 16 10 27 22
 31 31 30 30 36 33 35 35 32 34 26 30 20 23 14 17 12 13 12 12 19 16 19 19
 18 19 13 13 12 13 13 12 14 15 13 14 12 13 11 11 10 10 10 10  9 10  9  9
 18 10 20 20 19 20 17 17 21 18 24 23 23 24 21 22 19 20 18 19 12 18 12 12
 12 12 11 12 10 10  9  9]"
2024-11-05 20:18:31.521887,"(-30.0, 30.0)","(3475, 2341)","[17  6 19 20 16 18 16 14 20 19 22 22 21 22 17 19 16 17 16 16 14 15 13 13
 12 12 11 11 10 10 11 11 10 11 10 10 12 11 12 12 12 12 11 11 10 10 22 16
 31 27 37 35 40 39 39 39 37 38 31 34 25 28 20 22 16 18 21 18 27 24 30 29
 30 31 27 29 18 25 17 18 15 16 13 14 12 13 11 11 10 10 10 10  9 10 14  9
 18 15 21 20 20 20 17 18 11 15 11 11 11 11 11 11 11 12 11 11 11 11 10 11
 10 10  9  9  9  9  9  9]"
2024-11-05 20:18:44.472071,"(-23.33, 30.0)","(3522, 2340)","[18 17 19 20 20 19 22 22 21 21 22 22 21 22 17 19 16 17 16 16 14 15 13 13
 12 12 11 11 10 10 11 11 10 11 10 10 12 11 12 12 12 12 11 11 10 10 10 10
 11 10 23 14 27 26 27 25 32 31 31 32 28 30 23 26 20 21 19 19 26 22 31 29
 31 32 28 30 24 26 21 23 16 19 15 15 14 14 13 13 13 13 13 13 12 12 11 11
 15 10 19 18 19 19 19 19 18 19 16 17 12 12 12 12 12 12 13 13 13 13 12 12
 12 12 17 16 12 17 12 12]"
2024-11-05 20:18:58.427260,"(-16.66, 30.0)","(3559, 2341)","[18 16 19 20 20 19 22 22 22 22 22 22 21 22 17 19 16 17 16 16 14 15 13 13
 12 12 11 11 10 10 11 11 10 11 10 10 12 11 12 12 12 12 11 11 10 10 10 10
 11 10 18 12 30 25 31 31 32 32 31 32 29 30 24 26 19 21 16 17 13 13 18 13
 17 18 13 13 13 13 13 13 14 15 13 14 12 13 11 11 15 10 20 18 20 20 20 20
 19 19 22 20 25 24 24 25 22 23 21 21 14 20 14 14 15 14 15 15 14 14 13 14
 11 12 10 11  9 10  9  9]"
2024-11-05 20:19:11.380080,"(-10.0, 30.0)","(3604, 2340)","[17  8 20 20 20 20 22 22 22 22 22 22 21 22 17 19 16 17 16 16 14 15 13 13
 12 12 11 11 10 10 11 11 10 11 10 10 12 11 12 12 12 12 11 11 10 10 10 10
 11 10 20 16 24 23 24 24 23 23 27 24 28 28 29 29 26 28 24 24 23 23 23 23
 22 23 19 21 15 15 14 14 14 15 13 14 12 13 11 11 10 10 10 10  9 10 15  9
 18 17 19 19 18 19 17 17 21 17 25 24 24 25 22 23 18 20 13 13 13 13 12 13
 11 12 11 11 11 11 10 10]"
2024-11-05 20:19:24.320679,"(-3.33, 30.0)","(3658, 2340)","[17  6 20 20 17 18 19 18 20 19 22 22 21 22 17 19 16 17 16 16 14 15 13 13
 12 12 11 11 10 10 11 11 10 11 10 10 12 11 12 12 12 12 11 11 10 10 10 10
 11 10 11 11 11 11 12 12 12 12 21 17 29 25 29 29 27 28 27 27 27 27 28 27
 30 30 29 30 24 27 21 23 15 19 15 15 13 14 12 13 12 12 17 16 17 18 17 17
 12 17 13 13 13 13 16 13 21 18 23 22 23 23 21 22 18 20 15 15 15 15 14 14
 13 13 12 12 11 11 10 10]"
2024-11-05 20:19:37.266185,"(3.33, 30.0)","(3721, 2341)","[17 10 20 20 16 18 16 14 20 19 22 22 21 22 17 19 16 17 16 16 14 15 13 13
 12 12 11 11 10 10 11 11 10 11 10 10 12 11 12 12 12 12 11 11 10 10 10 10
 11 10 11 11 11 11 12 12 12 12 11 11 16 14 20 16 30 26 33 33 33 33 32 32
 30 31 28 29 23 25 14 20 14 15 13 14 12 13 16 11 22 20 22 23 21 22 18 19
 12 17 12 12 12 12 12 12 10 11 15 12 17 16 15 16 11 14 11 11 10 11 10 10
  9  9  8  8  9  9  9  9]"
2024-11-05 20:19:50.208961,"(10.0, 30.0)","(3799, 2340)","[17  6 19 20 16 18 16 14 20 19 22 22 21 22 17 19 16 17 16 16 14 15 13 13
 12 12 11 11 10 10 11 11 10 11 10 10 12 11 12 12 12 12 11 11 10 10 10 10
 11 10 11 11 11 11 12 12 12 12 11 11 10 10  9 10  9  9 22 15 31 27 35 33
 36 36 34 35 28 31 23 25 20 21 18 19 19 13 31 25 40 37 41 42 38 40 30 34
 25 27 19 19 18 19 16 17 14 15 14 14 14 14 13 14 12 12 10 11  8  9  7  8
  7  7  8  7  9  9  9  9]"
2024-11-05 20:20:04.176493,"(16.66, 30.0)","(3880, 2339)","[17  8 19 20 16 18 16 14 20 19 22 22 21 22 17 19 16 17 16 16 14 15 13 13
 12 12 11 11 10 10 11 11 10 11 10 10 12 11 12 12 12 12 11 11 10 10 10 10
 11 10 11 11 11 11 12 12 12 12 11 11 10 10  9 10  9  9 10  9 24 16 35 31
 38 38 36 37 30 33 25 27 22 23 21 21 21 20 21 21 19 20 15 15 15 15 14 15
 14 14 13 13 13 13 13 13 13 13 14 14 14 14 14 14 13 14 12 12 11 11 10 11
  9 10  9  9  9  9  9  9]"
2024-11-05 20:20:17.132157,"(23.33, 30.0)","(3981, 2340)","[17 11 19 20 16 18 16 14 20 19 22 22 21 22 17 19 16 17 16 16 14 15 13 13
 12 12 11 11 10 10 11 11 10 11 10 10 12 11 12 12 12 12 11 11 10 10 10 10
 11 10 11 11 11 11 12 12 12 12 11 11 10 10  9 10  9  9 10  9 28 19 39 35
 41 41 38 40 32 35 27 29 24 25 22 23 15 20 15 15 15 15 15 15 14 15 13 14
 13 12 22 18 29 26 31 31 30 31 30 30 29 29 26 28 21 23 17 17 15 16 14 15
 12 13 11 12  9 10  9  9]"
2024-11-05 20:20:30.777474,"(30.0, 30.0)","(4093, 2340)","[17  4 19 20 16 18 16 14 20 19 22 22 21 22 17 19 16 17 16 16 14 15 13 13
 12 12 11 11 10 10 11 11 10 11 10 10 12 11 12 12 12 12 11 11 10 10 10 10
 11 10 11 11 11 11 12 12 12 12 11 11 10 10  9 10  9  9 10  9 20 14 31 27
 34 34 32 33 27 30 20 23 14 18 13 14 12 13 11 11 10 10 10 10  9 10  9  9
 10 10 15 14 17 16 18 16 28 21 35 33 36 36 34 35 29 32 24 26 20 22 14 19
 13 14 11 12  9 10  9  9]"
2024-11-05 20:20:43.727690,"(36.66, 30.0)","(120, 2341)","[17  9 19 20 16 18 16 14 20 19 22 22 21 22 17 19 16 17 16 16 14 15 13 13
 12 12 11 11 10 10 11 11 10 11 10 10 12 11 12 12 12 12 11 11 10 10 10 10
 11 10 11 11 11 11 12 12 12 12 11 11 10 10  9 10  9  9 10  9 11 11 10 11
  9  9  9  9 12 11 13 12 14 15 13 14 12 13 11 11 10 10 10 10  9 10  9  9
 10 10 15 14 15 15 20 16 29 26 31 31 31 31 31 31 27 30 22 24 14 20 13 13
 11 12  9 10  9  9  9  9]"
2024-11-05 20:20:57.696383,"(43.33, 30.0)","(244, 2341)","[17  9 19 20 16 18 16 14 20 19 22 22 21 22 17 19 16 17 16 16 14 15 13 13
 12 12 11 11 10 10 11 11 10 11 10 10 12 11 12 12 12 12 11 11 10 10 10 10
 11 10 11 11 11 11 12 12 12 12 11 11 10 10  9 10  9  9 10  9 11 11 10 11
  9  9  9  9 12 11 13 12 14 15 13 14 12 13 11 11 10 10 10 10  9 10  9  9
 10 10  9  9 13  8 20 15 29 26 32 32 32 32 30 31 26 29 22 24 18 20 13 17
 12 13 10 11  9 10  9  9]"
2024-11-05 20:21:10.639922,"(50.0, 30.0)","(362, 2341)","[17  8 19 20 16 18 16 14 20 19 22 22 21 22 17 19 16 17 16 16 14 15 13 13
 12 12 11 11 10 10 11 11 10 11 10 10 12 11 12 12 12 12 11 11 10 10 10 10
 11 10 11 11 11 11 12 12 12 12 11 11 10 10  9 10  9  9 10  9 11 11 10 11
  9  9  9  9 12 11 13 12 14 15 13 14 12 13 11 11 10 10 10 10  9 10  9  9
 10 10 16 15 19 17 22 21 27 22 32 30 32 32 29 31 23 26 19 21 13 18 12 13
 11 12 10 10  9 10  9  9]"
2024-11-05 20:21:23.589391,"(56.66, 30.0)","(484, 2339)","[17  7 19 20 20 20 22 22 21 21 22 22 21 22 19 20 17 18 16 16 14 15 13 13
 12 12 11 11 10 10 11 11 10 11 10 10 12 11 12 12 12 12 11 11 10 10 10 10
 11 10 11 11 11 11 12 12 12 12 11 11 10 10  9 10  9  9 10  9 11 11 10 11
  9  9  9  9 12 11 13 12 14 15 13 14 12 13 11 11 10 10 10 10  9 10  9  9
 15 10 15 15 17 15 31 25 39 36 42 41 42 42 40 41 35 38 30 32 26 28 18 23
 17 18 15 16 13 14 12 13]"
2024-11-05 20:21:36.538923,"(63.33, 30.0)","(598, 2340)","[17 10 19 20 17 18 19 19 20 19 22 22 21 22 17 19 16 17 16 16 14 15 13 13
 12 12 11 11 10 10 11 11 10 11 10 10 12 11 12 12 12 12 11 11 10 10 10 10
 11 10 11 11 11 11 12 12 12 12 11 11 10 10  9 10  9  9 10  9 11 11 10 11
  9  9  9  9 12 11 13 12 14 15 13 14 12 13 11 11 10 10 10 10  9 10  9  9
 13 10 17 16 23 20 25 25 28 25 31 30 31 31 28 30 23 26 19 21 14 14 13 13
 11 12 10 11 10 10  9  9]"
2024-11-05 20:21:49.481852,"(70.0, 30.0)","(701, 2341)","[17  4 19 20 20 20 23 22 22 22 22 22 21 22 18 19 16 17 16 16 14 15 13 13
 12 12 11 11 10 10 11 11 10 11 10 10 12 11 12 12 12 12 11 11 10 10 10 10
 11 10 11 11 11 11 12 12 12 12 11 11 11 10 15 14 15 15 13 14 11 11 10 11
  9  9  9  9 12 11 13 12 14 15 13 14 12 13 11 11 10 10 10 10  9 10  9  9
 14 10 17 16 18 17 28 24 31 31 30 30 28 29 26 27 23 25 20 22 14 15 13 14
 12 12 12 12 12 12 10 11]"
2024-11-05 20:22:02.435413,"(76.66, 30.0)","(785, 2340)","[17  6 19 20 16 18 16 15 20 19 22 22 21 22 17 19 16 17 16 16 14 15 13 13
 12 12 11 11 10 10 11 11 10 11 10 10 12 11 12 12 12 12 11 11 10 10 10 10
 11 10 11 11 11 11 12 12 12 12 11 11 10 10  9 10  9  9 10  9 11 11 10 11
  9  9  9  9 12 11 13 12 14 15 13 14 12 13 11 11 10 10 10 10  9 10  9  9
 10 10 14 14 13 14 16 14 22 21 24 23 23 24 21 22 17 19 11 11 11 11 10 10
  9  9  9  9  9  9  9  9]"
2024-11-05 20:22:15.386591,"(83.33, 30.0)","(864, 2340)","[16  9 19 20 16 18 16 15 20 19 22 22 21 22 17 19 16 17 16 16 14 15 13 13
 12 12 11 11 10 10 11 11 10 11 10 10 12 11 12 12 12 12 11 11 10 10 10 10
 11 10 11 11 11 11 12 12 12 12 11 11 10 10  9 10  9  9 10  9 11 11 10 11
  9  9  9  9 12 11 13 12 14 15 21 20 21 21 19 20 16 18 14 15 10 10 10 10
 10 10 10 10 14 10 19 16 28 25 31 30 30 31 26 28 21 24 14 14 13 14 11 12
  9 10  9  9  9  9  9  9]"
2024-11-05 20:22:29.350304,"(90.0, 30.0)","(931, 2341)","[16 11 19 20 16 18 16 15 20 19 22 22 21 22 17 19 16 17 16 16 14 15 13 13
 12 12 11 11 10 10 11 11 10 11 10 10 12 11 12 12 12 12 11 11 10 10 10 10
 11 10 11 11 11 11 12 12 12 12 11 11 10 10  9 10  9  9 10  9 11 11 10 11
  9  9  9  9 12 11 13 12 14 15 19 18 18 19 16 17 10 14 10 10  9 10  9  9
 10 10 14 13 15 15 15 14 22 17 29 27 29 29 26 28 21 24 16 18 12 13 10 11
  9  9  8  8  9  9  9  9]"
2024-11-05 20:23:05.708581,"(-83.33, -30.0)","(3046, 3052)","[16  5 19 20 16 18 16 15 20 19 22 22 21 22 17 19 16 17 16 16 14 15 13 13
 12 12 11 11 10 10 11 11 10 11 10 10 12 11 12 12 12 12 11 11 10 10 10 10
 11 10 11 11 11 11 12 12 12 12 11 11 10 10  9 10  9  9 10  9 11 11 10 11
  9  9  9  9 12 11 13 12 22 15 23 23 20 21 22 20 27 26 26 27 22 24 19 20
 17 17 19 17 26 23 29 28 28 29 26 27 21 24 15 20 14 15 12 13 10 11  9 10
  8  9  8  8  9  9  9  9]"
2024-11-05 20:23:18.660852,"(-76.66, -30.0)","(3104, 3073)","[16  9 19 20 16 18 16 15 20 19 22 22 21 22 17 19 16 17 16 16 14 15 14 14
 12 13 11 11 10 10 11 11 10 11 10 10 12 11 12 12 12 12 11 11 10 10 10 10
 11 10 11 11 11 11 12 12 12 12 11 11 10 10  9 10  9  9 10  9 11 11 10 11
  9  9  9  9 12 11 13 12 14 15 13 14 12 13 11 11 10 10 10 10  9 10  9  9
 10 10 16 13 26 21 33 30 34 34 31 33 26 28 20 23 14 18 13 13 12 12 10 11
  8  9  8  8  9  9  9  9]"
2024-11-05 20:23:31.606040,"(-70.0, -30.0)","(3156, 3074)","[16  5 19 20 16 18 16 15 20 19 22 22 21 22 17 19 16 17 16 16 14 15 13 14
 12 12 11 11 10 10 11 11 10 11 10 10 12 11 12 12 12 12 11 11 10 10 10 10
 11 10 11 11 11 11 12 12 12 12 11 11 10 10  9 10  9  9 10  9 11 11 10 11
  9  9  9  9 12 11 13 12 14 15 13 14 12 13 11 11 10 10 10 10  9 10  9  9
 10 10 15 12 19 17 26 22 30 30 28 29 23 26 18 21 12 16 11 12 10 10  8  9
  8  8  8  8  9  9  9  9]"
2024-11-05 20:23:44.556411,"(-63.33, -30.0)","(3206, 3072)","[16 10 19 20 16 18 16 15 20 19 22 22 21 22 17 19 16 17 16 16 14 15 13 13
 12 12 11 11 10 10 11 11 10 11 10 10 12 11 12 12 12 12 11 11 10 10 10 10
 11 10 11 11 11 11 12 12 12 12 11 11 10 10  9 10  9  9 10  9 11 11 10 11
  9  9  9  9 12 11 13 12 14 15 13 14 12 13 11 11 10 10 10 10  9 10  9  9
 10 10 14 12 26 20 34 31 36 37 34 36 28 31 22 25 17 19 13 14 12 12 10 11
  9  9  8  8  9  9  9  9]"
2024-11-05 20:23:57.508098,"(-56.66, -30.0)","(3252, 3074)","[16  8 19 20 17 18 20 19 21 20 22 22 21 22 17 19 16 17 16 16 15 15 14 14
 13 14 12 12 11 11 11 11 10 11 10 10 12 11 12 12 12 12 11 11 10 10 10 10
 11 10 11 11 11 11 12 12 12 12 11 11 10 10 12 10 15 15 15 15 11 11 10 11
  9  9  9  9 12 11 13 12 14 15 13 14 12 13 11 11 10 10 10 10  9 10  9  9
 15 10 17 16 26 21 36 31 39 39 37 38 33 35 27 30 22 25 16 17 15 16 14 14
 14 14 14 14 13 14 11 12]"
2024-11-05 20:24:10.461411,"(-50.0, -30.0)","(3299, 3073)","[16  4 19 20 23 21 24 24 22 23 22 22 22 22 21 22 19 20 18 18 16 17 14 15
 12 12 11 11 10 10 11 11 10 11 10 10 12 11 12 12 12 12 11 11 10 10 10 10
 11 10 11 11 11 11 12 12 12 12 11 11 10 10 13 10 15 14 14 15 11 11 10 11
  9  9  9  9 12 11 13 12 14 15 13 14 12 13 11 11 10 10 10 10 10 10 10 10
 16 10 18 17 18 18 22 18 30 28 30 30 27 28 22 24 19 20 14 15 13 14 12 13
 11 12 10 11 10 10  9  9]"
2024-11-05 20:24:23.412700,"(-43.33, -30.0)","(3345, 3074)","[16  8 19 20 17 18 20 19 21 19 22 22 21 22 19 20 18 18 17 17 15 16 13 14
 12 12 11 11 10 10 11 11 10 11 10 10 12 11 12 12 12 12 11 11 10 10 10 10
 11 10 11 11 11 11 12 12 12 12 11 11 10 10  9 10  9  9 10  9 11 11 10 11
  9  9  9  9 12 11 13 12 14 15 13 14 12 13 11 11 10 10 10 10  9 10  9  9
 10 10  9  9 18 15 29 24 34 33 34 35 32 33 27 29 23 25 19 21 15 15 14 14
 14 14 13 13 11 12 10 11]"
2024-11-05 20:24:36.363539,"(-36.66, -30.0)","(3385, 3072)","[16  9 19 20 16 18 16 15 20 19 22 22 21 22 17 19 16 17 16 16 14 15 13 13
 12 12 11 11 10 10 11 11 10 11 10 10 12 11 12 12 12 12 11 11 10 10 10 10
 11 10 11 11 11 11 12 12 12 12 11 11 10 10  9 10  9  9 10  9 11 11 10 11
  9  9  9  9 12 11 13 12 14 15 13 14 12 13 11 11 10 10 10 10  9 10  9  9
 10 10 14 14 18 16 20 17 30 27 31 31 28 30 23 26 17 20 12 13 11 12 10 11
  9 10  9  9  9  9  9  9]"
2024-11-05 20:24:49.305783,"(-30.0, -30.0)","(3428, 3074)","[16  6 19 20 16 18 16 15 20 19 22 22 21 22 17 19 16 17 16 16 14 15 13 13
 12 12 11 11 10 10 11 11 10 11 10 10 12 11 12 12 12 12 11 11 10 10 10 10
 11 10 11 11 11 11 12 12 12 12 11 11 10 10  9 10  9  9 10  9 11 11 10 11
  9  9  9  9 12 11 13 12 14 15 13 14 12 13 11 11 10 10 10 10  9 10  9  9
 10 10 14 13 17 16 22 19 30 27 31 31 28 30 22 25 18 20 12 12 11 12 10 10
  8  9  8  8  9  9  9  9]"
2024-11-05 20:25:02.256782,"(-23.33, -30.0)","(3473, 3075)","[16  6 19 20 16 18 16 15 20 19 22 22 21 22 17 19 16 17 16 16 14 15 13 13
 12 12 11 11 10 10 11 11 10 11 10 10 12 11 12 12 12 12 11 11 10 10 10 10
 11 10 11 11 11 11 12 12 12 12 11 11 10 10  9 10  9  9 10  9 11 11 10 11
  9  9  9  9 12 11 13 12 14 15 13 14 12 13 11 11 10 10 10 10  9 10  9  9
 10 10  9  9 21 17 29 26 32 32 32 32 27 30 21 24 17 19 12 12 11 12 10 10
  8  9  8  8  9  9  9  9]"
2024-11-05 20:25:15.208901,"(-16.66, -30.0)","(3520, 3072)","[16  9 19 20 16 18 16 15 20 19 22 22 21 22 17 19 16 17 16 16 14 15 13 13
 12 12 11 11 10 10 11 11 10 11 10 10 12 11 12 12 12 12 11 11 10 10 10 10
 11 10 11 11 11 11 12 12 12 12 11 11 10 10  9 10  9  9 10  9 11 11 10 11
  9  9  9  9 12 11 13 12 14 15 13 14 12 13 11 11 10 10 10 10  9 10  9  9
 10 10  9  9 14 14 17 16 23 17 31 28 31 31 26 29 21 23 16 18 12 12 11 11
  9 10  9  9  9  9  9  9]"
2024-11-05 20:25:29.169661,"(-10.0, -30.0)","(3572, 3073)","[16 11 19 20 16 18 16 15 20 19 22 22 21 22 17 19 16 17 16 16 14 15 13 13
 12 12 11 11 10 10 11 11 10 11 10 10 12 11 12 12 12 12 11 11 10 10 10 10
 11 10 11 11 11 11 12 12 12 12 11 11 10 10  9 10  9  9 10  9 11 11 10 11
  9  9  9  9 12 11 13 12 14 15 13 14 12 13 11 11 10 10 10 10  9 10  9  9
 10 10 14 13 16 15 25 21 31 28 32 32 30 31 26 29 20 23 16 18 12 12 10 11
  9  9  8  8  9  9  9  9]"
2024-11-05 20:25:42.120566,"(-3.33, -30.0)","(3624, 3074)","[17 13 19 20 16 18 16 15 20 19 22 22 21 22 17 19 16 17 16 16 14 15 13 13
 12 12 11 11 10 10 11 11 10 11 10 10 12 11 12 12 12 12 11 11 10 10 10 10
 11 10 11 11 11 11 12 12 12 12 11 11 10 10  9 10  9  9 10  9 11 11 10 11
  9  9  9  9 12 11 13 12 14 15 13 14 12 13 11 11 10 10 10 10  9 10  9  9
 10 10  9  9 12  8 17 13 27 23 31 30 31 31 28 30 23 25 18 20 12 17 11 11
 10 10  9  9  9  9  9  9]"
2024-11-05 20:25:55.570943,"(3.33, -30.0)","(3674, 3075)","[16  7 19 20 16 18 16 15 20 19 22 22 21 22 17 19 16 17 16 16 14 15 13 13
 12 12 11 11 10 10 11 11 10 11 10 10 12 11 12 12 12 12 11 11 10 10 10 10
 11 10 11 11 11 11 12 12 12 12 11 11 10 10  9 10  9  9 10  9 11 11 10 11
  9  9  9  9 12 11 13 12 14 15 13 14 12 13 11 11 10 10 10 10  9 10  9  9
 10 10  9  9 15 14 20 18 20 20 24 21 24 24 23 24 20 22 16 18 11 11 10 10
  9  9  8  8  9  9  9  9]"
2024-11-05 20:26:08.516918,"(10.0, -30.0)","(3725, 3075)","[16  5 19 20 16 18 16 15 20 19 22 22 21 22 17 19 16 17 16 16 14 15 13 13
 12 12 11 11 10 10 11 11 10 11 10 10 12 11 12 12 12 12 11 11 10 10 10 10
 11 10 11 11 11 11 12 12 12 12 11 11 10 10  9 10  9  9 10  9 11 11 10 11
  9  9  9  9 12 11 13 12 14 15 13 14 12 13 11 11 10 10 10 10  9 10  9  9
 10 10  9  9 17 15 26 22 30 29 29 30 28 28 27 27 24 26 19 21 13 17 12 13
 11 12  9 10  9  9  9  9]"
2024-11-05 20:26:21.467608,"(16.66, -30.0)","(3789, 3073)","[16 11 19 20 16 18 16 15 20 19 22 22 21 22 17 19 16 17 16 16 14 15 13 13
 12 12 11 11 10 10 11 11 10 11 10 10 12 11 12 12 12 12 11 11 10 10 10 10
 11 10 11 11 11 11 12 12 12 12 11 11 10 10  9 10  9  9 10  9 11 11 10 11
  9  9  9  9 12 11 13 12 14 15 13 14 12 13 11 11 10 10 10 10  9 10  9  9
 10 10 15 13 17 15 24 21 29 28 28 29 24 26 22 23 18 21 14 16 11 11 10 10
  9 10  9  9  9  9  9  9]"
2024-11-05 20:26:34.419451,"(23.33, -30.0)","(3873, 3076)","[16  7 19 20 16 18 16 15 20 19 22 22 21 22 17 19 16 17 16 16 14 15 13 13
 12 12 11 11 10 10 11 11 10 11 10 10 12 11 12 12 12 12 11 11 10 10 10 10
 11 10 11 11 11 11 12 12 12 12 11 11 10 10  9 10  9  9 10  9 11 11 10 11
  9  9  9  9 12 11 13 12 14 15 13 14 12 13 11 11 10 10 10 10  9 10  9  9
 10 10  9  9 13 13 18 15 21 21 27 22 30 29 29 30 25 28 21 23 13 19 13 13
 11 12  9 10  9  9  9  9]"
2024-11-05 20:26:47.371136,"(30.0, -30.0)","(3972, 3073)","[16  9 19 20 16 18 18 18 20 19 22 22 21 22 17 19 16 17 16 16 14 15 14 14
 13 13 11 12 10 11 11 11 10 11 10 10 12 11 12 12 12 12 11 11 10 10 10 10
 11 10 11 11 11 11 12 12 12 12 11 11 10 10  9 10  9  9 10  9 11 11 10 11
  9  9  9  9 12 11 13 12 14 15 13 14 12 13 11 11 10 10 10 10  9 10  9  9
 15 10 16 16 15 15 18 15 25 23 24 25 31 28 30 31 26 29 20 23 14 19 13 14
 12 13 11 12 10 11  9  9]"
2024-11-05 20:27:00.313653,"(36.66, -30.0)","(4087, 3076)","[16 10 19 20 16 18 16 15 20 19 22 22 21 22 17 19 16 17 16 16 15 16 14 15
 13 13 11 12 10 11 11 11 10 11 10 10 12 11 12 12 12 12 11 11 10 10 10 10
 11 10 11 11 11 11 12 12 12 12 11 11 10 10  9 10 14  9 15 14 11 11 10 11
  9  9  9  9 12 11 13 12 14 15 13 14 12 13 11 11 10 10 10 10  9 10  9  9
 10 10 14 13 14 14 14 13 18 15 31 23 38 35 36 37 33 35 29 31 24 26 19 21
 14 17 12 13 10 11  9 10]"
2024-11-05 20:27:13.260838,"(43.33, -30.0)","(113, 3074)","[17 13 19 20 16 18 16 15 20 19 22 22 21 22 17 19 16 17 16 16 14 15 13 13
 12 12 11 11 10 10 11 11 10 11 10 10 12 11 12 12 12 12 11 11 10 10 10 10
 11 10 11 11 11 11 12 12 12 12 11 11 10 10 12 10 27 21 32 31 30 31 26 27
 25 25 25 25 27 26 34 31 38 37 38 38 33 36 28 30 27 27 27 27 25 26 19 23
 19 19 19 19 19 19 18 19 22 18 25 24 28 26 36 34 35 36 29 32 21 26 20 21
 19 20 18 19 16 17 14 15]"
2024-11-05 20:27:26.208852,"(50.0, -30.0)","(237, 3075)","[17 12 19 20 16 18 16 15 20 19 22 22 21 22 17 19 16 17 16 16 14 15 13 13
 12 12 15 12 17 16 16 16 13 15 10 12 12 11 12 12 12 12 11 11 10 10 10 10
 11 10 11 11 11 11 12 12 12 12 11 11 15 10 20 18 23 22 30 25 30 31 29 30
 36 28 47 42 51 49 54 52 56 56 54 56 48 51 44 46 42 43 41 42 37 39 34 36
 28 32 27 28 24 26 26 23 40 30 53 48 56 55 54 56 49 52 43 46 39 41 31 37
 29 30 27 28 25 26 21 23]"
2024-11-05 20:27:39.157066,"(56.66, -30.0)","(365, 3076)","[18 17 19 20 16 18 16 15 20 19 22 22 21 22 17 19 16 17 16 16 14 15 13 13
 12 12 11 11 10 10 11 11 10 11 10 10 12 11 12 12 12 12 11 11 10 10 10 10
 11 10 16 13 16 17 12 15 12 12 11 11 10 10  9 10 13  9 20 16 22 21 21 21
 30 22 43 37 49 47 49 49 48 48 46 47 40 43 35 37 33 34 31 32 23 29 23 23
 22 23 22 22 22 22 27 21 44 34 57 52 61 59 59 60 53 57 45 49 37 41 30 33
 28 29 25 26 22 23 19 20]"
2024-11-05 20:27:53.126401,"(63.33, -30.0)","(485, 3073)","[16  6 19 20 16 18 16 15 20 19 22 22 21 22 17 19 16 17 16 16 14 15 13 13
 12 12 11 11 11 11 11 11 10 11 10 10 12 11 12 12 12 12 11 11 10 10 10 10
 11 10 19 15 19 19 17 18 12 16 11 11 10 10  9 10  9  9 10  9 11 11 17 11
 24 20 34 29 47 40 51 49 50 50 47 49 43 45 39 41 37 38 36 36 33 34 31 32
 32 31 34 33 34 34 31 33 32 29 42 37 46 45 45 46 41 43 38 40 35 37 30 34
 28 29 26 27 24 25 22 23]"
2024-11-05 20:28:06.076219,"(70.0, -30.0)","(596, 3075)","[16  9 19 20 16 18 16 15 20 19 22 22 21 22 17 19 16 17 16 16 14 15 13 13
 12 12 11 11 10 10 11 11 10 11 10 10 12 11 12 12 12 12 11 11 10 10 10 10
 19 10 26 24 26 27 23 25 18 20 16 17 10 15 10 10 15 10 16 17 11 16 11 11
 24 11 39 33 47 44 50 49 48 49 43 46 40 41 39 39 40 39 41 41 40 41 39 39
 37 38 35 36 27 33 32 27 35 32 41 38 42 42 40 41 36 38 33 34 29 29 26 28
 23 25 21 22 20 21 19 20]"
2024-11-05 20:28:19.020773,"(76.66, -30.0)","(698, 3074)","[16 11 19 20 16 18 16 15 20 19 22 22 21 22 17 19 16 17 16 16 14 15 13 13
 12 12 11 11 10 10 11 11 10 11 10 10 12 11 12 12 12 12 11 11 10 10 10 10
 15 10 23 20 23 23 20 22 16 18 11 11 10 10 14 10 22 19 24 24 23 23 28 27
 29 28 39 33 42 41 41 41 38 39 34 36 32 33 32 32 31 31 30 31 31 31 35 34
 33 34 29 31 23 27 26 23 31 29 35 33 36 36 34 35 30 32 25 25 25 25 24 25
 23 23 21 22 21 20 30 26]"
2024-11-05 20:28:31.972023,"(83.33, -30.0)","(786, 3074)","[16  7 19 20 16 18 16 15 20 19 22 22 21 22 17 19 16 17 16 16 14 15 13 13
 12 12 11 11 10 10 11 11 10 11 10 10 12 11 12 12 12 12 11 11 10 10 10 10
 11 10 11 11 11 11 12 12 12 12 11 11 10 10  9 10  9  9 10  9 11 11 10 11
 15  9 22 17 26 24 26 26 25 25 23 24 21 22 19 20 19 17 28 22 37 33 39 38
 39 39 37 38 33 35 31 32 31 30 37 33 37 37 34 36 30 31 29 30 23 28 22 23
 20 21 16 18 13 15 15 12]"
