Measure Time,Commanded trajectory,Real trajectory,Curve,az LS,923,el LS,2322
2024-11-05 18:03:21.473530,"(0.0, 0.0)","(3596, 2728)","[28 19 26 27 25 25 26 26 27 26 28 27 29 28 29 29 28 29 27 28 26 27 25 26
 23 24 22 23 20 21 17 18 14 15 11 13 12 12 12 12 12 12 11 11 10 10 10 10
 11 10 11 11 11 11 12 12 12 12 11 11 14 10 17 16 20 19 22 21 21 21 19 19
 21 18 24 23 26 25 31 29 35 33 40 37 41 41 40 41 45 40 56 50 59 58 57 58
 54 56 51 53 47 49 42 45 38 40 31 31 29 30 26 27 23 24 20 21 18 19 16 17
 15 16 14 14 13 13 11 12]"
2024-11-05 18:03:46.211405,"(-90.0, 3.33)","(2853, 2687)","[28  9 26 27 25 25 26 26 25 26 24 24 23 23 21 22 20 21 18 20 14 16 13 13
 12 12 11 11 10 10 11 11 10 11 10 10 12 11 12 12 12 12 11 11 10 10 10 10
 11 10 11 11 11 11 12 12 12 12 11 11 10 10 14 10 14 14 14 14 11 11 14 11
 14 14 10  9 17 15 13 17 14 15 19 19 19 18 28 23 37 33 46 42 49 48 47 48
 43 44 39 41 36 38 31 34 26 28 20 22 18 19 16 17 14 15 13 13 12 12 11 11
 11 11 10 10 10 10 10 10]"
2024-11-05 18:04:06.680729,"(-30.0, 3.33)","(3338, 2689)","[27 11 26 27 25 25 27 27 26 26 24 25 23 24 22 22 21 21 19 20 14 16 13 14
 13 13 11 12 10 11 11 11 10 11 10 10 12 11 12 12 12 12 11 11 10 10 10 10
 11 10 11 11 11 11 12 12 12 12 11 11 10 10 16 14 16 16 15 16 11 11 16 11
 17 17 17 17 18 17 18 18 21 19 23 22 23 23 28 24 41 35 52 47 55 54 53 54
 47 51 40 43 36 38 31 34 24 29 23 24 20 22 18 19 15 17 13 14 11 12 10 11
  9  9 10  9 10 10 10 10]"
2024-11-05 18:04:27.649970,"(30.0, 3.33)","(3897, 2689)","[27 17 25 27 25 25 26 26 25 25 24 24 22 23 21 21 20 20 16 19 14 15 13 13
 12 12 11 11 10 10 11 11 10 11 10 10 12 11 12 12 12 12 11 11 10 10 10 10
 11 10 11 11 11 11 12 12 12 12 11 11 10 10  9 10  9  9 10  9 11 11 10 11
  9  9  9  9 12 11 13 12 21 15 25 24 25 25 35 29 47 40 58 53 59 59 56 58
 50 54 46 48 43 45 38 41 31 35 25 26 23 24 20 21 17 18 14 15 12 13 11 11
 10 11  9 10  9  9  9  9]"
2024-11-05 18:04:48.120334,"(90.0, 3.33)","(820, 2692)","[27 26 25 27 25 25 25 26 22 23 22 22 21 22 18 19 17 17 16 16 14 15 13 13
 12 12 11 11 10 10 11 11 10 11 10 10 12 11 12 12 12 12 11 11 10 10 10 10
 11 10 11 11 11 11 12 12 12 12 11 11 10 10 13 10 15 15 16 15 16 16 17 17
 16 17 11 11 21 18 22 22 25 21 34 29 35 34 43 38 57 50 68 64 70 69 67 69
 61 65 54 58 49 52 43 46 37 41 31 32 28 29 24 26 20 22 18 19 17 17 17 17
 16 17 15 16 14 14 12 13]"
2024-11-05 18:05:16.915835,"(-30.0, -3.33)","(3366, 2767)","[27  8 25 27 25 25 26 26 25 25 24 25 21 23 18 19 16 17 16 16 14 15 13 13
 12 12 11 11 10 10 11 11 10 11 10 10 12 11 12 12 12 12 11 11 10 10 10 10
 11 10 11 11 11 11 12 12 12 12 11 11 10 10  9 10  9  9 10  9 11 11 10 11
  9  9  9  9 12 11 13 12 14 15 19 17 34 26 47 42 52 52 47 51 54 50 53 54
 50 52 45 48 39 42 32 35 25 30 24 25 22 23 19 20 18 18 17 17 16 17 15 16
 15 15 14 14 14 14 14 14]"
2024-11-05 18:05:37.381654,"(30.0, -3.33)","(3895, 2765)","[27  5 25 26 25 25 26 26 24 25 23 23 21 22 18 20 17 18 16 17 14 15 13 13
 12 12 11 11 10 10 11 11 10 11 10 10 12 11 12 12 12 12 11 11 10 10 10 10
 11 10 11 11 11 11 12 12 12 12 11 11 10 10  9 10  9  9 10  9 11 11 10 11
  9  9  9  9 12 11 13 12 14 15 13 14 16 13 31 23 45 40 50 49 50 50 48 49
 46 47 44 45 39 42 33 36 27 29 22 22 20 21 18 19 16 17 14 15 13 13 11 12
 10 11 10 10  9  9  9  9]"
2024-11-05 18:06:07.694347,"(-90.0, 6.66)","(2836, 2655)","[26  6 25 26 25 25 25 26 22 22 22 22 21 22 18 19 17 18 16 16 14 15 13 14
 12 12 11 11 10 10 11 11 10 11 10 10 12 11 12 12 12 12 11 11 10 10 10 10
 11 10 11 11 11 11 12 12 12 12 11 11 10 10  9 10  9  9 10  9 11 11 10 11
  9  9  9  9 12 11 13 12 14 15 18 15 21 20 20 20 30 21 44 38 48 47 46 48
 42 43 39 41 34 36 30 31 25 28 19 20 18 19 16 17 14 15 13 13 12 12 10 11
  9 10  9  9  9  9  9  9]"
2024-11-05 18:06:24.100470,"(-60.0, 6.66)","(3139, 2657)","[26 13 25 26 25 25 24 26 21 20 22 22 21 22 19 19 18 18 17 17 16 16 14 15
 12 12 11 11 10 10 11 11 10 11 10 10 12 11 12 12 12 12 11 11 10 10 10 10
 11 10 11 11 11 11 12 12 12 12 11 11 10 10  9 10  9  9 10  9 11 11 10 11
  9  9  9  9 12 11 13 12 18 15 23 20 26 25 25 26 33 25 47 41 52 50 50 52
 46 48 43 44 38 41 31 34 27 29 21 22 19 20 16 17 13 15 12 12 10 11 10 10
  9  9  9  9  9  9  9  9]"
2024-11-05 18:06:40.307929,"(-30.0, 6.66)","(3335, 2657)","[26  3 25 26 25 25 24 26 21 21 22 22 21 22 17 19 16 17 16 16 14 15 13 14
 12 12 11 11 10 10 11 11 10 11 10 10 12 11 12 12 12 12 11 11 10 10 10 10
 11 10 11 11 11 11 12 12 12 12 11 11 10 10  9 10  9  9 10  9 11 11 10 11
  9  9  9  9 12 11 13 12 14 15 13 14 17 13 16 16 18 16 32 23 41 38 41 42
 38 40 36 37 32 34 28 30 25 27 21 23 17 17 15 16 13 14 11 12 10 11  9  9
  8  8  8  8  9  9  9  9]"
2024-11-05 18:06:56.509667,"(0.0, 6.66)","(3558, 2653)","[26  9 24 26 25 24 24 26 21 21 22 22 21 22 18 19 17 18 16 16 15 16 15 15
 12 14 11 11 10 10 11 11 10 11 10 10 12 11 12 12 12 12 11 11 10 10 10 10
 11 10 11 11 11 11 12 12 12 12 11 11 10 10  9 10  9  9 10  9 11 11 10 11
  9  9  9  9 12 11 13 12 14 15 18 15 20 19 22 19 35 27 46 41 49 48 47 48
 42 45 37 39 31 34 26 28 20 24 18 19 15 16 12 14 11 12 10 11 10 10  9  9
  8  8  8  8  9  9  9  9]"
2024-11-05 18:07:12.915200,"(30.0, 6.66)","(3888, 2654)","[26 17 24 26 25 24 24 26 21 20 22 22 21 22 17 19 16 17 16 16 14 15 13 14
 12 12 11 11 10 10 11 11 10 11 10 10 12 11 12 12 12 12 11 11 10 10 10 10
 11 10 11 11 11 11 12 12 12 12 11 11 10 10  9 10  9  9 10  9 11 11 10 11
  9  9  9  9 17 11 23 20 26 25 30 28 31 31 31 28 46 38 57 52 59 58 56 58
 51 54 45 47 40 42 35 37 28 32 23 25 20 21 17 18 15 16 13 14 12 13 11 11
 10 10  9  9  9  9  9  9]"
2024-11-05 18:07:29.820439,"(60.0, 6.66)","(320, 2655)","[26 18 24 26 25 24 24 26 21 21 22 22 21 22 18 19 17 17 16 16 15 15 13 14
 12 12 11 11 10 10 11 11 10 11 10 10 12 11 12 12 12 12 11 11 10 10 10 10
 11 10 11 11 11 11 12 12 12 12 11 11 10 10  9 10 13  9 14 14 11 11 14 11
 17 14 20 19 19 20 22 19 31 28 35 33 35 36 36 34 49 41 60 55 62 61 59 61
 53 56 48 50 42 45 36 39 28 33 25 27 23 24 23 23 22 23 19 20 16 18 14 15
 13 13 12 12 10 11  9 10]"
2024-11-05 18:07:46.022591,"(90.0, 6.66)","(797, 2654)","[26 24 24 25 25 24 25 26 22 23 22 22 21 22 19 20 18 18 16 17 14 15 13 14
 12 12 11 11 10 10 11 11 10 11 10 10 12 11 12 12 12 12 11 11 10 10 10 10
 11 10 11 11 11 11 12 12 12 12 11 11 10 10 12 10 14 14 14 14 11 11 10 11
  9  9 14 13 17 16 18 18 23 19 29 26 29 29 31 27 45 38 55 51 57 56 54 56
 48 51 44 46 39 42 34 37 25 30 22 24 19 20 16 17 14 15 13 13 11 12 10 11
  9 10  9  9  9  9  9  9]"
2024-11-05 18:08:18.993765,"(-60.0, -6.66)","(3134, 2804)","[25  6 24 25 25 24 23 26 21 19 23 23 21 23 17 19 16 17 16 16 14 15 13 13
 12 12 11 11 10 10 11 11 10 11 10 10 12 11 12 12 12 12 11 11 10 10 10 10
 11 10 11 11 11 11 12 12 12 12 11 11 10 10  9 10  9  9 10  9 11 11 10 11
 17  9 21 20 22 22 22 22 21 21 27 23 35 31 43 40 47 47 45 46 46 45 47 47
 45 47 41 43 37 39 34 35 29 32 23 24 21 22 18 20 18 17 27 23 28 28 27 28
 25 26 23 24 19 19 19 19]"
2024-11-05 18:08:35.399783,"(-30.0, -6.66)","(3329, 2804)","[25 15 24 25 25 24 24 26 23 20 26 25 24 25 20 22 19 20 18 19 16 17 13 15
 12 12 11 11 10 10 11 11 10 11 10 10 12 11 12 12 12 12 11 11 10 10 10 10
 11 10 11 11 11 11 12 12 12 12 11 11 10 10  9 10  9  9 10  9 11 11 14 11
 16 16 19 17 22 20 29 25 37 32 44 41 46 46 48 44 54 54 54 55 52 53 49 51
 45 47 40 43 35 38 33 34 30 32 25 26 22 24 21 22 20 20 20 20 20 20 20 20
 20 20 19 20 17 18 16 17]"
2024-11-05 18:08:51.602204,"(0.0, -6.66)","(3554, 2805)","[25  8 24 25 25 24 23 26 22 19 24 24 22 23 18 19 17 17 16 17 14 15 13 13
 12 12 11 11 10 10 11 11 10 11 10 10 12 11 12 12 12 12 11 11 10 10 10 10
 11 10 11 11 11 11 12 12 12 12 11 11 10 10  9 10  9  9 10  9 11 11 10 11
  9  9  9  9 17 11 20 19 25 21 32 28 34 33 39 36 40 40 40 40 45 42 44 45
 41 42 38 40 34 36 31 33 29 30 23 23 22 22 20 21 18 19 16 17 14 15 12 13
 11 11 11 11 11 11 11 11]"
2024-11-05 18:09:08.009512,"(30.0, -6.66)","(3879, 2805)","[25  4 24 25 25 24 23 26 21 19 24 23 23 23 21 22 18 19 17 18 16 17 13 15
 12 12 11 11 10 10 11 11 10 11 10 10 12 11 12 12 12 12 11 11 10 10 10 10
 11 10 11 11 11 11 12 12 12 12 11 11 10 10  9 10  9  9 10  9 11 11 10 11
  9  9  9  9 12 11 13 12 14 15 13 14 21 19 32 27 40 37 43 42 45 44 45 45
 43 44 41 42 38 40 36 37 32 34 27 30 22 22 21 22 19 20 17 18 15 16 14 15
 13 14 12 13 11 11 10 10]"
2024-11-05 18:09:24.216317,"(60.0, -6.66)","(300, 2804)","[25  7 24 25 25 24 23 26 21 19 23 22 22 23 18 20 16 17 16 16 15 15 13 14
 12 12 11 11 10 10 11 11 10 11 10 10 12 11 12 12 12 12 11 11 10 10 10 10
 11 10 11 11 11 11 12 12 12 12 11 11 10 10  9 10  9  9 10  9 11 11 10 11
  9  9  9  9 12 11 13 12 14 15 13 14 17 13 26 21 34 31 35 35 39 37 42 41
 40 41 35 38 32 33 29 30 26 28 22 24 18 18 16 17 15 16 14 14 12 13 11 12
 10 10 10 10 15 10 15 15]"
2024-11-05 18:09:57.176084,"(-90.0, 10.0)","(2809, 2616)","[25 12 24 25 24 24 23 25 20 19 22 22 21 22 17 19 16 17 16 16 14 15 13 13
 12 12 11 11 10 10 11 11 10 11 10 10 12 11 12 12 12 12 11 11 10 10 10 10
 11 10 11 11 11 11 12 12 12 12 11 11 10 10  9 10  9  9 10  9 11 11 10 11
  9  9  9  9 12 11 13 12 14 15 13 14 12 13 19 16 23 22 38 28 53 46 58 57
 57 58 51 55 46 48 40 43 34 36 29 32 23 27 20 22 18 19 16 17 14 15 12 13
 12 12 12 12 16 12 19 18]"
2024-11-05 18:10:12.158767,"(-70.0, 10.0)","(3034, 2614)","[24  9 24 25 24 24 23 25 20 19 22 22 21 22 17 19 16 17 16 16 14 15 13 13
 12 12 11 11 10 10 11 11 10 11 10 10 12 11 12 12 12 12 11 11 10 10 10 10
 11 10 11 11 11 11 12 12 12 12 11 11 10 10  9 10  9  9 10  9 11 11 10 11
  9  9  9  9 12 11 13 12 14 15 13 14 12 13 15 11 21 18 31 25 42 37 45 45
 43 45 39 41 36 38 31 33 26 28 22 24 18 18 16 17 15 15 13 14 11 12 10 10
  9  9 14 11 25 19 29 28]"
2024-11-05 18:10:27.142788,"(-50.0, 10.0)","(3199, 2616)","[24  6 24 25 24 24 23 25 20 19 22 22 21 22 17 19 16 17 16 16 14 15 13 13
 12 12 11 11 10 10 11 11 10 11 10 10 12 11 12 12 12 12 11 11 10 10 10 10
 11 10 11 11 11 11 12 12 12 12 11 11 10 10  9 10  9  9 10  9 11 11 10 11
  9  9  9  9 12 11 13 12 14 15 13 14 12 13 11 11 13 10 26 18 33 30 32 33
 30 31 30 30 29 29 26 27 21 23 18 19 14 14 13 14 12 12 11 12 11 11 10 10
  9  9  9  9  9  9  9  9]"
2024-11-05 18:10:42.125577,"(-30.0, 10.0)","(3315, 2617)","[24 11 23 25 24 23 23 25 20 19 22 22 21 22 17 19 16 17 16 16 14 15 13 13
 12 12 11 11 10 10 11 11 10 11 10 10 12 11 12 12 12 12 11 11 10 10 10 10
 11 10 11 11 11 11 12 12 12 12 11 11 10 10  9 10  9  9 10  9 11 11 10 11
  9  9  9  9 12 11 13 12 14 15 13 14 12 13 11 11 17 10 29 23 38 34 39 39
 37 39 30 34 26 28 22 24 15 20 15 15 14 14 14 14 13 13 12 12 11 11 11 11
 10 10  9  9  9  9  9  9]"
2024-11-05 18:10:58.127523,"(-10.0, 10.0)","(3455, 2614)","[24  8 23 25 24 23 23 25 20 19 22 22 21 22 17 19 16 17 16 16 14 15 13 13
 12 12 11 11 10 10 11 11 10 11 10 10 12 11 12 12 12 12 11 11 10 10 10 10
 11 10 11 11 11 11 12 12 12 12 11 11 10 10  9 10  9  9 10  9 11 11 10 11
  9  9 15 13 20 18 20 20 14 19 13 14 12 13 11 11 20 10 35 27 43 40 43 43
 38 42 32 35 27 30 22 24 17 20 16 16 28 22 28 29 25 27 20 22 16 17 14 15
 13 14 11 12  9 10  9  9]"
2024-11-05 18:11:13.613770,"(10.0, 10.0)","(3623, 2615)","[24  5 23 25 24 23 23 25 20 19 22 22 21 22 17 19 16 17 16 16 14 15 13 13
 12 12 11 11 10 10 11 11 10 11 10 10 12 11 12 12 12 12 11 11 10 10 10 10
 11 10 11 11 11 11 12 12 12 12 11 11 10 10  9 10  9  9 10  9 11 11 10 11
  9  9 19 14 23 22 22 23 22 22 20 21 20 20 20 19 28 20 41 35 46 44 45 46
 39 43 32 35 26 29 19 23 17 18 25 20 29 27 27 29 24 26 18 18 17 18 15 16
 13 14 11 12 10 10  9  9]"
2024-11-05 18:11:29.617214,"(30.0, 10.0)","(3846, 2615)","[24  5 23 24 24 23 22 24 20 19 22 22 21 22 17 19 16 17 16 16 14 15 13 13
 12 12 11 11 10 10 11 11 10 11 10 10 12 11 12 12 12 12 11 11 10 10 10 10
 11 10 11 11 11 11 12 12 12 12 11 11 10 10  9 10  9  9 10  9 11 11 10 11
 14  9 20 17 23 22 24 24 24 24 25 25 25 25 23 24 22 21 29 25 38 34 39 39
 37 39 31 34 26 28 23 25 18 21 18 18 25 23 24 25 18 22 16 17 14 15 12 13
  9 10  9  9  9  9  9  9]"
2024-11-05 18:11:44.601715,"(50.0, 10.0)","(66, 2617)","[24 14 23 24 23 23 22 24 20 19 22 22 21 22 17 19 16 17 16 16 14 15 13 13
 12 12 11 11 11 11 11 11 10 11 10 10 12 11 12 12 12 12 11 11 10 10 10 10
 11 10 11 11 11 11 12 12 12 12 11 11 10 10  9 10  9  9 10  9 11 11 21 11
 35 29 41 39 41 41 41 40 45 42 51 48 52 52 50 52 48 49 48 48 45 47 41 44
 37 38 35 35 41 38 43 43 41 43 34 38 33 30 36 35 34 36 29 30 25 27 22 23
 19 20 17 18 15 16 13 14]"
2024-11-05 18:11:59.586628,"(70.0, 10.0)","(437, 2615)","[24  5 23 24 23 23 22 24 20 19 22 22 21 22 17 19 16 17 16 16 14 15 13 13
 12 12 11 11 10 10 11 11 10 11 10 10 12 11 12 12 12 12 11 11 10 10 10 10
 11 10 11 11 11 11 12 12 12 12 11 11 10 10  9 10  9  9 10  9 11 11 10 11
 15  9 15 16 19 16 34 27 42 39 48 45 50 50 49 50 47 48 46 47 46 46 43 45
 38 39 35 37 39 37 42 41 40 41 32 37 28 28 28 28 28 28 26 27 22 24 19 20
 17 18 16 17 14 15 12 13]"
2024-11-05 18:12:14.574062,"(90.0, 10.0)","(742, 2616)","[24  6 23 24 23 23 22 24 20 19 22 22 21 22 17 19 16 17 16 16 14 15 13 13
 12 12 11 11 10 10 11 11 10 11 10 10 12 11 12 12 12 12 11 11 10 10 10 10
 11 10 11 11 11 11 12 12 12 12 11 11 10 10  9 10  9  9 10  9 11 11 10 11
  9  9  9  9 12 11 13 12 19 15 25 22 26 26 25 26 28 24 38 32 41 40 40 41
 36 38 31 34 27 29 25 26 18 23 17 18 16 16 14 15 13 14 11 12 10 10  9  9
  8  8  8  8  9  9  9  9]"
2024-11-05 18:12:48.959025,"(-70.0, -10.0)","(3009, 2846)","[24 25 23 24 23 23 22 24 21 19 22 22 21 22 17 19 16 17 16 16 14 15 13 13
 12 12 11 11 10 10 11 11 10 11 10 10 12 11 12 12 12 12 11 11 10 10 10 10
 11 10 11 11 11 11 12 12 12 12 11 11 10 10  9 10  9  9 10  9 11 11 10 11
  9  9  9  9 12 11 13 12 14 15 20 18 26 23 33 29 40 36 48 44 54 51 54 55
 51 54 43 47 37 40 33 35 30 31 27 29 23 24 20 22 17 19 14 16 12 13 10 11
  9  9  9  8  9  9  9  9]"
2024-11-05 18:13:03.944629,"(-50.0, -10.0)","(3171, 2847)","[23  9 23 24 23 23 22 24 20 19 22 22 21 22 17 19 16 17 16 16 14 15 13 13
 12 12 11 11 10 10 11 11 10 11 10 10 12 11 12 12 12 12 11 11 10 10 10 10
 11 10 11 11 11 11 12 12 12 12 11 11 10 10  9 10  9  9 10  9 11 11 10 11
  9  9  9  9 12 11 13 12 18 15 26 23 32 29 35 34 36 35 41 38 47 44 46 47
 43 45 39 40 35 37 31 33 28 30 22 22 20 21 18 19 16 17 15 16 14 14 13 13
 12 12 11 11 10 10  9  9]"
2024-11-05 18:13:18.931243,"(-30.0, -10.0)","(3299, 2844)","[23  9 23 24 23 23 22 24 20 19 22 22 21 22 17 19 16 17 16 16 14 15 13 13
 12 12 11 11 10 10 11 11 10 11 10 10 12 11 12 12 12 12 11 11 10 10 10 10
 11 10 11 11 11 11 12 12 12 12 11 11 10 10  9 10  9  9 10  9 11 11 16 11
 19 18 22 20 24 23 27 24 36 30 46 41 49 48 49 49 47 48 43 46 40 41 39 39
 37 38 34 35 30 32 24 28 23 24 21 22 18 20 19 17 22 22 22 23 18 18 18 18
 16 17 15 16 13 14 11 12]"
2024-11-05 18:13:33.915496,"(-10.0, -10.0)","(3443, 2845)","[23 17 23 24 23 23 22 24 20 19 22 22 21 22 17 19 16 17 16 16 14 15 13 13
 12 12 11 11 10 10 11 11 10 11 10 10 12 11 12 12 12 12 11 11 10 10 10 10
 11 10 11 11 11 11 12 12 12 12 11 11 10 10  9 10  9  9 10  9 11 11 10 11
 13  9 18 15 20 19 34 26 51 44 59 56 61 61 60 61 55 58 47 51 41 44 38 39
 35 36 31 33 26 26 25 26 24 24 32 29 31 32 29 29 30 30 29 30 25 25 22 24
 19 21 16 18 15 15 13 14]"
2024-11-05 18:13:48.898898,"(10.0, -10.0)","(3607, 2846)","[23 11 23 24 23 23 22 23 20 19 22 22 21 22 17 19 16 17 16 16 14 15 13 13
 12 12 11 11 10 10 11 11 10 11 10 10 12 11 12 12 12 12 11 11 10 10 10 10
 11 10 11 11 11 11 12 12 12 12 11 11 10 10  9 10  9  9 10  9 11 11 10 11
  9  9  9  9 15 11 24 20 37 29 50 44 55 53 54 55 51 53 43 48 34 38 35 34
 36 36 36 36 33 35 29 30 24 28 30 28 29 30 23 27 20 22 18 19 17 17 15 16
 14 15 12 13 11 12 10 11]"
2024-11-05 18:14:03.882274,"(30.0, -10.0)","(3816, 2846)","[23  7 23 24 23 23 22 23 20 19 22 22 21 22 17 19 16 17 16 16 14 15 13 13
 12 12 11 11 10 10 11 11 10 11 10 10 12 11 12 12 12 12 11 11 10 10 10 10
 11 10 11 11 11 11 12 12 12 12 11 11 10 10  9 10  9  9 10  9 11 11 10 11
  9  9  9  9 16 11 21 19 21 22 35 25 45 41 47 47 46 47 41 44 39 40 40 39
 39 40 36 38 33 35 31 32 29 30 28 29 23 23 23 23 23 23 22 22 20 21 19 19
 19 19 18 18 16 17 14 15]"
2024-11-05 18:14:18.864537,"(50.0, -10.0)","(20, 2848)","[23  8 23 24 23 22 22 23 20 19 22 22 21 22 17 19 16 17 16 16 14 15 13 13
 12 12 11 11 10 10 11 11 10 11 10 10 12 11 12 12 12 12 11 11 10 10 10 10
 11 10 11 11 11 11 12 12 12 12 11 11 10 10  9 10  9  9 10  9 11 11 10 11
  9  9 14 13 12 15 13 12 18 15 19 19 18 18 24 22 24 25 25 24 32 28 37 34
 42 41 42 43 41 42 39 40 36 38 30 33 26 28 21 24 21 21 20 20 18 19 16 17
 14 15 12 12 11 11 11 11]"
2024-11-05 18:14:33.850452,"(70.0, -10.0)","(384, 2846)","[23 10 23 24 23 22 22 23 20 19 22 22 21 22 17 19 16 17 16 16 14 15 13 13
 12 12 11 11 10 10 11 11 10 11 10 10 12 11 12 12 12 12 11 11 10 10 10 10
 11 10 11 11 11 11 12 12 12 12 11 11 10 10  9 10  9  9 10  9 11 11 10 11
  9  9  9  9 12 11 13 12 14 15 13 14 12 13 14 11 18 15 26 21 38 32 43 41
 43 44 41 42 35 38 29 32 24 26 18 18 17 18 15 16 14 14 13 13 11 12 10 10
 10 10 15 13 25 20 27 27]"
2024-11-05 18:15:08.233293,"(-90.0, 13.33)","(2754, 2578)","[23 24 23 24 22 22 21 23 20 19 22 22 21 22 17 19 16 17 16 16 14 15 13 13
 12 12 11 11 10 10 11 11 10 11 10 10 12 11 12 12 12 12 11 11 10 10 10 10
 11 10 11 11 11 11 12 12 12 12 11 11 10 10  9 10  9  9 10  9 11 11 15 11
 15 15 14 14 12 11 13 12 14 15 19 17 20 19 27 23 30 31 43 34 59 51 64 62
 64 64 60 62 51 55 43 47 38 40 35 36 34 34 32 33 26 31 23 25 20 22 17 18
 15 16 13 14 12 13 12 12]"
2024-11-05 18:15:22.404813,"(-75.0, 13.33)","(2944, 2580)","[23  6 23 24 22 22 21 23 20 19 22 22 21 22 17 19 16 17 16 16 14 15 13 13
 12 12 11 11 10 10 11 11 10 11 10 10 12 11 12 12 12 12 11 11 10 10 10 10
 11 10 11 11 11 11 12 12 12 12 11 11 10 10  9 10  9  9 10  9 11 11 10 11
  9  9  9  9 12 11 13 12 14 15 13 14 14 13 26 20 37 33 44 41 55 50 61 59
 60 61 56 59 48 52 42 45 36 39 30 33 24 25 22 23 19 21 17 18 14 15 12 13
 11 11 11 11 22 18 26 25]"
2024-11-05 18:15:36.576572,"(-60.0, 13.33)","(3093, 2578)","[23  7 22 24 22 22 21 23 20 19 22 22 21 22 17 19 16 17 16 16 14 15 13 13
 12 12 11 11 10 10 11 11 10 11 10 10 12 11 12 12 12 12 11 11 10 10 10 10
 11 10 11 11 11 11 12 12 12 12 11 11 10 10 13 10 16 15 17 17 19 18 19 19
 18 19 16 16 12 15 13 12 14 15 13 14 12 13 23 16 34 30 36 36 32 34 30 30
 32 32 32 33 31 32 28 29 25 27 22 24 17 18 15 16 12 13 10 11  8  9  7  8
  7  7  8  7 18 12 24 22]"
2024-11-05 18:15:50.749029,"(-45.0, 13.33)","(3188, 2579)","[23  9 22 24 22 22 21 23 20 19 22 22 21 22 17 19 16 17 16 16 14 15 13 13
 12 12 11 11 10 10 11 11 10 11 10 10 12 11 12 12 12 12 11 11 10 10 10 10
 11 10 11 11 11 11 12 12 12 12 11 11 10 10 14 10 19 17 19 19 20 20 20 20
 18 19 16 17 12 15 13 12 14 15 13 14 12 13 11 11 17 10 32 23 42 38 45 44
 43 44 40 42 36 38 32 34 27 29 22 24 18 19 15 16 13 14 11 12 10 11 10 10
  9 10  9  9 17 13 20 19]"
2024-11-05 18:16:04.922108,"(-30.0, 13.33)","(3297, 2577)","[22  7 22 23 22 22 21 23 20 19 22 22 21 22 17 19 16 17 16 16 14 15 13 13
 12 12 11 11 10 10 11 11 10 11 10 10 12 11 12 12 12 12 11 11 10 10 10 10
 11 10 11 11 11 11 12 12 12 12 11 11 10 10  9 10  9  9 10  9 11 11 10 11
  9  9 15 12 22 19 22 22 19 21 13 14 12 13 11 11 10 10 27 16 40 34 44 43
 42 43 37 40 30 33 26 28 21 23 17 17 15 16 14 14 12 13 10 11  9 10  8  9
  7  8  8  7  9  9  9  9]"
2024-11-05 18:16:19.093462,"(-15.0, 13.33)","(3402, 2580)","[22 11 22 23 22 22 21 22 21 19 22 22 21 22 17 19 16 17 16 16 14 15 13 13
 12 12 11 11 10 10 11 11 10 11 10 10 12 11 12 12 12 12 11 11 10 10 10 10
 11 10 11 11 11 11 12 12 12 12 11 11 10 10  9 10  9  9 10  9 11 11 10 11
 20  9 35 28 42 39 41 42 38 41 33 36 26 29 20 23 21 18 33 26 41 37 42 42
 39 41 34 37 30 32 26 28 21 24 18 20 18 18 17 18 16 17 14 15 12 13 11 12
  9 10  9  9  9  9  9  9]"
2024-11-05 18:16:33.265363,"(0.0, 13.33)","(3512, 2578)","[22  5 22 23 22 22 21 22 20 19 22 22 21 22 17 19 16 17 16 16 14 15 13 13
 12 12 11 11 10 10 11 11 10 11 10 10 12 11 12 12 12 12 11 11 10 10 10 10
 11 10 11 11 11 11 12 12 12 12 11 11 10 10  9 10  9  9 10  9 11 11 10 11
 25 15 41 34 47 44 46 46 42 44 37 39 31 34 26 28 25 24 32 28 38 36 38 39
 35 37 29 32 21 27 20 21 17 18 15 16 14 15 13 14 12 13 12 12 12 12 11 12
 10 11  9 10  9  9  9  9]"
2024-11-05 18:16:47.441081,"(15.0, 13.33)","(3635, 2578)","[22  8 22 23 22 22 21 22 20 19 22 22 21 22 17 19 16 17 16 16 14 15 13 13
 12 12 11 11 10 10 11 11 10 11 10 10 12 11 12 12 12 12 11 11 10 10 10 10
 11 10 11 11 11 11 12 12 12 12 11 11 10 10  9 10  9  9 10  9 11 11 10 11
 21  9 38 31 44 42 44 44 42 43 36 39 30 33 28 29 27 27 39 31 49 45 50 50
 47 49 40 44 31 36 23 27 21 22 20 20 20 20 20 20 18 19 16 17 15 16 14 14
 13 13 12 12 11 11  9 10]"
2024-11-05 18:17:01.612818,"(30.0, 13.33)","(3788, 2580)","[22  9 22 23 22 22 21 22 20 19 22 22 21 22 17 19 16 17 16 16 14 15 13 13
 12 12 11 11 10 10 11 11 10 11 10 10 12 11 12 12 12 12 11 11 10 10 10 10
 11 10 11 11 11 11 12 12 12 12 11 11 10 10  9 10  9  9 10  9 11 11 10 11
 18  9 31 25 37 34 42 40 42 43 39 41 33 36 30 31 29 29 40 32 49 45 50 50
 47 49 40 44 32 36 24 28 22 23 21 21 21 21 21 21 21 21 19 20 17 18 16 16
 14 15 13 14 11 12  9 10]"
2024-11-05 18:17:15.786825,"(45.0, 13.33)","(3994, 2577)","[22 10 22 23 22 22 21 22 20 19 22 22 21 22 17 19 16 17 16 16 14 15 13 13
 12 12 11 11 10 10 11 11 10 11 10 10 12 11 12 12 12 12 11 11 10 10 10 10
 11 10 11 11 11 11 12 12 12 12 11 11 10 10  9 10  9  9 10  9 11 11 27 18
 42 36 48 46 48 48 45 46 42 43 44 43 44 44 41 43 38 39 40 38 46 43 46 47
 43 46 35 40 27 32 26 27 25 26 22 24 19 21 17 18 14 16 13 13 12 12 11 11
 10 11  9 10  9  9  9  9]"
2024-11-05 18:17:29.959985,"(60.0, 13.33)","(159, 2579)","[22 20 22 23 22 22 22 22 24 23 23 24 21 22 17 19 16 17 16 16 14 15 13 13
 12 12 11 11 10 10 11 11 10 11 10 10 12 11 12 12 12 12 11 11 10 10 10 10
 11 10 11 11 11 11 12 12 12 12 11 11 10 10  9 10 14  9 16 15 16 15 31 22
 47 41 53 51 53 53 51 52 51 51 54 52 55 55 53 54 50 51 49 49 47 48 46 47
 42 44 37 40 31 35 30 31 29 30 25 27 22 23 19 20 18 18 17 17 16 16 14 15
 12 13 11 12 10 10  9  9]"
2024-11-05 18:17:44.135524,"(75.0, 13.33)","(436, 2577)","[22 10 22 23 22 22 21 22 20 19 22 22 21 22 17 19 16 17 16 16 14 15 13 13
 12 12 11 11 10 10 11 11 10 11 10 10 12 11 12 12 12 12 11 11 18 16 18 18
 16 18 11 11 11 11 12 12 12 12 11 11 10 10  9 10  9  9 10  9 11 11 21 11
 41 35 50 47 50 50 47 49 44 44 47 44 49 48 46 48 43 44 41 42 45 43 44 45
 41 43 37 38 34 35 29 33 28 29 24 26 21 23 22 20 26 26 24 25 20 20 17 18
 15 16 13 14 12 13 10 11]"
2024-11-05 18:17:58.310983,"(90.0, 13.33)","(676, 2578)","[22  7 22 23 21 22 21 22 20 19 22 22 21 22 17 19 16 17 16 16 14 15 13 13
 12 12 11 11 10 10 11 11 10 11 10 10 12 11 12 12 12 12 11 11 10 10 10 10
 11 10 11 11 11 11 12 12 12 12 11 11 10 10  9 10  9  9 10  9 11 11 10 11
 23  9 33 30 34 34 31 33 26 28 25 25 25 25 24 25 28 24 32 30 33 32 39 37
 37 38 32 34 29 30 25 27 19 22 17 18 14 15 12 13 12 12 12 12 11 11  9 10
  8  9  8  8  9  9  9  9]"
2024-11-05 18:18:33.508463,"(-75.0, -13.33)","(2914, 2882)","[22  9 22 23 21 21 21 22 21 21 22 22 21 22 17 19 16 17 16 16 14 15 13 13
 12 12 11 11 10 10 11 11 10 11 10 10 12 11 12 12 12 12 11 11 10 10 10 10
 11 10 11 11 11 11 12 12 12 12 11 11 10 10  9 10  9  9 10  9 11 11 10 11
  9  9  9  9 12 11 13 12 14 15 13 14 24 21 28 27 31 30 31 31 40 35 44 43
 43 44 37 41 32 34 26 29 18 23 17 18 15 16 13 14 11 12 10 11 10 10  9  9
  8  9  8  8  9  9  9  9]"
2024-11-05 18:18:47.681218,"(-60.0, -13.33)","(3068, 2884)","[22 18 22 23 21 21 22 22 24 23 23 24 21 22 17 19 16 17 16 16 14 15 13 13
 12 12 11 11 10 10 11 11 10 11 10 10 12 11 12 12 12 12 11 11 10 10 10 10
 11 10 11 11 11 11 12 12 12 12 11 11 10 10  9 10  9  9 10  9 11 11 10 11
 14  9 13 13 12 11 13 12 14 15 13 14 26 19 36 32 41 40 42 42 46 43 52 50
 51 52 46 49 40 43 37 39 32 34 26 29 21 22 18 20 15 16 13 14 11 12  9 10
  8  8  8  8  9  9  9  9]"
2024-11-05 18:19:01.852055,"(-45.0, -13.33)","(3180, 2880)","[22  6 22 23 21 21 21 22 20 19 22 22 21 22 17 19 16 17 16 16 14 15 13 13
 12 12 11 11 10 10 11 11 10 11 10 10 12 11 12 12 12 12 11 11 10 10 10 10
 11 10 11 11 11 11 12 12 12 12 11 11 10 10  9 10  9  9 10  9 11 11 10 11
  9  9  9  9 12 11 13 12 14 15 13 14 20 19 19 20 25 19 35 30 42 39 45 44
 44 45 41 43 37 39 34 36 31 33 28 30 26 27 21 25 20 21 17 19 15 16 13 14
 12 13 10 11  9 10  9  9]"
2024-11-05 18:19:16.022849,"(-30.0, -13.33)","(3284, 2882)","[22 11 22 23 21 21 20 22 20 19 22 22 21 22 17 19 16 17 16 16 14 15 13 13
 12 12 11 11 10 10 11 11 10 11 10 10 12 11 12 12 12 12 11 11 10 10 10 10
 11 10 11 11 11 11 12 12 12 12 11 11 10 10  9 10  9  9 10  9 13 11 18 16
 20 20 20 20 19 20 20 19 23 22 23 24 25 24 29 27 32 30 35 33 41 38 46 44
 47 48 45 47 40 43 37 39 35 36 31 33 24 30 23 24 21 22 18 19 15 16 13 14
 11 11  9 10  9  9  9  9]"
2024-11-05 18:19:30.195868,"(-15.0, -13.33)","(3386, 2883)","[22 16 22 23 21 21 20 21 20 19 22 22 21 22 17 19 16 17 16 16 14 15 13 13
 12 12 11 11 10 10 11 11 10 11 10 10 12 11 12 12 12 12 11 11 10 10 10 10
 11 10 11 11 11 11 12 12 12 12 11 11 10 10  9 10  9  9 10  9 20 14 25 23
 26 26 25 25 27 25 40 34 46 44 48 47 48 48 46 47 45 45 43 44 40 41 41 40
 41 42 37 40 33 35 31 32 26 30 24 25 22 23 21 22 19 20 17 18 15 16 13 14
 13 13 13 13 13 13 12 12]"
2024-11-05 18:19:44.368703,"(0.0, -13.33)","(3495, 2880)","[22 16 22 23 21 21 20 21 20 19 22 22 21 22 17 19 16 17 16 16 14 15 13 13
 12 12 11 11 10 10 11 11 10 11 10 10 12 11 12 12 12 12 11 11 10 10 10 10
 11 10 11 11 11 11 12 12 12 12 11 11 10 10  9 10  9  9 10  9 14 11 16 16
 15 16 14 15 30 21 43 38 47 47 46 46 47 46 45 46 42 43 39 40 39 39 42 41
 42 43 40 42 36 38 33 35 30 32 25 25 22 24 26 22 33 32 32 33 30 31 28 29
 23 27 21 22 20 21 19 20]"
2024-11-05 18:19:58.542308,"(15.0, -13.33)","(3617, 2883)","[22  9 22 23 21 21 20 21 20 19 22 22 21 22 17 19 16 17 16 16 14 15 13 13
 12 12 11 11 10 10 11 11 10 11 10 10 12 11 12 12 12 12 11 11 10 10 10 10
 11 10 11 11 11 11 12 12 12 12 11 11 10 10  9 10  9  9 10  9 11 11 10 11
  9  9  9  9 18 15 27 23 28 29 36 30 39 38 37 39 34 36 32 33 32 31 37 36
 37 38 35 36 31 33 29 30 27 28 27 27 21 26 21 21 20 20 20 20 20 20 22 20
 26 25 26 26 20 25 19 20]"
2024-11-05 18:20:12.714772,"(30.0, -13.33)","(3772, 2882)","[22 13 22 23 21 21 20 21 20 19 22 22 21 22 17 19 16 17 16 16 14 15 13 13
 12 12 11 11 10 10 11 11 10 11 10 10 12 11 12 12 12 12 11 11 10 10 10 10
 11 10 11 11 11 11 12 12 12 12 11 11 10 10  9 10  9  9 10  9 11 11 10 11
  9  9 16 14 17 17 22 19 26 24 30 28 35 32 35 35 33 34 32 33 30 31 41 36
 44 44 44 44 41 43 34 37 31 32 29 30 28 29 23 27 23 23 23 23 23 23 22 22
 26 22 27 27 22 22 21 22]"
2024-11-05 18:20:26.888012,"(45.0, -13.33)","(3966, 2882)","[21 12 22 23 21 21 20 21 20 19 22 22 21 22 17 19 16 17 16 16 14 15 13 13
 12 12 11 11 10 10 11 11 10 11 10 10 12 11 12 12 12 12 11 11 10 10 10 10
 11 10 11 11 11 11 12 12 12 12 11 11 10 10  9 10  9  9 10  9 11 11 10 11
 14  9 15 16 12 15 13 12 23 15 26 25 26 26 25 25 26 24 30 27 31 31 30 31
 31 29 34 32 34 34 32 33 29 31 24 27 19 19 22 19 25 24 25 26 19 23 19 19
 17 18 15 16 13 14 12 13]"
2024-11-05 18:20:41.059362,"(60.0, -13.33)","(125, 2883)","[21  9 22 23 21 21 20 21 20 19 22 22 21 22 17 19 16 17 16 16 14 15 13 13
 12 12 11 11 10 10 11 11 10 11 10 10 12 11 12 12 12 12 11 11 10 10 10 10
 11 10 11 11 11 11 12 12 12 12 11 11 10 10  9 10  9  9 10  9 11 11 12 11
 20 17 22 22 21 21 19 19 20 19 21 21 22 21 21 21 22 21 23 23 29 25 38 34
 44 42 44 44 41 42 37 39 34 36 28 31 26 27 29 27 33 33 33 33 30 31 23 28
 21 22 18 20 16 17 13 14]"
2024-11-05 18:20:55.234030,"(75.0, -13.33)","(400, 2884)","[21  7 22 23 21 21 20 21 20 19 22 22 21 22 17 19 16 17 16 16 14 15 13 13
 12 12 11 11 10 10 11 11 10 11 10 10 12 11 12 12 12 12 11 11 10 10 10 10
 11 10 11 11 11 11 12 12 12 12 11 11 10 10  9 10  9  9 10  9 11 11 10 11
  9  9 15 12 18 17 18 18 14 18 13 14 18 17 17 18 17 17 21 18 32 26 40 37
 42 43 41 42 35 38 29 32 25 27 22 24 17 17 16 16 22 16 25 24 24 25 17 22
 16 17 15 15 13 14 12 12]"
2024-11-05 18:21:31.452035,"(-90.0, 16.66)","(2700, 2543)","[21 12 22 23 21 21 20 21 20 19 22 22 21 22 17 19 16 17 16 16 14 15 13 13
 12 12 11 11 10 10 11 11 10 11 10 10 12 11 12 12 12 12 11 11 10 10 10 10
 11 10 11 11 11 11 12 12 12 12 11 11 10 10  9 10 14  9 19 17 18 18 10 16
  9  9 16 14 22 19 22 22 22 22 22 22 22 22 30 25 39 35 46 42 50 48 50 50
 48 49 45 47 41 43 35 38 29 32 24 24 23 24 22 23 20 21 18 19 15 16 13 14
 10 11  9  9  9  9  9  9]"
2024-11-05 18:21:45.216923,"(-78.0, 16.66)","(2858, 2543)","[21 12 22 23 21 21 20 21 20 19 22 22 21 22 17 19 16 17 16 16 14 15 13 13
 12 12 11 11 10 10 11 11 10 11 10 10 12 11 12 12 12 12 11 11 10 10 10 10
 11 10 11 11 11 11 12 12 12 12 11 11 10 10  9 10  9  9 10  9 11 11 10 11
 13  9 16 15 17 17 13 17 14 15 13 14 15 13 26 20 37 33 50 43 58 54 59 59
 58 59 55 57 49 52 40 44 33 36 25 26 23 24 19 21 16 18 14 15 13 13 12 13
 12 12 10 11 15 10 18 18]"
2024-11-05 18:21:58.983805,"(-66.0, 16.66)","(2995, 2543)","[21 21 22 23 20 21 20 21 20 19 22 22 21 22 17 19 16 17 16 16 14 15 13 13
 12 12 11 11 10 10 11 11 10 11 10 10 12 11 12 12 12 12 11 11 10 10 10 10
 11 10 11 11 11 11 12 12 12 12 11 11 10 10 12 10 15 15 15 16 11 11 10 11
  9  9  9  9 12 11 13 12 14 15 13 14 15 13 29 23 39 36 40 40 48 43 55 53
 56 57 54 55 46 50 39 42 31 35 23 24 20 21 16 18 13 14 11 12 11 11 11 11
 11 11 11 11 13 11 18 16]"
2024-11-05 18:22:12.751077,"(-54.0, 16.66)","(3110, 2542)","[21 12 22 23 20 21 20 21 20 19 22 22 21 22 17 19 16 17 16 16 14 15 13 13
 12 12 11 11 10 10 11 11 10 11 10 10 12 11 12 12 12 12 11 11 10 10 10 10
 11 10 11 11 11 11 12 12 12 12 11 11 10 10 11 10 19 16 20 20 17 18 10 15
  9  9  9  9 12 11 13 12 14 15 13 14 16 13 21 19 29 24 36 33 45 41 48 47
 46 47 43 45 37 40 29 33 24 26 19 20 17 18 14 16 12 13 11 11 11 11 11 11
 10 11  9 10  9  9  9  9]"
2024-11-05 18:22:26.518147,"(-42.0, 16.66)","(3186, 2542)","[21  8 22 23 20 21 20 21 20 19 22 22 21 22 17 19 16 17 16 16 14 15 13 13
 12 12 11 11 10 10 11 11 10 11 10 10 12 11 12 12 12 12 11 11 10 10 10 10
 11 10 11 11 11 11 12 12 12 12 11 11 10 10 12 10 18 17 19 20 19 19 17 18
 15 16 13 14 12 11 13 12 14 15 13 14 12 13 11 11 22 10 35 29 42 39 43 43
 40 42 35 38 29 32 26 27 22 24 17 17 16 16 14 15 12 13 11 12 11 11 11 11
 11 11 11 11 17 15 17 17]"
2024-11-05 18:22:40.284167,"(-30.0, 16.66)","(3264, 2542)","[21 10 22 22 20 21 20 20 20 19 22 22 21 22 17 19 16 17 16 16 14 15 13 13
 12 12 11 11 10 10 11 11 10 11 10 10 12 11 12 12 12 12 11 11 10 10 10 10
 11 10 11 11 11 11 12 12 12 12 11 11 10 10 14 10 21 19 22 22 20 21 17 19
 15 16 10  9 12 11 13 12 14 15 13 14 12 13 11 11 10 10 20 16 26 23 40 36
 42 43 39 41 34 37 28 31 22 25 17 18 16 16 13 14 11 12 10 11  9  9  9  9
  8  9  8  8  9  9  9  9]"
2024-11-05 18:22:54.050884,"(-18.0, 16.66)","(3348, 2540)","[21 13 21 22 20 21 20 20 20 19 22 22 21 22 17 19 16 17 16 16 14 15 13 13
 12 12 11 11 10 10 11 11 10 11 10 10 12 11 12 12 12 12 11 11 10 10 10 10
 11 10 11 11 11 11 12 12 12 12 11 11 10 10  9 10  9  9 10  9 11 11 10 11
 17  9 30 23 36 34 36 36 33 35 26 30 22 24 19 21 13 18 22 18 36 29 44 41
 44 45 42 43 37 40 34 36 28 32 21 22 19 20 16 18 13 15 11 12  9 10  8  9
  7  8  8  7  9  9  9  9]"
2024-11-05 18:23:07.817033,"(-6.0, 16.66)","(3430, 2541)","[21  7 21 22 20 21 20 20 20 19 22 22 21 22 17 19 16 17 16 16 14 15 13 13
 12 12 11 11 10 10 11 11 10 11 10 10 12 11 12 12 12 12 11 11 10 10 10 10
 11 10 11 11 11 11 12 12 12 12 11 11 10 10  9 10  9  9 10  9 11 11 10 11
 19  9 33 26 41 38 40 41 37 39 30 34 26 28 22 24 15 19 15 15 24 21 37 32
 40 40 37 39 32 34 28 30 25 26 20 20 18 19 16 17 14 15 12 13 10 11  9  9
  9  9  9  9  9  9  9  9]"
2024-11-05 18:23:21.584320,"(6.0, 16.66)","(3517, 2542)","[21  8 21 22 20 21 20 20 20 19 22 22 21 22 17 19 16 17 16 16 14 15 13 13
 12 12 11 11 10 10 11 11 10 11 10 10 12 11 12 12 12 12 11 11 10 10 10 10
 11 10 11 11 11 11 12 12 12 12 11 11 10 10  9 10  9  9 10  9 11 11 10 11
 23  9 39 33 45 43 43 44 37 41 31 34 26 28 21 24 15 19 23 19 29 26 28 29
 25 27 23 24 18 18 17 18 16 17 15 16 13 14 12 12 11 12 10 11  8  9  7  8
  7  7  8  7  9  9  9  9]"
2024-11-05 18:23:35.348691,"(18.0, 16.66)","(3615, 2541)","[21  9 21 22 20 21 20 20 20 19 22 22 21 22 17 19 16 17 16 16 14 15 13 13
 12 12 11 11 10 10 11 11 10 11 10 10 12 11 12 12 12 12 11 11 10 10 10 10
 11 10 11 11 11 11 12 12 12 12 11 11 10 10  9 10  9  9 10  9 11 11 12 11
 25 15 40 34 46 44 46 46 44 46 39 41 34 36 32 33 31 31 32 31 35 33 34 35
 32 34 27 30 21 25 18 20 16 17 14 15 12 13 11 11 11 12 10 11  8  9  8  8
  8  8  8  8  9  9  9  9]"
2024-11-05 18:23:49.116254,"(30.0, 16.66)","(3736, 2541)","[21 16 21 22 20 21 19 20 20 19 22 22 21 22 17 19 16 17 16 16 14 15 13 13
 12 12 11 11 10 10 11 11 10 11 10 10 12 11 12 12 12 12 11 11 10 10 10 10
 11 10 11 11 11 11 12 12 12 12 11 11 10 10  9 10  9  9 10  9 11 11 10 11
 19  9 37 28 47 42 51 50 50 51 47 49 40 43 38 39 37 37 36 37 35 35 34 34
 33 34 28 31 22 23 21 21 18 19 15 17 14 14 12 13 11 12 10 11  9 10  9  9
  9  9  9  9  9  9  9  9]"
2024-11-05 18:24:02.879807,"(42.0, 16.66)","(3880, 2542)","[21  6 21 22 20 21 19 20 20 19 22 22 21 22 17 19 16 17 16 16 14 15 13 13
 12 12 11 11 10 10 11 11 10 11 10 10 12 11 12 12 12 12 11 11 10 10 10 10
 11 10 11 11 11 11 12 12 12 12 11 11 10 10  9 10  9  9 10  9 11 11 11 11
 22 16 31 27 35 33 38 37 37 38 36 37 35 35 32 34 30 31 30 30 34 32 38 37
 37 38 31 34 21 28 21 21 19 20 16 18 14 15 12 12 11 12 10 11  8  9  7  8
  7  7  8  7  9  9  9  9]"
2024-11-05 18:24:16.647436,"(54.0, 16.66)","(4063, 2541)","[21  7 21 22 20 21 19 20 20 19 22 22 21 22 17 19 16 17 16 16 14 15 13 13
 12 12 11 11 10 10 11 11 10 11 10 10 12 11 12 12 12 12 11 11 10 10 10 10
 11 10 11 11 11 11 12 12 12 12 11 11 10 10  9 10  9  9 10  9 11 11 17 11
 32 24 43 39 45 44 42 44 38 40 35 36 32 33 31 31 32 31 34 33 38 36 40 40
 38 39 33 36 30 31 29 29 24 29 23 24 21 22 18 19 16 17 14 15 12 13 10 11
  9  9  8  8  9  9  9  9]"
2024-11-05 18:24:30.415981,"(66.0, 16.66)","(176, 2541)","[21  9 21 22 20 20 20 20 21 21 22 22 21 22 17 19 16 17 16 16 14 15 13 13
 12 12 11 11 10 10 11 11 10 11 10 10 12 11 12 12 12 12 11 11 10 10 10 10
 11 10 11 11 11 11 12 12 12 12 11 11 10 10  9 10  9  9 10  9 11 11 17 11
 31 24 42 37 46 45 45 46 42 44 40 40 46 42 49 48 47 49 44 45 43 44 44 44
 43 44 38 41 34 36 34 34 34 34 32 33 27 28 24 26 22 23 21 21 19 20 17 18
 15 16 13 14 11 12 10 10]"
2024-11-05 18:24:44.183503,"(78.0, 16.66)","(396, 2543)","[21  8 21 22 20 20 19 20 20 19 22 22 21 22 17 19 16 17 16 16 14 15 13 13
 12 12 11 11 10 10 11 11 10 11 10 10 12 11 12 12 12 12 11 11 23 19 23 23
 20 22 17 18 11 16 12 12 12 12 11 11 10 10  9 10  9  9 10  9 11 11 17 11
 35 28 43 40 44 44 42 43 40 41 40 40 40 40 39 39 38 38 36 37 36 36 34 35
 30 31 26 28 26 23 30 29 30 30 26 28 22 23 21 21 21 21 21 21 19 20 17 18
 15 16 13 14 11 12  9 10]"
2024-11-05 18:24:57.950108,"(90.0, 16.66)","(598, 2542)","[20  9 21 22 20 20 19 20 20 19 22 22 21 22 17 19 16 17 16 16 14 15 13 13
 12 12 11 11 10 10 11 11 10 11 10 10 12 11 12 12 12 12 16 11 21 19 22 22
 21 22 17 19 11 16 12 12 12 12 11 11 10 10  9 10  9  9 10  9 11 11 10 11
 20  9 30 26 30 30 29 30 28 29 28 28 30 29 29 30 29 29 32 30 36 34 36 36
 33 35 30 32 27 28 25 26 20 24 18 19 16 17 13 14 12 12 11 11 11 11 11 11
 11 11 11 11  9 10  9  9]"
2024-11-05 18:25:33.551885,"(-78.0, -16.66)","(2814, 2919)","[20 10 21 22 20 20 19 20 20 19 22 22 21 22 17 19 16 17 16 16 14 15 13 13
 12 12 11 11 10 10 11 11 10 11 10 10 12 11 12 12 12 12 11 11 10 10 10 10
 11 10 11 11 11 11 12 12 12 12 11 11 10 10  9 10  9  9 10  9 11 11 10 11
  9  9  9  9 12 11 13 12 14 15 13 14 12 13 15 11 16 16 15 16 22 18 33 29
 35 35 33 34 29 31 24 26 20 22 14 14 14 14 12 13 11 12 10 11  8  9  7  8
  7  7  8  7  9  9  9  9]"
2024-11-05 18:25:47.320100,"(-66.0, -16.66)","(2955, 2921)","[20 10 21 22 20 20 19 20 20 19 22 22 21 22 17 19 16 17 16 16 14 15 13 13
 12 12 11 11 10 10 11 11 10 11 10 10 12 11 12 12 12 12 11 11 17 16 16 16
 15 15 11 11 11 11 12 12 12 12 11 11 10 10  9 10  9  9 10  9 11 11 10 11
  9  9  9  9 12 11 13 12 14 15 13 14 12 13 11 11 10 10 10 10 22 16 32 28
 36 36 34 35 29 32 25 27 21 23 18 19 14 14 12 13 11 12 10 11  8  9  7  8
  7  7  8  7  9  9  9  9]"
2024-11-05 18:26:01.088032,"(-54.0, -16.66)","(3070, 2921)","[20  7 21 22 20 20 19 20 20 19 22 22 21 22 17 19 16 17 16 16 14 15 13 13
 12 12 11 11 10 10 11 11 10 11 10 10 12 11 12 12 12 12 11 11 10 10 10 10
 11 10 11 11 11 11 12 12 12 12 11 11 10 10  9 10  9  9 10  9 11 11 10 11
  9  9  9  9 12 11 13 12 14 15 13 14 18 18 20 18 21 21 24 22 33 28 37 36
 38 38 36 37 31 33 27 29 22 25 17 17 15 16 14 15 12 13 11 12 10 10  9  9
  8  8  8  8  9  9  9  9]"
2024-11-05 18:26:14.854805,"(-42.0, -16.66)","(3174, 2922)","[20  9 21 22 19 20 19 19 20 19 22 22 21 22 17 19 16 17 16 16 14 15 13 13
 12 12 11 11 10 10 11 11 10 11 10 10 12 11 12 12 12 12 11 11 10 10 10 10
 11 10 11 11 11 11 12 12 12 12 11 11 10 10  9 10  9  9 10  9 11 11 10 11
  9  9  9  9 12 11 13 12 14 15 13 14 12 13 16 11 25 22 27 27 27 27 38 34
 40 40 38 39 35 36 31 32 29 30 26 28 18 24 17 18 16 16 14 15 12 13 11 12
 10 10  9  9  9  9  9  9]"
2024-11-05 18:26:28.620600,"(-30.0, -16.66)","(3237, 2922)","[20 11 21 22 19 20 19 19 20 19 22 22 21 22 17 19 16 17 16 16 14 15 13 13
 12 12 11 11 10 10 11 11 10 11 10 10 12 11 12 12 12 12 11 11 10 10 10 10
 11 10 11 11 11 11 12 12 12 12 11 11 10 10  9 10  9  9 10  9 11 11 10 11
  9  9  9  9 12 11 13 12 14 15 13 14 12 13 22 17 30 26 34 32 36 35 45 41
 49 49 48 49 42 45 37 40 32 34 28 30 21 25 19 20 17 18 16 17 14 15 13 13
 11 12 10 11  9 10  9  9]"
2024-11-05 18:26:42.385436,"(-18.0, -16.66)","(3320, 2922)","[20  4 21 22 19 20 19 19 20 19 22 22 21 22 17 19 16 17 16 16 14 15 13 13
 12 12 11 11 10 10 11 11 10 11 10 10 12 11 12 12 12 12 11 11 10 10 10 10
 11 10 11 11 11 11 12 12 12 12 11 11 10 10  9 10  9  9 10  9 17 14 19 18
 17 18 15 16 12 14 13 12 18 15 25 22 26 26 23 24 29 23 38 34 42 40 48 45
 51 51 50 51 45 48 39 42 33 36 26 30 21 23 18 19 16 16 14 15 13 14 12 12
 12 12 12 12 11 11 10 11]"
2024-11-05 18:26:56.152853,"(-6.0, -16.66)","(3404, 2920)","[20 12 21 22 19 20 19 19 20 19 22 22 21 22 17 19 16 17 16 16 14 15 13 13
 12 12 11 11 10 10 11 11 10 11 10 10 12 11 12 12 12 12 11 11 10 10 10 10
 11 10 11 11 11 11 12 12 12 12 11 11 10 10  9 10  9  9 10  9 21 15 25 23
 29 26 30 30 29 29 39 34 47 44 48 49 46 47 39 42 35 37 33 34 34 34 33 34
 30 31 30 30 23 28 23 23 22 23 21 22 18 20 17 17 17 17 16 17 15 16 15 15
 14 14 12 13 11 12 10 10]"
2024-11-05 18:27:09.918882,"(6.0, -16.66)","(3488, 2920)","[20 14 21 22 19 20 19 19 20 19 22 22 21 22 17 19 16 17 16 16 14 15 13 13
 12 12 11 11 10 10 11 11 10 11 10 10 12 11 12 12 12 12 11 11 10 10 10 10
 11 10 11 11 11 11 12 12 12 12 11 11 10 10  9 10  9  9 10  9 18 16 20 19
 19 20 26 21 41 33 49 46 52 52 51 51 46 48 42 44 38 40 34 36 30 32 33 31
 35 35 32 34 30 31 24 29 24 24 23 24 22 23 20 21 19 19 19 19 20 18 25 24
 23 25 26 24 27 27 28 27]"
2024-11-05 18:27:23.684625,"(18.0, -16.66)","(3583, 2922)","[20 13 21 22 19 20 19 19 20 19 22 22 21 22 17 19 16 17 16 16 14 15 13 13
 12 12 11 11 10 10 11 11 10 11 10 10 12 11 12 12 12 12 11 11 10 10 10 10
 11 10 11 11 11 11 12 12 12 12 11 11 10 10  9 10  9  9 10  9 11 11 15 11
 15 15 18 16 28 23 34 31 40 37 42 42 40 41 36 38 31 33 28 29 24 26 25 24
 28 26 29 29 26 28 25 26 25 25 20 20 20 20 20 20 18 19 17 17 21 16 26 24
 29 28 31 31 30 31 27 29]"
2024-11-05 18:27:37.449774,"(30.0, -16.66)","(3694, 2922)","[20  7 21 22 19 20 19 19 20 19 22 22 21 22 17 19 16 17 16 16 14 15 13 13
 12 12 11 11 10 10 11 11 10 11 10 10 12 11 12 12 12 12 11 11 10 10 10 10
 11 10 11 11 11 11 12 12 12 12 11 11 10 10  9 10  9  9 10  9 11 11 10 11
  9  9 18 13 28 23 32 31 35 30 43 39 43 43 39 41 36 37 35 35 34 34 33 33
 31 33 30 30 29 30 21 26 21 21 21 21 21 21 21 21 21 21 21 21 21 21 21 21
 21 21 21 21 21 21 20 20]"
2024-11-05 18:27:51.214996,"(42.0, -16.66)","(3827, 2923)","[20 10 21 22 19 20 19 19 20 19 22 22 21 22 17 19 16 17 16 16 14 15 13 13
 12 12 11 11 10 10 11 11 10 11 10 10 12 11 12 12 12 12 11 11 10 10 10 10
 11 10 11 11 11 11 12 12 12 12 11 11 10 10  9 10  9  9 10  9 11 11 10 11
 17  9 19 19 20 20 21 21 23 21 30 26 33 32 31 32 30 29 35 32 35 36 35 35
 34 35 33 34 32 33 30 31 26 28 20 20 19 20 18 19 17 17 25 21 25 26 24 25
 18 23 18 18 16 17 15 16]"
2024-11-05 18:28:04.980694,"(54.0, -16.66)","(4003, 2924)","[20 13 21 22 19 20 19 19 20 19 22 22 21 22 17 19 16 17 16 16 14 15 13 13
 12 12 11 11 10 10 11 11 10 11 10 10 12 11 12 12 12 12 11 11 10 10 10 10
 11 10 11 11 11 11 12 12 12 12 11 11 10 10  9 10  9  9 10  9 11 11 15 11
 23 21 25 25 23 24 21 22 19 20 13 14 12 13 11 11 16 11 25 19 28 27 31 28
 39 36 41 41 40 41 38 39 34 36 30 32 28 28 27 27 21 26 21 21 21 21 20 21
 18 19 15 17 13 14 11 12]"
2024-11-05 18:28:18.748188,"(66.0, -16.66)","(113, 2922)","[20 10 21 22 19 20 19 19 20 19 22 22 21 22 17 19 16 17 16 16 14 15 13 13
 12 12 11 11 10 10 11 11 10 11 10 10 12 11 12 12 12 12 11 11 10 10 10 10
 11 10 11 11 11 11 12 12 12 12 11 11 10 10  9 10  9  9 10  9 11 11 20 15
 28 26 29 29 28 29 26 27 23 24 21 22 18 19 13 17 23 13 33 29 35 34 38 36
 44 42 45 46 43 44 39 41 35 37 32 33 30 31 24 29 30 24 29 30 24 28 23 24
 21 22 18 19 15 17 14 15]"
2024-11-05 18:28:32.514880,"(78.0, -16.66)","(334, 2922)","[20  6 21 22 19 20 19 19 20 19 22 22 21 22 17 19 16 17 16 16 14 15 13 13
 12 12 11 11 10 10 11 11 10 11 10 10 12 11 12 12 12 12 11 11 10 10 10 10
 11 10 11 11 11 11 12 12 12 12 11 11 10 10  9 10  9  9 10  9 11 11 15 11
 17 15 21 19 21 21 20 20 21 21 21 21 21 21 24 22 26 26 26 27 27 26 39 33
 47 44 47 48 45 46 39 42 32 35 28 30 22 26 21 22 19 20 17 18 16 17 16 16
 15 16 14 15 13 14 12 13]"
2024-11-05 18:29:08.107205,"(-90.0, 20.0)","(2596, 2506)","[20 13 21 22 19 20 19 19 20 19 22 22 21 22 17 19 16 17 16 16 14 15 13 13
 12 12 11 11 10 10 11 11 10 11 10 10 12 11 12 12 12 12 11 11 10 10 10 10
 11 10 11 11 11 11 12 12 12 12 11 11 10 10  9 10 14  9 18 16 11 17 10 11
 21  9 36 29 45 41 46 46 42 45 36 40 32 34 29 31 26 28 30 27 38 34 39 39
 37 38 35 36 32 33 23 29 23 23 21 22 19 20 17 18 14 15 13 13 11 12 10 11
  9 10  9  9  9  9  9  9]"
2024-11-05 18:29:21.669560,"(-80.0, 20.0)","(2740, 2506)","[20  6 21 22 19 20 18 19 20 19 22 22 21 22 17 19 16 17 16 16 14 15 13 13
 12 12 11 11 10 10 11 11 10 11 10 10 12 11 12 12 12 12 11 11 10 10 10 10
 11 10 11 11 11 11 12 12 12 12 11 11 10 10 12 10 19 14 24 23 23 24 21 22
 20 21 33 23 44 39 44 44 41 44 35 38 31 33 28 29 29 27 38 33 46 43 49 48
 47 48 44 46 39 42 34 36 26 31 24 25 21 23 18 20 15 16 12 13 10 11  9 10
  8  8  8  8  9  9  9  9]"
2024-11-05 18:29:35.231312,"(-70.0, 20.0)","(2876, 2506)","[20 13 21 22 19 20 18 19 20 19 22 22 21 22 17 19 16 17 16 16 14 15 13 13
 12 12 11 11 10 10 11 11 10 11 10 10 12 11 12 12 12 12 11 11 10 10 10 10
 11 10 11 11 11 11 12 12 12 12 11 11 10 10  9 10 16  9 21 19 20 21 18 19
 17 17 20 18 23 22 22 23 21 21 20 20 20 20 20 19 24 20 32 28 41 36 42 42
 39 41 37 38 36 36 32 34 28 30 23 25 19 20 16 17 14 15 12 13 10 11  9 10
  8  8  8  8  9  9  9  9]"
2024-11-05 18:29:48.794019,"(-60.0, 20.0)","(2989, 2507)","[20 12 21 22 19 20 18 19 20 19 22 22 21 22 17 19 16 17 16 16 14 15 13 13
 12 12 11 11 10 10 11 11 10 11 10 10 12 11 12 12 12 12 11 11 10 10 10 10
 11 10 11 11 11 11 12 12 12 12 11 11 10 10  9 10 15  9 23 19 23 23 20 21
 17 18 16 16 17 16 18 17 22 18 25 24 22 23 33 28 38 37 38 38 38 38 41 39
 43 43 42 43 39 41 33 36 27 30 21 22 19 20 16 17 13 14 12 12 10 11  9 10
  8  9  8  8  9  9  9  9]"
2024-11-05 18:30:02.356304,"(-50.0, 20.0)","(3081, 2507)","[20 12 21 22 19 20 18 18 20 19 22 22 21 22 17 19 16 17 16 16 14 15 13 13
 12 12 11 11 10 10 11 11 10 11 10 10 12 11 12 12 12 12 11 11 10 10 10 10
 11 10 11 11 11 11 12 12 12 12 11 11 16 10 30 24 35 34 35 36 33 34 28 30
 22 25 17 19 13 13 13 13 14 15 22 17 24 24 25 22 35 31 38 37 47 43 52 51
 51 52 47 50 40 44 33 36 27 30 21 23 18 20 15 17 14 15 13 13 11 12 10 11
  9  9  8  8  9  9  9  9]"
2024-11-05 18:30:15.918320,"(-40.0, 20.0)","(3148, 2505)","[20  5 21 22 19 20 18 18 20 19 22 22 21 22 17 19 16 17 16 16 14 15 13 13
 12 12 11 11 10 10 11 11 10 11 10 10 12 11 12 12 12 12 11 11 10 10 10 10
 11 10 11 11 11 11 12 12 12 12 11 11 18 13 33 27 38 37 37 38 34 36 30 32
 25 28 20 23 14 18 14 13 14 15 13 14 19 17 19 19 20 19 27 22 37 32 43 41
 43 44 40 42 35 38 30 33 24 27 18 20 16 17 13 14 12 12 10 11 10 10  9  9
  8  8  8  8  9  9 14  9]"
2024-11-05 18:30:29.480633,"(-30.0, 20.0)","(3209, 2505)","[20  7 21 22 19 20 18 18 20 19 22 22 21 22 17 19 16 17 16 16 14 15 13 13
 12 12 11 11 10 10 11 11 10 11 10 10 12 11 12 12 12 12 11 11 10 10 10 10
 11 10 11 11 11 11 12 12 12 12 11 11 11 10 21 16 27 26 27 27 23 25 20 22
 18 19 17 18 12 16 13 12 14 15 13 14 17 13 21 20 21 21 30 24 41 36 44 43
 42 44 38 41 35 37 29 32 22 25 17 18 14 16 12 13 11 12 10 11  9  9  8  9
  8  8  8  8  9  9  9  9]"
2024-11-05 18:30:43.043014,"(-20.0, 20.0)","(3282, 2507)","[20 12 21 22 19 20 18 18 20 19 22 22 21 22 17 19 16 17 16 16 14 15 13 13
 12 12 11 11 10 10 11 11 10 11 10 10 12 11 12 12 12 12 11 11 10 10 10 10
 11 10 11 11 11 11 12 12 12 12 11 11 10 10  9 10  9  9 10  9 11 11 10 11
  9  9 15 12 21 18 20 21 14 19 13 14 12 13 11 11 10 10 18 14 36 27 42 40
 43 43 39 41 32 36 26 29 21 23 16 17 14 15 12 13 11 12 10 11  8  9  7  8
  7  7  8  7  9  9 12  9]"
2024-11-05 18:30:57.106256,"(-10.0, 20.0)","(3351, 2504)","[20 14 21 22 19 20 18 18 20 19 22 22 21 22 17 19 16 17 16 16 14 15 13 13
 12 12 11 11 10 10 11 11 10 11 10 10 12 11 12 12 12 12 11 11 10 10 10 10
 11 10 11 11 11 11 12 12 12 12 11 11 10 10  9 10  9  9 10  9 11 11 10 11
  9  9 16 13 24 20 25 25 24 25 22 23 21 21 17 19 15 16 11 11 30 22 38 35
 42 41 41 42 37 39 32 35 29 31 24 27 19 19 17 18 14 16 12 13 10 11  8  9
  7  7  8  7  9  9  9  9]"
2024-11-05 18:31:11.170736,"(0.0, 20.0)","(3419, 2508)","[20  8 21 22 19 20 18 18 20 19 22 22 21 22 17 19 16 17 16 16 14 15 13 13
 12 12 11 11 10 10 11 11 10 11 10 10 12 11 12 12 12 12 11 11 10 10 10 10
 11 10 11 11 11 11 12 12 12 12 11 11 10 10  9 10  9  9 10  9 11 11 10 11
  9  9 23 15 34 29 38 37 36 38 33 34 30 31 26 29 21 24 17 19 29 23 43 37
 47 46 46 46 41 44 33 37 27 29 21 22 19 20 17 18 15 16 13 14 12 13 10 11
  9  9  8  8  9  9  9  9]"
2024-11-05 18:31:24.732449,"(10.0, 20.0)","(3491, 2507)","[20  6 21 22 19 20 18 18 20 19 22 22 21 22 17 19 16 17 16 16 14 15 13 13
 12 12 11 11 10 10 11 11 10 11 10 10 12 11 12 12 12 12 11 11 10 10 10 10
 11 10 11 11 11 11 12 12 12 12 11 11 10 10  9 10  9  9 10  9 11 11 10 11
  9  9 18 14 19 18 33 28 33 34 29 32 24 27 20 22 17 18 13 13 13 13 17 13
 21 19 23 23 21 22 14 20 14 14 13 14 11 12 11 11 11 12 10 11  8  9  7  8
  7  7  8  7  9  9  9  9]"
2024-11-05 18:31:38.295885,"(20.0, 20.0)","(3573, 2504)","[20 13 21 22 19 20 18 18 20 19 22 22 21 22 17 19 16 17 16 16 14 15 13 13
 12 12 11 11 10 10 11 11 10 11 10 10 12 11 12 12 12 12 11 11 10 10 10 10
 11 10 11 11 11 11 12 12 12 12 11 11 10 10  9 10  9  9 10  9 11 11 10 11
 14  9 31 22 41 37 44 43 42 44 37 40 29 33 23 26 19 21 15 15 15 15 14 15
 14 14 14 14 14 14 13 14 12 13 11 12 11 11 11 11 11 12 10 11  8  9  7  8
  7  7  8  7  9  9  9  9]"
2024-11-05 18:31:51.857262,"(30.0, 20.0)","(3661, 2507)","[19  9 21 22 19 20 18 18 20 19 22 22 21 22 17 19 16 17 16 16 14 15 13 13
 12 12 11 11 10 10 11 11 10 11 10 10 12 11 12 12 12 12 11 11 10 10 10 10
 11 10 11 11 11 11 12 12 12 12 11 11 10 10  9 10  9  9 10  9 11 11 10 11
 16  9 28 21 38 33 43 41 43 43 41 42 37 39 35 36 35 35 34 35 30 32 27 28
 27 27 25 26 20 20 18 19 16 17 14 15 12 13 11 11 11 12 10 11  8  9  7  8
  7  7  8  7  9  9  9  9]"
2024-11-05 18:32:06.927139,"(40.0, 20.0)","(3762, 2507)","[19 11 21 22 19 20 18 18 20 19 22 22 21 22 17 19 16 17 16 16 14 15 13 13
 12 12 11 11 10 10 11 11 10 11 10 10 12 11 12 12 12 12 11 11 10 10 10 10
 11 10 11 11 11 11 12 12 12 12 11 11 10 10  9 10  9  9 10  9 11 11 10 11
  9  9 16 14 28 22 34 32 38 36 40 40 39 40 36 37 35 35 32 34 32 31 38 35
 39 39 35 37 30 32 25 28 20 23 18 19 15 17 13 14 11 12 10 11  8  9  8  8
  7  7  8  7  9  9  9  9]"
2024-11-05 18:32:20.989859,"(50.0, 20.0)","(3886, 2505)","[19 10 21 22 18 20 18 18 20 19 22 22 21 22 17 19 16 17 16 16 14 15 13 13
 12 12 11 11 10 10 11 11 10 11 10 10 12 11 12 12 12 12 11 11 10 10 10 10
 11 10 11 11 11 11 12 12 12 12 11 11 10 10  9 10  9  9 10  9 11 11 10 11
 17  9 22 20 23 23 23 23 23 23 22 23 22 22 20 21 19 20 17 18 28 22 36 33
 36 37 34 35 28 31 23 26 17 21 15 16 13 14 12 12 11 12 10 11  8  9  9  9
  9  9  9  9  9  9  9  9]"
2024-11-05 18:32:34.551939,"(60.0, 20.0)","(4035, 2506)","[19  9 21 22 18 20 18 18 20 19 22 22 21 22 17 19 16 17 16 16 14 15 13 13
 12 12 11 11 10 10 11 11 10 11 10 10 12 11 12 12 12 12 11 11 10 10 10 10
 11 10 11 11 11 11 12 12 12 12 11 11 10 10  9 10  9  9 10  9 11 11 10 11
 22  9 36 30 42 40 42 42 39 41 37 38 39 38 40 40 38 39 33 35 34 33 40 38
 41 41 39 40 33 36 24 30 23 24 20 21 16 18 13 14 11 12 10 11 10 10 10 10
 10 10  9 10  9  9  9  9]"
2024-11-05 18:32:48.114138,"(70.0, 20.0)","(111, 2506)","[19 15 21 22 18 20 18 18 20 19 22 22 21 22 17 19 16 17 16 16 14 15 13 13
 12 12 11 11 10 10 11 11 10 11 10 10 12 11 12 12 12 12 11 11 10 10 10 10
 11 10 11 11 11 11 12 12 12 12 11 11 10 10  9 10  9  9 10  9 18 16 22 19
 35 25 51 44 58 55 57 58 54 56 50 52 51 51 53 53 49 52 42 46 37 39 36 37
 36 36 35 36 29 34 29 29 29 29 28 29 25 27 22 23 19 20 18 18 15 16 14 14
 11 13  9 10  9  9  9  9]"
2024-11-05 18:33:01.678595,"(80.0, 20.0)","(297, 2507)","[19 14 21 22 18 19 18 18 20 19 22 22 21 22 17 19 16 17 16 16 14 15 13 13
 12 12 11 11 10 10 11 11 10 11 10 10 12 11 12 12 12 12 11 11 10 10 10 10
 11 10 11 11 11 11 12 12 12 12 11 11 10 10  9 10  9  9 10  9 11 11 19 11
 36 25 52 45 59 56 58 59 54 57 50 51 52 51 53 53 49 52 43 46 40 41 41 41
 41 42 38 40 29 34 27 28 25 25 24 24 22 23 19 21 17 18 15 16 14 15 13 13
 12 12 11 12 11 11  9 10]"
2024-11-05 18:33:15.240939,"(90.0, 20.0)","(465, 2507)","[19  9 21 21 18 19 18 18 20 19 22 22 21 22 17 19 16 17 16 16 14 15 13 13
 12 12 11 11 10 10 11 11 10 11 10 10 12 11 12 12 22 20 22 23 21 21 22 22
 20 22 17 19 11 16 12 12 12 12 11 11 10 10  9 10  9  9 10  9 11 11 16 11
 27 19 38 34 42 41 42 42 36 41 35 34 42 38 43 43 40 42 35 38 30 32 31 30
 33 33 33 33 30 31 23 28 23 23 23 23 20 21 17 18 15 16 13 14 11 12 10 10
  8  9  8  8  9  9  9  9]"
2024-11-05 18:33:52.063245,"(-80.0, -20.0)","(2678, 2963)","[19  5 21 21 18 19 18 18 20 19 22 22 21 22 17 19 16 17 16 16 14 15 13 13
 12 12 11 11 10 10 11 11 10 11 10 10 12 11 12 12 12 12 11 11 15 13 15 15
 11 14 11 11 11 11 12 12 12 12 11 11 10 10  9 10  9  9 10  9 11 11 10 11
  9  9  9  9 12 11 13 12 14 15 13 14 12 13 11 11 10 10 14 10 25 20 36 31
 41 40 41 41 38 40 33 36 26 29 20 23 15 16 13 14 11 12 10 11  8  9  7  8
  7  7  8  7  9  9  9  9]"
2024-11-05 18:34:05.628545,"(-70.0, -20.0)","(2818, 2961)","[19  5 21 21 18 19 18 18 20 19 22 22 21 22 17 19 16 17 16 16 14 15 13 13
 12 12 11 11 10 10 11 11 10 11 10 10 12 11 12 12 12 12 11 11 10 10 10 10
 11 10 11 11 11 11 12 12 12 12 11 11 10 10  9 10  9  9 10  9 11 11 10 11
  9  9  9  9 12 11 13 12 14 15 13 14 12 13 11 11 10 10 10 10 21 15 30 26
 34 33 33 34 30 32 25 27 21 23 17 19 13 13 12 12 11 12 10 11  9 10  9  9
  9  9  8  8  9  9  9  9]"
2024-11-05 18:34:19.193562,"(-60.0, -20.0)","(2935, 2962)","[19 12 21 21 18 19 18 17 20 19 22 22 21 22 17 19 16 17 16 16 14 15 13 13
 12 12 11 11 10 10 11 11 10 11 10 10 12 11 12 12 12 12 11 11 17 15 19 18
 17 18 15 16 11 11 12 12 12 12 11 11 10 10  9 10  9  9 10  9 11 11 10 11
  9  9  9  9 12 11 13 12 14 15 13 14 12 13 11 11 10 10 10 10 16 10 27 22
 33 32 34 34 32 33 26 29 21 23 17 19 13 14 12 12 11 12 10 11  8  9  8  8
  7  7  8  7  9  9  9  9]"
2024-11-05 18:34:33.255958,"(-50.0, -20.0)","(3040, 2963)","[19 11 20 21 18 19 18 17 20 19 22 22 21 22 17 19 16 17 16 16 14 15 13 13
 12 12 11 11 10 10 11 11 10 11 10 10 12 11 12 12 12 12 11 11 19 15 20 20
 18 20 15 17 11 11 12 12 12 12 11 11 10 10  9 10  9  9 10  9 11 11 10 11
  9  9  9  9 12 11 13 12 14 15 13 14 12 13 11 11 10 10 10 10 18 15 30 25
 35 34 35 35 31 33 27 29 22 24 16 19 13 13 11 12 11 12 10 11 10 10  9 10
  9  9  9  9  9  9  9  9]"
2024-11-05 18:34:46.817818,"(-40.0, -20.0)","(3128, 2963)","[19  7 20 21 18 19 18 17 20 19 22 22 21 22 17 19 16 17 16 16 14 15 13 13
 12 12 11 11 10 10 11 11 10 11 10 10 12 11 12 12 12 12 11 11 10 10 10 10
 11 10 11 11 11 11 12 12 12 12 11 11 10 10  9 10  9  9 10  9 11 11 10 11
  9  9  9  9 12 11 13 12 14 15 13 14 12 13 11 11 10 10 10 10 13 10 26 20
 33 32 33 34 29 31 26 27 22 24 18 19 13 13 12 12 11 12 11 11 11 11 11 11
 11 11 10 11 10 10  9  9]"
2024-11-05 18:35:00.379642,"(-30.0, -20.0)","(3180, 2963)","[19  6 20 21 18 19 18 17 20 19 22 22 21 22 17 19 16 17 16 16 14 15 13 13
 12 12 11 11 10 10 11 11 10 11 10 10 12 11 12 12 12 12 11 11 10 10 10 10
 11 10 11 11 11 11 12 12 12 12 11 11 10 10  9 10  9  9 10  9 11 11 10 11
  9  9  9  9 12 11 13 12 14 15 13 14 12 13 11 11 10 10 10 10 15 10 28 21
 38 35 39 39 36 38 30 33 24 27 19 21 14 15 13 13 11 12 10 11 10 10 10 10
 10 10  9 10  9  9  9  9]"
2024-11-05 18:35:13.943024,"(-20.0, -20.0)","(3252, 2961)","[19  6 20 21 18 19 18 17 20 19 22 22 21 22 17 19 16 17 16 16 14 15 13 13
 12 12 11 11 10 10 11 11 10 11 10 10 12 11 12 12 12 12 11 11 10 10 10 10
 11 10 11 11 11 11 12 12 12 12 11 11 10 10  9 10  9  9 10  9 11 11 10 11
  9  9  9  9 12 11 13 12 14 15 13 14 12 13 11 11 15 10 21 17 24 23 32 27
 37 37 35 36 32 33 28 31 24 26 20 22 15 15 13 14 11 12 10 11  8  9  8  8
  7  7  8  7  9  9  9  9]"
2024-11-05 18:35:27.506867,"(-10.0, -20.0)","(3320, 2963)","[19  7 20 21 18 19 18 17 20 19 22 22 21 22 17 19 16 17 16 16 14 15 13 13
 12 12 11 11 10 10 11 11 10 11 10 10 12 11 12 12 12 12 11 11 10 10 10 10
 11 10 11 11 11 11 12 12 12 12 11 11 10 10  9 10  9  9 10  9 11 11 10 11
  9  9  9  9 12 11 13 12 14 15 13 14 12 13 11 11 14 10 17 15 21 19 26 21
 37 34 38 38 36 37 32 35 28 30 23 25 16 20 15 15 12 13 10 11  8  9  7  8
  7  7  8  7  9  9  9  9]"
2024-11-05 18:35:41.074442,"(0.0, -20.0)","(3388, 2962)","[19  8 20 21 18 19 17 17 20 19 22 22 21 22 17 19 16 17 16 16 14 15 13 13
 12 12 11 11 10 10 11 11 10 11 10 10 12 11 12 12 12 12 11 11 10 10 10 10
 11 10 11 11 11 11 12 12 12 12 11 11 10 10  9 10 16  9 26 21 31 29 30 30
 28 29 27 28 28 27 36 32 40 39 40 40 36 38 34 35 33 33 31 32 26 29 25 25
 31 28 33 32 31 32 27 29 22 24 20 21 18 19 15 17 13 14 13 13 13 13 12 13
 11 12 10 10  9 10  9  9]"
2024-11-05 18:35:54.639297,"(10.0, -20.0)","(3458, 2963)","[19  8 20 21 18 19 17 17 20 19 22 22 21 22 17 19 16 17 16 16 14 15 13 13
 12 12 11 11 10 10 11 11 10 11 10 10 12 11 12 12 12 12 11 11 10 10 10 10
 11 10 11 11 11 11 12 12 12 12 11 11 10 10 11 10 19 14 26 23 29 28 29 29
 28 28 36 31 48 42 53 51 54 54 52 53 48 50 44 46 42 43 39 41 33 36 31 32
 35 32 38 37 38 38 35 37 32 33 27 28 25 26 23 24 22 22 20 21 19 19 18 18
 16 17 14 15 12 13 15 12]"
2024-11-05 18:36:08.201650,"(20.0, -20.0)","(3534, 2962)","[20 18 20 21 18 19 17 17 20 19 22 22 21 22 17 19 16 17 16 16 14 15 13 13
 12 12 11 11 10 10 11 11 10 11 10 10 12 11 12 12 12 12 11 11 10 10 10 10
 11 10 11 11 11 11 12 12 12 12 11 11 10 10 13 10 21 16 27 25 26 27 25 26
 22 23 25 22 41 33 49 46 50 50 45 48 42 43 38 40 35 37 31 33 29 30 23 28
 23 23 29 27 30 30 23 29 22 23 22 22 28 28 23 28 21 23 19 20 18 18 17 17
 16 17 15 16 14 14 23 18]"
2024-11-05 18:36:21.765348,"(30.0, -20.0)","(3619, 2962)","[19  9 20 21 18 19 17 17 20 19 22 22 21 22 17 19 16 17 16 16 14 15 13 13
 12 12 11 11 10 10 11 11 10 11 10 10 12 11 12 12 12 12 11 11 10 10 10 10
 11 10 11 11 11 11 12 12 12 12 11 11 10 10  9 10  9  9 10  9 11 11 10 11
 17  9 28 21 40 34 48 45 49 50 46 48 42 44 37 39 36 36 36 36 35 35 33 34
 32 32 32 32 31 31 30 30 29 29 24 24 23 24 22 23 19 21 17 18 16 17 16 16
 16 16 16 16 15 16 18 15]"
2024-11-05 18:36:36.345490,"(40.0, -20.0)","(3713, 2964)","[19 11 20 21 18 19 17 17 20 19 22 22 21 22 17 19 16 17 16 16 14 15 13 13
 12 12 11 11 10 10 11 11 10 11 10 10 12 11 12 12 12 12 11 11 10 10 10 10
 11 10 11 11 11 11 12 12 12 12 11 11 10 10  9 10  9  9 10  9 11 11 15 11
 24 19 36 30 46 42 50 49 49 50 47 48 45 46 42 43 44 42 47 45 47 47 44 46
 39 42 34 36 33 33 32 32 27 32 26 27 25 25 25 25 25 25 25 25 25 25 24 24
 24 24 24 24 23 23 22 22]"
2024-11-05 18:36:49.909080,"(50.0, -20.0)","(3820, 2961)","[19 13 20 21 18 19 17 17 20 19 22 22 21 22 17 19 16 17 16 16 14 15 13 13
 12 12 11 11 10 10 11 11 10 11 10 10 12 11 12 12 12 12 11 11 10 10 10 10
 11 10 11 11 11 11 12 12 12 12 11 11 10 10  9 10  9  9 15 11 20 18 19 20
 21 19 31 25 40 36 43 43 42 43 39 41 34 36 32 33 31 32 30 31 29 29 29 28
 34 31 39 37 39 40 35 36 33 34 30 32 24 29 23 24 20 21 18 19 17 17 17 17
 17 17 17 17 16 16 13 14]"
2024-11-05 18:37:03.473402,"(60.0, -20.0)","(3960, 2962)","[19  9 20 21 18 19 17 17 20 19 22 22 21 22 17 19 16 17 16 16 14 15 13 13
 12 12 11 11 10 10 11 11 10 11 10 10 12 11 12 12 12 12 11 11 10 10 10 10
 11 10 11 11 11 11 12 12 12 12 11 11 10 10  9 10  9  9 10  9 11 11 10 11
 13  9 18 16 21 20 23 21 27 26 27 27 24 25 24 23 27 26 27 28 28 27 37 33
 42 39 46 44 46 47 43 45 37 41 33 35 30 32 23 28 22 22 21 22 19 20 17 18
 15 16 14 14 12 13 11 11]"
2024-11-05 18:37:17.035932,"(70.0, -20.0)","(26, 2962)","[19  9 20 21 18 19 17 17 20 19 22 22 21 22 17 19 16 17 16 16 14 15 13 13
 12 12 11 11 10 10 11 11 10 11 10 10 12 11 12 12 12 12 11 11 10 10 10 10
 11 10 11 11 11 11 12 12 12 12 11 11 10 10  9 10  9  9 10  9 12 11 29 21
 39 36 40 40 39 40 36 38 34 35 31 33 29 30 27 29 24 26 25 24 29 27 36 33
 40 40 39 40 37 38 34 35 31 33 27 29 23 23 21 22 19 20 18 18 19 18 19 19
 18 18 17 17 15 16 14 14]"
2024-11-05 18:37:30.599671,"(80.0, -20.0)","(207, 2962)","[19  3 20 21 18 19 17 17 20 19 22 22 21 22 17 19 16 17 16 16 14 15 13 13
 12 12 11 11 10 10 11 11 10 11 10 10 12 11 12 12 12 12 11 11 10 10 10 10
 11 10 11 11 11 11 12 12 12 12 11 11 10 10  9 10  9  9 17 13 17 18 17 16
 24 20 31 28 32 32 29 30 31 29 35 33 38 37 38 38 37 37 35 36 33 34 34 32
 39 37 40 40 38 39 33 36 28 30 23 24 22 23 21 21 18 20 16 17 15 15 15 15
 14 14 13 13 11 12 10 11]"
2024-11-05 18:38:06.896004,"(-90.0, 23.33)","(2455, 2465)","[19  9 20 21 18 19 17 17 20 19 22 22 21 22 17 19 16 17 16 16 14 15 13 13
 12 12 11 11 10 10 11 11 10 11 10 10 12 11 12 12 12 12 11 11 10 10 10 10
 11 10 11 11 11 11 12 12 12 12 11 11 10 10 11 10 25 17 35 31 35 35 33 34
 29 31 27 28 37 31 41 40 40 41 35 38 30 32 28 29 26 27 25 26 20 24 20 20
 27 20 29 29 27 28 20 24 19 20 17 18 15 16 13 14 11 12 10 11  8  9  7  8
  7  7  8  7  9  9  9  9]"
2024-11-05 18:38:20.255269,"(-81.42, 23.33)","(2595, 2466)","[19  3 20 21 18 19 17 17 20 19 22 22 21 22 17 19 16 17 16 16 14 15 13 13
 12 12 11 11 10 10 11 11 10 11 10 10 12 11 12 12 12 12 11 11 10 10 10 10
 11 10 11 11 11 11 12 12 12 12 11 11 13 10 22 15 38 32 47 44 47 47 43 46
 37 39 37 37 46 42 48 48 46 48 39 44 33 36 29 31 24 29 24 24 24 24 23 23
 23 23 23 23 23 23 22 23 20 22 18 19 15 16 12 13 11 12 10 11  9  9  9  9
  9  9  9  9  9  9  9  9]"
2024-11-05 18:38:33.613588,"(-72.85, 23.33)","(2722, 2467)","[19 12 20 21 18 19 17 17 20 19 22 22 21 22 17 19 16 17 16 16 14 15 13 13
 12 12 11 11 10 10 11 11 10 11 10 10 12 11 12 12 12 12 11 11 10 10 10 10
 11 10 11 11 11 11 12 12 12 12 11 11 11 10 23 14 41 35 46 45 46 46 42 44
 38 40 34 36 37 35 39 38 36 38 29 33 20 26 19 20 17 18 26 19 33 30 34 34
 33 33 32 32 30 31 28 29 24 27 19 21 17 18 15 16 13 14 12 12 10 11  9 10
  9  9  9  9  9  9  9  9]"
2024-11-05 18:38:46.972449,"(-64.28, 23.33)","(2837, 2467)","[19  8 20 21 17 19 17 17 20 19 22 22 21 22 17 19 16 17 16 16 14 15 13 13
 12 12 11 11 10 10 11 11 10 11 10 10 12 11 12 12 12 12 11 11 10 10 10 10
 11 10 11 11 11 11 12 12 12 12 11 11 10 10 24 16 39 33 45 43 45 46 41 43
 36 39 32 34 31 31 29 30 26 28 22 24 17 18 15 16 13 14 25 17 35 30 38 37
 40 40 39 40 37 38 35 36 30 33 23 27 19 20 16 17 14 15 12 13 10 11  9 10
  8  9  8  8  9  9  9  9]"
2024-11-05 18:39:00.333513,"(-55.71, 23.33)","(2900, 2466)","[19 12 20 21 17 19 17 17 20 19 22 22 21 22 17 19 16 17 16 16 14 15 13 13
 12 12 11 11 10 10 11 11 10 11 10 10 12 11 12 12 12 12 11 11 10 10 10 10
 11 10 11 11 11 11 12 12 12 12 11 11 10 10 26 19 35 32 37 37 36 37 34 36
 32 33 29 30 28 28 26 27 22 24 16 16 14 15 17 13 28 23 33 31 33 33 39 37
 41 41 40 40 37 39 34 36 30 32 25 27 20 21 17 19 15 16 13 14 12 12 11 12
 11 11 10 10  9 10  9  9]"
2024-11-05 18:39:13.695208,"(-47.14, 23.33)","(3002, 2467)","[19  9 20 21 17 19 17 17 20 19 22 22 21 22 17 19 16 17 16 16 14 15 13 13
 12 12 11 11 10 10 11 11 10 11 10 10 12 11 12 12 12 12 11 11 10 10 10 10
 11 10 11 11 11 11 12 12 12 12 11 11 10 10 17 10 25 23 25 26 24 25 25 23
 28 28 29 29 29 29 27 28 23 25 22 22 20 21 21 20 29 25 31 31 32 31 35 35
 34 35 31 32 27 29 20 25 20 20 19 20 17 18 15 16 14 14 14 14 12 13 10 11
  8  9  8  8  9  9  9  9]"
2024-11-05 18:39:27.053785,"(-38.57, 23.33)","(3099, 2466)","[19 12 20 21 17 19 17 17 20 19 22 22 21 22 17 19 16 17 16 16 14 15 13 13
 12 12 11 11 10 10 11 11 10 11 10 10 12 11 12 12 12 12 11 11 10 10 10 10
 11 10 11 11 11 11 12 12 12 12 11 11 16 10 29 23 34 33 33 34 28 30 26 27
 25 26 24 24 23 23 22 22 21 22 20 21 26 23 27 27 26 27 22 25 31 26 38 36
 38 38 35 36 30 32 25 27 20 23 18 19 15 17 13 14 12 12 10 11 10 10 14 10
 15 15 15 16 10 10  9 10]"
2024-11-05 18:39:41.433144,"(-30.0, 23.33)","(3142, 2467)","[19  8 20 21 17 19 17 16 20 19 22 22 21 22 17 19 16 17 16 16 14 15 13 13
 12 12 11 11 10 10 11 11 10 11 10 10 12 11 12 12 12 12 11 11 10 10 10 10
 11 10 11 11 11 11 12 12 12 12 11 11 10 10 21 16 27 26 27 28 26 27 24 25
 22 23 19 20 17 18 13 16 14 15 13 14 25 19 29 28 27 28 27 26 40 33 44 43
 44 44 41 42 36 39 32 34 27 29 20 22 18 19 15 16 12 13 12 12 12 12 16 12
 17 17 17 17 12 12 12 12]"
2024-11-05 18:39:54.794508,"(-21.42, 23.33)","(3208, 2467)","[19 11 20 21 17 19 17 16 20 19 22 22 21 22 17 19 16 17 16 16 14 15 13 13
 12 12 11 11 10 10 11 11 10 11 10 10 12 11 12 12 12 12 11 11 10 10 10 10
 11 10 11 11 11 11 12 12 12 12 11 11 12 10 25 18 34 31 35 35 32 34 28 30
 24 26 21 23 18 20 14 17 14 15 13 14 28 22 32 31 30 31 27 28 31 29 33 33
 32 33 32 32 31 32 28 30 24 26 20 20 18 19 16 17 14 15 12 13 10 11  8  9
  7  8  8  7 11  9 17 15]"
2024-11-05 18:40:08.157134,"(-12.85, 23.33)","(3268, 2466)","[19  8 20 21 17 19 17 16 20 19 22 22 21 22 17 19 16 17 16 16 14 15 13 13
 12 12 11 11 10 10 11 11 10 11 10 10 12 11 12 12 12 12 11 11 10 10 10 10
 11 10 11 11 11 11 12 12 12 12 11 11 10 10  9 10 13  9 18 16 17 18 10 16
  9  9  9  9 12 11 13 12 14 15 13 14 19 16 22 22 21 22 19 20 21 20 28 25
 34 32 35 35 33 34 27 30 22 24 15 16 14 15 12 13 11 12 10 11  8  9  9  9
  9  9  9  9  9  9  9  9]"
2024-11-05 18:40:22.534738,"(-4.28, 23.33)","(3326, 2468)","[19  6 20 21 17 19 17 16 20 19 22 22 21 22 17 19 16 17 16 16 14 15 13 13
 12 12 11 11 10 10 11 11 10 11 10 10 12 11 12 12 12 12 11 11 10 10 10 10
 11 10 11 11 11 11 12 12 12 12 11 11 10 10  9 10  9  9 10  9 11 11 10 11
  9  9  9  9 12 11 13 12 14 15 13 14 16 13 17 16 15 16 14 14 15 10 26 21
 35 31 39 38 38 39 34 36 29 32 24 26 16 21 15 15 13 14 11 12 10 11 10 10
  9  9  8  8  9  9 11  9]"
2024-11-05 18:40:35.894188,"(4.28, 23.33)","(3383, 2466)","[18  6 20 21 17 19 17 16 20 19 22 22 21 22 17 19 16 17 16 16 14 15 13 13
 12 12 11 11 10 10 11 11 10 11 10 10 12 11 12 12 12 12 11 11 10 10 10 10
 11 10 11 11 11 11 12 12 12 12 11 11 10 10  9 10  9  9 10  9 11 11 10 11
  9  9  9  9 12 11 13 12 14 15 13 14 12 13 11 11 10 10 10 10 18 16 30 24
 41 37 46 44 45 46 40 43 33 37 26 29 18 23 16 17 14 15 13 13 12 12 12 12
 11 12 10 10  9  9  9  9]"
2024-11-05 18:40:49.254438,"(12.85, 23.33)","(3443, 2466)","[18  6 20 21 17 19 17 16 20 19 22 22 21 22 17 19 16 17 16 16 14 15 13 13
 12 12 11 11 10 10 11 11 10 11 10 10 12 11 12 12 12 12 11 11 10 10 10 10
 11 10 11 11 11 11 12 12 12 12 11 11 10 10  9 10  9  9 10  9 11 11 10 11
  9  9 14 11 27 21 33 31 33 34 31 32 26 28 21 23 17 19 12 12 15 12 33 24
 44 40 47 47 45 46 39 43 32 35 25 29 19 20 16 18 14 15 11 12 10 11 10 10
 10 10  9  9  9  9  9  9]"
2024-11-05 18:41:02.614661,"(21.42, 23.33)","(3507, 2468)","[18 11 20 21 17 19 17 16 20 19 22 22 21 22 17 19 16 17 16 16 14 15 13 13
 12 12 11 11 10 10 11 11 10 11 10 10 12 11 12 12 12 12 11 11 10 10 10 10
 11 10 11 11 11 11 12 12 12 12 11 11 10 10  9 10  9  9 10  9 11 11 10 11
  9  9  9  9 20 15 28 25 30 30 27 29 23 25 19 21 17 18 11 11 15 11 21 17
 32 28 37 35 36 37 32 34 26 29 21 23 16 17 14 15 12 13 10 11  9  9  9  9
  9  9  9  9  9  9  9  9]"
2024-11-05 18:41:15.975936,"(30.0, 23.33)","(3578, 2466)","[18 11 20 21 17 19 17 16 20 19 22 22 21 22 17 19 16 17 16 16 14 15 13 13
 12 12 11 11 10 10 11 11 10 11 10 10 12 11 12 12 12 12 11 11 10 10 10 10
 11 10 11 11 11 11 12 12 12 12 11 11 10 10  9 10  9  9 10  9 11 11 10 11
  9  9 24 15 38 31 44 42 44 45 41 43 35 38 29 32 22 25 16 16 15 15 18 14
 23 21 24 24 23 23 21 22 16 20 15 16 13 14 12 12 11 12 10 11 14 10 15 14
 10 14 10 10 10 10  9 10]"
2024-11-05 18:41:29.839403,"(38.57, 23.33)","(3652, 2467)","[18 10 20 21 17 19 17 16 20 19 22 22 21 22 17 19 16 17 16 16 14 15 13 13
 12 12 11 11 10 10 11 11 10 11 10 10 12 11 12 12 12 12 11 11 10 10 10 10
 11 10 11 11 11 11 12 12 12 12 11 11 10 10  9 10  9  9 10  9 11 11 10 11
  9  9 25 15 40 33 45 43 45 45 43 44 41 42 36 39 30 33 26 28 25 25 28 24
 37 35 37 37 34 36 28 31 21 26 19 20 17 18 14 15 13 13 12 12 12 12 12 12
 12 12 11 12 10 10  9  9]"
2024-11-05 18:41:43.198643,"(47.14, 23.33)","(3735, 2468)","[18  9 20 21 17 19 17 16 20 19 22 22 21 22 17 19 16 17 16 16 14 15 13 13
 12 12 11 11 10 10 11 11 10 11 10 10 12 11 12 12 12 12 11 11 10 10 10 10
 11 10 11 11 11 11 12 12 12 12 11 11 10 10  9 10  9  9 10  9 11 11 10 11
  9  9 15 12 20 17 26 24 29 28 29 29 27 28 25 26 22 23 22 22 27 25 31 29
 36 35 36 36 34 35 28 31 23 25 17 18 15 16 13 14 12 13 11 11 10 10  9 10
  9  9  8  8  9  9  9  9]"
2024-11-05 18:41:56.556779,"(55.71, 23.33)","(3835, 2468)","[18  8 20 21 17 19 17 16 20 19 22 22 21 22 17 19 16 17 16 16 14 15 13 13
 12 12 11 11 10 10 11 11 10 11 10 10 12 11 12 12 12 12 11 11 10 10 10 10
 11 10 11 11 11 11 12 12 12 12 11 11 10 10  9 10  9  9 10  9 11 11 10 11
  9  9  9  9 12 11 13 12 14 15 13 14 12 13 11 11 10 10 10 10 14 10 22 18
 26 26 24 25 22 24 19 21 16 17 11 12 11 11 11 11 11 12 10 11  8  9  7  8
  7  7  8  7  9  9  9  9]"
2024-11-05 18:42:09.915045,"(64.28, 23.33)","(3955, 2469)","[18  8 20 21 17 19 17 16 20 19 22 22 21 22 17 19 16 17 16 16 14 15 13 13
 12 12 11 11 10 10 11 11 10 11 10 10 12 11 12 12 12 12 11 11 10 10 10 10
 11 10 11 11 11 11 12 12 12 12 11 11 10 10  9 10  9  9 10  9 11 11 10 11
  9  9 20 15 27 24 26 26 23 24 21 22 19 20 17 18 18 16 17 18 19 17 33 27
 38 37 37 38 34 36 28 31 24 26 21 23 17 17 15 16 13 14 12 12 11 11 10 10
  9  9  9  9  9  9  9  9]"
2024-11-05 18:42:23.277055,"(72.85, 23.33)","(4083, 2466)","[18  9 20 21 17 19 17 16 20 19 22 22 21 22 17 19 16 17 16 16 14 15 13 13
 12 12 11 11 10 10 11 11 10 11 10 10 12 11 12 12 12 12 11 11 10 10 10 10
 11 10 11 11 11 11 12 12 12 12 11 11 10 10  9 10  9  9 10  9 11 11 10 11
 14  9 31 21 42 37 43 43 41 43 35 38 30 33 26 27 27 26 26 27 25 25 32 28
 37 36 36 37 31 34 25 28 20 23 18 19 16 17 14 15 12 13 10 11  9 10  8  8
  7  7  8  7  9  9  9  9]"
2024-11-05 18:42:36.636932,"(81.42, 23.33)","(140, 2468)","[19 16 20 21 17 19 17 16 20 19 22 22 21 22 17 19 16 17 18 17 17 18 14 15
 12 12 11 11 10 10 11 11 10 11 10 10 12 11 12 12 12 12 11 11 10 10 10 10
 11 10 11 11 11 11 12 12 12 12 11 11 10 10  9 10  9  9 10  9 11 11 10 11
 24  9 44 35 53 49 54 54 53 54 48 51 44 46 43 43 43 43 42 43 38 40 41 38
 48 47 48 49 44 46 38 41 32 35 28 29 25 27 21 23 17 19 14 15 11 12  9 10
  7  8  8  7  9  9  9  9]"
2024-11-05 18:42:51.015251,"(90.0, 23.33)","(298, 2467)","[18 13 20 21 17 19 17 16 20 19 22 22 21 22 17 19 16 17 17 17 17 17 14 15
 12 12 11 11 10 10 11 11 10 11 10 10 12 11 12 12 12 12 11 11 10 10 10 10
 11 10 11 11 11 11 12 12 12 12 11 11 10 10  9 10  9  9 10  9 11 11 10 11
 26  9 43 36 50 48 51 51 48 50 44 47 38 41 38 37 43 41 44 44 40 42 43 40
 48 47 48 49 44 46 34 39 28 31 26 27 23 24 19 21 17 18 15 16 14 15 13 13
 12 12 10 11  9 10  9  9]"
2024-11-05 18:43:27.024670,"(-81.42, -23.33)","(2521, 2998)","[18 10 20 21 17 18 17 16 20 19 22 22 21 22 17 19 16 17 16 16 14 15 13 13
 12 12 11 11 10 10 11 11 10 11 10 10 12 11 12 12 15 12 26 20 32 30 32 32
 29 31 24 27 19 22 13 18 12 13 11 11 10 10  9 10  9  9 10  9 11 11 10 11
  9  9  9  9 12 11 13 12 14 15 13 14 12 13 11 11 10 10 10 10 14 10 22 18
 27 26 25 26 24 24 24 24 22 23 19 20 13 16 11 12 11 12 10 11  8  9  8  8
  7  7  8  7  9  9  9  9]"
2024-11-05 18:43:40.384452,"(-72.85, -23.33)","(2657, 3000)","[18 14 20 21 17 18 17 16 20 19 22 22 21 22 17 19 16 17 16 16 14 15 13 13
 12 12 11 11 10 10 11 11 10 11 10 10 12 11 12 12 12 12 11 11 10 10 10 10
 11 10 11 11 11 11 12 12 12 12 11 11 10 10  9 10  9  9 10  9 11 11 10 11
  9  9  9  9 12 11 13 12 14 15 13 14 12 13 11 11 10 10 10 10 17 15 23 20
 26 26 30 27 35 33 33 35 28 31 22 25 14 20 14 14 13 13 11 12 10 11  9 10
  8  9  8  8  9  9  9  9]"
2024-11-05 18:43:53.743229,"(-64.28, -23.33)","(2771, 2998)","[18  9 20 21 17 18 17 16 20 19 22 22 21 22 17 19 16 17 16 16 14 15 13 13
 12 12 11 11 10 10 11 11 10 11 10 10 12 11 12 12 12 12 11 11 10 10 10 10
 11 10 11 11 11 11 12 12 12 12 11 11 10 10  9 10  9  9 10  9 11 11 10 11
  9  9  9  9 12 11 13 12 14 15 13 14 12 13 11 11 10 10 10 10 13 10 22 17
 32 28 36 35 36 36 33 35 27 31 21 24 13 18 12 13 11 12 10 11  9  9  9  9
  9  9  9  9  9  9  9  9]"
2024-11-05 18:44:07.104030,"(-55.71, -23.33)","(2882, 2999)","[18  9 20 21 17 18 17 16 20 19 22 22 21 22 17 19 16 17 16 16 14 15 13 13
 12 12 11 11 10 10 11 11 10 11 10 10 12 11 12 12 12 12 11 11 10 10 10 10
 11 10 11 11 11 11 12 12 12 12 11 11 10 10  9 10  9  9 10  9 11 11 10 11
  9  9  9  9 12 11 13 12 14 15 13 14 12 13 11 11 10 10 10 10  9 10 17  9
 31 24 39 36 39 40 36 38 29 33 22 26 15 19 13 14 11 12 10 11  8  9  7  8
  7  7  8  7  9  9  9  9]"
2024-11-05 18:44:20.465728,"(-47.14, -23.33)","(2977, 3000)","[18 10 20 21 17 18 17 16 20 19 22 22 21 22 17 19 16 17 16 16 14 15 13 13
 12 12 11 11 10 10 11 11 10 11 10 10 12 11 12 12 12 12 11 11 18 15 22 21
 22 23 20 21 16 18 12 15 12 12 11 11 10 10  9 10  9  9 10  9 11 11 10 11
  9  9  9  9 12 11 13 12 14 15 13 14 12 13 11 11 10 10 10 10 13 10 17 15
 24 17 35 30 38 37 36 37 31 34 24 27 14 21 14 14 12 13 10 11  8  9  7  8
  7  7  8  7  9  9  9  9]"
2024-11-05 18:44:33.826754,"(-38.57, -23.33)","(3061, 2999)","[18  7 20 21 17 18 17 16 20 19 22 22 21 22 17 19 16 17 16 16 14 15 13 13
 12 12 11 11 10 10 11 11 10 11 10 10 12 11 12 12 12 12 11 11 15 10 18 17
 16 17 11 11 11 11 12 12 12 12 11 11 10 10  9 10  9  9 10  9 11 11 10 11
  9  9  9  9 12 11 13 12 14 15 13 14 12 13 11 11 10 10 10 10 13 10 16 15
 15 16 25 18 33 30 33 33 31 33 25 28 19 22 13 16 12 12 10 11  8  9  7  8
  7  7  8  7  9  9  9  9]"
2024-11-05 18:44:47.185425,"(-30.0, -23.33)","(3132, 2999)","[18 12 20 21 17 18 17 16 20 19 22 22 21 22 17 19 16 17 16 16 14 15 13 13
 12 12 11 11 10 10 11 11 10 11 10 10 12 11 12 12 12 12 11 11 10 10 10 10
 11 10 11 11 11 11 12 12 12 12 11 11 10 10  9 10 13  9 13 14 11 11 10 11
  9  9  9  9 12 11 13 12 14 15 13 14 12 13 11 11 10 10 10 10 14 10 15 15
 14 15 22 16 30 26 31 31 29 30 24 26 19 21 13 17 12 13 10 11 10 10 10 10
  9 10  9  9  9  9  9  9]"
2024-11-05 18:45:00.548317,"(-21.42, -23.33)","(3178, 3000)","[18  8 20 21 17 18 16 16 20 19 22 22 21 22 17 19 16 17 16 16 14 15 13 13
 12 12 11 11 10 10 11 11 10 11 10 10 12 11 12 12 12 12 11 11 10 10 10 10
 11 10 11 11 11 11 12 12 12 12 11 11 10 10  9 10  9  9 10  9 11 11 10 11
  9  9  9  9 12 11 13 12 14 15 13 14 12 13 11 11 10 10 10 10  9 10  9  9
 19 10 31 25 37 34 37 38 35 37 28 32 22 25 15 19 13 14 11 12 10 11  9 10
  9  9  8  8  9  9  9  9]"
2024-11-05 18:45:13.906729,"(-12.85, -23.33)","(3241, 2998)","[18  5 20 21 17 18 16 16 20 19 22 22 21 22 17 19 16 17 16 16 14 15 13 13
 12 12 11 11 10 10 11 11 10 11 10 10 12 11 12 12 12 12 11 11 10 10 10 10
 11 10 11 11 11 11 12 12 12 12 11 11 10 10  9 10  9  9 10  9 11 11 10 11
  9  9  9  9 12 11 13 12 14 15 13 14 12 13 11 11 10 10 14 13  9 14 15  9
 23 19 30 27 32 31 32 32 29 31 25 27 20 22 14 18 12 13 10 11  8  9  7  8
  7  7  8  7  9  9  9  9]"
2024-11-05 18:45:27.268041,"(-4.28, -23.33)","(3299, 2999)","[18  6 20 21 17 18 16 16 20 19 22 22 21 22 17 19 16 17 16 16 14 15 13 13
 12 12 11 11 10 10 11 11 10 11 10 10 12 11 12 12 12 12 11 11 10 10 10 10
 11 10 11 11 11 11 12 12 12 12 11 11 10 10  9 10  9  9 10  9 11 11 10 11
  9  9  9  9 12 11 13 12 14 15 13 14 12 13 11 11 10 10 17 14 19 18 19 19
 18 18 29 21 36 33 34 35 31 33 26 28 21 23 15 19 13 14 11 12  9 10  7  8
  7  7  8  7  9  9  9  9]"
2024-11-05 18:45:41.631899,"(4.28, -23.33)","(3357, 3000)","[18  5 20 21 17 18 16 16 20 19 22 22 21 22 17 19 16 17 16 16 14 15 13 13
 12 12 11 11 10 10 11 11 10 11 10 10 12 11 12 12 12 12 11 11 10 10 10 10
 11 10 11 11 11 11 12 12 12 12 11 11 10 10  9 10  9  9 10  9 11 11 10 11
  9  9 17 13 23 20 22 23 20 21 13 14 17 17 17 17 15 16 16 14 18 17 17 18
 11 16 26 18 31 30 30 31 28 29 24 27 20 22 15 18 14 14 12 13 11 12 10 11
  9 10  9  9  9  9  9  9]"
2024-11-05 18:45:54.989757,"(12.85, -23.33)","(3417, 2999)","[18  8 20 21 17 18 16 16 20 19 22 22 21 22 17 19 16 17 16 16 14 15 13 13
 12 12 11 11 10 10 11 11 10 11 10 10 12 11 12 12 12 12 11 11 10 10 10 10
 11 10 11 11 11 11 12 12 12 12 11 11 10 10 21 15 34 29 39 38 39 39 38 38
 36 37 36 36 43 40 42 43 38 41 35 36 32 34 28 30 21 26 29 27 30 30 30 30
 27 29 23 23 31 28 30 31 28 30 23 23 21 22 18 20 16 17 14 15 13 14 12 12
 11 12 11 11 11 11 10 11]"
2024-11-05 18:46:08.351484,"(21.42, -23.33)","(3478, 3000)","[18  6 20 21 20 20 19 19 20 19 22 22 21 22 17 19 16 17 16 16 14 15 13 13
 12 12 11 11 10 10 11 11 10 11 10 10 12 11 12 12 12 12 11 11 10 10 10 10
 11 10 11 11 11 11 12 12 12 12 11 11 10 10 17 10 29 24 34 33 33 34 32 33
 36 32 49 42 56 53 54 55 53 52 53 53 49 51 42 45 36 39 32 34 26 31 26 26
 26 26 26 26 31 31 26 31 26 26 24 25 23 24 22 23 22 22 21 21 19 20 17 18
 15 16 15 15 14 14 13 14]"
2024-11-05 18:46:21.710428,"(30.0, -23.33)","(3547, 2998)","[18  6 20 21 17 18 16 16 20 19 22 22 21 22 17 19 16 17 16 16 14 15 13 13
 12 12 11 11 10 10 11 11 10 11 10 10 12 11 12 12 12 12 11 11 10 10 10 10
 11 10 11 11 11 11 12 12 12 12 11 11 10 10 15 10 24 19 29 27 28 29 25 26
 25 24 36 28 47 42 48 48 47 48 44 46 40 42 36 38 33 34 30 32 28 29 22 27
 22 22 27 24 29 28 29 29 26 28 22 22 22 22 22 22 22 22 22 22 21 22 19 20
 17 18 15 16 14 15 13 14]"
2024-11-05 18:46:36.088703,"(38.57, -23.33)","(3617, 3002)","[18  9 20 21 17 18 16 16 20 19 22 22 21 22 17 19 16 17 16 16 14 15 13 13
 12 12 11 11 10 10 11 11 10 11 10 10 12 11 12 12 12 12 11 11 10 10 10 10
 11 10 11 11 11 11 12 12 12 12 11 11 10 10  9 10  9  9 10  9 11 11 10 11
 20  9 35 28 42 39 42 42 43 42 42 43 40 41 39 39 38 39 37 38 34 35 30 32
 28 29 27 27 27 27 22 27 22 22 21 21 20 20 20 20 20 20 19 20 18 19 17 18
 17 17 17 17 17 17 17 17]"
2024-11-05 18:46:49.446718,"(47.14, -23.33)","(3698, 3001)","[18  2 20 21 17 18 16 16 20 19 22 22 21 22 17 19 16 17 16 16 14 15 13 13
 12 12 11 11 10 10 11 11 10 11 10 10 12 11 12 12 12 12 11 11 10 10 10 10
 11 10 11 11 11 11 12 12 12 12 11 11 10 10  9 10  9  9 10  9 11 11 16 11
 23 21 31 27 38 34 39 39 38 39 36 36 36 36 39 37 41 41 39 40 34 36 32 32
 32 31 32 32 32 32 32 32 31 32 28 30 23 23 22 22 26 22 27 27 22 22 21 22
 20 20 19 19 18 18 17 17]"
2024-11-05 18:47:02.806413,"(55.71, -23.33)","(3792, 2999)","[18  9 20 21 17 18 16 16 20 19 22 22 21 22 17 19 16 17 16 16 14 15 13 13
 12 12 11 11 10 10 11 11 10 11 10 10 12 11 12 12 12 12 11 11 10 10 10 10
 11 10 11 11 11 11 12 12 12 12 11 11 10 10  9 10  9  9 15 12 21 18 23 22
 23 24 20 22 21 20 21 21 21 20 28 24 28 28 25 27 25 23 29 27 29 29 26 27
 28 25 37 32 42 40 43 43 41 42 37 39 30 33 28 29 23 27 21 22 20 21 18 19
 17 17 16 17 15 16 13 14]"
2024-11-05 18:47:17.185273,"(64.28, -23.33)","(3904, 3000)","[18 10 20 21 17 18 16 16 20 19 22 22 21 22 17 19 16 17 16 16 14 15 13 13
 12 12 11 11 10 10 11 11 10 11 10 10 12 11 12 12 12 12 11 11 10 10 10 10
 11 10 11 11 11 11 12 12 12 12 11 11 10 10  9 10  9  9 10  9 11 11 10 11
  9  9  9  9 12 11 13 12 14 15 13 14 14 13 21 17 30 25 33 33 30 31 30 31
 29 30 32 30 37 35 39 38 36 38 33 35 30 32 26 28 20 24 18 19 16 17 15 15
 14 14 13 13 12 12 11 11]"
2024-11-05 18:47:30.544101,"(72.85, -23.33)","(4029, 2999)","[18  7 20 21 17 18 16 16 20 19 22 22 21 22 17 19 16 17 16 16 14 15 13 13
 12 12 11 11 10 10 11 11 10 11 10 10 12 11 12 12 12 12 11 11 10 10 10 10
 11 10 11 11 11 11 12 12 12 12 11 11 10 10  9 10  9  9 10  9 15 11 22 18
 30 28 33 32 33 33 30 32 27 29 24 25 24 24 23 23 24 22 27 26 26 27 25 25
 28 25 29 29 28 28 26 27 23 25 19 19 25 24 25 25 24 25 19 19 19 19 19 19
 19 19 17 18 16 16 14 15]"
2024-11-05 18:47:43.905437,"(81.42, -23.33)","(80, 3000)","[18  4 20 21 17 18 16 16 20 19 22 22 21 22 17 19 16 17 16 16 14 15 13 13
 12 12 11 11 10 10 11 11 10 11 10 10 12 11 12 12 12 12 11 11 10 10 10 10
 11 10 11 11 11 11 12 12 12 12 11 11 10 10  9 10  9  9 10  9 20 16 32 27
 40 37 41 41 39 40 37 38 34 35 32 33 31 32 30 31 28 29 26 27 19 24 18 18
 18 18 17 17 22 17 23 23 22 23 17 17 17 17 16 17 15 16 15 15 24 22 25 25
 25 25 22 24 17 21 17 17]"
2024-11-05 18:48:20.937790,"(-90.0, 26.66)","(2320, 2377)","[18 11 20 21 17 18 16 15 20 19 22 22 21 22 17 19 16 17 16 16 14 15 13 13
 12 12 11 11 10 10 11 11 10 11 10 10 12 11 12 12 12 12 11 11 10 10 10 10
 11 10 11 11 15 11 22 18 30 27 32 32 29 30 28 28 28 28 26 27 22 24 19 21
 13 17 13 13 12 12 13 12 14 15 26 19 34 31 36 36 35 36 31 33 30 30 32 31
 32 32 29 31 27 28 27 27 28 28 28 28 21 26 20 21 19 20 17 18 15 16 13 14
 11 12 10 11  9 10  9  9]"
2024-11-05 18:48:35.111590,"(-82.5, 26.66)","(2449, 2380)","[18 10 20 21 17 18 16 15 20 19 22 22 21 22 17 19 16 17 16 16 14 15 13 13
 12 12 11 11 10 10 11 11 10 11 10 10 12 11 12 12 12 12 11 11 10 10 10 10
 11 10 11 11 22 16 33 28 40 38 41 41 39 40 35 37 29 32 24 26 16 22 16 16
 14 15 13 13 12 12 13 12 14 15 27 20 33 31 32 33 34 31 35 35 34 35 30 32
 30 30 28 29 28 28 31 30 30 30 33 31 34 34 32 33 27 30 21 22 18 19 16 17
 14 15 12 13 10 11  9 10]"
2024-11-05 18:48:48.769310,"(-75.0, 26.66)","(2567, 2378)","[18  6 20 21 17 18 16 15 20 19 22 22 21 22 17 19 16 17 16 16 14 15 13 13
 12 12 11 11 10 10 11 11 10 11 10 10 12 11 12 12 12 12 11 11 10 10 10 10
 16 10 23 21 27 25 33 31 32 33 31 31 30 31 27 29 22 25 19 20 14 18 14 14
 13 14 13 13 12 12 13 12 14 15 13 14 22 20 22 22 22 21 25 23 24 25 21 22
 20 20 21 21 22 21 24 23 25 25 24 24 28 26 26 27 25 25 23 24 17 21 15 16
 12 14 10 11  9 10  9  9]"
2024-11-05 18:49:01.926329,"(-67.5, 26.66)","(2676, 5600)","[18 10 20 21 17 18 16 15 20 19 22 22 21 22 17 19 16 17 16 16 14 15 13 13
 12 12 11 11 10 10 11 11 10 11 10 10 12 11 12 12 12 12 11 11 10 10 12 10
 26 18 35 31 34 35 34 34 35 36 33 34 28 31 22 25 19 20 14 14 15 15 14 15
 13 13 12 12 12 12 13 12 14 15 13 14 17 13 20 19 20 20 21 20 19 20 18 18
 19 18 20 20 20 19 28 25 29 29 27 28 27 27 25 26 23 24 20 22 15 16 13 14
 11 12  9 10  9  9  9  9]"
2024-11-05 18:49:16.608029,"(-60.0, 26.66)","(2775, 2381)","[18  7 20 21 17 18 16 15 20 19 22 22 21 22 17 19 16 17 16 16 14 15 13 13
 12 12 11 11 10 10 11 11 10 11 10 10 12 11 12 12 12 12 11 11 10 10 10 10
 20 15 25 24 34 30 39 37 38 39 35 37 31 33 24 27 21 22 22 21 21 22 16 19
 15 15 13 14 12 12 13 12 14 15 13 14 12 13 17 15 18 18 17 18 16 17 16 16
 17 18 17 17 16 17 18 16 23 20 24 24 23 23 20 21 20 20 18 19 13 14 12 13
 10 11  9  9  9  9  9  9]"
2024-11-05 18:49:29.764512,"(-52.5, 26.66)","(2869, 2380)","[18 13 20 21 17 18 16 15 20 19 22 22 21 22 17 19 16 17 16 16 14 15 13 13
 12 12 11 11 10 10 11 11 10 11 10 10 12 11 12 12 12 12 11 11 10 10 10 10
 11 10 23 14 32 29 35 34 33 35 31 32 28 30 24 26 21 23 19 20 21 20 21 21
 21 21 18 20 14 14 13 13 14 15 13 14 12 13 11 11 10 10 10 10 11 10 19 15
 23 22 22 23 20 21 19 19 18 19 17 18 12 17 12 12 12 12 11 11 10 11  9 10
  8  9  8  8  9  9  9  9]"
2024-11-05 18:49:43.421655,"(-45.0, 26.66)","(2955, 2379)","[18  4 20 21 17 18 16 15 20 19 22 22 21 22 17 19 16 17 16 16 14 15 13 13
 12 12 11 11 10 10 11 11 10 11 10 10 12 11 12 12 12 12 11 11 10 10 10 10
 11 10 17 12 26 22 29 28 31 29 32 32 30 31 28 29 27 27 28 27 33 31 36 35
 36 36 33 35 27 30 19 24 17 18 14 15 12 13 11 11 10 10 10 10  9 10  9  9
 15 10 19 18 18 18 17 17 18 18 17 18 16 17 11 14 11 12 10 11  8  9  8  8
  7  8  8  8  9  9  9  9]"
2024-11-05 18:49:56.576076,"(-37.5, 26.66)","(3032, 2379)","[18 14 20 21 17 18 16 15 20 19 22 22 21 22 17 19 16 17 16 16 14 15 13 13
 12 12 11 11 10 10 11 11 10 11 10 10 12 11 12 12 12 12 11 11 10 10 10 10
 11 10 11 11 20 14 28 25 31 31 32 32 32 32 32 32 34 32 38 36 39 39 38 39
 36 37 30 33 25 28 19 22 17 18 14 15 12 13 11 11 16 11 19 19 18 19 17 17
 19 17 23 21 23 24 21 22 22 20 24 23 24 24 23 23 20 22 15 15 14 15 13 13
 11 12 10 11 10 10  9  9]"
2024-11-05 18:50:09.734489,"(-30.0, 26.66)","(3066, 2380)","[18 12 20 21 17 18 17 17 20 19 22 22 21 22 17 19 16 17 16 16 14 15 13 13
 12 12 11 11 10 10 11 11 10 11 10 10 12 11 12 12 12 12 11 11 10 10 10 10
 11 10 11 11 11 11 19 12 24 22 26 25 30 28 35 33 37 37 38 38 37 38 36 36
 33 34 28 30 23 25 17 21 16 17 14 15 15 13 21 18 22 22 21 22 20 21 14 19
 14 14 20 17 20 21 15 20 15 15 21 20 15 21 15 15 15 15 14 15 12 13 11 11
 10 10  9  9  9  9  9  9]"
2024-11-05 18:50:23.390703,"(-22.5, 26.66)","(3130, 2378)","[18  9 20 21 17 18 16 15 20 19 22 22 21 22 17 19 16 17 16 16 14 15 13 13
 12 12 11 11 10 10 11 11 10 11 10 10 12 11 12 12 12 12 11 11 10 10 10 10
 11 10 11 11 11 11 12 12 12 12 11 11 23 18 29 26 38 32 45 42 45 45 43 44
 37 40 30 33 25 27 23 24 17 22 17 17 19 17 23 21 23 24 21 23 17 17 16 17
 16 16 16 16 18 16 21 20 16 21 23 20 24 24 23 24 17 22 16 17 14 15 12 13
 10 11  9  9  9  9  9  9]"
2024-11-05 18:50:36.545647,"(-15.0, 26.66)","(3196, 2380)","[18  8 20 21 17 18 16 15 20 19 22 22 21 22 17 19 16 17 16 16 14 15 13 13
 12 12 11 11 10 10 11 11 10 11 10 10 12 11 12 12 12 12 11 11 10 10 10 10
 11 10 11 11 11 11 12 12 12 12 11 11 10 10 15 10 26 19 36 32 38 37 37 37
 35 37 31 34 28 29 28 28 27 28 25 26 24 24 29 26 34 32 35 35 32 34 27 30
 20 25 19 20 25 19 30 28 32 32 31 31 27 29 21 24 18 20 15 17 13 14 11 12
 10 10  9  9  9  9  9  9]"
2024-11-05 18:50:49.702702,"(-7.5, 26.66)","(3241, 2380)","[18 11 20 21 16 18 16 15 20 19 22 22 21 22 17 19 16 17 16 16 14 15 13 13
 12 12 11 11 10 10 11 11 10 11 10 10 12 11 12 12 12 12 11 11 10 10 10 10
 11 10 11 11 11 11 12 12 12 12 11 11 10 10  9 10 16  9 29 23 33 31 33 33
 31 32 27 29 21 24 18 20 14 16 13 14 22 17 39 32 49 46 50 50 47 49 40 44
 33 35 32 32 37 35 36 37 33 35 28 31 23 24 19 21 16 18 14 15 13 13 11 12
 10 11  9 10  9  9  9  9]"
2024-11-05 18:51:02.859107,"(0.0, 26.66)","(3294, 2378)","[18  7 20 21 16 18 16 15 20 19 22 22 21 22 17 19 16 17 16 16 14 15 13 13
 12 12 11 11 10 10 11 11 10 11 10 10 12 11 12 12 12 12 11 11 10 10 10 10
 11 10 11 11 11 11 12 12 12 12 11 11 10 10  9 10 11  9 23 16 30 27 31 31
 28 30 23 26 19 21 13 17 14 15 13 14 13 13 24 19 29 28 29 29 28 28 25 26
 24 25 23 24 29 26 38 35 38 39 35 37 27 31 19 24 17 18 15 16 13 14 11 12
  9 10  9  9  9  9  9  9]"
2024-11-05 18:51:17.033623,"(7.5, 26.66)","(3348, 2379)","[18  2 20 21 16 18 16 15 20 19 22 22 21 22 17 19 16 17 16 16 14 15 13 13
 12 12 11 11 10 10 11 11 10 11 10 10 12 11 12 12 12 12 11 11 10 10 10 10
 11 10 11 11 11 11 12 12 12 12 11 11 10 10  9 10 13  9 22 17 30 26 30 30
 26 29 21 23 17 19 13 16 14 15 13 14 12 13 20 15 29 26 30 30 27 29 22 24
 20 21 29 22 42 36 48 46 47 48 43 46 36 40 28 32 21 25 19 20 16 17 14 15
 13 13 12 13 11 12 10 11]"
2024-11-05 18:51:30.189232,"(15.0, 26.66)","(3399, 2378)","[18 10 20 21 16 18 16 15 20 19 22 22 21 22 17 19 16 17 16 16 14 15 13 13
 12 12 11 11 10 10 11 11 10 11 10 10 12 11 12 12 12 12 11 11 10 10 10 10
 11 10 11 11 11 11 12 12 12 12 11 11 10 10  9 10  9  9 10  9 11 11 10 11
  9  9  9  9 12 11 13 12 14 15 13 14 12 13 11 11 10 10 10 10  9 10  9  9
 10 10 18 14 31 24 35 34 35 35 33 34 30 32 25 27 20 22 14 14 13 14 11 12
 10 11  9 10  9  9  9  9]"
2024-11-05 18:51:44.365270,"(22.5, 26.66)","(3447, 2378)","[18  8 20 21 16 18 16 15 20 19 22 22 21 22 17 19 16 17 16 16 14 15 13 13
 12 12 11 11 10 10 11 11 10 11 10 10 12 11 12 12 12 12 11 11 10 10 10 10
 11 10 11 11 11 11 12 12 12 12 11 11 10 10  9 10  9  9 10  9 11 11 10 11
  9  9  9  9 12 11 13 12 14 15 13 14 12 13 11 11 10 10 10 10  9 10  9  9
 10 10 16 13 29 23 34 33 34 35 32 33 28 30 22 25 17 19 12 13 10 11  9  9
  8  8  8  8  9  9  9  9]"
2024-11-05 18:51:57.520888,"(30.0, 26.66)","(3505, 2379)","[18 10 20 21 16 18 16 15 20 19 22 22 21 22 17 19 16 17 16 16 14 15 13 13
 12 12 11 11 10 10 11 11 10 11 10 10 12 11 12 12 12 12 11 11 10 10 10 10
 11 10 11 11 11 11 12 12 12 12 11 11 10 10  9 10  9  9 10  9 11 11 10 11
  9  9  9  9 12 11 13 12 14 15 13 14 12 13 11 11 10 10 10 10  9 10  9  9
 10 10 17 13 26 21 34 32 35 35 34 35 29 31 23 25 18 20 13 14 12 13 11 12
 10 10  9  9  9  9  9  9]"
2024-11-05 18:52:10.679393,"(37.5, 26.66)","(3563, 2380)","[18  7 20 21 16 18 16 15 20 19 22 22 21 22 17 19 16 17 16 16 14 15 13 13
 12 12 11 11 10 10 11 11 10 11 10 10 12 11 12 12 12 12 11 11 10 10 10 10
 11 10 11 11 11 11 12 12 12 12 11 11 10 10  9 10  9  9 10  9 11 11 10 11
  9  9  9  9 12 11 13 12 14 15 13 14 12 13 11 11 10 10 10 10  9 10 14  9
 22 16 32 27 38 35 43 41 43 44 42 43 36 39 27 31 21 23 16 17 14 15 12 13
 11 12 10 10  9  9  9  9]"
2024-11-05 18:52:23.834189,"(45.0, 26.66)","(3625, 2379)","[18  9 20 21 16 18 16 15 20 19 22 22 21 22 17 19 16 17 16 16 14 15 13 13
 12 12 11 11 10 10 11 11 10 11 10 10 12 11 12 12 12 12 11 11 10 10 10 10
 11 10 11 11 11 11 12 12 12 12 11 11 10 10  9 10  9  9 10  9 11 11 10 11
  9  9  9  9 12 11 13 12 14 15 13 14 12 13 11 11 10 10 10 10 15 12 16 16
 20 16 33 25 40 37 41 41 39 40 36 37 31 34 25 28 17 22 16 17 14 15 12 13
 10 11  9  9  9  9  9  9]"
2024-11-05 18:52:37.490155,"(52.5, 26.66)","(3698, 2382)","[18 11 20 21 16 18 16 15 20 19 22 22 21 22 17 19 16 17 16 16 14 15 13 13
 12 12 11 11 10 10 11 11 10 11 10 10 12 11 12 12 12 12 11 11 10 10 10 10
 11 10 11 11 11 11 12 12 12 12 11 11 10 10  9 10  9  9 10  9 11 11 10 11
  9  9  9  9 12 11 13 12 14 15 13 14 12 13 11 11 10 10 10 10 16 13 17 17
 16 17 20 17 34 27 40 38 40 40 37 39 30 34 23 27 15 20 14 15 13 13 11 12
 10 11  9  9  9  9  9  9]"
2024-11-05 18:52:51.664429,"(60.0, 26.66)","(3779, 2385)","[17  9 20 21 16 18 16 15 20 19 22 22 21 22 17 19 16 17 16 16 14 15 13 13
 12 12 11 11 10 10 11 11 10 11 10 10 12 11 12 12 12 12 11 11 10 10 10 10
 11 10 11 11 11 11 12 12 12 12 11 11 10 10  9 10  9  9 10  9 11 11 10 11
  9  9  9  9 12 11 13 12 14 15 13 14 12 13 11 11 10 10 10 10  9 10  9  9
 14 10 20 16 29 25 33 32 31 33 27 29 22 25 19 21 13 17 13 13 13 13 12 12
 11 12 10 11  9 10  9  9]"
2024-11-05 18:53:04.823197,"(67.5, 26.66)","(3871, 2393)","[17  9 20 21 16 18 16 15 20 19 22 22 21 22 17 19 16 17 16 16 14 15 13 13
 12 12 11 11 10 10 11 11 10 11 10 10 12 11 12 12 12 12 11 11 10 10 10 10
 11 10 11 11 11 11 12 12 12 12 11 11 10 10  9 10  9  9 10  9 11 11 10 11
  9  9  9  9 12 11 13 12 18 15 25 23 25 26 23 24 19 21 17 18 10 15 10 10
 19 10 30 25 36 33 35 36 33 35 28 31 22 25 16 20 14 15 13 14 13 13 13 13
 12 13 11 12  9 10  9  9]"
2024-11-05 18:53:19.000134,"(75.0, 26.66)","(3969, 2425)","[17  4 20 21 16 18 16 15 20 19 22 22 21 22 17 19 16 17 16 16 14 15 13 13
 12 12 11 11 10 10 11 11 10 11 10 10 12 11 12 12 12 12 11 11 10 10 10 10
 11 10 11 11 11 11 12 12 12 12 11 11 10 10  9 10  9  9 10  9 11 11 10 11
  9  9  9  9 16 11 22 19 25 24 26 26 25 26 24 25 24 24 22 23 21 21 22 20
 33 27 41 38 41 41 38 40 32 36 26 29 19 23 16 18 13 15 11 12 10 10  9  9
  7  8  8  7  9  9  9  9]"
2024-11-05 18:53:32.656974,"(82.5, 26.66)","(4094, 2427)","[17  9 20 21 16 18 16 15 20 19 22 22 21 22 17 19 16 17 16 16 14 15 13 13
 12 12 11 11 10 10 11 11 10 11 10 10 12 11 12 12 12 12 11 11 10 10 10 10
 11 10 11 11 11 11 12 12 12 12 11 11 10 10  9 10  9  9 10  9 11 11 10 11
  9  9 19 15 25 22 28 27 27 28 26 26 25 26 22 23 20 21 19 19 12 18 20 13
 31 26 37 35 36 37 32 34 25 28 20 23 16 17 14 15 12 13 10 11  8  9  7  8
  7  7  8  7  9  9  9  9]"
2024-11-05 18:53:45.814208,"(90.0, 26.66)","(130, 2431)","[19 17 20 21 16 18 16 15 20 19 22 22 21 22 17 19 16 17 16 16 14 15 13 13
 12 12 11 11 10 10 11 11 10 11 10 10 12 11 12 12 12 12 11 11 10 10 10 10
 11 10 11 11 11 11 12 12 12 12 11 11 10 10  9 10  9  9 10  9 11 11 10 11
 15  9 24 19 37 30 44 42 45 46 44 45 40 42 42 40 45 45 44 45 40 42 34 37
 29 32 23 23 22 23 21 22 19 20 17 18 15 16 13 14 11 12 10 11  9  9  9  9
  8  9  8  8  9  9  9  9]"
2024-11-05 18:54:22.022665,"(-82.5, -26.66)","(2344, 3037)","[17  5 20 21 16 18 16 15 20 19 22 22 21 22 17 19 16 17 16 16 14 15 13 13
 12 12 11 11 10 10 11 11 10 11 10 10 12 11 12 12 12 12 11 11 15 14 16 16
 14 15 11 11 11 11 12 12 12 12 11 11 10 10  9 10  9  9 10  9 11 11 10 11
  9  9  9  9 15 11 19 17 20 20 17 19 16 13 17 16 18 18 17 18 16 17 10 15
 10 10 10 10 27 21 32 31 30 32 25 28 20 23 14 18 13 14 11 12 10 11  9 10
  8  9  8  8  9  9  9  9]"
2024-11-05 18:54:35.178558,"(-75.0, -26.66)","(2469, 3041)","[17  9 20 21 16 18 16 15 20 19 22 22 21 22 17 19 16 17 16 16 14 15 13 13
 12 12 11 11 10 10 11 11 10 11 10 10 12 11 12 12 19 12 24 21 26 25 23 25
 18 20 15 16 11 11 12 12 12 12 11 11 10 10  9 10  9  9 10  9 11 11 10 11
  9  9  9  9 12 11 13 12 14 15 13 14 12 13 11 11 10 10 10 10  9 10  9  9
 14 10 26 19 32 30 30 32 26 28 21 24 17 19 12 15 11 12 10 11  8  9  7  8
  7  7  8  7  9  9  9  9]"
2024-11-05 18:54:48.338589,"(-67.5, -26.66)","(2588, 5600)","[17  8 20 21 16 18 16 15 20 19 22 22 21 22 17 19 16 17 16 16 14 15 13 13
 12 12 11 11 10 10 11 11 10 11 10 10 15 11 18 17 16 18 21 17 26 24 26 26
 23 25 18 20 11 16 12 12 12 12 11 11 10 10  9 10  9  9 10  9 11 11 10 11
  9  9  9  9 12 11 13 12 14 15 13 14 12 13 11 11 10 10 10 10  9 10 14  9
 20 16 27 24 26 27 26 26 24 25 20 22 12 18 12 12 11 12 10 11  9  9  8  9
  8  8  8  8  9  9  9  9]"
2024-11-05 18:55:02.005275,"(-60.0, -26.66)","(2700, 3034)","[18 14 20 21 16 18 16 15 20 19 22 22 21 22 17 19 16 17 16 16 14 15 13 13
 12 12 11 11 10 10 11 11 10 11 10 10 12 11 12 12 12 12 11 11 15 10 16 16
 14 16 11 11 11 11 12 12 12 12 11 11 10 10  9 10  9  9 10  9 11 11 10 11
  9  9  9  9 12 11 13 12 14 15 13 14 12 13 11 11 10 10 10 10  9 10  9  9
 21 10 30 27 31 31 33 33 31 33 26 29 22 24 18 20 13 16 12 13 11 12  9 10
  8  8  8  7  9  9  9  9]"
2024-11-05 18:55:15.662058,"(-52.5, -26.66)","(2800, 3035)","[17 10 20 21 16 18 16 15 20 19 22 22 21 22 17 19 16 17 16 16 14 15 13 13
 12 12 11 11 10 10 11 11 10 11 10 10 12 11 12 12 12 12 11 11 10 10 10 10
 11 10 11 11 11 11 12 12 12 12 11 11 10 10  9 10  9  9 10  9 11 11 10 11
  9  9  9  9 12 11 13 12 14 15 13 14 12 13 11 11 10 10 10 10  9 10  9  9
 17 10 30 24 37 34 38 38 35 38 30 33 23 27 18 21 13 16 12 12 10 11  9 10
  8  8  8  8  9  9  9  9]"
2024-11-05 18:55:28.821078,"(-45.0, -26.66)","(2893, 3035)","[17  4 20 21 16 18 16 15 20 19 22 22 21 22 17 19 16 17 16 16 14 15 13 13
 12 12 11 11 10 10 11 11 10 11 10 10 12 11 12 12 12 12 11 11 10 10 10 10
 11 10 11 11 11 11 12 12 12 12 11 11 10 10  9 10  9  9 10  9 11 11 10 11
  9  9  9  9 12 11 13 12 14 15 13 14 12 13 11 11 10 10 10 10  9 10  9  9
 16 10 26 21 32 29 32 33 30 32 24 27 18 21 12 16 11 12 10 11  9  9  8  8
  7  7  8  7  9  9  9  9]"
2024-11-05 18:55:42.998826,"(-37.5, -26.66)","(2975, 3033)","[17  8 20 21 16 18 16 15 20 19 22 22 21 22 17 19 16 17 16 16 14 15 13 13
 12 12 11 11 10 10 11 11 10 11 10 10 12 11 12 12 12 12 11 11 10 10 10 10
 11 10 11 11 11 11 12 12 12 12 11 11 10 10  9 10  9  9 10  9 11 11 10 11
  9  9  9  9 12 11 13 12 14 15 13 14 12 13 11 11 10 10 10 10  9 10  9  9
 17 10 20 19 19 19 27 24 29 29 26 27 21 23 17 19 12 16 11 12 11 11  9 10
  8  9  8  8  9  9  9  9]"
2024-11-05 18:55:56.658916,"(-30.0, -26.66)","(3048, 3035)","[17  5 20 21 16 18 16 15 20 19 22 22 21 22 17 19 16 17 16 16 14 15 13 13
 12 12 11 11 10 10 11 11 10 11 10 10 12 11 12 12 12 12 11 11 10 10 10 10
 11 10 11 11 11 11 12 12 12 12 11 11 10 10  9 10  9  9 10  9 11 11 10 11
  9  9  9  9 12 11 13 12 14 15 13 14 12 13 11 11 10 10 10 10  9 10  9  9
 10 10 22 16 28 25 28 28 27 27 24 26 20 22 12 18 12 12 11 11  9 10  8  9
  7  8  8  7  9  9  9  9]"
2024-11-05 18:56:09.819148,"(-22.5, -26.66)","(3111, 3035)","[17  5 20 20 16 18 16 15 20 19 22 22 21 22 17 19 16 17 16 16 14 15 13 13
 12 12 11 11 10 10 11 11 10 11 10 10 12 11 12 12 12 12 11 11 10 10 10 10
 11 10 11 11 11 11 12 12 12 12 11 11 10 10  9 10  9  9 10  9 11 11 10 11
  9  9  9  9 12 11 13 12 14 15 13 14 12 13 11 11 10 10 10 10  9 10  9  9
 10 10 20 16 30 25 34 33 34 35 30 33 24 27 18 21 13 16 12 12 11 11  9 10
  9  9  9  9  9  9  9  9]"
2024-11-05 18:56:22.975038,"(-15.0, -26.66)","(3169, 3034)","[17  4 20 20 16 18 16 15 20 19 22 22 21 22 17 19 16 17 16 16 14 15 13 13
 12 12 11 11 10 10 11 11 10 11 10 10 12 11 12 12 12 12 11 11 10 10 10 10
 11 10 11 11 11 11 12 12 12 12 11 11 10 10  9 10  9  9 10  9 11 11 10 11
  9  9  9  9 12 11 13 12 14 15 13 14 12 13 11 11 10 10 10 10  9 10  9  9
 10 10 26 16 39 33 43 42 42 43 38 41 30 34 24 27 19 21 15 15 14 14 12 13
 11 12 10 11  9 10  9  9]"
2024-11-05 18:56:36.633885,"(-7.5, -26.66)","(3227, 3035)","[17  9 20 20 16 18 16 15 20 19 22 22 21 22 17 19 16 17 16 16 14 15 13 13
 12 12 11 11 10 10 11 11 10 11 10 10 12 11 12 12 12 12 11 11 10 10 10 10
 11 10 11 11 11 11 12 12 12 12 11 11 10 10  9 10  9  9 10  9 11 11 10 11
  9  9  9  9 12 11 13 12 14 15 13 14 12 13 11 11 10 10 10 10  9 10  9  9
 10 10  9  9 21 17 32 28 34 34 32 33 26 29 21 23 17 18 12 12 12 12 12 12
 11 12  9 10  9  9  9  9]"
2024-11-05 18:56:49.789806,"(0.0, -26.66)","(3254, 3037)","[17  9 20 20 16 18 16 15 20 19 22 22 21 22 17 19 16 17 16 16 14 15 13 13
 12 12 11 11 10 10 11 11 10 11 10 10 12 11 12 12 12 12 11 11 10 10 10 10
 11 10 11 11 11 11 12 12 12 12 11 11 10 10  9 10  9  9 10  9 11 11 10 11
  9  9  9  9 12 11 13 12 14 15 13 14 12 13 11 11 10 10 10 10  9 10  9  9
 10 10 19 14 26 23 30 28 31 31 30 31 25 28 20 22 13 18 13 13 13 13 12 12
 11 11  9 10  9  9  9  9]"
2024-11-05 18:57:03.963444,"(7.5, -26.66)","(3306, 3036)","[17  9 20 20 16 18 16 15 20 19 22 22 21 22 17 19 16 17 16 16 14 15 13 13
 12 12 11 11 10 10 11 11 10 11 10 10 12 11 12 12 12 12 11 11 10 10 10 10
 11 10 11 11 11 11 12 12 12 12 11 11 10 10  9 10  9  9 10  9 11 11 10 11
  9  9  9  9 12 11 13 12 14 15 13 14 12 13 11 11 10 10 10 10  9 10  9  9
 10 10 15 14 28 21 35 32 36 36 35 36 31 33 26 29 21 23 16 16 15 15 13 14
 12 13 10 11  9 10  9  9]"
2024-11-05 18:57:19.142049,"(15.0, -26.66)","(3355, 3036)","[17 10 20 20 16 18 16 15 20 19 22 22 21 22 17 19 16 17 16 16 14 15 13 13
 12 12 11 11 10 10 11 11 10 11 10 10 12 11 12 12 12 12 11 11 10 10 10 10
 11 10 11 11 11 11 12 12 12 12 11 11 10 10  9 10  9  9 10  9 11 11 10 11
  9  9  9  9 12 11 13 12 14 15 13 14 12 13 11 11 10 10 10 10  9 10  9  9
 15 10 16 16 21 18 33 28 37 37 36 36 31 33 24 27 20 21 15 15 13 14 12 12
 10 11  9  9  9  9  9  9]"
2024-11-05 18:57:32.298275,"(22.5, -26.66)","(3403, 3034)","[17 11 20 20 16 18 16 15 20 19 22 22 21 22 17 19 16 17 16 16 14 15 13 13
 12 12 11 11 10 10 11 11 10 11 10 10 12 11 12 12 12 12 11 11 10 10 10 10
 11 10 11 11 11 11 12 12 12 12 11 11 10 10 20 13 32 27 37 35 36 37 32 35
 26 29 24 24 24 24 25 23 31 30 30 31 26 28 22 24 16 21 16 16 14 15 13 14
 13 13 12 12 23 18 28 26 25 27 24 24 23 24 20 22 15 18 14 15 14 14 14 14
 13 14 12 13 11 12 11 11]"
2024-11-05 18:57:45.954049,"(30.0, -26.66)","(3455, 3035)","[19 17 20 21 16 18 16 15 20 19 22 22 21 22 17 19 16 17 16 16 14 15 13 13
 12 12 11 11 10 10 11 11 10 11 10 10 12 11 12 12 12 12 11 11 10 10 10 10
 11 10 11 11 11 11 12 12 12 12 11 11 11 10 26 18 39 34 44 43 43 44 37 40
 39 36 49 43 55 53 54 55 52 53 50 51 45 48 42 44 39 40 35 37 27 32 25 26
 24 24 22 23 22 22 22 22 22 22 31 27 32 32 29 31 22 25 20 21 18 19 16 17
 15 15 13 14 11 12 11 11]"
2024-11-05 18:58:00.128157,"(37.5, -26.66)","(3514, 3036)","[17  6 20 20 16 18 16 15 20 19 22 22 21 22 17 19 16 17 16 16 14 15 13 13
 12 12 16 13 16 16 14 15 12 13 10 12 12 11 12 12 12 12 11 11 10 10 10 10
 11 10 11 11 11 11 12 12 12 12 11 11 10 10 12 10 22 17 27 25 26 27 24 24
 32 23 43 38 43 44 45 43 49 49 48 49 44 46 41 43 36 38 32 34 23 30 22 23
 20 20 19 19 25 23 28 27 34 28 46 40 49 48 48 49 43 46 36 40 33 35 32 33
 27 31 25 26 21 23 18 19]"
2024-11-05 18:58:13.284732,"(45.0, -26.66)","(3574, 3035)","[17  6 20 20 16 18 16 15 20 19 22 22 21 22 17 19 16 17 16 16 14 15 13 13
 12 12 11 11 10 10 11 11 10 11 10 10 12 11 12 12 12 12 11 11 10 10 10 10
 11 10 11 11 11 11 12 12 12 12 11 11 10 10 11 10 14 14 14 14 11 11 15 11
 27 17 43 36 50 47 51 51 50 51 48 49 44 46 41 42 37 39 33 35 31 32 30 30
 28 29 24 24 23 23 21 22 21 21 27 26 34 31 33 34 32 33 29 30 23 28 23 23
 21 22 19 20 16 17 14 15]"
2024-11-05 18:58:27.457792,"(52.5, -26.66)","(3638, 3037)","[17  7 20 20 16 18 16 15 20 19 22 22 21 22 17 19 16 17 16 16 14 15 13 13
 12 12 11 11 10 10 11 11 10 11 10 10 12 11 12 12 12 12 11 11 10 10 10 10
 11 10 11 11 17 16 12 16 12 12 11 11 10 10  9 10  9  9 10  9 11 11 13 11
 26 17 40 34 47 44 47 47 47 47 46 46 44 45 42 43 41 41 41 41 40 41 39 40
 37 38 35 36 32 34 26 30 25 25 35 28 40 38 39 40 36 37 33 34 27 31 27 27
 25 26 21 23 19 20 17 18]"
2024-11-05 18:58:40.614755,"(60.0, -26.66)","(3705, 3036)","[17  4 20 20 16 18 16 15 20 19 22 22 21 22 17 19 16 17 16 16 14 15 13 13
 12 12 11 11 10 10 11 11 10 11 10 10 12 11 12 12 12 12 11 11 10 10 10 10
 11 10 11 11 11 11 12 12 12 12 11 11 10 10  9 10 12  9 19 16 21 21 23 21
 32 25 41 37 43 42 41 42 38 40 35 36 34 34 33 33 32 32 34 32 36 35 35 36
 35 35 33 34 30 32 24 29 29 24 29 30 24 24 24 24 24 24 25 25 25 25 25 25
 24 25 23 24 23 23 23 23]"
2024-11-05 18:58:53.770343,"(67.5, -26.66)","(3788, 3036)","[17  9 20 20 16 18 16 15 20 19 22 22 21 22 17 19 16 17 16 16 14 15 13 13
 12 12 11 11 10 10 11 11 10 11 10 10 12 11 12 12 12 12 11 11 10 10 10 10
 11 10 11 11 11 11 12 12 12 12 11 11 10 10  9 10 13  9 18 16 19 19 18 19
 16 17 20 17 25 23 25 25 24 25 21 23 18 20 12 17 19 12 29 23 35 33 35 35
 32 34 29 30 29 28 38 35 42 41 41 42 38 40 33 35 30 32 27 29 22 23 21 21
 20 20 18 19 16 17 15 15]"
2024-11-05 18:59:06.927606,"(75.0, -26.66)","(3879, 3035)","[17 10 20 20 16 18 16 15 20 19 22 22 21 22 17 19 16 17 16 16 14 15 13 13
 12 12 11 11 10 10 11 11 10 11 10 10 12 11 12 12 12 12 11 11 10 10 10 10
 11 10 11 11 11 11 12 12 12 12 11 11 10 10  9 10  9  9 10  9 11 11 10 11
  9  9  9  9 12 11 13 12 14 15 13 14 21 18 21 21 26 22 33 29 40 37 41 41
 40 41 35 38 32 33 32 31 32 33 30 31 27 28 25 26 21 25 19 20 16 18 14 15
 11 12 10 11  9 10  9  9]"
2024-11-05 18:59:20.083316,"(82.5, -26.66)","(3988, 3034)","[17  9 20 20 16 18 16 15 20 19 22 22 21 22 17 19 16 17 16 16 14 15 13 13
 12 12 11 11 10 10 11 11 10 11 10 10 12 11 12 12 12 12 11 11 10 10 10 10
 11 10 11 11 11 11 12 12 12 12 11 11 10 10  9 10  9  9 10  9 11 11 10 11
 14  9 19 16 20 19 21 20 25 23 30 27 36 33 35 36 33 34 31 32 29 30 25 26
 23 23 22 22 17 22 22 17 25 24 25 26 24 24 18 23 17 18 15 16 13 14 11 12
 10 10  9  9  9  9  9  9]"
2024-11-05 18:59:56.293693,"(-90.0, 30.0)","(2116, 2340)","[18 14 20 20 19 19 22 22 21 21 22 22 21 22 17 19 16 17 16 16 14 15 13 13
 12 12 11 11 10 10 12 12 13 13 12 12 12 12 12 12 12 12 11 11 10 10 10 10
 11 10 11 11 14 11 23 19 29 27 30 30 28 29 26 26 28 27 28 29 25 27 21 23
 15 19 14 15 13 14 20 13 27 23 30 29 29 30 28 29 29 28 35 31 38 37 37 38
 34 36 30 32 22 28 21 22 20 21 18 19 17 18 16 17 15 15 13 14 12 12 12 12
 12 12 11 11 10 11  9 10]"
2024-11-05 19:00:09.248082,"(-83.33, 30.0)","(2230, 2342)","[17  5 20 20 16 18 17 16 20 19 22 22 21 22 17 19 16 17 16 16 14 15 13 13
 12 12 11 11 10 10 11 11 10 11 10 10 12 11 12 12 12 12 11 11 10 10 10 10
 11 10 11 11 23 18 32 28 37 35 40 39 39 39 36 38 31 34 25 28 17 23 17 17
 16 16 15 15 16 14 24 19 34 31 39 37 38 39 36 37 36 36 34 35 33 34 32 32
 31 32 31 31 30 31 28 29 23 26 22 22 20 21 18 19 15 17 13 14 12 12 12 12
 11 12 11 11 10 10  9 10]"
2024-11-05 19:00:22.200407,"(-76.66, 30.0)","(2338, 2342)","[17  8 20 20 16 18 16 15 20 19 22 22 21 22 17 19 16 17 16 16 14 15 13 13
 12 12 11 11 10 10 11 11 10 11 10 10 12 11 12 12 12 12 11 11 10 10 14 10
 26 21 35 31 39 37 39 39 37 38 34 36 31 32 26 28 21 23 15 16 14 15 13 14
 12 13 12 12 16 12 27 21 38 34 41 41 40 41 38 39 37 38 37 37 35 36 31 33
 27 29 22 22 29 27 28 29 23 28 23 23 23 23 21 22 19 20 17 18 15 16 13 14
 11 12 10 11  9 10  9  9]"
2024-11-05 19:00:36.172316,"(-70.0, 30.0)","(2448, 2344)","[17  8 20 20 16 18 16 15 20 19 22 22 21 22 17 19 16 17 16 16 14 15 13 13
 12 12 11 11 10 10 11 11 10 11 10 10 12 11 12 12 12 12 11 11 10 10 18 10
 32 26 41 37 43 42 42 42 39 41 33 36 26 30 21 23 16 19 14 15 13 14 13 13
 12 13 11 12 12 11 13 12 20 15 21 22 25 22 30 28 31 30 31 31 31 31 30 30
 29 29 28 28 28 28 27 27 27 26 32 29 32 33 31 32 27 29 24 26 20 21 18 19
 17 17 15 16 14 14 13 13]"
2024-11-05 19:00:49.127821,"(-63.33, 30.0)","(2550, 2343)","[17 11 20 20 16 18 16 15 20 19 22 22 21 22 17 19 16 17 16 16 14 15 13 13
 12 12 11 11 10 10 11 11 10 11 10 10 12 11 12 12 12 12 11 11 16 13 24 20
 28 28 30 29 33 31 31 32 27 30 23 25 19 21 14 18 13 13 11 12 11 11 11 11
 11 11 10 11 12 11 13 12 14 15 13 14 19 18 21 20 24 22 27 26 27 27 25 26
 25 25 24 25 22 23 25 22 34 31 35 35 35 35 34 35 31 33 25 28 19 20 18 19
 15 16 13 14 11 12  9 10]"
2024-11-05 19:01:02.581425,"(-56.66, 30.0)","(2651, 2341)","[17 11 20 20 16 18 16 15 20 19 22 22 21 22 17 19 16 17 16 16 14 15 13 13
 12 12 11 11 10 10 11 11 10 11 10 10 12 11 12 12 12 12 11 11 13 10 25 19
 38 33 44 42 45 45 41 44 33 38 26 29 17 23 15 16 13 14 11 12 11 11 11 11
 10 10 10 10 12 11 13 12 14 15 13 14 18 14 20 19 19 19 19 19 17 18 17 16
 20 18 21 21 21 21 23 20 28 26 29 29 26 28 23 24 22 23 20 21 16 16 15 15
 13 14 12 12 11 11 12 11]"
2024-11-05 19:01:15.537300,"(-50.0, 30.0)","(2742, 2341)","[17  9 20 20 16 18 16 15 20 19 22 22 21 22 17 19 16 17 16 16 14 15 13 13
 12 12 11 11 10 10 11 11 10 11 10 10 12 11 12 12 12 12 11 11 12 10 20 15
 31 27 38 35 38 39 35 37 30 33 23 26 19 21 13 17 12 13 11 11 11 11 10 11
  9  9  9  9 12 11 13 12 14 15 13 14 14 13 17 16 16 17 14 15  9 10  9  9
 15 10 18 17 18 18 23 19 31 28 33 33 33 33 30 32 27 29 23 25 16 21 14 15
 12 13 11 11 10 10  9  9]"
2024-11-05 19:01:28.490163,"(-43.33, 30.0)","(2832, 2341)","[17  8 20 20 16 18 16 15 20 19 22 22 21 22 17 19 16 17 16 16 14 15 13 13
 12 12 11 11 10 10 11 11 10 11 11 10 12 12 12 12 12 12 11 11 12 10 24 18
 32 29 35 34 34 35 32 33 27 29 22 24 14 20 13 14 12 12 11 11 11 11 11 11
 10 11 10 10 12 11 13 12 14 15 13 14 12 13 11 11 10 10 10 10  9 10 12  9
 17 15 19 19 18 18 18 18 19 19 18 18 20 19 18 19 16 17 11 11 10 11  9 10
  8  9  8  8  9  9  9  9]"
2024-11-05 19:01:41.446771,"(-36.66, 30.0)","(2905, 2342)","[17  9 20 20 16 18 16 15 20 19 22 22 21 22 17 19 16 17 16 16 14 15 13 13
 12 12 11 11 10 10 11 11 10 11 10 10 12 11 12 12 12 12 11 11 17 12 29 24
 34 33 35 35 33 34 32 32 29 31 25 28 20 22 13 17 12 12 17 14 23 20 25 24
 24 25 22 23 14 20 14 14 14 15 13 14 12 13 11 11 10 10 10 10  9 10  9  9
 18 10 20 20 18 19 18 17 20 20 21 21 20 20 18 19 13 17 13 13 13 13 12 12
 11 12 10 11  9 10  9  9]"
2024-11-05 19:01:54.400309,"(-30.0, 30.0)","(2974, 2343)","[17  8 20 20 16 18 17 16 20 19 22 22 21 22 17 19 16 17 16 16 14 15 13 13
 12 12 11 11 10 10 11 11 10 11 10 10 12 11 12 12 12 12 11 11 10 10 14 10
 24 18 32 28 35 34 36 36 36 36 33 35 27 30 23 25 20 21 15 15 28 23 33 31
 33 34 30 32 26 28 18 23 17 18 14 16 12 13 11 12 11 11 10 11 14 11 17 16
 17 17 17 17 17 17 17 17 18 17 17 18 12 16 12 12 11 12 11 11 10 10  9  9
  8  9  8  8  9  9  9  9]"
2024-11-05 19:02:08.372371,"(-23.33, 30.0)","(3001, 2342)","[19 17 20 21 21 20 23 23 21 21 22 22 21 22 17 19 16 17 16 16 14 15 13 13
 12 12 11 11 10 10 11 11 10 11 10 10 12 11 12 12 12 12 11 11 10 10 10 10
 15 10 24 19 28 26 29 27 31 31 30 31 27 29 23 25 20 21 18 19 26 22 32 30
 32 33 30 31 26 28 22 24 17 20 16 17 14 15 12 13 10 11 10 10  9 10  9  9
 16 10 18 18 20 19 19 20 19 19 18 18 16 17 11 15 11 12 11 11 11 11 10 11
  9 10  9  9  9  9  9  9]"
2024-11-05 19:02:21.325583,"(-16.66, 30.0)","(3063, 2342)","[17  6 20 20 20 19 22 22 21 21 22 22 21 22 17 19 16 17 16 16 14 15 13 13
 12 12 11 12 10 11 11 11 10 11 10 10 12 11 12 12 12 12 11 11 10 10 10 10
 11 10 19 12 29 24 33 32 34 34 33 33 31 32 27 29 23 25 19 21 19 19 24 22
 24 24 22 23 15 21 15 15 14 15 13 14 12 13 11 12 11 11 11 11 18 17 19 19
 18 19 18 18 13 18 13 13 13 13 13 13 13 13 12 12 11 12 10 11 10 10 10 10
  9 10  9  9  9  9  9  9]"
2024-11-05 19:02:34.278759,"(-10.0, 30.0)","(3128, 2342)","[17 13 20 20 21 20 23 23 22 22 22 22 21 22 17 19 16 17 16 16 14 15 13 13
 12 12 11 11 10 10 11 11 10 11 10 10 12 11 12 12 12 12 11 11 10 10 10 10
 11 10 18 14 22 20 26 23 33 30 34 34 33 34 32 33 29 32 25 26 23 24 26 24
 27 28 25 26 17 23 17 17 16 17 15 15 14 14 13 13 12 12 12 12 12 12 12 12
 12 12 12 12 12 12 16 12 21 18 25 24 24 25 22 23 19 20 14 14 13 14 12 13
 11 11 10 10  9 10  9  9]"
2024-11-05 19:02:47.234109,"(-3.33, 30.0)","(3176, 2340)","[17  9 20 20 16 18 16 15 20 19 22 22 21 22 17 19 16 17 16 16 14 15 13 13
 12 12 11 11 10 10 11 11 10 11 10 10 12 11 12 12 12 12 11 11 10 10 10 10
 11 10 11 11 11 11 12 12 12 12 20 16 25 23 24 24 29 24 33 32 33 33 33 33
 32 33 29 31 23 26 20 22 15 18 14 15 12 13 13 11 18 17 19 19 17 18 12 16
 12 12 12 12 12 12 11 12 10 10 15 12 20 18 19 20 15 17 11 11 10 10  9  9
  8  9  8  8  9  9  9  9]"
2024-11-05 19:03:00.189278,"(3.33, 30.0)","(3224, 2341)","[17  6 20 20 16 18 16 15 20 19 22 22 21 22 17 19 16 17 16 16 14 15 13 13
 12 12 11 11 10 10 11 11 10 11 10 10 12 11 12 12 12 12 11 11 10 10 10 10
 11 10 11 11 11 11 12 12 12 12 11 11 13 10 19 16 24 22 30 27 34 32 38 37
 39 39 36 38 31 34 24 27 20 22 15 15 16 14 28 22 37 34 38 39 36 37 30 33
 25 28 19 19 18 18 16 17 16 16 15 15 13 14 12 13 11 12 10 11  8  9  7  8
  7  7  8  7  9  9  9  9]"
2024-11-05 19:03:13.145664,"(10.0, 30.0)","(3275, 2342)","[17  8 20 20 16 18 16 15 20 19 22 22 21 22 17 19 16 17 16 16 14 15 13 13
 12 12 11 11 10 10 11 11 10 11 10 10 12 11 12 12 12 12 11 11 10 10 10 10
 11 10 11 11 11 11 12 12 12 12 11 11 10 10  9 10  9  9 10  9 19 14 30 25
 32 32 29 31 24 26 20 21 14 19 20 19 20 20 24 21 31 28 32 32 29 31 23 26
 16 21 16 16 15 16 19 15 21 21 21 21 16 20 15 16 14 15 12 13 10 11  8  9
  7  7  8  7  9  9  9  9]"
2024-11-05 19:03:26.098874,"(16.66, 30.0)","(3319, 2342)","[17 10 20 20 16 18 16 15 20 19 22 22 21 22 17 19 16 17 16 16 14 15 13 13
 12 12 11 11 10 10 11 11 10 11 10 10 12 11 12 12 12 12 11 11 10 10 10 10
 11 10 11 11 11 11 12 12 12 12 11 11 10 10  9 10  9  9 10  9 22 16 34 29
 37 37 36 37 31 34 26 29 23 24 21 22 20 20 19 19 23 20 23 24 20 22 15 18
 18 14 24 21 28 26 29 29 28 29 27 28 25 26 22 24 17 20 14 16 11 13  9 10
  8  8  8  8  9  9  9  9]"
2024-11-05 19:03:40.071248,"(23.33, 30.0)","(3363, 2343)","[17  9 20 20 16 18 16 15 20 19 22 22 21 22 17 19 16 17 16 16 14 15 13 13
 12 12 11 11 10 10 11 11 10 11 10 10 12 11 12 12 12 12 11 11 10 10 10 10
 11 10 11 11 11 11 12 12 12 12 11 11 10 10  9 10  9  9 10  9 25 17 36 32
 39 39 38 39 33 36 27 30 22 24 18 20 14 14 12 13 11 12 10 11 10 10  9  9
 10 10 17 13 27 22 29 29 29 29 33 30 33 33 31 32 27 29 23 25 16 21 16 16
 14 15 12 13 11 11  9 10]"
2024-11-05 19:03:53.023336,"(30.0, 30.0)","(3410, 2342)","[17  7 20 20 16 18 16 15 20 19 22 22 21 22 17 19 16 17 16 16 14 15 13 13
 12 12 11 11 10 10 11 11 10 11 10 10 12 11 12 12 12 12 11 11 10 10 10 10
 11 10 11 11 11 11 12 12 12 12 11 11 10 10  9 10  9  9 10  9 11 11 18 11
 20 20 19 20 17 18 13 16 14 15 13 14 12 13 11 11 10 10 10 10  9 10  9  9
 10 10  9  9 14  9 19 15 29 25 34 32 35 35 33 34 29 32 24 26 16 21 14 15
 13 13 11 12 10 10  9  9]"
2024-11-05 19:04:05.977264,"(36.66, 30.0)","(3456, 2341)","[17  9 20 20 16 18 16 15 20 19 22 22 21 22 17 19 16 17 16 16 14 15 13 13
 12 12 11 11 10 10 11 11 10 11 10 10 12 11 12 12 12 12 11 11 10 10 10 10
 11 10 11 11 11 11 12 12 12 12 11 11 10 10  9 10  9  9 10  9 11 11 10 11
  9  9  9  9 12 11 13 12 14 15 13 14 12 13 11 11 10 10 10 10  9 10  9  9
 10 10  9  9 13 13 19 15 27 24 29 29 29 29 27 28 23 26 19 21 13 17 12 12
 10 11  9  9  9  9  9  9]"
2024-11-05 19:04:18.931700,"(43.33, 30.0)","(3508, 2343)","[17  5 20 20 16 18 16 15 20 19 22 22 21 22 17 19 16 17 16 16 14 15 13 13
 12 12 11 11 10 10 11 11 10 11 10 10 12 11 12 12 12 12 11 11 10 10 10 10
 11 10 11 11 11 11 12 12 12 12 11 11 10 10  9 10  9  9 10  9 11 11 10 11
  9  9  9  9 12 11 13 12 14 15 13 14 12 13 11 11 10 10 10 10  9 10  9  9
 10 10  9  9 14 13 25 20 34 31 37 36 36 37 33 35 27 31 22 24 15 20 14 14
 12 13 11 12 10 11  9 10]"
2024-11-05 19:04:31.885385,"(50.0, 30.0)","(3561, 2342)","[17  5 20 20 18 19 19 19 20 19 22 22 21 22 17 19 16 17 16 16 14 15 13 13
 12 12 11 11 10 10 11 11 10 11 10 10 12 11 12 12 12 12 11 11 10 10 10 10
 11 10 11 11 11 11 12 12 12 12 11 11 10 10  9 10  9  9 10  9 11 11 10 11
  9  9  9  9 12 11 13 12 14 15 13 14 12 13 11 11 10 10 10 10  9 10  9  9
 10 10 15 13 19 17 31 26 38 36 38 38 38 38 37 38 33 36 29 31 24 26 17 22
 16 17 15 16 14 14 12 13]"
2024-11-05 19:04:45.856470,"(56.66, 30.0)","(3613, 2341)","[17  5 20 20 19 19 21 21 21 21 22 22 21 22 18 19 16 17 16 16 14 15 13 13
 12 12 11 11 10 10 11 11 10 11 10 10 12 11 12 12 12 12 11 11 10 10 10 10
 11 10 11 11 11 11 12 12 12 12 11 11 10 10  9 10  9  9 10  9 11 11 10 11
  9  9 14 11 12 15 13 12 14 15 13 14 12 13 11 11 10 10 10 10  9 10  9  9
 10 10 17 12 23 20 25 25 29 25 36 32 37 37 35 37 30 33 24 27 16 22 15 15
 13 14 11 12 10 10  9  9]"
2024-11-05 19:04:58.810413,"(63.33, 30.0)","(3678, 2343)","[17  8 20 20 20 20 23 22 22 23 22 22 21 22 19 20 18 19 16 17 14 15 13 13
 12 12 11 11 10 10 11 11 10 11 10 10 12 11 12 12 12 12 11 11 10 10 10 10
 11 10 11 11 11 11 12 12 12 12 11 11 10 10  9 10  9  9 10  9 11 11 10 11
  9  9  9  9 12 11 13 12 14 15 13 14 12 13 11 11 10 10 10 10  9 10  9  9
 10 10 18 15 20 19 21 20 26 23 30 29 28 29 25 27 22 24 17 20 13 14 12 12
 11 11 10 10 11 11 11 11]"
2024-11-05 19:05:11.764998,"(70.0, 30.0)","(3745, 2342)","[17  6 20 20 17 18 18 17 20 19 22 22 21 22 17 19 16 17 16 16 14 15 13 13
 12 12 11 11 10 10 11 11 10 11 10 10 12 11 12 12 12 12 11 11 10 10 10 10
 11 10 11 11 11 11 12 12 12 12 11 11 10 10  9 10  9  9 10  9 11 11 10 11
  9  9  9  9 12 11 13 12 14 15 13 14 12 13 11 11 10 10 10 10  9 10  9  9
 10 10 15 14 15 15 24 20 31 29 32 32 29 30 25 27 21 24 17 19 13 13 12 13
 11 12 10 11  9 10  9  9]"
2024-11-05 19:05:24.719034,"(76.66, 30.0)","(3822, 2343)","[17  9 20 20 16 18 16 15 20 19 22 22 21 22 17 19 16 17 16 16 14 15 13 13
 12 12 11 11 10 10 11 11 10 11 10 10 12 11 12 12 12 12 11 11 10 10 10 10
 11 10 11 11 11 11 12 12 12 12 11 11 10 10  9 10  9  9 10  9 11 11 10 11
  9  9  9  9 12 11 13 12 14 15 20 18 19 20 17 18 15 16 10 10  9 10  9  9
 10 10 15 14 15 15 18 14 29 25 32 31 31 32 26 29 21 23 18 19 14 14 13 14
 12 12 10 11  9 10  9  9]"
2024-11-05 19:05:37.671971,"(83.33, 30.0)","(3914, 2342)","[17  5 20 20 16 18 16 15 20 19 22 22 21 22 17 19 16 17 16 16 14 15 13 13
 12 12 11 11 10 10 11 11 10 11 10 10 12 11 12 12 12 12 11 11 10 10 10 10
 11 10 11 11 11 11 12 12 12 12 11 11 10 10  9 10  9  9 10  9 11 11 10 11
  9  9  9  9 12 11 13 12 19 15 21 20 20 21 18 19 15 16 14 15  9 10  9  9
 15 10 16 16 16 16 20 17 27 25 28 28 27 28 23 26 18 21 14 14 13 13 13 13
 11 12 10 11  9 10  9  9]"
2024-11-05 19:05:50.624741,"(90.0, 30.0)","(4012, 2342)","[17  8 20 20 16 18 16 15 20 19 22 22 21 22 17 19 16 17 16 16 14 15 13 13
 12 12 11 11 10 10 11 11 10 11 10 10 12 11 12 12 12 12 11 11 10 10 10 10
 11 10 11 11 11 11 12 12 12 12 11 11 10 10  9 10  9  9 10  9 11 11 10 11
  9  9  9  9 12 11 13 12 14 15 13 14 12 13 11 11 10 10 10 10  9 10  9  9
 10 10 15 15 16 15 22 20 23 23 22 22 26 24 24 25 20 23 17 18 13 13 12 12
 11 11 10 10  9 10  9  9]"
2024-11-05 19:06:26.838990,"(-83.33, -30.0)","(2124, 3063)","[17  9 20 20 16 18 16 15 20 19 22 22 21 22 17 19 16 17 16 16 14 15 13 13
 12 12 11 11 10 10 11 11 10 11 10 10 12 11 12 12 12 12 11 11 10 10 10 10
 11 10 11 11 11 11 12 12 12 12 11 11 10 10  9 10  9  9 10  9 11 11 10 11
  9  9  9  9 12 11 13 12 14 15 13 14 12 13 11 11 15 10 16 16  9 15  9  9
 10 10 20 15 29 25 34 32 34 35 32 33 25 29 19 22 14 17 13 13 12 12 11 12
 11 11  9 10  9  9  9  9]"
2024-11-05 19:06:40.809996,"(-76.66, -30.0)","(2243, 3074)","[17 12 20 20 16 18 16 15 20 19 22 22 21 22 17 19 16 17 16 16 16 16 17 17
 14 16 11 12 10 10 11 11 10 11 10 10 12 11 12 12 12 12 11 11 10 10 10 10
 11 10 11 11 11 11 12 12 12 12 11 11 10 10  9 10  9  9 10  9 11 11 10 11
  9  9  9  9 12 11 13 12 14 15 13 14 12 13 11 11 15 10 15 16  9 15  9  9
 10 10 15 13 26 20 34 31 35 36 33 34 25 29 21 23 14 19 13 14 12 13 11 11
 10 10  9  9  9  9  9  9]"
2024-11-05 19:06:53.763260,"(-70.0, -30.0)","(2350, 3076)","[17  6 20 20 16 18 16 15 20 19 22 22 21 22 17 19 16 17 16 16 14 15 13 13
 12 12 11 11 10 10 11 11 10 11 10 10 12 11 12 12 12 12 11 11 10 10 10 10
 11 10 11 11 11 11 12 12 12 12 11 11 10 10  9 10  9  9 10  9 11 11 10 11
  9  9  9  9 12 11 13 12 14 15 13 14 12 13 11 11 10 10 10 10  9 10  9  9
 10 10 19 15 29 24 35 33 37 37 34 36 27 31 21 24 17 19 13 14 12 13 11 11
  9 10  8  8  9  9  9  9]"
2024-11-05 19:07:06.718439,"(-63.33, -30.0)","(2457, 3073)","[17  8 20 20 17 18 18 17 20 19 22 22 21 22 17 19 16 17 16 16 14 15 13 13
 12 12 11 11 10 10 11 11 10 11 10 10 12 11 12 12 12 12 11 11 10 10 10 10
 11 10 11 11 11 11 12 12 12 12 11 11 10 10  9 10  9  9 10  9 11 11 10 11
  9  9  9  9 12 11 13 12 14 15 13 14 12 13 11 11 10 10 10 10  9 10  9  9
 10 10 16 15 17 16 27 21 34 33 33 34 29 31 23 26 19 21 13 13 13 13 11 12
  9 10  9  9  9  9  9  9]"
2024-11-05 19:07:19.674105,"(-56.66, -30.0)","(2561, 3074)","[17  5 20 20 22 21 24 24 22 23 22 22 22 22 20 21 18 19 17 17 16 16 14 15
 12 13 11 11 10 10 11 11 10 11 10 10 12 11 12 12 12 12 11 11 16 15 15 15
 11 14 11 11 11 11 12 12 12 12 11 11 10 10 16 14 16 17 16 16 11 15 10 11
  9  9 16 14 12 16 13 12 14 15 13 14 12 13 11 11 11 11 10 11 10 10 10 10
 15 10 19 17 23 20 33 29 37 37 36 37 32 34 25 28 21 23 16 16 15 15 13 14
 13 13 13 13 12 12 11 12]"
2024-11-05 19:07:32.628671,"(-50.0, -30.0)","(2657, 3075)","[17  5 20 20 22 21 24 24 22 24 22 22 23 23 22 23 21 22 20 20 19 19 17 18
 16 16 14 15 13 14 11 12 10 11 10 10 12 11 12 12 12 12 11 11 10 10 10 10
 11 10 11 11 11 11 12 12 12 12 11 11 11 10 15 14 16 16 15 15 11 11 10 11
  9  9 16 14 12 16 13 12 14 15 13 14 12 13 11 11 10 10 10 10 10 10 10 10
 10 10 10 10 16 14 20 16 29 27 30 30 28 29 23 25 20 22 17 19 13 14 12 13
 12 12 11 12 11 11 10 10]"
2024-11-05 19:07:45.582873,"(-43.33, -30.0)","(2750, 3073)","[17 10 20 20 16 18 16 15 20 19 22 22 21 22 17 19 16 17 16 16 14 15 13 13
 12 12 11 11 10 10 11 11 10 11 10 10 12 11 12 12 12 12 11 11 10 10 10 10
 11 10 11 11 11 11 12 12 12 12 11 11 10 10  9 10  9  9 10  9 11 11 10 11
  9  9  9  9 12 11 13 12 14 15 13 14 12 13 11 11 10 10 10 10  9 10  9  9
 10 10 14 13 20 17 29 25 33 31 33 33 31 32 26 28 21 23 17 19 13 14 10 11
  8  9  8  8  9  9  9  9]"
2024-11-05 19:07:58.542358,"(-36.66, -30.0)","(2837, 3075)","[17  7 20 20 16 18 16 15 20 19 22 22 21 22 17 19 16 17 16 16 14 15 13 13
 12 12 11 11 10 10 11 11 10 11 10 10 12 11 12 12 12 12 11 11 10 10 10 10
 11 10 11 11 11 11 12 12 12 12 11 11 10 10  9 10  9  9 10  9 11 11 15 11
 14 15  9  9 12 11 13 12 14 15 13 14 12 13 11 11 10 10 10 10  9 10  9  9
 10 10  9  9 19 15 31 26 36 35 36 37 33 35 27 30 22 24 18 19 14 14 12 13
 11 11 10 10  9 10  9  9]"
2024-11-05 19:08:11.500987,"(-30.0, -30.0)","(2898, 3069)","[17  7 20 20 16 18 16 15 20 19 22 22 21 22 17 19 16 17 16 16 14 15 13 13
 12 12 11 11 10 10 11 11 10 11 10 10 12 11 12 12 12 12 11 11 10 10 10 10
 11 10 11 11 11 11 12 12 12 12 11 11 10 10  9 10  9  9 10  9 11 11 10 11
  9  9  9  9 12 11 13 12 14 15 13 14 12 13 11 11 10 10 10 10  9 10  9  9
 10 10  9  9 15 14 21 15 34 31 35 36 31 33 25 28 20 22 16 18 13 13 12 12
 10 11  9  9  9  9  9  9]"
2024-11-05 19:08:24.456293,"(-23.33, -30.0)","(2983, 3075)","[17  9 20 20 16 18 16 15 20 19 22 22 21 22 17 19 16 17 16 16 14 15 13 13
 12 12 11 11 10 10 11 11 10 11 10 10 12 11 12 12 12 12 11 11 10 10 10 10
 11 10 11 11 11 11 12 12 12 12 11 11 10 10  9 10  9  9 10  9 11 11 10 11
  9  9  9  9 12 11 13 12 14 15 13 14 12 13 11 11 10 10 10 10  9 10  9  9
 10 10  9  9 14  8 23 19 26 26 28 26 28 28 24 26 20 21 17 18 12 16 11 12
 10 11  9 10  9  9  9  9]"
2024-11-05 19:08:37.415100,"(-16.66, -30.0)","(3045, 3075)","[17  8 20 20 16 18 16 15 20 19 22 22 21 22 17 19 16 17 16 16 14 15 13 13
 12 12 11 11 10 10 11 11 10 11 10 10 12 11 12 12 12 12 11 11 10 10 10 10
 11 10 11 11 11 11 12 12 12 12 11 11 10 10  9 10  9  9 10  9 11 11 10 11
  9  9  9  9 12 11 13 12 14 15 13 14 12 13 11 11 10 10 10 10  9 10  9  9
 10 10  9  9 13  8 19 15 27 24 31 30 31 31 26 29 20 22 16 18 12 12 10 11
  9 10  8  8  9  9  9  9]"
2024-11-05 19:08:50.368002,"(-10.0, -30.0)","(3071, 3073)","[17  9 20 20 16 18 16 15 20 19 22 22 21 22 17 19 16 17 16 16 14 15 13 13
 12 12 11 11 10 10 11 11 10 11 10 10 12 11 12 12 12 12 11 11 10 10 10 10
 11 10 11 11 11 11 12 12 12 12 11 11 10 10  9 10  9  9 10  9 11 11 10 11
  9  9  9  9 12 11 13 12 14 15 13 14 12 13 11 11 10 10 10 10  9 10  9  9
 10 10 14 14 16 15 25 20 31 29 31 31 30 31 27 29 22 25 18 20 13 13 12 13
 10 11  9  9  9  9  9  9]"
2024-11-05 19:09:03.321612,"(-3.33, -30.0)","(3127, 3073)","[17  8 20 20 16 18 16 15 20 19 22 22 21 22 17 19 16 17 16 16 14 15 13 13
 12 12 11 11 10 10 11 11 10 11 10 10 12 11 12 12 12 12 11 11 10 10 10 10
 11 10 11 11 11 11 12 12 12 12 11 11 10 10  9 10  9  9 10  9 11 11 10 11
  9  9  9  9 12 11 13 12 14 15 13 14 12 13 11 11 10 10 10 10  9 10  9  9
 10 10  9  9 13 14 16 13 24 21 26 26 28 27 26 28 22 24 18 20 12 16 11 12
 10 11  9  9  9  9  9  9]"
2024-11-05 19:09:17.294367,"(3.33, -30.0)","(3206, 3073)","[17 12 20 20 16 18 16 15 20 19 22 22 21 22 17 19 16 17 16 16 14 15 13 13
 12 12 11 11 10 10 11 11 10 11 10 10 12 11 12 12 12 12 11 11 10 10 10 10
 11 10 11 11 11 11 12 12 12 12 11 11 10 10  9 10  9  9 10  9 11 11 10 11
  9  9  9  9 12 11 13 12 14 15 13 14 12 13 11 11 10 10 10 10  9 10  9  9
 10 10 15 13 16 15 26 21 31 30 31 32 27 29 26 27 22 25 17 20 13 13 11 12
  9 10  9  9  9  9  9  9]"
2024-11-05 19:09:30.247410,"(10.0, -30.0)","(3236, 3075)","[17 10 20 20 16 18 16 15 20 19 22 22 21 22 17 19 16 17 16 16 14 15 13 13
 12 12 11 11 10 10 11 11 10 11 10 10 12 11 12 12 12 12 11 11 10 10 10 10
 11 10 11 11 11 11 12 12 12 12 11 11 10 10  9 10  9  9 10  9 11 11 10 11
  9  9  9  9 12 11 13 12 14 15 13 14 12 13 11 11 10 10 10 10  9 10  9  9
 10 10  9  9 13  8 24 19 29 28 29 29 25 27 23 24 20 22 15 17 12 12 11 12
 10 10  9  9  9  9  9  9]"
2024-11-05 19:09:43.201886,"(16.66, -30.0)","(3285, 3073)","[17  9 20 20 16 18 16 15 20 19 22 22 21 22 17 19 16 17 16 16 14 15 13 13
 12 12 11 11 10 10 11 11 10 11 10 10 12 11 12 12 12 12 11 11 10 10 10 10
 11 10 11 11 11 11 12 12 12 12 11 11 10 10  9 10  9  9 10  9 11 11 10 11
  9  9  9  9 12 11 13 12 14 15 13 14 12 13 11 11 10 10 10 10  9 10  9  9
 10 10  9  9 13 13 18 16 21 21 29 23 31 31 30 31 26 29 21 24 19 20 13 18
 12 13 10 11  9 10  9  9]"
2024-11-05 19:09:56.159127,"(23.33, -30.0)","(3322, 3073)","[17 12 20 20 16 18 17 17 20 19 22 22 21 22 17 19 16 17 16 16 14 15 13 13
 12 12 11 11 10 10 11 11 10 11 10 10 12 11 12 12 12 12 11 11 10 10 10 10
 11 10 11 11 11 11 12 12 12 12 11 11 10 10  9 10  9  9 10  9 11 11 10 11
  9  9  9  9 12 11 13 12 14 15 13 14 12 13 11 11 10 10 10 10  9 10  9  9
 10 10  9  9 11  9 18 13 26 24 27 27 32 29 31 32 27 30 23 25 20 21 14 18
 13 14 11 12 10 10 10 10]"
2024-11-05 19:10:09.111680,"(30.0, -30.0)","(3365, 3075)","[17 13 20 20 17 18 19 18 20 19 22 22 21 22 18 19 18 18 18 18 17 18 17 17
 15 16 14 15 12 13 11 12 10 11 10 10 12 11 12 12 12 12 11 11 10 10 10 10
 11 10 11 11 11 11 12 12 12 12 11 11 10 10  9 10  9  9 10  9 11 11 10 11
  9  9  9  9 12 11 13 12 14 15 13 14 12 13 11 11 10 10 10 10  9 10  9  9
 10 10  9  9  8  8 14  7 20 19 29 24 36 33 35 36 32 34 27 29 22 24 14 19
 13 14 11 12 10 11  9  9]"
2024-11-05 19:10:22.066128,"(36.66, -30.0)","(3411, 3072)","[17 11 20 20 16 18 16 15 20 19 22 22 21 22 17 19 16 17 16 16 14 15 13 13
 12 12 11 11 10 10 11 11 10 11 10 10 12 11 12 12 12 12 11 11 10 10 10 10
 11 10 11 11 11 11 12 12 12 12 11 11 10 10 19 14 26 24 27 27 25 26 23 24
 21 22 21 20 24 22 26 24 28 28 27 28 23 25 21 22 15 19 14 14 12 13 16 12
 22 21 23 23 20 22 20 19 27 22 35 31 37 37 34 35 28 32 25 26 19 24 18 19
 17 18 15 16 13 14 11 12]"
2024-11-05 19:10:35.021720,"(43.33, -30.0)","(3453, 3073)","[17 10 20 20 16 18 16 15 20 19 22 22 21 22 17 19 16 17 16 16 14 15 13 13
 12 12 11 11 10 10 11 11 10 11 10 10 12 11 12 12 12 12 11 11 10 10 10 10
 11 10 11 11 11 11 12 12 12 12 11 11 15 10 24 21 29 27 34 31 34 35 32 33
 32 30 40 35 43 42 47 45 49 49 47 48 41 44 38 39 37 38 36 37 34 35 32 33
 31 31 26 26 25 26 24 25 30 24 40 36 42 41 40 41 37 39 32 35 27 27 25 26
 23 24 22 22 20 21 17 19]"
2024-11-05 19:10:48.991206,"(50.0, -30.0)","(3503, 3072)","[17 13 20 20 16 18 16 15 20 19 22 22 21 22 17 19 16 17 16 16 14 15 13 13
 12 12 12 11 13 12 11 12 10 11 10 10 12 11 12 12 12 12 11 11 10 10 10 10
 11 10 11 11 11 11 12 12 12 12 11 11 10 10 13 10 16 16 23 18 24 24 25 23
 38 30 49 45 52 51 55 53 56 57 54 56 48 51 43 45 40 42 37 39 34 36 26 32
 24 26 23 24 21 22 27 20 46 36 59 53 62 61 60 61 54 58 47 51 42 44 36 39
 30 32 28 29 26 27 22 24]"
2024-11-05 19:11:01.946022,"(56.66, -30.0)","(3554, 3075)","[17  3 20 20 16 18 16 15 20 19 22 22 21 22 17 19 16 17 16 16 14 15 13 13
 12 12 11 11 10 10 11 11 10 11 10 10 12 11 12 12 12 12 11 11 10 10 10 10
 11 10 19 17 19 19 12 17 12 12 11 11 10 10 15 10 18 17 18 18 17 18 11 16
 22 10 37 30 47 43 49 49 47 49 44 45 40 42 38 39 36 37 34 35 31 32 28 29
 31 28 35 33 34 34 31 32 32 30 39 35 43 42 42 43 40 41 37 39 29 35 28 29
 26 27 23 25 21 22 18 19]"
2024-11-05 19:11:14.900655,"(63.33, -30.0)","(3608, 3071)","[17  2 20 20 16 18 16 15 20 19 22 22 21 22 17 19 16 17 16 16 14 15 13 13
 12 12 11 11 10 10 11 11 10 11 10 10 12 11 12 12 12 12 11 11 10 10 10 10
 17 10 24 21 24 25 21 23 18 19 15 16 10 10  9 10  9  9 10  9 11 11 13 11
 24 16 37 31 46 42 50 49 49 50 45 47 41 43 39 40 38 38 37 37 36 37 34 35
 33 33 32 32 25 31 25 25 25 25 37 31 43 41 42 43 40 42 37 39 34 35 29 33
 28 29 26 27 24 25 22 23]"
2024-11-05 19:11:27.854817,"(70.0, -30.0)","(3671, 3076)","[17  4 19 20 16 18 16 15 20 19 22 22 21 22 17 19 16 17 16 16 14 15 13 13
 12 12 11 11 10 10 11 11 10 11 10 10 12 11 12 12 12 12 11 11 10 10 10 10
 17 10 27 24 27 27 24 26 20 22 17 18 10 16 15 10 21 18 22 22 22 22 26 25
 30 26 41 35 47 45 47 47 45 47 41 43 39 40 38 39 39 38 39 39 38 39 38 38
 36 37 31 34 26 27 26 26 32 26 38 34 41 40 39 41 35 37 31 33 27 28 24 25
 23 24 22 22 20 21 23 20]"
2024-11-05 19:11:40.808362,"(76.66, -30.0)","(3737, 3074)","[17  9 19 20 16 18 16 15 20 19 22 22 21 22 17 19 16 17 16 16 14 15 13 13
 12 12 11 11 10 10 11 11 10 11 10 10 12 11 12 12 12 12 11 11 10 10 10 10
 11 10 19 17 19 19 17 18 12 16 11 11 10 10 14 10 19 16 20 20 20 20 26 24
 26 26 34 28 36 36 35 36 33 34 29 31 28 28 26 27 25 25 28 26 33 30 34 34
 32 34 27 30 27 26 37 32 43 41 43 43 43 43 42 43 40 41 33 37 27 27 25 26
 24 25 21 22 19 20 27 19]"
2024-11-05 19:11:54.778353,"(83.33, -30.0)","(3814, 3073)","[17  9 19 20 16 18 16 15 20 19 22 22 21 22 17 19 16 17 16 16 14 15 13 13
 12 12 11 11 10 10 11 11 10 11 10 10 12 11 12 12 12 12 11 11 10 10 10 10
 11 10 11 11 11 11 12 12 12 12 11 11 10 10  9 10  9  9 10  9 11 11 10 11
 13  9 19 16 23 22 22 23 20 21 18 19 18 18 17 18 18 16 26 21 31 29 36 34
 39 39 38 38 35 36 31 32 34 30 39 37 39 39 37 38 33 35 29 31 23 28 22 23
 20 22 18 19 15 16 14 15]"
